participant_id,session_id,sample_id,event,key_code,timestamp_ms,press_id,key
P04,S03,1,down,Period,1791376838469.5,100001,.
P04,S03,1,up,Period,1791376838573.3,100001,.
P04,S03,1,down,KeyT,1791376838739.6,100002,t
P04,S03,1,up,KeyT,1791376838854.1,100002,t
P04,S03,1,down,KeyI,1791376838911.6,100003,i
P04,S03,1,up,KeyI,1791376839019.4,100003,i
P04,S03,1,down,KeyE,1791376839119.3,100004,e
P04,S03,1,up,KeyE,1791376839286.6,100004,e
P04,S03,1,down,Numpad5,1791376839382.5,100005,5
P04,S03,1,up,Numpad5,1791376839502.7,100005,5
P04,S03,1,down,ShiftLeft,1791376839836,100006,Shift
P04,S03,1,down,KeyR,1791376840028.7,100007,R
P04,S03,1,up,ShiftLeft,1791376840134.4,100006,Shift
P04,S03,1,up,KeyR,1791376840136,100007,R
P04,S03,1,down,KeyO,1791376840321.4,100008,o
P04,S03,1,up,KeyO,1791376840436.1,100008,o
P04,S03,1,down,KeyA,1791376840460.3,100009,a
P04,S03,1,down,KeyN,1791376840610,100010,n
P04,S03,1,up,KeyA,1791376840622.3,100009,a
P04,S03,1,up,KeyN,1791376840702.8,100010,n
P04,S03,1,down,KeyL,1791376840836.8,100011,l
P04,S03,1,up,KeyL,1791376840929.7,100011,l
P04,S03,1,down,Enter,1791376841988.8,100012,Enter
P04,S03,1,up,Enter,1791376842075.9,100012,Enter
P04,S03,2,down,Period,1791376843456.8,100013,.
P04,S03,2,up,Period,1791376843603.1,100013,.
P04,S03,2,down,KeyT,1791376843674.6,100014,t
P04,S03,2,up,KeyT,1791376843821.3,100014,t
P04,S03,2,down,KeyI,1791376843862,100015,i
P04,S03,2,up,KeyI,1791376843965.1,100015,i
P04,S03,2,down,KeyE,1791376844120.4,100016,e
P04,S03,2,up,KeyE,1791376844260.7,100016,e
P04,S03,2,down,Numpad5,1791376844321.3,100017,5
P04,S03,2,up,Numpad5,1791376844474.4,100017,5
P04,S03,2,down,ShiftLeft,1791376844733.4,100018,Shift
P04,S03,2,down,KeyR,1791376844904.5,100019,R
P04,S03,2,up,KeyR,1791376844997.5,100019,R
P04,S03,2,up,ShiftLeft,1791376845025.1,100018,Shift
P04,S03,2,down,KeyO,1791376845205.2,100020,o
P04,S03,2,up,KeyO,1791376845324.7,100020,o
P04,S03,2,down,KeyA,1791376845364.5,100021,a
P04,S03,2,down,KeyN,1791376845521.6,100022,n
P04,S03,2,up,KeyA,1791376845532.4,100021,a
P04,S03,2,up,KeyN,1791376845620.3,100022,n
P04,S03,2,down,KeyL,1791376845720.9,100023,l
P04,S03,2,up,KeyL,1791376845823.8,100023,l
P04,S03,2,down,Enter,1791376847438.7,100024,Enter
P04,S03,2,up,Enter,1791376847568.1,100024,Enter
P04,S03,3,down,Period,1791376848180.4,100025,.
P04,S03,3,up,Period,1791376848292.9,100025,.
P04,S03,3,down,KeyT,1791376848411.3,100026,t
P04,S03,3,up,KeyT,1791376848556.6,100026,t
P04,S03,3,down,KeyI,1791376848627.8,100027,i
P04,S03,3,up,KeyI,1791376848731.6,100027,i
P04,S03,3,down,KeyE,1791376848838.1,100028,e
P04,S03,3,up,KeyE,1791376848977.7,100028,e
P04,S03,3,down,Numpad5,1791376849074.2,100029,5
P04,S03,3,up,Numpad5,1791376849194.3,100029,5
P04,S03,3,down,ShiftLeft,1791376849402.4,100030,Shift
P04,S03,3,down,KeyR,1791376849623.4,100031,R
P04,S03,3,up,KeyR,1791376849721.3,100031,R
P04,S03,3,up,ShiftLeft,1791376849774.7,100030,Shift
P04,S03,3,down,KeyO,1791376849914.8,100032,o
P04,S03,3,up,KeyO,1791376850035.4,100032,o
P04,S03,3,down,KeyA,1791376850084.4,100033,a
P04,S03,3,down,KeyN,1791376850224.7,100034,n
P04,S03,3,up,KeyA,1791376850311.7,100033,a
P04,S03,3,up,KeyN,1791376850326.7,100034,n
P04,S03,3,down,KeyL,1791376850472.2,100035,l
P04,S03,3,up,KeyL,1791376850571.2,100035,l
P04,S03,3,down,Enter,1791376851194.6,100036,Enter
P04,S03,3,up,Enter,1791376851351.3,100036,Enter
P04,S03,4,down,Period,1791376852173.8,100037,.
P04,S03,4,up,Period,1791376852315,100037,.
P04,S03,4,down,KeyT,1791376852592.3,100038,t
P04,S03,4,up,KeyT,1791376852729.5,100038,t
P04,S03,4,down,KeyI,1791376852882.5,100039,i
P04,S03,4,up,KeyI,1791376852987.5,100039,i
P04,S03,4,down,KeyE,1791376853089.7,100040,e
P04,S03,4,up,KeyE,1791376853219.7,100040,e
P04,S03,4,down,Numpad5,1791376853589.9,100041,5
P04,S03,4,up,Numpad5,1791376853703.1,100041,5
P04,S03,4,down,ShiftLeft,1791376853913.4,100042,Shift
P04,S03,4,down,KeyR,1791376854151.2,100043,R
P04,S03,4,up,ShiftLeft,1791376854220.7,100042,Shift
P04,S03,4,up,KeyR,1791376854236.4,100043,R
P04,S03,4,down,KeyO,1791376854427.1,100044,o
P04,S03,4,up,KeyO,1791376854541.2,100044,o
P04,S03,4,down,KeyA,1791376854559.4,100045,a
P04,S03,4,down,KeyN,1791376854726.3,100046,n
P04,S03,4,up,KeyA,1791376854738.9,100045,a
P04,S03,4,up,KeyN,1791376854830,100046,n
P04,S03,4,down,KeyL,1791376854973.6,100047,l
P04,S03,4,up,KeyL,1791376855077.7,100047,l
P04,S03,4,down,Enter,1791376855324.4,100048,Enter
P04,S03,4,up,Enter,1791376855433.5,100048,Enter
P04,S03,5,down,Period,1791376855986.1,100049,.
P04,S03,5,up,Period,1791376856100.2,100049,.
P04,S03,5,down,KeyT,1791376856260.5,100050,t
P04,S03,5,up,KeyT,1791376856402.2,100050,t
P04,S03,5,down,KeyI,1791376856479.1,100051,i
P04,S03,5,up,KeyI,1791376856586.6,100051,i
P04,S03,5,down,KeyE,1791376856771.1,100052,e
P04,S03,5,up,KeyE,1791376856906.5,100052,e
P04,S03,5,down,Numpad5,1791376863281.5,100053,5
P04,S03,5,up,Numpad5,1791376863400.3,100053,5
P04,S03,5,down,ShiftLeft,1791376863743.2,100054,Shift
P04,S03,5,down,KeyR,1791376863904.1,100055,R
P04,S03,5,up,KeyR,1791376864002.1,100055,R
P04,S03,5,up,ShiftLeft,1791376864024.9,100054,Shift
P04,S03,5,down,KeyO,1791376864176.2,100056,o
P04,S03,5,up,KeyO,1791376864310.3,100056,o
P04,S03,5,down,KeyA,1791376864354.4,100057,a
P04,S03,5,down,KeyN,1791376864516.3,100058,n
P04,S03,5,up,KeyA,1791376864566.4,100057,a
P04,S03,5,up,KeyN,1791376864608.2,100058,n
P04,S03,5,down,KeyL,1791376864750.8,100059,l
P04,S03,5,up,KeyL,1791376864854.2,100059,l
P04,S03,5,down,Enter,1791376866175.8,100060,Enter
P04,S03,5,up,Enter,1791376866337.6,100060,Enter
P04,S03,6,down,Period,1791376874511.7,100061,.
P04,S03,6,up,Period,1791376874609.5,100061,.
P04,S03,6,down,KeyT,1791376874741.4,100062,t
P04,S03,6,up,KeyT,1791376874849.1,100062,t
P04,S03,6,down,KeyI,1791376874915.2,100063,i
P04,S03,6,up,KeyI,1791376875019.3,100063,i
P04,S03,6,down,KeyE,1791376875078.9,100064,e
P04,S03,6,up,KeyE,1791376875251.7,100064,e
P04,S03,6,down,Numpad5,1791376876643.9,100065,5
P04,S03,6,up,Numpad5,1791376876753.1,100065,5
P04,S03,6,down,ShiftLeft,1791376876867.4,100066,Shift
P04,S03,6,down,KeyR,1791376877197,100067,R
P04,S03,6,up,KeyR,1791376877288,100067,R
P04,S03,6,up,ShiftLeft,1791376877313.9,100066,Shift
P04,S03,6,down,KeyO,1791376877454,100068,o
P04,S03,6,up,KeyO,1791376877567.8,100068,o
P04,S03,6,down,KeyA,1791376877600.8,100069,a
P04,S03,6,up,KeyA,1791376877737.9,100069,a
P04,S03,6,down,KeyN,1791376877751.5,100070,n
P04,S03,6,up,KeyN,1791376877849,100070,n
P04,S03,6,down,KeyL,1791376877947,100071,l
P04,S03,6,up,KeyL,1791376878038.9,100071,l
P04,S03,6,down,Enter,1791376878180.9,100072,Enter
P04,S03,6,up,Enter,1791376878262.2,100072,Enter
P04,S03,7,down,Numpad5,1791376884314.3,100073,5
P04,S03,7,up,Numpad5,1791376884423.3,100073,5
P04,S03,7,down,Backspace,1791376884927.2,100074,Backspace
P04,S03,7,up,Backspace,1791376885020.8,100074,Backspace
P04,S03,7,down,Comma,1791376885739.4,100075,","
P04,S03,7,up,Comma,1791376885841.2,100075,","
P04,S03,7,down,Backspace,1791376886196.7,100076,Backspace
P04,S03,7,up,Backspace,1791376886289.3,100076,Backspace
P04,S03,7,down,Period,1791376886574.7,100077,.
P04,S03,7,up,Period,1791376886693.2,100077,.
P04,S03,7,down,KeyT,1791376886841.7,100078,t
P04,S03,7,up,KeyT,1791376886945.5,100078,t
P04,S03,7,down,KeyI,1791376887012.8,100079,i
P04,S03,7,up,KeyI,1791376887120.5,100079,i
P04,S03,7,down,KeyE,1791376887200.4,100080,e
P04,S03,7,up,KeyE,1791376887350.4,100080,e
P04,S03,7,down,Numpad5,1791376888089,100081,5
P04,S03,7,up,Numpad5,1791376888176.3,100081,5
P04,S03,7,down,ShiftLeft,1791376889348.3,100082,Shift
P04,S03,7,down,KeyR,1791376889477.9,100083,R
P04,S03,7,up,KeyR,1791376889576.1,100083,R
P04,S03,7,down,KeyO,1791376889789.4,100084,O
P04,S03,7,up,ShiftLeft,1791376889839.2,100082,Shift
P04,S03,7,up,KeyO,1791376889892.5,100084,O
P04,S03,7,down,Backspace,1791376890650.2,100085,Backspace
P04,S03,7,up,Backspace,1791376890769.5,100085,Backspace
P04,S03,7,down,KeyO,1791376891309.7,100086,o
P04,S03,7,up,KeyO,1791376891402.2,100086,o
P04,S03,7,down,KeyA,1791376891581.3,100087,a
P04,S03,7,up,KeyA,1791376891722.6,100087,a
P04,S03,7,down,KeyN,1791376891844.8,100088,n
P04,S03,7,up,KeyN,1791376891946.8,100088,n
P04,S03,7,down,KeyL,1791376892183.9,100089,l
P04,S03,7,up,KeyL,1791376892282.6,100089,l
P04,S03,7,down,Enter,1791376892706.7,100090,Enter
P04,S03,7,up,Enter,1791376892842.5,100090,Enter
P04,S03,8,down,Period,1791376896155.5,100091,.
P04,S03,8,up,Period,1791376896269.4,100091,.
P04,S03,8,down,KeyT,1791376896819.6,100092,t
P04,S03,8,up,KeyT,1791376896955.5,100092,t
P04,S03,8,down,KeyI,1791376897000.8,100093,i
P04,S03,8,up,KeyI,1791376897104.3,100093,i
P04,S03,8,down,KeyE,1791376897229.1,100094,e
P04,S03,8,up,KeyE,1791376897385.1,100094,e
P04,S03,8,down,Numpad5,1791376901934.6,100095,5
P04,S03,8,up,Numpad5,1791376902033.5,100095,5
P04,S03,8,down,ShiftLeft,1791376902337.5,100096,Shift
P04,S03,8,down,KeyR,1791376902487.2,100097,R
P04,S03,8,up,KeyR,1791376902590.3,100097,R
P04,S03,8,up,ShiftLeft,1791376902618.8,100096,Shift
P04,S03,8,down,KeyO,1791376902791.9,100098,o
P04,S03,8,up,KeyO,1791376902905.7,100098,o
P04,S03,8,down,KeyA,1791376903617.1,100099,a
P04,S03,8,up,KeyA,1791376903763.2,100099,a
P04,S03,8,down,KeyN,1791376903879.2,100100,n
P04,S03,8,up,KeyN,1791376903976.4,100100,n
P04,S03,8,down,KeyL,1791376904292.2,100101,l
P04,S03,8,up,KeyL,1791376904368.5,100101,l
P04,S03,8,down,Enter,1791376904520.5,100102,Enter
P04,S03,8,up,Enter,1791376904602.1,100102,Enter
P04,S03,9,down,Period,1791376910006.2,100103,.
P04,S03,9,up,Period,1791376910119.3,100103,.
P04,S03,9,down,KeyT,1791376910282,100104,t
P04,S03,9,up,KeyT,1791376910405.7,100104,t
P04,S03,9,down,KeyI,1791376910457.4,100105,i
P04,S03,9,up,KeyI,1791376910556.2,100105,i
P04,S03,9,down,KeyE,1791376910646.5,100106,e
P04,S03,9,up,KeyE,1791376910783.4,100106,e
P04,S03,9,down,Numpad5,1791376911192.5,100107,5
P04,S03,9,up,Numpad5,1791376911300.2,100107,5
P04,S03,9,down,ShiftLeft,1791376911500,100108,Shift
P04,S03,9,down,KeyR,1791376911699.3,100109,R
P04,S03,9,up,KeyR,1791376911819.9,100109,R
P04,S03,9,up,ShiftLeft,1791376911856.5,100108,Shift
P04,S03,9,down,KeyO,1791376912697.6,100110,o
P04,S03,9,up,KeyO,1791376912796.7,100110,o
P04,S03,9,down,KeyA,1791376912838.4,100111,a
P04,S03,9,up,KeyA,1791376912983.4,100111,a
P04,S03,9,down,KeyN,1791376913000.9,100112,n
P04,S03,9,up,KeyN,1791376913098.4,100112,n
P04,S03,9,down,KeyL,1791376913193.8,100113,l
P04,S03,9,up,KeyL,1791376913296,100113,l
P04,S03,9,down,Enter,1791376913818.7,100114,Enter
P04,S03,9,up,Enter,1791376913916.3,100114,Enter
P04,S03,10,down,Period,1791376914403.2,100115,.
P04,S03,10,up,Period,1791376914515.9,100115,.
P04,S03,10,down,KeyT,1791376914858.2,100116,t
P04,S03,10,down,KeyI,1791376914969.3,100117,i
P04,S03,10,up,KeyT,1791376914994.3,100116,t
P04,S03,10,up,KeyI,1791376915075.5,100117,i
P04,S03,10,down,KeyE,1791376915170.3,100118,e
P04,S03,10,up,KeyE,1791376915354.6,100118,e
P04,S03,10,down,Numpad5,1791376915422.3,100119,5
P04,S03,10,up,Numpad5,1791376915526.2,100119,5
P04,S03,10,down,ShiftLeft,1791376915707.6,100120,Shift
P04,S03,10,down,KeyR,1791376916026.5,100121,R
P04,S03,10,up,KeyR,1791376916117.3,100121,R
P04,S03,10,up,ShiftLeft,1791376916124,100120,Shift
P04,S03,10,down,KeyO,1791376916290.2,100122,o
P04,S03,10,up,KeyO,1791376916415.5,100122,o
P04,S03,10,down,KeyA,1791376916441.6,100123,a
P04,S03,10,down,KeyN,1791376916565.6,100124,n
P04,S03,10,up,KeyA,1791376916615.2,100123,a
P04,S03,10,up,KeyN,1791376916662.6,100124,n
P04,S03,10,down,KeyL,1791376916746.6,100125,l
P04,S03,10,up,KeyL,1791376916845.7,100125,l
P04,S03,11,down,KeyO,1791376926322,100126,o
P04,S03,11,up,KeyO,1791376926420.4,100126,o
P04,S03,11,down,KeyK,1791376926511.5,100127,k
P04,S03,11,up,KeyK,1791376926592.6,100127,k
P04,S03,11,down,KeyA,1791376926676.9,100128,a
P04,S03,11,up,KeyA,1791376926811.7,100128,a
P04,S03,11,down,KeyZ,1791376926992.5,100129,y
P04,S03,11,up,KeyZ,1791376927139.9,100129,y
P04,S03,11,down,Space,1791376927233.7,100130, 
P04,S03,11,up,Space,1791376927325.9,100130, 
P04,S03,11,down,KeyL,1791376927614.4,100131,l
P04,S03,11,up,KeyL,1791376927750.4,100131,l
P04,S03,11,down,KeyE,1791376927789.5,100132,e
P04,S03,11,up,KeyE,1791376927924.1,100132,e
P04,S03,11,down,KeyT,1791376927992.1,100133,t
P04,S03,11,up,KeyT,1791376928095.3,100133,t
P04,S03,11,down,KeyS,1791376928144.3,100134,s
P04,S03,11,up,KeyS,1791376928262.2,100134,s
P04,S03,11,down,Space,1791376928320.4,100135, 
P04,S03,11,up,Space,1791376928418.8,100135, 
P04,S03,11,down,KeyD,1791376928666.3,100136,d
P04,S03,11,down,KeyI,1791376928748.1,100137,i
P04,S03,11,up,KeyD,1791376928785.4,100136,d
P04,S03,11,up,KeyI,1791376928835.5,100137,i
P04,S03,11,down,KeyS,1791376929089.2,100138,s
P04,S03,11,up,KeyS,1791376929198,100138,s
P04,S03,11,down,KeyC,1791376929309.9,100139,c
P04,S03,11,up,KeyC,1791376929397.1,100139,c
P04,S03,11,down,KeyU,1791376929568.6,100140,u
P04,S03,11,up,KeyU,1791376929671.2,100140,u
P04,S03,11,down,KeyS,1791376929713.5,100141,s
P04,S03,11,up,KeyS,1791376929817.4,100141,s
P04,S03,11,down,KeyS,1791376929896.6,100142,s
P04,S03,11,up,KeyS,1791376929981.7,100142,s
P04,S03,11,down,Space,1791376930087.9,100143, 
P04,S03,11,up,Space,1791376930187,100143, 
P04,S03,11,down,KeyS,1791376930575.8,100144,s
P04,S03,11,down,KeyO,1791376930725.4,100145,o
P04,S03,11,up,KeyS,1791376930753.7,100144,s
P04,S03,11,up,KeyO,1791376930829,100145,o
P04,S03,11,down,KeyM,1791376930950.5,100146,m
P04,S03,11,down,KeyN,1791376930961.9,100147,n
P04,S03,11,up,KeyM,1791376931010.7,100146,m
P04,S03,11,up,KeyN,1791376931026.4,100147,n
P04,S03,11,down,Backspace,1791376931413.9,100148,Backspace
P04,S03,11,up,Backspace,1791376931505.6,100148,Backspace
P04,S03,11,down,KeyM,1791376931774.2,100149,m
P04,S03,11,up,KeyM,1791376931875.8,100149,m
P04,S03,11,down,KeyE,1791376931905.7,100150,e
P04,S03,11,up,KeyE,1791376932024.5,100150,e
P04,S03,11,down,Backspace,1791376932445.3,100151,Backspace
P04,S03,11,up,Backspace,1791376932537.5,100151,Backspace
P04,S03,11,down,Backspace,1791376932595.1,100152,Backspace
P04,S03,11,up,Backspace,1791376932692.5,100152,Backspace
P04,S03,11,down,Backspace,1791376932737.6,100153,Backspace
P04,S03,11,up,Backspace,1791376932834.6,100153,Backspace
P04,S03,11,down,KeyE,1791376932963.2,100154,e
P04,S03,11,up,KeyE,1791376933114.1,100154,e
P04,S03,11,down,KeyT,1791376933519,100155,t
P04,S03,11,up,KeyT,1791376933627.4,100155,t
P04,S03,11,down,KeyH,1791376933703.7,100156,h
P04,S03,11,up,KeyH,1791376933785.5,100156,h
P04,S03,11,down,KeyI,1791376933866.6,100157,i
P04,S03,11,up,KeyI,1791376933971.9,100157,i
P04,S03,11,down,KeyN,1791376934085.3,100158,n
P04,S03,11,up,KeyN,1791376934195.2,100158,n
P04,S03,11,down,KeyH,1791376934379.5,100159,h
P04,S03,11,up,KeyH,1791376934456.2,100159,h
P04,S03,11,down,Backspace,1791376934727,100160,Backspace
P04,S03,11,down,KeyG,1791376934819.1,100161,g
P04,S03,11,up,Backspace,1791376934823.9,100160,Backspace
P04,S03,11,up,KeyG,1791376934953.2,100161,g
P04,S03,11,down,Enter,1791376935000.2,100162,Enter
P04,S03,11,up,Enter,1791376935119.7,100162,Enter
P04,S03,12,down,KeyI,1791376940621.9,100163,i
P04,S03,12,up,KeyI,1791376940714,100163,i
P04,S03,12,down,Space,1791376940835.8,100164, 
P04,S03,12,up,Space,1791376940955.7,100164, 
P04,S03,12,down,KeyD,1791376941283.7,100165,d
P04,S03,12,down,KeyO,1791376941390.5,100166,o
P04,S03,12,up,KeyD,1791376941435.4,100165,d
P04,S03,12,up,KeyO,1791376941505.1,100166,o
P04,S03,12,down,KeyN,1791376941630.9,100167,n
P04,S03,12,up,KeyN,1791376941740.4,100167,n
P04,S03,12,down,KeyT,1791376941800.6,100168,t
P04,S03,12,up,KeyT,1791376941924.1,100168,t
P04,S03,12,down,Space,1791376942099.4,100169, 
P04,S03,12,up,Space,1791376942197,100169, 
P04,S03,12,down,KeyK,1791376942450.1,100170,k
P04,S03,12,up,KeyK,1791376942551.8,100170,k
P04,S03,12,down,KeyN,1791376942632.8,100171,n
P04,S03,12,up,KeyN,1791376942742.8,100171,n
P04,S03,12,down,KeyO,1791376942826.1,100172,o
P04,S03,12,up,KeyO,1791376942945.8,100172,o
P04,S03,12,down,KeyW,1791376942992,100173,w
P04,S03,12,up,KeyW,1791376943121.8,100173,w
P04,S03,12,down,Space,1791376943126.2,100174, 
P04,S03,12,up,Space,1791376943241.2,100174, 
P04,S03,12,down,KeyL,1791376944204.7,100175,l
P04,S03,12,up,KeyL,1791376944328.9,100175,l
P04,S03,12,down,KeyE,1791376944431.5,100176,e
P04,S03,12,up,KeyE,1791376944552.5,100176,e
P04,S03,12,down,KeyT,1791376944683.8,100177,t
P04,S03,12,up,KeyT,1791376944787.2,100177,t
P04,S03,12,down,KeyS,1791376944941.1,100178,s
P04,S03,12,up,KeyS,1791376945045.4,100178,s
P04,S03,12,down,Space,1791376945214.6,100179, 
P04,S03,12,up,Space,1791376945316.8,100179, 
P04,S03,12,down,KeyT,1791376946176,100180,t
P04,S03,12,up,KeyT,1791376946273.5,100180,t
P04,S03,12,down,KeyA,1791376946500.5,100181,a
P04,S03,12,down,KeyL,1791376946618.7,100182,l
P04,S03,12,up,KeyA,1791376946631.1,100181,a
P04,S03,12,up,KeyL,1791376946705,100182,l
P04,S03,12,down,KeyK,1791376946747.4,100183,k
P04,S03,12,up,KeyK,1791376946840.3,100183,k
P04,S03,12,down,Space,1791376946914.4,100184, 
P04,S03,12,up,Space,1791376947035.3,100184, 
P04,S03,12,down,KeyA,1791376947078.1,100185,a
P04,S03,12,up,KeyA,1791376947164,100185,a
P04,S03,12,down,KeyB,1791376947303.7,100186,b
P04,S03,12,up,KeyB,1791376947363.2,100186,b
P04,S03,12,down,KeyA,1791376947373.6,100187,a
P04,S03,12,up,KeyA,1791376947470.7,100187,a
P04,S03,12,down,Backspace,1791376947770.5,100188,Backspace
P04,S03,12,up,Backspace,1791376947889.9,100188,Backspace
P04,S03,12,down,Backspace,1791376947964.9,100189,Backspace
P04,S03,12,up,Backspace,1791376948062.6,100189,Backspace
P04,S03,12,down,KeyB,1791376948463.9,100190,b
P04,S03,12,up,KeyB,1791376948556.8,100190,b
P04,S03,12,down,KeyO,1791376948746.3,100191,o
P04,S03,12,up,KeyO,1791376948838.1,100191,o
P04,S03,12,down,KeyU,1791376948963.7,100192,u
P04,S03,12,up,KeyU,1791376949061,100192,u
P04,S03,12,down,KeyT,1791376949150.6,100193,t
P04,S03,12,up,KeyT,1791376949247.9,100193,t
P04,S03,12,down,Space,1791376949294.6,100194, 
P04,S03,12,up,Space,1791376949397.5,100194, 
P04,S03,12,down,KeyM,1791376949891.2,100195,m
P04,S03,12,up,KeyM,1791376949989.2,100195,m
P04,S03,12,down,KeyO,1791376950105.7,100196,o
P04,S03,12,up,KeyO,1791376950183.1,100196,o
P04,S03,12,down,KeyV,1791376950416.9,100197,v
P04,S03,12,up,KeyV,1791376950508,100197,v
P04,S03,12,down,KeyI,1791376950680.4,100198,i
P04,S03,12,up,KeyI,1791376950815,100198,i
P04,S03,12,down,KeyE,1791376951257.2,100199,e
P04,S03,12,up,KeyE,1791376951334.7,100199,e
P04,S03,12,down,KeyS,1791376951561.5,100200,s
P04,S03,12,up,KeyS,1791376951712.7,100200,s
P04,S03,12,down,Space,1791376952051.7,100201, 
P04,S03,12,up,Space,1791376952153.8,100201, 
P04,S03,12,down,KeyT,1791376952230.5,100202,t
P04,S03,12,up,KeyT,1791376952378.4,100202,t
P04,S03,12,down,KeyO,1791376952425.1,100203,o
P04,S03,12,up,KeyO,1791376952538.7,100203,o
P04,S03,12,down,Space,1791376952699.9,100204, 
P04,S03,12,up,Space,1791376952802.5,100204, 
P04,S03,12,down,KeyD,1791376952870.5,100205,d
P04,S03,12,up,KeyD,1791376953009.5,100205,d
P04,S03,12,down,KeyI,1791376953036.8,100206,i
P04,S03,12,up,KeyI,1791376953123.6,100206,i
P04,S03,12,down,Backspace,1791376953450.1,100207,Backspace
P04,S03,12,up,Backspace,1791376953557.1,100207,Backspace
P04,S03,12,down,KeyO,1791376953726.6,100208,o
P04,S03,12,up,KeyO,1791376953820.4,100208,o
P04,S03,12,down,Space,1791376953972.4,100209, 
P04,S03,12,up,Space,1791376954069.3,100209, 
P04,S03,12,down,KeyU,1791376954501.8,100210,u
P04,S03,12,up,KeyU,1791376954594.5,100210,u
P04,S03,12,down,KeyB,1791376954704.7,100211,b
P04,S03,12,down,Space,1791376954705.3,100212, 
P04,S03,12,up,KeyB,1791376954789.1,100211,b
P04,S03,12,up,Space,1791376954794,100212, 
P04,S03,12,down,KeyT,1791376954856,100213,t
P04,S03,12,up,KeyT,1791376954992.2,100213,t
P04,S03,12,down,KeyH,1791376955007.3,100214,h
P04,S03,12,up,KeyH,1791376955083.7,100214,h
P04,S03,12,down,KeyI,1791376955167.2,100215,i
P04,S03,12,up,KeyI,1791376955264.7,100215,i
P04,S03,12,down,KeyB,1791376955419,100216,b
P04,S03,12,up,KeyB,1791376955500,100216,b
P04,S03,12,down,Backspace,1791376956028.7,100217,Backspace
P04,S03,12,up,Backspace,1791376956130.8,100217,Backspace
P04,S03,12,down,KeyN,1791376956181.3,100218,n
P04,S03,12,up,KeyN,1791376956311.8,100218,n
P04,S03,12,down,KeyK,1791376956378,100219,k
P04,S03,12,up,KeyK,1791376956470.5,100219,k
P04,S03,12,down,Space,1791376956580.4,100220, 
P04,S03,12,up,Space,1791376956694.2,100220, 
P04,S03,12,down,KeyT,1791376956939.1,100221,t
P04,S03,12,up,KeyT,1791376957079.2,100221,t
P04,S03,12,down,KeyH,1791376957093.4,100222,h
P04,S03,12,up,KeyH,1791376957212.9,100222,h
P04,S03,12,down,KeyA,1791376957372.2,100223,a
P04,S03,12,down,KeyT,1791376957442.9,100224,t
P04,S03,12,up,KeyA,1791376957508.9,100223,a
P04,S03,12,up,KeyT,1791376957539,100224,t
P04,S03,12,down,Space,1791376957739.6,100225, 
P04,S03,12,up,Space,1791376957859.2,100225, 
P04,S03,12,down,KeyT,1791376959795.7,100226,t
P04,S03,12,up,KeyT,1791376959921,100226,t
P04,S03,12,down,KeyW,1791376960374.9,100227,w
P04,S03,12,up,KeyW,1791376960516,100227,w
P04,S03,12,down,KeyI,1791376960538.7,100228,i
P04,S03,12,up,KeyI,1791376960642.5,100228,i
P04,S03,12,down,KeyL,1791376960822.3,100229,l
P04,S03,12,up,KeyL,1791376960946.4,100229,l
P04,S03,12,down,KeyI,1791376961070.6,100230,i
P04,S03,12,up,KeyI,1791376961167.3,100230,i
P04,S03,12,down,KeyG,1791376961975.9,100231,g
P04,S03,12,up,KeyG,1791376962083.8,100231,g
P04,S03,12,down,KeyH,1791376962293.4,100232,h
P04,S03,12,up,KeyH,1791376962412.1,100232,h
P04,S03,12,down,KeyT,1791376962658.4,100233,t
P04,S03,12,up,KeyT,1791376962814.5,100233,t
P04,S03,12,down,KeyS,1791376963097.7,100234,s
P04,S03,12,up,KeyS,1791376963246,100234,s
P04,S03,12,down,Space,1791376963328.3,100235, 
P04,S03,12,up,Space,1791376963439.7,100235, 
P04,S03,12,down,KeyI,1791376963890.6,100236,i
P04,S03,12,up,KeyI,1791376964000.1,100236,i
P04,S03,12,down,KeyS,1791376964104.9,100237,s
P04,S03,12,up,KeyS,1791376964266.1,100237,s
P04,S03,12,down,Space,1791376964289.7,100238, 
P04,S03,12,up,Space,1791376964414.3,100238, 
P04,S03,12,down,KeyT,1791376964529.9,100239,t
P04,S03,12,up,KeyT,1791376964655.1,100239,t
P04,S03,12,down,KeyH,1791376964692.5,100240,h
P04,S03,12,up,KeyH,1791376964807.4,100240,h
P04,S03,12,down,KeyE,1791376964853.9,100241,e
P04,S03,12,up,KeyE,1791376965000.3,100241,e
P04,S03,12,down,Space,1791376965014.5,100242, 
P04,S03,12,up,Space,1791376965122.9,100242, 
P04,S03,12,down,KeyB,1791376965293.6,100243,b
P04,S03,12,up,KeyB,1791376965402.2,100243,b
P04,S03,12,down,KeyE,1791376965446.2,100244,e
P04,S03,12,up,KeyE,1791376965624.8,100244,e
P04,S03,12,down,KeyS,1791376965676.3,100245,s
P04,S03,12,up,KeyS,1791376965821.3,100245,s
P04,S03,12,down,KeyT,1791376965972.1,100246,t
P04,S03,12,up,KeyT,1791376966080,100246,t
P04,S03,12,down,Space,1791376966142.3,100247, 
P04,S03,12,up,Space,1791376966256.8,100247, 
P04,S03,12,down,KeyM,1791376966609.2,100248,m
P04,S03,12,up,KeyM,1791376966700.4,100248,m
P04,S03,12,down,KeyO,1791376966790.8,100249,o
P04,S03,12,up,KeyO,1791376966910.1,100249,o
P04,S03,12,down,KeyV,1791376967043.2,100250,v
P04,S03,12,up,KeyV,1791376967157,100250,v
P04,S03,12,down,KeyI,1791376967160.1,100251,i
P04,S03,12,up,KeyI,1791376967275.3,100251,i
P04,S03,12,down,KeyE,1791376967340.6,100252,e
P04,S03,12,up,KeyE,1791376967480.9,100252,e
P04,S03,12,down,Space,1791376967552.3,100253, 
P04,S03,12,up,Space,1791376967667.1,100253, 
P04,S03,12,down,KeyE,1791376967801.8,100254,e
P04,S03,12,up,KeyE,1791376967929.9,100254,e
P04,S03,12,down,KeyV,1791376967965.4,100255,v
P04,S03,12,up,KeyV,1791376968062.8,100255,v
P04,S03,12,down,KeyE,1791376968073,100256,e
P04,S03,12,up,KeyE,1791376968196.4,100256,e
P04,S03,12,down,KeyR,1791376968271.7,100257,r
P04,S03,12,up,KeyR,1791376968379.6,100257,r
P04,S03,12,down,Enter,1791376968384.5,100258,Enter
P04,S03,12,up,Enter,1791376968526,100258,Enter
P04,S03,13,down,KeyE,1791376976963.5,100259,e
P04,S03,13,up,KeyE,1791376977077.8,100259,e
P04,S03,13,down,KeyD,1791376977533.4,100260,d
P04,S03,13,up,KeyD,1791376977637.9,100260,d
P04,S03,13,down,KeyW,1791376977922.4,100261,w
P04,S03,13,up,KeyW,1791376978063,100261,w
P04,S03,13,down,KeyA,1791376978476.1,100262,a
P04,S03,13,up,KeyA,1791376978614.6,100262,a
P04,S03,13,down,KeyR,1791376978810.1,100263,r
P04,S03,13,up,KeyR,1791376978913.2,100263,r
P04,S03,13,down,KeyD,1791376979062.7,100264,d
P04,S03,13,up,KeyD,1791376979183.1,100264,d
P04,S03,13,down,KeyD,1791376979222.4,100265,d
P04,S03,13,up,KeyD,1791376979335.4,100265,d
P04,S03,13,down,KeyD,1791376979396.5,100266,d
P04,S03,13,up,KeyD,1791376979477.5,100266,d
P04,S03,13,down,KeyD,1791376979540.7,100267,d
P04,S03,13,up,KeyD,1791376979643.7,100267,d
P04,S03,13,down,KeyD,1791376979704,100268,d
P04,S03,13,up,KeyD,1791376979807.7,100268,d
P04,S03,13,down,KeyD,1791376979862.3,100269,d
P04,S03,13,up,KeyD,1791376979971.4,100269,d
P04,S03,13,down,KeyD,1791376980034.5,100270,d
P04,S03,13,up,KeyD,1791376980142.6,100270,d
P04,S03,13,down,KeyD,1791376980204.9,100271,d
P04,S03,13,up,KeyD,1791376980314.2,100271,d
P04,S03,13,down,KeyD,1791376980375,100272,d
P04,S03,13,up,KeyD,1791376980494.1,100272,d
P04,S03,13,down,Space,1791376980736.1,100273, 
P04,S03,13,up,Space,1791376980887.5,100273, 
P04,S03,13,down,KeyF,1791376980996.8,100274,f
P04,S03,13,up,KeyF,1791376981140.9,100274,f
P04,S03,13,down,KeyO,1791376981190.3,100275,o
P04,S03,13,up,KeyO,1791376981309.6,100275,o
P04,S03,13,down,KeyR,1791376981359.8,100276,r
P04,S03,13,up,KeyR,1791376981485.5,100276,r
P04,S03,13,down,Space,1791376981508.8,100277, 
P04,S03,13,up,Space,1791376981639,100277, 
P04,S03,13,down,KeyS,1791376981709.7,100278,s
P04,S03,13,down,KeyU,1791376981855.6,100279,u
P04,S03,13,up,KeyS,1791376981898.4,100278,s
P04,S03,13,up,KeyU,1791376981974.6,100279,u
P04,S03,13,down,KeyR,1791376982044.9,100280,r
P04,S03,13,up,KeyR,1791376982163.6,100280,r
P04,S03,13,down,KeyE,1791376982247.9,100281,e
P04,S03,13,up,KeyE,1791376982366.9,100281,e
P04,S03,13,down,Space,1791376982509.3,100282, 
P04,S03,13,up,Space,1791376982600.6,100282, 
P04,S03,13,down,KeyH,1791376983438.5,100283,h
P04,S03,13,up,KeyH,1791376983546.7,100283,h
P04,S03,13,down,KeyE,1791376983562.7,100284,e
P04,S03,13,up,KeyE,1791376983670.6,100284,e
P04,S03,13,down,KeyS,1791376983775.5,100285,s
P04,S03,13,down,Space,1791376983909.2,100286, 
P04,S03,13,up,KeyS,1791376983933.1,100285,s
P04,S03,13,up,Space,1791376984029.5,100286, 
P04,S03,13,down,KeyH,1791376984293.7,100287,h
P04,S03,13,up,KeyH,1791376984395.6,100287,h
P04,S03,13,down,KeyA,1791376984460.1,100288,a
P04,S03,13,up,KeyA,1791376984633.6,100288,a
P04,S03,13,down,KeyM,1791376984683.8,100289,m
P04,S03,13,up,KeyM,1791376984733.5,100289,m
P04,S03,13,down,Backspace,1791376985255.4,100290,Backspace
P04,S03,13,up,Backspace,1791376985362.8,100290,Backspace
P04,S03,13,down,KeyN,1791376985579.3,100291,n
P04,S03,13,up,KeyN,1791376985703.8,100291,n
P04,S03,13,down,KeyD,1791376986172.3,100292,d
P04,S03,13,up,KeyD,1791376986302.4,100292,d
P04,S03,13,down,KeyS,1791376986422,100293,s
P04,S03,13,down,KeyO,1791376986550.5,100294,o
P04,S03,13,up,KeyS,1791376986620.2,100293,s
P04,S03,13,up,KeyO,1791376986652.6,100294,o
P04,S03,13,down,KeyM,1791376986743,100295,m
P04,S03,13,up,KeyM,1791376986863,100295,m
P04,S03,13,down,KeyE,1791376986865.8,100296,e
P04,S03,13,down,Space,1791376987005.3,100297, 
P04,S03,13,up,KeyE,1791376987016.5,100296,e
P04,S03,13,up,Space,1791376987108.2,100297, 
P04,S03,13,down,KeyA,1791376987290.5,100298,a
P04,S03,13,down,KeyN,1791376987424.8,100299,n
P04,S03,13,up,KeyA,1791376987453.2,100298,a
P04,S03,13,up,KeyN,1791376987538.1,100299,n
P04,S03,13,down,KeyD,1791376987621.2,100300,d
P04,S03,13,up,KeyD,1791376987757,100300,d
P04,S03,13,down,Space,1791376989072.1,100301, 
P04,S03,13,up,Space,1791376989180.7,100301, 
P04,S03,13,down,KeyM,1791376989854.6,100302,m
P04,S03,13,up,KeyM,1791376989959.3,100302,m
P04,S03,13,down,KeyI,1791376990031.3,100303,i
P04,S03,13,up,KeyI,1791376990168.5,100303,i
P04,S03,13,down,KeyS,1791376990323.6,100304,s
P04,S03,13,up,KeyS,1791376990511.5,100304,s
P04,S03,13,down,KeyT,1791376990580.2,100305,t
P04,S03,13,up,KeyT,1791376990699.9,100305,t
P04,S03,13,down,KeyE,1791376990922.2,100306,e
P04,S03,13,up,KeyE,1791376991052.1,100306,e
P04,S03,13,down,KeyR,1791376991140.6,100307,r
P04,S03,13,up,KeyR,1791376991247.6,100307,r
P04,S03,13,down,KeyI,1791376991544.1,100308,i
P04,S03,13,up,KeyI,1791376991662.8,100308,i
P04,S03,13,down,KeyU,1791376991770,100309,u
P04,S03,13,up,KeyU,1791376991866.2,100309,u
P04,S03,13,down,KeyO,1791376991962.6,100310,o
P04,S03,13,up,KeyO,1791376992093,100310,o
P04,S03,13,down,KeyS,1791376992290.1,100311,s
P04,S03,13,up,KeyS,1791376992424.7,100311,s
P04,S03,13,down,Space,1791376993395.2,100312, 
P04,S03,13,up,Space,1791376993508,100312, 
P04,S03,13,down,KeyB,1791376993660.8,100313,b
P04,S03,13,up,KeyB,1791376993747.6,100313,b
P04,S03,13,down,KeyU,1791376993844,100314,u
P04,S03,13,up,KeyU,1791376993962.9,100314,u
P04,S03,13,down,KeyT,1791376994191.6,100315,t
P04,S03,13,up,KeyT,1791376994321,100315,t
P04,S03,13,down,Space,1791376994401.5,100316, 
P04,S03,13,up,Space,1791376994521,100316, 
P04,S03,13,down,KeyJ,1791376995636.7,100317,j
P04,S03,13,up,KeyJ,1791376995746.1,100317,j
P04,S03,13,down,KeyA,1791376995826.7,100318,a
P04,S03,13,up,KeyA,1791376996038.5,100318,a
P04,S03,13,down,KeyC,1791376996079.5,100319,c
P04,S03,13,up,KeyC,1791376996216.5,100319,c
P04,S03,13,down,KeyO,1791376996300.4,100320,o
P04,S03,13,up,KeyO,1791376996413,100320,o
P04,S03,13,down,KeyB,1791376997589,100321,b
P04,S03,13,up,KeyB,1791376997687.2,100321,b
P04,S03,13,down,Space,1791376997754.7,100322, 
P04,S03,13,up,Space,1791376997847.1,100322, 
P04,S03,13,down,KeyI,1791376997968.9,100323,i
P04,S03,13,up,KeyI,1791376998084.2,100323,i
P04,S03,13,down,KeyS,1791376998129,100324,s
P04,S03,13,up,KeyS,1791376998286.8,100324,s
P04,S03,13,down,Space,1791376998305.9,100325, 
P04,S03,13,up,Space,1791376998424.4,100325, 
P04,S03,13,down,KeyA,1791376998483.9,100326,a
P04,S03,13,down,Space,1791376998587,100327, 
P04,S03,13,up,KeyA,1791376998624.1,100326,a
P04,S03,13,up,Space,1791376998711.7,100327, 
P04,S03,13,down,KeyB,1791376998791.7,100328,b
P04,S03,13,up,KeyB,1791376998885.4,100328,b
P04,S03,13,down,KeyI,1791376999035.8,100329,i
P04,S03,13,up,KeyI,1791376999170.6,100329,i
P04,S03,13,down,KeyT,1791376999330.2,100330,t
P04,S03,13,up,KeyT,1791376999488.9,100330,t
P04,S03,13,down,Space,1791377000464.4,100331, 
P04,S03,13,up,Space,1791377000572.7,100331, 
P04,S03,13,down,KeyB,1791377000834,100332,b
P04,S03,13,up,KeyB,1791377000918.3,100332,b
P04,S03,13,down,KeyO,1791377001073.8,100333,o
P04,S03,13,up,KeyO,1791377001224.6,100333,o
P04,S03,13,down,KeyR,1791377001355.7,100334,r
P04,S03,13,down,KeyI,1791377001462.7,100335,i
P04,S03,13,up,KeyR,1791377001474.2,100334,r
P04,S03,13,up,KeyI,1791377001577.4,100335,i
P04,S03,13,down,KeyN,1791377001721.7,100336,n
P04,S03,13,up,KeyN,1791377001872.4,100336,n
P04,S03,13,down,KeyG,1791377002445.9,100337,g
P04,S03,13,up,KeyG,1791377002553.8,100337,g
P04,S03,13,down,Space,1791377002797.5,100338, 
P04,S03,13,up,Space,1791377002920.8,100338, 
P04,S03,13,down,KeyA,1791377003050.9,100339,a
P04,S03,13,down,KeyN,1791377003202.1,100340,n
P04,S03,13,up,KeyA,1791377003229.5,100339,a
P04,S03,13,up,KeyN,1791377003309.9,100340,n
P04,S03,13,down,KeyD,1791377003955.4,100341,d
P04,S03,13,up,KeyD,1791377004074.3,100341,d
P04,S03,13,down,Space,1791377004115.9,100342, 
P04,S03,13,up,Space,1791377004237.2,100342, 
P04,S03,13,down,KeyS,1791377004431.8,100343,s
P04,S03,13,down,KeyM,1791377004614.1,100344,m
P04,S03,13,up,KeyS,1791377004616.3,100343,s
P04,S03,13,up,KeyM,1791377004753.7,100344,m
P04,S03,13,down,KeyE,1791377004819.2,100345,e
P04,S03,13,up,KeyE,1791377004947.9,100345,e
P04,S03,13,down,KeyL,1791377005029.6,100346,l
P04,S03,13,up,KeyL,1791377005186.3,100346,l
P04,S03,13,down,KeyL,1791377005356.6,100347,l
P04,S03,13,up,KeyL,1791377005465.2,100347,l
P04,S03,13,down,KeyS,1791377005543.3,100348,s
P04,S03,13,up,KeyS,1791377005722.8,100348,s
P04,S03,13,down,Space,1791377005767.2,100349, 
P04,S03,13,up,Space,1791377005881.4,100349, 
P04,S03,13,down,KeyB,1791377006302.9,100350,b
P04,S03,13,up,KeyB,1791377006415.6,100350,b
P04,S03,13,down,KeyA,1791377006597.5,100351,a
P04,S03,13,up,KeyA,1791377006755.6,100351,a
P04,S03,13,down,KeyD,1791377006831.4,100352,d
P04,S03,13,up,KeyD,1791377006967.3,100352,d
P04,S03,13,down,KeyL,1791377007487.2,100353,l
P04,S03,13,up,KeyL,1791377007601.1,100353,l
P04,S03,13,down,KeyZ,1791377007735.5,100354,y
P04,S03,13,up,KeyZ,1791377007885.3,100354,y
P04,S03,13,down,Enter,1791377008297,100355,Enter
P04,S03,13,up,Enter,1791377008433.7,100355,Enter
P04,S03,14,down,KeyF,1791377018909.1,100356,f
P04,S03,14,up,KeyF,1791377019007.8,100356,f
P04,S03,14,down,KeyI,1791377019040.5,100357,i
P04,S03,14,up,KeyI,1791377019155.6,100357,i
P04,S03,14,down,KeyR,1791377019199.2,100358,r
P04,S03,14,up,KeyR,1791377019311.8,100358,r
P04,S03,14,down,KeyS,1791377019524.5,100359,s
P04,S03,14,up,KeyS,1791377019639.3,100359,s
P04,S03,14,down,KeyT,1791377019735.6,100360,t
P04,S03,14,up,KeyT,1791377019858.8,100360,t
P04,S03,14,down,Space,1791377019863.3,100361, 
P04,S03,14,up,Space,1791377019983.1,100361, 
P04,S03,14,down,KeyO,1791377020105.1,100362,o
P04,S03,14,up,KeyO,1791377020218.8,100362,o
P04,S03,14,down,KeyN,1791377020310.4,100363,n
P04,S03,14,up,KeyN,1791377020418.5,100363,n
P04,S03,14,down,KeyE,1791377020445.3,100364,e
P04,S03,14,down,Space,1791377020525.8,100365, 
P04,S03,14,up,KeyE,1791377020565.2,100364,e
P04,S03,14,up,Space,1791377020635.7,100365, 
P04,S03,14,down,KeyI,1791377020827.3,100366,i
P04,S03,14,up,KeyI,1791377020941.3,100366,i
P04,S03,14,down,Space,1791377021073.3,100367, 
P04,S03,14,up,Space,1791377021208.8,100367, 
P04,S03,14,down,KeyG,1791377021461.8,100368,g
P04,S03,14,up,KeyG,1791377021568.9,100368,g
P04,S03,14,down,KeyU,1791377021702,100369,u
P04,S03,14,up,KeyU,1791377021804.1,100369,u
P04,S03,14,down,KeyE,1791377021874.7,100370,e
P04,S03,14,up,KeyE,1791377021984.1,100370,e
P04,S03,14,down,KeyS,1791377022162.9,100371,s
P04,S03,14,up,KeyS,1791377022259,100371,s
P04,S03,14,down,KeyS,1791377022333.1,100372,s
P04,S03,14,up,KeyS,1791377022409.2,100372,s
P04,S03,14,down,Slash,1791377022571.7,100373,-
P04,S03,14,up,Slash,1791377022701.8,100373,-
P04,S03,14,down,Space,1791377022846.1,100374, 
P04,S03,14,up,Space,1791377022945.3,100374, 
P04,S03,14,down,KeyI,1791377023086.8,100375,i
P04,S03,14,up,KeyI,1791377023198.9,100375,i
P04,S03,14,down,Space,1791377023351,100376, 
P04,S03,14,up,Space,1791377023426.8,100376, 
P04,S03,14,down,KeyW,1791377023603.8,100377,w
P04,S03,14,down,KeyP,1791377023733.7,100378,p
P04,S03,14,up,KeyW,1791377023754.7,100377,w
P04,S03,14,up,KeyP,1791377023846.5,100378,p
P04,S03,14,down,KeyU,1791377023962.7,100379,u
P04,S03,14,up,KeyU,1791377024047.1,100379,u
P04,S03,14,down,KeyL,1791377024167.1,100380,l
P04,S03,14,up,KeyL,1791377024307.8,100380,l
P04,S03,14,down,KeyF,1791377024410.2,100381,f
P04,S03,14,up,KeyF,1791377024533.8,100381,f
P04,S03,14,down,Backspace,1791377024834.8,100382,Backspace
P04,S03,14,up,Backspace,1791377024986.6,100382,Backspace
P04,S03,14,down,KeyD,1791377025050.1,100383,d
P04,S03,14,up,KeyD,1791377025217,100383,d
P04,S03,14,down,Space,1791377025247.6,100384, 
P04,S03,14,up,Space,1791377025355.2,100384, 
P04,S03,14,down,KeyL,1791377026293.9,100385,l
P04,S03,14,up,KeyL,1791377026390.2,100385,l
P04,S03,14,down,KeyO,1791377026451.3,100386,o
P04,S03,14,up,KeyO,1791377026543.8,100386,o
P04,S03,14,down,KeyV,1791377026737.8,100387,v
P04,S03,14,up,KeyV,1791377026840,100387,v
P04,S03,14,down,KeyE,1791377026897.2,100388,e
P04,S03,14,up,KeyE,1791377027028.4,100388,e
P04,S03,14,down,Space,1791377027031.5,100389, 
P04,S03,14,up,Space,1791377027141.3,100389, 
P04,S03,14,down,KeyT,1791377027279.2,100390,t
P04,S03,14,up,KeyT,1791377027381.9,100390,t
P04,S03,14,down,KeyO,1791377027404.4,100391,o
P04,S03,14,up,KeyO,1791377027511.8,100391,o
P04,S03,14,down,Space,1791377027651.1,100392, 
P04,S03,14,up,Space,1791377027759.8,100392, 
P04,S03,14,down,KeyR,1791377029058.8,100393,r
P04,S03,14,up,KeyR,1791377029167.2,100393,r
P04,S03,14,down,KeyE,1791377029239.4,100394,e
P04,S03,14,up,KeyE,1791377029354.1,100394,e
P04,S03,14,down,KeyA,1791377029480.3,100395,a
P04,S03,14,up,KeyA,1791377029643.4,100395,a
P04,S03,14,down,KeyD,1791377029742.5,100396,d
P04,S03,14,up,KeyD,1791377029845.6,100396,d
P04,S03,14,down,Space,1791377029897.3,100397, 
P04,S03,14,up,Space,1791377030012.9,100397, 
P04,S03,14,down,KeyA,1791377030026.1,100398,a
P04,S03,14,down,Space,1791377030134.9,100399, 
P04,S03,14,up,KeyA,1791377030167.1,100398,a
P04,S03,14,up,Space,1791377030233.4,100399, 
P04,S03,14,down,KeyB,1791377030321.2,100400,b
P04,S03,14,up,KeyB,1791377030413.2,100400,b
P04,S03,14,down,KeyO,1791377030591.8,100401,o
P04,S03,14,up,KeyO,1791377030710.4,100401,o
P04,S03,14,down,KeyO,1791377030765.8,100402,o
P04,S03,14,up,KeyO,1791377030869.7,100402,o
P04,S03,14,down,KeyK,1791377030966.6,100403,k
P04,S03,14,up,KeyK,1791377031052.2,100403,k
P04,S03,14,down,Space,1791377031141.6,100404, 
P04,S03,14,up,Space,1791377031255.6,100404, 
P04,S03,14,down,KeyT,1791377031461.6,100405,t
P04,S03,14,up,KeyT,1791377031574.2,100405,t
P04,S03,14,down,KeyO,1791377031598,100406,o
P04,S03,14,up,KeyO,1791377031712,100406,o
P04,S03,14,down,KeyO,1791377031737.3,100407,o
P04,S03,14,up,KeyO,1791377031837.8,100407,o
P04,S03,14,down,Enter,1791377031945.7,100408,Enter
P04,S03,14,up,Enter,1791377032063.3,100408,Enter
P04,S03,15,down,KeyM,1791377047183.7,100409,m
P04,S03,15,up,KeyM,1791377047313.5,100409,m
P04,S03,15,down,KeyA,1791377047449.5,100410,a
P04,S03,15,up,KeyA,1791377047691.7,100410,a
P04,S03,15,down,KeyY,1791377047928.3,100411,z
P04,S03,15,up,KeyY,1791377048026.5,100411,z
P04,S03,15,down,KeyB,1791377048147.3,100412,b
P04,S03,15,up,KeyB,1791377048260.7,100412,b
P04,S03,15,down,KeyE,1791377048265.3,100413,e
P04,S03,15,up,KeyE,1791377048401.2,100413,e
P04,S03,15,down,Space,1791377048450.4,100414, 
P04,S03,15,up,Space,1791377048547.9,100414, 
P04,S03,15,down,Backspace,1791377048841.6,100415,Backspace
P04,S03,15,up,Backspace,1791377048960,100415,Backspace
P04,S03,15,down,Backspace,1791377049017.5,100416,Backspace
P04,S03,15,up,Backspace,1791377049114.4,100416,Backspace
P04,S03,15,down,Backspace,1791377049173.6,100417,Backspace
P04,S03,15,up,Backspace,1791377049259.2,100417,Backspace
P04,S03,15,down,Backspace,1791377049324.2,100418,Backspace
P04,S03,15,up,Backspace,1791377049442.7,100418,Backspace
P04,S03,15,down,KeyZ,1791377049593.1,100419,y
P04,S03,15,up,KeyZ,1791377049790.8,100419,y
P04,S03,15,down,KeyB,1791377049818.6,100420,b
P04,S03,15,up,KeyB,1791377049926.2,100420,b
P04,S03,15,down,KeyE,1791377049995.9,100421,e
P04,S03,15,up,KeyE,1791377050113.3,100421,e
P04,S03,15,down,Space,1791377050157.9,100422, 
P04,S03,15,up,Space,1791377050270.9,100422, 
P04,S03,15,down,ShiftLeft,1791377050360.9,100423,Shift
P04,S03,15,down,AltLeft,1791377050500.5,100424,Alt
P04,S03,15,up,AltLeft,1791377050603.7,100424,Alt
P04,S03,15,up,ShiftLeft,1791377050635.8,100423,Shift
P04,S03,15,down,ShiftLeft,1791377051069.2,100425,Shift
P04,S03,15,down,AltLeft,1791377051224.2,100426,Alt
P04,S03,15,up,AltLeft,1791377051334.5,100426,Alt
P04,S03,15,up,ShiftLeft,1791377051358.2,100425,Shift
P04,S03,15,down,KeyJ,1791377052635.9,100427,j
P04,S03,15,up,KeyJ,1791377052745.4,100427,j
P04,S03,15,down,KeyU,1791377052785.4,100428,u
P04,S03,15,up,KeyU,1791377052914.3,100428,u
P04,S03,15,down,KeyS,1791377053023.1,100429,s
P04,S03,15,up,KeyS,1791377053200.7,100429,s
P04,S03,15,down,KeyT,1791377053420.8,100430,t
P04,S03,15,up,KeyT,1791377053565.3,100430,t
P04,S03,15,down,Space,1791377053994.2,100431, 
P04,S03,15,up,Space,1791377054107.4,100431, 
P04,S03,15,down,KeyR,1791377054281.8,100432,r
P04,S03,15,up,KeyR,1791377054384.3,100432,r
P04,S03,15,down,KeyE,1791377054486,100433,e
P04,S03,15,up,KeyE,1791377054588.4,100433,e
P04,S03,15,down,KeyA,1791377054909.8,100434,a
P04,S03,15,up,KeyA,1791377055077.5,100434,a
P04,S03,15,down,KeyD,1791377055153.1,100435,d
P04,S03,15,up,KeyD,1791377055272.4,100435,d
P04,S03,15,down,Space,1791377055305.9,100436, 
P04,S03,15,up,Space,1791377055415,100436, 
P04,S03,15,down,KeyT,1791377055470.1,100437,t
P04,S03,15,up,KeyT,1791377055572.6,100437,t
P04,S03,15,down,KeyH,1791377055590.2,100438,h
P04,S03,15,up,KeyH,1791377055692.8,100438,h
P04,S03,15,down,KeyA,1791377055837.2,100439,a
P04,S03,15,up,KeyA,1791377055976.3,100439,a
P04,S03,15,down,KeyT,1791377056099.9,100440,t
P04,S03,15,up,KeyT,1791377056196.4,100440,t
P04,S03,15,down,Space,1791377056401.8,100441, 
P04,S03,15,up,Space,1791377056546.1,100441, 
P04,S03,15,down,KeyA,1791377056752,100442,a
P04,S03,15,down,Space,1791377056892.5,100443, 
P04,S03,15,up,KeyA,1791377056929.3,100442,a
P04,S03,15,up,Space,1791377056995.3,100443, 
P04,S03,15,down,KeyB,1791377057052.4,100444,b
P04,S03,15,up,KeyB,1791377057148.3,100444,b
P04,S03,15,down,KeyO,1791377057283,100445,o
P04,S03,15,up,KeyO,1791377057396.9,100445,o
P04,S03,15,down,KeyO,1791377057443.8,100446,o
P04,S03,15,up,KeyO,1791377057551.6,100446,o
P04,S03,15,down,KeyK,1791377057619,100447,k
P04,S03,15,up,KeyK,1791377057732.4,100447,k
P04,S03,15,down,Enter,1791377057853.4,100448,Enter
P04,S03,15,up,Enter,1791377057965.7,100448,Enter
P04,S03,16,down,KeyI,1791377069873.4,100449,i
P04,S03,16,up,KeyI,1791377069965.7,100449,i
P04,S03,16,down,Space,1791377070346.9,100450, 
P04,S03,16,up,Space,1791377070440.6,100450, 
P04,S03,16,down,KeyD,1791377070497.6,100451,d
P04,S03,16,down,KeyO,1791377070642.3,100452,o
P04,S03,16,up,KeyD,1791377070675.9,100451,d
P04,S03,16,up,KeyO,1791377070740.5,100452,o
P04,S03,16,down,KeyN,1791377070876.6,100453,n
P04,S03,16,up,KeyN,1791377070968.6,100453,n
P04,S03,16,down,KeyT,1791377071023.2,100454,t
P04,S03,16,down,Space,1791377071141.4,100455, 
P04,S03,16,up,KeyT,1791377071148.4,100454,t
P04,S03,16,up,Space,1791377071250.5,100455, 
P04,S03,16,down,KeyK,1791377071783.8,100456,k
P04,S03,16,up,KeyK,1791377071864.6,100456,k
P04,S03,16,down,KeyN,1791377071948.3,100457,n
P04,S03,16,up,KeyN,1791377072040,100457,n
P04,S03,16,down,KeyO,1791377072117.1,100458,o
P04,S03,16,up,KeyO,1791377072214.3,100458,o
P04,S03,16,down,KeyW,1791377072357.9,100459,w
P04,S03,16,down,Space,1791377072406.1,100460, 
P04,S03,16,up,Space,1791377072508.7,100460, 
P04,S03,16,up,KeyW,1791377072525.6,100459,w
P04,S03,16,down,KeyI,1791377072636.9,100461,i
P04,S03,16,up,KeyI,1791377072717,100461,i
P04,S03,16,down,KeyT,1791377073028.3,100462,t
P04,S03,16,up,KeyT,1791377073168.9,100462,t
P04,S03,16,down,KeyS,1791377073213.5,100463,s
P04,S03,16,up,KeyS,1791377073370.2,100463,s
P04,S03,16,down,Space,1791377073396.1,100464, 
P04,S03,16,up,Space,1791377073520.7,100464, 
P04,S03,16,down,KeyT,1791377073630.4,100465,t
P04,S03,16,up,KeyT,1791377073722.8,100465,t
P04,S03,16,down,KeyO,1791377073772.5,100466,o
P04,S03,16,up,KeyO,1791377073852.1,100466,o
P04,S03,16,down,KeyO,1791377073906.1,100467,o
P04,S03,16,up,KeyO,1791377074014.2,100467,o
P04,S03,16,down,Space,1791377074127.7,100468, 
P04,S03,16,up,Space,1791377074235,100468, 
P04,S03,16,down,KeyH,1791377074302.2,100469,h
P04,S03,16,up,KeyH,1791377074395.2,100469,h
P04,S03,16,down,KeyA,1791377074429.2,100470,a
P04,S03,16,up,KeyA,1791377074586.6,100470,a
P04,S03,16,down,KeyR,1791377074629.3,100471,r
P04,S03,16,up,KeyR,1791377074747.9,100471,r
P04,S03,16,down,KeyD,1791377074862.5,100472,d
P04,S03,16,up,KeyD,1791377074991,100472,d
P04,S03,16,down,Space,1791377075017.7,100473, 
P04,S03,16,up,Space,1791377075136.4,100473, 
P04,S03,16,down,KeyL,1791377075495.4,100474,l
P04,S03,16,up,KeyL,1791377075640.8,100474,l
P04,S03,16,down,KeyE,1791377075650.9,100475,e
P04,S03,16,up,KeyE,1791377075769.2,100475,e
P04,S03,16,down,KeyT,1791377075883.9,100476,t
P04,S03,16,up,KeyT,1791377076004.5,100476,t
P04,S03,16,down,KeyS,1791377076118.7,100477,s
P04,S03,16,down,Space,1791377076246.7,100478, 
P04,S03,16,up,KeyS,1791377076259.9,100477,s
P04,S03,16,up,Space,1791377076355.7,100478, 
P04,S03,16,down,KeyA,1791377076559.9,100479,a
P04,S03,16,up,KeyA,1791377076690.7,100479,a
P04,S03,16,down,Backspace,1791377076985.5,100480,Backspace
P04,S03,16,up,Backspace,1791377077113.7,100480,Backspace
P04,S03,16,down,KeyT,1791377077195.9,100481,t
P04,S03,16,up,KeyT,1791377077297.8,100481,t
P04,S03,16,down,KeyA,1791377077459.4,100482,a
P04,S03,16,down,KeyL,1791377077603.3,100483,l
P04,S03,16,up,KeyA,1791377077646.4,100482,a
P04,S03,16,up,KeyL,1791377077688.4,100483,l
P04,S03,16,down,KeyK,1791377077762.2,100484,k
P04,S03,16,up,KeyK,1791377077832.3,100484,k
P04,S03,16,down,Space,1791377077904.6,100485, 
P04,S03,16,up,Space,1791377078023.9,100485, 
P04,S03,16,down,KeyA,1791377078103.5,100486,a
P04,S03,16,up,KeyA,1791377078248.9,100486,a
P04,S03,16,down,KeyB,1791377078481.2,100487,b
P04,S03,16,up,KeyB,1791377078578.8,100487,b
P04,S03,16,down,KeyO,1791377078713.8,100488,o
P04,S03,16,up,KeyO,1791377078811.7,100488,o
P04,S03,16,down,KeyU,1791377078897.4,100489,u
P04,S03,16,up,KeyU,1791377078993.7,100489,u
P04,S03,16,down,KeyT,1791377079046.2,100490,t
P04,S03,16,up,KeyT,1791377079159.9,100490,t
P04,S03,16,down,Space,1791377079170.4,100491, 
P04,S03,16,up,Space,1791377079272.9,100491, 
P04,S03,16,down,KeyA,1791377080120.9,100492,a
P04,S03,16,down,KeyN,1791377080238.1,100493,n
P04,S03,16,up,KeyA,1791377080266.8,100492,a
P04,S03,16,up,KeyN,1791377080341.6,100493,n
P04,S03,16,down,KeyY,1791377080440,100494,y
P04,S03,16,up,KeyY,1791377080537.5,100494,y
P04,S03,16,down,KeyT,1791377081609.9,100495,t
P04,S03,16,down,KeyH,1791377081723.1,100496,h
P04,S03,16,up,KeyT,1791377081744.6,100495,t
P04,S03,16,up,KeyH,1791377081814.5,100496,h
P04,S03,16,down,KeyI,1791377081906.9,100497,i
P04,S03,16,up,KeyI,1791377082009.5,100497,i
P04,S03,16,down,KeyN,1791377082131.2,100498,n
P04,S03,16,up,KeyN,1791377082246,100498,n
P04,S03,16,down,KeyG,1791377082544.4,100499,g
P04,S03,16,down,Enter,1791377082639.6,100500,Enter
P04,S03,16,up,KeyG,1791377082666.6,100499,g
P04,S03,16,up,Enter,1791377082737.1,100500,Enter
P04,S03,17,down,KeyM,1791377093654.3,100501,m
P04,S03,17,up,KeyM,1791377093730,100501,m
P04,S03,17,down,KeyM,1791377093796.6,100502,m
P04,S03,17,up,KeyM,1791377093878.3,100502,m
P04,S03,17,down,KeyM,1791377093939.2,100503,m
P04,S03,17,up,KeyM,1791377094030.1,100503,m
P04,S03,17,down,Space,1791377094347.5,100504, 
P04,S03,17,up,Space,1791377094397.2,100504, 
P04,S03,17,down,Space,1791377094462.4,100505, 
P04,S03,17,up,Space,1791377094521.7,100505, 
P04,S03,17,down,KeyI,1791377094887.1,100506,i
P04,S03,17,up,KeyI,1791377095000.5,100506,i
P04,S03,17,down,Space,1791377095191.4,100507, 
P04,S03,17,up,Space,1791377095300.2,100507, 
P04,S03,17,down,KeyW,1791377095539.2,100508,w
P04,S03,17,down,KeyO,1791377095683.4,100509,o
P04,S03,17,up,KeyW,1791377095698.8,100508,w
P04,S03,17,up,KeyO,1791377095791.1,100509,o
P04,S03,17,down,KeyU,1791377095903,100510,u
P04,S03,17,up,KeyU,1791377095989.9,100510,u
P04,S03,17,down,KeyL,1791377096124.2,100511,l
P04,S03,17,up,KeyL,1791377096225.8,100511,l
P04,S03,17,down,Space,1791377096447.1,100512, 
P04,S03,17,up,Space,1791377096539.2,100512, 
P04,S03,17,down,Backspace,1791377097108.7,100513,Backspace
P04,S03,17,up,Backspace,1791377097260.8,100513,Backspace
P04,S03,17,down,KeyD,1791377097352.1,100514,d
P04,S03,17,up,KeyD,1791377097496.7,100514,d
P04,S03,17,down,Space,1791377097535,100515, 
P04,S03,17,up,Space,1791377097642.7,100515, 
P04,S03,17,down,KeyL,1791377097861.6,100516,l
P04,S03,17,up,KeyL,1791377097975.2,100516,l
P04,S03,17,down,KeyI,1791377098043.9,100517,i
P04,S03,17,up,KeyI,1791377098151.7,100517,i
P04,S03,17,down,KeyK,1791377098245.5,100518,k
P04,S03,17,up,KeyK,1791377098354.8,100518,k
P04,S03,17,down,KeyE,1791377098394.9,100519,e
P04,S03,17,up,KeyE,1791377098539.1,100519,e
P04,S03,17,down,Space,1791377098609.9,100520, 
P04,S03,17,up,Space,1791377098707.8,100520, 
P04,S03,17,down,KeyT,1791377099095.8,100521,t
P04,S03,17,up,KeyT,1791377099213.2,100521,t
P04,S03,17,down,KeyO,1791377099264.9,100522,o
P04,S03,17,up,KeyO,1791377099367.4,100522,o
P04,S03,17,down,Space,1791377099512.6,100523, 
P04,S03,17,up,Space,1791377099615.7,100523, 
P04,S03,17,down,KeyS,1791377099685.4,100524,s
P04,S03,17,up,KeyS,1791377099829.9,100524,s
P04,S03,17,down,Backspace,1791377100777.1,100525,Backspace
P04,S03,17,up,Backspace,1791377100942.7,100525,Backspace
P04,S03,17,down,KeyS,1791377101551.1,100526,s
P04,S03,17,up,KeyS,1791377101686.6,100526,s
P04,S03,17,down,KeyE,1791377101811.6,100527,e
P04,S03,17,up,KeyE,1791377101920.5,100527,e
P04,S03,17,down,KeyE,1791377102007.2,100528,e
P04,S03,17,up,KeyE,1791377102105.6,100528,e
P04,S03,17,down,Space,1791377102183.3,100529, 
P04,S03,17,up,Space,1791377102291.5,100529, 
P04,S03,17,down,KeyT,1791377102369.2,100530,t
P04,S03,17,up,KeyT,1791377102497.9,100530,t
P04,S03,17,down,KeyH,1791377102513.2,100531,h
P04,S03,17,up,KeyH,1791377102616.9,100531,h
P04,S03,17,down,KeyE,1791377102826.2,100532,e
P04,S03,17,up,KeyE,1791377103035.8,100532,e
P04,S03,17,down,KeyF,1791377103196.8,100533,f
P04,S03,17,up,KeyF,1791377103288.9,100533,f
P04,S03,17,down,Space,1791377103329.4,100534, 
P04,S03,17,up,Space,1791377103405.3,100534, 
P04,S03,17,down,Backspace,1791377104154.8,100535,Backspace
P04,S03,17,up,Backspace,1791377104275.9,100535,Backspace
P04,S03,17,down,Backspace,1791377104344.5,100536,Backspace
P04,S03,17,up,Backspace,1791377104458,100536,Backspace
P04,S03,17,down,Space,1791377104640.4,100537, 
P04,S03,17,up,Space,1791377104754.6,100537, 
P04,S03,17,down,KeyF,1791377104794.7,100538,f
P04,S03,17,down,KeyU,1791377104918.8,100539,u
P04,S03,17,up,KeyF,1791377104946.1,100538,f
P04,S03,17,up,KeyU,1791377105026,100539,u
P04,S03,17,down,KeyT,1791377105257.6,100540,t
P04,S03,17,down,KeyU,1791377105359.3,100541,u
P04,S03,17,up,KeyT,1791377105386.9,100540,t
P04,S03,17,up,KeyU,1791377105473.1,100541,u
P04,S03,17,down,KeyR,1791377105523.4,100542,r
P04,S03,17,up,KeyR,1791377105668.7,100542,r
P04,S03,17,down,KeyE,1791377105756.8,100543,e
P04,S03,17,down,Space,1791377105847.1,100544, 
P04,S03,17,up,KeyE,1791377105902.9,100543,e
P04,S03,17,up,Space,1791377105955.5,100544, 
P04,S03,17,down,KeyI,1791377106085.4,100545,i
P04,S03,17,up,KeyI,1791377106188.4,100545,i
P04,S03,17,down,Space,1791377106289.2,100546, 
P04,S03,17,up,Space,1791377106408.4,100546, 
P04,S03,17,down,KeyG,1791377106878.3,100547,g
P04,S03,17,up,KeyG,1791377106965.5,100547,g
P04,S03,17,down,KeyU,1791377107196.3,100548,u
P04,S03,17,up,KeyU,1791377107325.5,100548,u
P04,S03,17,down,KeyE,1791377107378.6,100549,e
P04,S03,17,up,KeyE,1791377107509,100549,e
P04,S03,17,down,KeyS,1791377107617.1,100550,s
P04,S03,17,up,KeyS,1791377107788.9,100550,s
P04,S03,17,down,KeyS,1791377107851.8,100551,s
P04,S03,17,up,KeyS,1791377107990.9,100551,s
P04,S03,17,down,Space,1791377109368.2,100552, 
P04,S03,17,up,Space,1791377109458.6,100552, 
P04,S03,17,down,KeyB,1791377109535.8,100553,b
P04,S03,17,up,KeyB,1791377109626.8,100553,b
P04,S03,17,down,KeyU,1791377109694.2,100554,u
P04,S03,17,up,KeyU,1791377109796.6,100554,u
P04,S03,17,down,KeyT,1791377109858.6,100555,t
P04,S03,17,up,KeyT,1791377109988.5,100555,t
P04,S03,17,down,Space,1791377110058.8,100556, 
P04,S03,17,up,Space,1791377110152,100556, 
P04,S03,17,down,KeyI,1791377110341.9,100557,i
P04,S03,17,up,KeyI,1791377110427.4,100557,i
P04,S03,17,down,Backspace,1791377110768.7,100558,Backspace
P04,S03,17,up,Backspace,1791377110876.8,100558,Backspace
P04,S03,17,down,KeyS,1791377111038.8,100559,s
P04,S03,17,down,KeyO,1791377111150,100560,o
P04,S03,17,up,KeyS,1791377111188.7,100559,s
P04,S03,17,up,KeyO,1791377111259,100560,o
P04,S03,17,down,KeyM,1791377111355.6,100561,m
P04,S03,17,up,KeyM,1791377111479,100561,m
P04,S03,17,down,KeyE,1791377111546.5,100562,e
P04,S03,17,up,KeyE,1791377111683.7,100562,e
P04,S03,17,down,KeyT,1791377111809.9,100563,t
P04,S03,17,up,KeyT,1791377111912.7,100563,t
P04,S03,17,down,KeyH,1791377111962.2,100564,h
P04,S03,17,up,KeyH,1791377112064.8,100564,h
P04,S03,17,down,KeyI,1791377112163,100565,i
P04,S03,17,up,KeyI,1791377112272.1,100565,i
P04,S03,17,down,Backspace,1791377112553,100566,Backspace
P04,S03,17,up,Backspace,1791377112689.8,100566,Backspace
P04,S03,17,down,Backspace,1791377112738.8,100567,Backspace
P04,S03,17,up,Backspace,1791377112850.6,100567,Backspace
P04,S03,17,down,KeyI,1791377113118.9,100568,i
P04,S03,17,up,KeyI,1791377113237.5,100568,i
P04,S03,17,down,KeyM,1791377113346.1,100569,m
P04,S03,17,up,KeyM,1791377113470.8,100569,m
P04,S03,17,down,KeyE,1791377113533.5,100570,e
P04,S03,17,up,KeyE,1791377113678.7,100570,e
P04,S03,17,down,KeyS,1791377113853.1,100571,s
P04,S03,17,up,KeyS,1791377113970.8,100571,s
P04,S03,17,down,Space,1791377114014.5,100572, 
P04,S03,17,up,Space,1791377114102.6,100572, 
P04,S03,17,down,KeyI,1791377114207.4,100573,i
P04,S03,17,up,KeyI,1791377114303.5,100573,i
P04,S03,17,down,Space,1791377114402.8,100574, 
P04,S03,17,up,Space,1791377114520.7,100574, 
P04,S03,17,down,KeyF,1791377114679.4,100575,f
P04,S03,17,up,KeyF,1791377114781.2,100575,f
P04,S03,17,down,KeyE,1791377114835.3,100576,e
P04,S03,17,up,KeyE,1791377114954.1,100576,e
P04,S03,17,down,KeyE,1791377115055.1,100577,e
P04,S03,17,up,KeyE,1791377115173.8,100577,e
P04,S03,17,down,KeyL,1791377115280.4,100578,l
P04,S03,17,up,KeyL,1791377115378.6,100578,l
P04,S03,17,down,Space,1791377115508.9,100579, 
P04,S03,17,up,Space,1791377115612.6,100579, 
P04,S03,17,down,KeyL,1791377116039,100580,l
P04,S03,17,up,KeyL,1791377116141.4,100580,l
P04,S03,17,down,KeyI,1791377116198.9,100581,i
P04,S03,17,up,KeyI,1791377116291.7,100581,i
P04,S03,17,down,KeyK,1791377116367.1,100582,k
P04,S03,17,up,KeyK,1791377116468.9,100582,k
P04,S03,17,down,KeyE,1791377116579.1,100583,e
P04,S03,17,up,KeyE,1791377116692.3,100583,e
P04,S03,17,down,Space,1791377116715.1,100584, 
P04,S03,17,up,Space,1791377116802.9,100584, 
P04,S03,17,down,KeyI,1791377116912.4,100585,i
P04,S03,17,up,KeyI,1791377117009.6,100585,i
P04,S03,17,down,KeyT,1791377117207.8,100586,t
P04,S03,17,up,KeyT,1791377117306.6,100586,t
P04,S03,17,down,Space,1791377117450.6,100587, 
P04,S03,17,up,Space,1791377117552.6,100587, 
P04,S03,17,down,KeyC,1791377117804.7,100588,c
P04,S03,17,down,KeyO,1791377117948,100589,o
P04,S03,17,up,KeyC,1791377117965,100588,c
P04,S03,17,up,KeyO,1791377118050.9,100589,o
P04,S03,17,down,KeyU,1791377118118.4,100590,u
P04,S03,17,up,KeyU,1791377118221.5,100590,u
P04,S03,17,down,KeyL,1791377118333.4,100591,l
P04,S03,17,up,KeyL,1791377118463,100591,l
P04,S03,17,down,KeyD,1791377118680.6,100592,d
P04,S03,17,down,Space,1791377118852.6,100593, 
P04,S03,17,up,KeyD,1791377118853.2,100592,d
P04,S03,17,up,Space,1791377118960.3,100593, 
P04,S03,17,down,KeyB,1791377119569.3,100594,b
P04,S03,17,up,KeyB,1791377119661.7,100594,b
P04,S03,17,down,KeyE,1791377119695.7,100595,e
P04,S03,17,down,Space,1791377119802.4,100596, 
P04,S03,17,up,KeyE,1791377119846.1,100595,e
P04,S03,17,up,Space,1791377119905.6,100596, 
P04,S03,17,down,KeyD,1791377120236.3,100597,d
P04,S03,17,up,KeyD,1791377120344.5,100597,d
P04,S03,17,down,KeyN,1791377120688.7,100598,n
P04,S03,17,up,KeyN,1791377120808.2,100598,n
P04,S03,17,down,KeyG,1791377120923.2,100599,g
P04,S03,17,up,KeyG,1791377121031.1,100599,g
P04,S03,17,down,KeyE,1791377121096.9,100600,e
P04,S03,17,up,KeyE,1791377121269.2,100600,e
P04,S03,17,down,KeyR,1791377121344.1,100601,r
P04,S03,17,up,KeyR,1791377121485.5,100601,r
P04,S03,17,down,KeyO,1791377121601.8,100602,o
P04,S03,17,up,KeyO,1791377121714.3,100602,o
P04,S03,17,down,KeyU,1791377121804.1,100603,u
P04,S03,17,up,KeyU,1791377121909.7,100603,u
P04,S03,17,down,KeyS,1791377121936.9,100604,s
P04,S03,17,up,KeyS,1791377122071.9,100604,s
P04,S03,17,down,Enter,1791377122096.9,100605,Enter
P04,S03,17,up,Enter,1791377122258.6,100605,Enter
P04,S03,18,down,KeyL,1791377132773.3,100606,l
P04,S03,18,up,KeyL,1791377132879.8,100606,l
P04,S03,18,down,KeyI,1791377132946.8,100607,i
P04,S03,18,up,KeyI,1791377133028.7,100607,i
P04,S03,18,down,KeyK,1791377133106.3,100608,k
P04,S03,18,up,KeyK,1791377133205.7,100608,k
P04,S03,18,down,KeyE,1791377133248.5,100609,e
P04,S03,18,up,KeyE,1791377133384.6,100609,e
P04,S03,18,down,Space,1791377133413.9,100610, 
P04,S03,18,up,Space,1791377133530.7,100610, 
P04,S03,18,down,KeyY,1791377134312.6,100611,y
P04,S03,18,down,KeyP,1791377134441.2,100612,p
P04,S03,18,up,KeyY,1791377134453.6,100611,y
P04,S03,18,up,KeyP,1791377134550.1,100612,p
P04,S03,18,down,Backspace,1791377135203.2,100613,Backspace
P04,S03,18,up,Backspace,1791377135337.7,100613,Backspace
P04,S03,18,down,KeyO,1791377135548.3,100614,o
P04,S03,18,up,KeyO,1791377135646.2,100614,o
P04,S03,18,down,KeyU,1791377135754.1,100615,u
P04,S03,18,up,KeyU,1791377135813.1,100615,u
P04,S03,18,down,Space,1791377135942.7,100616, 
P04,S03,18,up,Space,1791377136049.3,100616, 
P04,S03,18,down,KeyC,1791377136212.7,100617,c
P04,S03,18,up,KeyC,1791377136312.7,100617,c
P04,S03,18,down,KeyA,1791377136353.9,100618,a
P04,S03,18,up,KeyA,1791377136495.2,100618,a
P04,S03,18,down,KeyN,1791377136504,100619,n
P04,S03,18,up,KeyN,1791377136616.9,100619,n
P04,S03,18,down,KeyT,1791377136709.8,100620,t
P04,S03,18,down,Space,1791377136841.9,100621, 
P04,S03,18,up,KeyT,1791377136843.5,100620,t
P04,S03,18,up,Space,1791377136929.5,100621, 
P04,S03,18,down,KeyL,1791377137051.9,100622,l
P04,S03,18,up,KeyL,1791377137150,100622,l
P04,S03,18,down,KeyI,1791377137238,100623,i
P04,S03,18,up,KeyI,1791377137357.8,100623,i
P04,S03,18,down,KeyV,1791377138003.9,100624,v
P04,S03,18,up,KeyV,1791377138084.8,100624,v
P04,S03,18,down,KeyE,1791377138209,100625,e
P04,S03,18,up,KeyE,1791377138328.3,100625,e
P04,S03,18,down,Space,1791377138357.5,100626, 
P04,S03,18,up,Space,1791377138450.6,100626, 
P04,S03,18,down,KeyN,1791377139114.8,100627,n
P04,S03,18,up,KeyN,1791377139229.3,100627,n
P04,S03,18,down,KeyO,1791377139341.4,100628,o
P04,S03,18,up,KeyO,1791377139433.1,100628,o
P04,S03,18,down,KeyR,1791377139556.1,100629,r
P04,S03,18,up,KeyR,1791377139673.3,100629,r
P04,S03,18,down,KeyM,1791377139719,100630,m
P04,S03,18,up,KeyM,1791377139816.9,100630,m
P04,S03,18,down,KeyA,1791377139885.6,100631,a
P04,S03,18,up,KeyA,1791377140025.3,100631,a
P04,S03,18,down,KeyL,1791377140175.2,100632,l
P04,S03,18,up,KeyL,1791377140273.9,100632,l
P04,S03,18,down,Space,1791377140396.4,100633, 
P04,S03,18,up,Space,1791377140489.4,100633, 
P04,S03,18,down,KeyL,1791377140647.8,100634,l
P04,S03,18,up,KeyL,1791377140752.3,100634,l
P04,S03,18,down,KeyI,1791377140819.4,100635,i
P04,S03,18,up,KeyI,1791377140910.1,100635,i
P04,S03,18,down,KeyF,1791377141365.4,100636,f
P04,S03,18,up,KeyF,1791377141467.9,100636,f
P04,S03,18,down,KeyE,1791377141507.2,100637,e
P04,S03,18,up,KeyE,1791377141647.6,100637,e
P04,S03,18,down,Space,1791377141653.9,100638, 
P04,S03,18,up,Space,1791377141761.1,100638, 
P04,S03,18,down,KeyC,1791377142135.4,100639,c
P04,S03,18,up,KeyC,1791377142313.4,100639,c
P04,S03,18,down,KeyA,1791377142625,100640,a
P04,S03,18,down,KeyU,1791377142764.2,100641,u
P04,S03,18,up,KeyA,1791377142774.8,100640,a
P04,S03,18,up,KeyU,1791377142872.5,100641,u
P04,S03,18,down,KeyS,1791377142891.1,100642,s
P04,S03,18,down,KeyE,1791377143068.7,100643,e
P04,S03,18,up,KeyS,1791377143071.6,100642,s
P04,S03,18,down,Space,1791377143234.6,100644, 
P04,S03,18,up,KeyE,1791377143282.9,100643,e
P04,S03,18,up,Space,1791377143359.6,100644, 
P04,S03,18,down,KeyU,1791377143681.3,100645,u
P04,S03,18,up,KeyU,1791377143785.1,100645,u
P04,S03,18,down,Backspace,1791377144347.9,100646,Backspace
P04,S03,18,up,Backspace,1791377144489.2,100646,Backspace
P04,S03,18,down,KeyY,1791377144550.8,100647,y
P04,S03,18,up,KeyY,1791377144679,100647,y
P04,S03,18,down,KeyO,1791377144689.3,100648,o
P04,S03,18,up,KeyO,1791377144796.4,100648,o
P04,S03,18,down,KeyU,1791377144904.3,100649,u
P04,S03,18,up,KeyU,1791377145011.9,100649,u
P04,S03,18,down,Space,1791377145112.7,100650, 
P04,S03,18,up,Space,1791377145230.9,100650, 
P04,S03,18,down,KeyR,1791377145320.4,100651,r
P04,S03,18,up,KeyR,1791377145453.9,100651,r
P04,S03,18,down,KeyE,1791377145518.8,100652,e
P04,S03,18,up,KeyE,1791377145650.3,100652,e
P04,S03,18,down,Space,1791377145698.2,100653, 
P04,S03,18,up,Space,1791377145802.3,100653, 
P04,S03,18,down,KeyA,1791377146007.1,100654,a
P04,S03,18,up,KeyA,1791377146142,100654,a
P04,S03,18,down,KeyW,1791377146326.1,100655,w
P04,S03,18,up,KeyW,1791377146493.9,100655,w
P04,S03,18,down,KeyA,1791377146543.2,100656,a
P04,S03,18,up,KeyA,1791377146684.4,100656,a
P04,S03,18,down,KeyR,1791377146797.1,100657,r
P04,S03,18,up,KeyR,1791377146900.2,100657,r
P04,S03,18,down,KeyE,1791377146977.4,100658,e
P04,S03,18,down,Space,1791377147111.6,100659, 
P04,S03,18,up,KeyE,1791377147113.4,100658,e
P04,S03,18,up,Space,1791377147213,100659, 
P04,S03,18,down,KeyO,1791377147357.7,100660,o
P04,S03,18,up,KeyO,1791377147466,100660,o
P04,S03,18,down,KeyF,1791377147556.5,100661,f
P04,S03,18,down,Space,1791377147713,100662, 
P04,S03,18,up,KeyF,1791377147719.9,100661,f
P04,S03,18,up,Space,1791377147808.7,100662, 
P04,S03,18,down,KeyY,1791377148474.5,100663,y
P04,S03,18,down,KeyO,1791377148576.4,100664,o
P04,S03,18,up,KeyY,1791377148647.6,100663,y
P04,S03,18,up,KeyO,1791377148695.6,100664,o
P04,S03,18,down,KeyU,1791377148787.6,100665,u
P04,S03,18,up,KeyU,1791377148902,100665,u
P04,S03,18,down,KeyR,1791377149211.8,100666,r
P04,S03,18,down,Space,1791377149351.7,100667, 
P04,S03,18,up,KeyR,1791377149353.2,100666,r
P04,S03,18,up,Space,1791377149459.8,100667, 
P04,S03,18,down,KeyF,1791377149637.2,100668,f
P04,S03,18,up,KeyF,1791377149751.2,100668,f
P04,S03,18,down,KeyU,1791377149797.7,100669,u
P04,S03,18,up,KeyU,1791377149941.7,100669,u
P04,S03,18,down,KeyT,1791377150105.5,100670,t
P04,S03,18,down,KeyU,1791377150192.1,100671,u
P04,S03,18,up,KeyT,1791377150240.5,100670,t
P04,S03,18,up,KeyU,1791377150304.2,100671,u
P04,S03,18,down,KeyR,1791377150497.5,100672,r
P04,S03,18,up,KeyR,1791377150632.5,100672,r
P04,S03,18,down,KeyE,1791377150719.8,100673,e
P04,S03,18,up,KeyE,1791377150861.8,100673,e
P04,S03,18,down,Enter,1791377151363.5,100674,Enter
P04,S03,18,up,Enter,1791377151482.6,100674,Enter
P04,S03,19,down,KeyM,1791377164398.3,100675,m
P04,S03,19,up,KeyM,1791377164496,100675,m
P04,S03,19,down,KeyM,1791377164562.2,100676,m
P04,S03,19,up,KeyM,1791377164642.5,100676,m
P04,S03,19,down,Space,1791377164792.9,100677, 
P04,S03,19,up,Space,1791377164874.5,100677, 
P04,S03,19,down,KeyI,1791377165229.9,100678,i
P04,S03,19,up,KeyI,1791377165306.7,100678,i
P04,S03,19,down,Backspace,1791377166204.6,100679,Backspace
P04,S03,19,up,Backspace,1791377166329.6,100679,Backspace
P04,S03,19,down,KeyP,1791377166747,100680,p
P04,S03,19,up,KeyP,1791377166835,100680,p
P04,S03,19,down,KeyR,1791377167294.6,100681,r
P04,S03,19,up,KeyR,1791377167412.3,100681,r
P04,S03,19,down,KeyO,1791377167421.6,100682,o
P04,S03,19,up,KeyO,1791377167529.8,100682,o
P04,S03,19,down,KeyB,1791377167650.5,100683,b
P04,S03,19,up,KeyB,1791377167765.3,100683,b
P04,S03,19,down,KeyA,1791377167810.7,100684,a
P04,S03,19,down,KeyB,1791377167897,100685,b
P04,S03,19,up,KeyA,1791377167969.2,100684,a
P04,S03,19,up,KeyB,1791377167972.2,100685,b
P04,S03,19,down,KeyL,1791377168107.6,100686,l
P04,S03,19,up,KeyL,1791377168240.8,100686,l
P04,S03,19,down,KeyY,1791377168476.3,100687,y
P04,S03,19,up,KeyY,1791377168576.8,100687,y
P04,S03,19,down,Space,1791377169059.3,100688, 
P04,S03,19,up,Space,1791377169174,100688, 
P04,S03,19,down,KeyY,1791377169600.9,100689,y
P04,S03,19,up,KeyY,1791377169707.2,100689,y
P04,S03,19,down,KeyE,1791377169729.1,100690,e
P04,S03,19,up,KeyE,1791377169880,100690,e
P04,S03,19,down,KeyS,1791377169941.1,100691,s
P04,S03,19,up,KeyS,1791377170100.5,100691,s
P04,S03,19,down,Slash,1791377170441.1,100692,/
P04,S03,19,up,Slash,1791377170577.1,100692,/
P04,S03,19,down,Space,1791377170740.6,100693, 
P04,S03,19,up,Space,1791377170859.5,100693, 
P04,S03,19,down,Backspace,1791377171181,100694,Backspace
P04,S03,19,up,Backspace,1791377171295.4,100694,Backspace
P04,S03,19,down,Backspace,1791377171362.6,100695,Backspace
P04,S03,19,up,Backspace,1791377171433.9,100695,Backspace
P04,S03,19,down,Period,1791377171607.7,100696,.
P04,S03,19,up,Period,1791377171711.9,100696,.
P04,S03,19,down,Space,1791377171812.1,100697, 
P04,S03,19,up,Space,1791377171925.8,100697, 
P04,S03,19,down,KeyW,1791377171964.7,100698,w
P04,S03,19,down,KeyH,1791377172078.5,100699,h
P04,S03,19,up,KeyW,1791377172090.8,100698,w
P04,S03,19,up,KeyH,1791377172187.3,100699,h
P04,S03,19,down,KeyE,1791377172221.2,100700,e
P04,S03,19,up,KeyE,1791377172361.9,100700,e
P04,S03,19,down,KeyN,1791377172387.6,100701,n
P04,S03,19,up,KeyN,1791377172500.2,100701,n
P04,S03,19,down,Space,1791377172575.6,100702, 
P04,S03,19,up,Space,1791377172667.9,100702, 
P04,S03,19,down,KeyI,1791377172774.6,100703,i
P04,S03,19,up,KeyI,1791377172873.5,100703,i
P04,S03,19,down,Space,1791377172973.1,100704, 
P04,S03,19,up,Space,1791377173080.8,100704, 
P04,S03,19,down,KeyW,1791377173096.7,100705,w
P04,S03,19,up,KeyW,1791377173242.6,100705,w
P04,S03,19,down,KeyA,1791377173306.1,100706,a
P04,S03,19,up,KeyA,1791377173441.7,100706,a
P04,S03,19,down,Space,1791377173697.5,100707, 
P04,S03,19,up,Space,1791377173791.2,100707, 
P04,S03,19,down,Backspace,1791377174051.4,100708,Backspace
P04,S03,19,up,Backspace,1791377174192.4,100708,Backspace
P04,S03,19,down,Backspace,1791377174289.4,100709,Backspace
P04,S03,19,up,Backspace,1791377174375.2,100709,Backspace
P04,S03,19,down,KeyS,1791377174444.5,100710,s
P04,S03,19,up,KeyS,1791377174540.6,100710,s
P04,S03,19,down,Backspace,1791377175045.3,100711,Backspace
P04,S03,19,up,Backspace,1791377175180.3,100711,Backspace
P04,S03,19,down,KeyA,1791377175184,100712,a
P04,S03,19,down,KeyS,1791377175346.2,100713,s
P04,S03,19,up,KeyA,1791377175427.3,100712,a
P04,S03,19,up,KeyS,1791377175522.9,100713,s
P04,S03,19,down,Space,1791377175868.9,100714, 
P04,S03,19,up,Space,1791377176095.2,100714, 
P04,S03,19,down,Numpad1,1791377176384.1,100715,1
P04,S03,19,up,Numpad1,1791377176487.2,100715,1
P04,S03,19,down,Numpad8,1791377176557.1,100716,8
P04,S03,19,up,Numpad8,1791377176661.8,100716,8
P04,S03,19,down,Space,1791377176971.3,100717, 
P04,S03,19,up,Space,1791377177096.2,100717, 
P04,S03,19,down,KeyI,1791377177489.2,100718,i
P04,S03,19,up,KeyI,1791377177587.9,100718,i
P04,S03,19,down,Space,1791377177742.9,100719, 
P04,S03,19,up,Space,1791377177835.5,100719, 
P04,S03,19,down,KeyC,1791377178184.5,100720,c
P04,S03,19,down,KeyH,1791377178297.8,100721,h
P04,S03,19,up,KeyC,1791377178314.4,100720,c
P04,S03,19,up,KeyH,1791377178384.3,100721,h
P04,S03,19,down,KeyO,1791377178562.4,100722,o
P04,S03,19,up,KeyO,1791377178658.4,100722,o
P04,S03,19,down,KeyS,1791377178718.4,100723,s
P04,S03,19,up,KeyS,1791377178859.1,100723,s
P04,S03,19,down,KeyE,1791377178931,100724,e
P04,S03,19,up,KeyE,1791377179081.9,100724,e
P04,S03,19,down,Space,1791377179171,100725, 
P04,S03,19,up,Space,1791377179270.4,100725, 
P04,S03,19,down,KeyU,1791377180284.5,100726,u
P04,S03,19,up,KeyU,1791377180372,100726,u
P04,S03,19,down,KeyN,1791377180485.4,100727,n
P04,S03,19,up,KeyN,1791377180583.4,100727,n
P04,S03,19,down,KeyI,1791377180642.6,100728,i
P04,S03,19,up,KeyI,1791377180735.3,100728,i
P04,S03,19,down,KeyV,1791377180876.5,100729,v
P04,S03,19,up,KeyV,1791377180973,100729,v
P04,S03,19,down,KeyE,1791377181019,100730,e
P04,S03,19,up,KeyE,1791377181158.5,100730,e
P04,S03,19,down,KeyR,1791377181227.3,100731,r
P04,S03,19,up,KeyR,1791377181338.4,100731,r
P04,S03,19,down,KeyS,1791377181497.2,100732,s
P04,S03,19,down,KeyI,1791377181626.3,100733,i
P04,S03,19,up,KeyS,1791377181660.2,100732,s
P04,S03,19,up,KeyI,1791377181745.2,100733,i
P04,S03,19,down,KeyT,1791377181884.7,100734,t
P04,S03,19,up,KeyT,1791377182014.2,100734,t
P04,S03,19,down,KeyY,1791377182477.4,100735,y
P04,S03,19,up,KeyY,1791377182613,100735,y
P04,S03,19,down,Space,1791377183150.3,100736, 
P04,S03,19,up,Space,1791377183242.9,100736, 
P04,S03,19,down,KeyI,1791377183450.7,100737,i
P04,S03,19,up,KeyI,1791377183535.9,100737,i
P04,S03,19,down,KeyN,1791377184146.6,100738,n
P04,S03,19,up,KeyN,1791377184227.1,100738,n
P04,S03,19,down,Space,1791377184293.7,100739, 
P04,S03,19,up,Space,1791377184396.2,100739, 
P04,S03,19,down,KeyK,1791377184728.3,100740,k
P04,S03,19,up,KeyK,1791377184814.7,100740,k
P04,S03,19,down,KeyO,1791377184860,100741,o
P04,S03,19,up,KeyO,1791377184969.2,100741,o
P04,S03,19,down,KeyS,1791377185031.6,100742,s
P04,S03,19,down,KeyI,1791377185155,100743,i
P04,S03,19,up,KeyS,1791377185204.5,100742,s
P04,S03,19,up,KeyI,1791377185252.6,100743,i
P04,S03,19,down,KeyC,1791377185473.8,100744,c
P04,S03,19,up,KeyC,1791377185593,100744,c
P04,S03,19,down,KeyE,1791377185621.3,100745,e
P04,S03,19,up,KeyE,1791377185751.1,100745,e
P04,S03,19,down,Space,1791377185811.4,100746, 
P04,S03,19,up,Space,1791377185916.5,100746, 
P04,S03,19,down,KeyF,1791377186532.9,100747,f
P04,S03,19,up,KeyF,1791377186653.9,100747,f
P04,S03,19,down,KeyO,1791377186700.3,100748,o
P04,S03,19,up,KeyO,1791377186792.5,100748,o
P04,S03,19,down,KeyR,1791377186795.9,100749,r
P04,S03,19,up,KeyR,1791377186925.9,100749,r
P04,S03,19,down,Space,1791377186992.4,100750, 
P04,S03,19,up,Space,1791377187095.2,100750, 
P04,S03,19,down,KeyB,1791377187311.8,100751,b
P04,S03,19,up,KeyB,1791377187419.4,100751,b
P04,S03,19,down,KeyC,1791377187591.3,100752,c
P04,S03,19,up,KeyC,1791377187678.9,100752,c
P04,S03,19,down,Space,1791377187952.1,100753, 
P04,S03,19,up,Space,1791377188058.3,100753, 
P04,S03,19,down,KeyD,1791377188395.2,100754,d
P04,S03,19,up,KeyD,1791377188512.2,100754,d
P04,S03,19,down,KeyE,1791377188604.3,100755,e
P04,S03,19,up,KeyE,1791377188740,100755,e
P04,S03,19,down,KeyG,1791377188869.8,100756,g
P04,S03,19,up,KeyG,1791377188957.7,100756,g
P04,S03,19,down,KeyR,1791377188986.4,100757,r
P04,S03,19,up,KeyR,1791377189088.9,100757,r
P04,S03,19,down,KeyE,1791377189179.3,100758,e
P04,S03,19,up,KeyE,1791377189303.2,100758,e
P04,S03,19,down,KeyE,1791377189360.5,100759,e
P04,S03,19,up,KeyE,1791377189452.5,100759,e
P04,S03,19,down,Slash,1791377189620.8,100760,/
P04,S03,19,up,Slash,1791377189745.5,100760,/
P04,S03,19,down,Backspace,1791377189962,100761,Backspace
P04,S03,19,up,Backspace,1791377190080.2,100761,Backspace
P04,S03,19,down,Period,1791377190261.6,100762,.
P04,S03,19,up,Period,1791377190331.6,100762,.
P04,S03,19,down,Space,1791377190589.7,100763, 
P04,S03,19,up,Space,1791377190677.1,100763, 
P04,S03,19,down,KeyI,1791377190770.3,100764,i
P04,S03,19,up,KeyI,1791377190867.2,100764,i
P04,S03,19,down,KeyR,1791377190953.6,100765,r
P04,S03,19,up,KeyR,1791377191034.9,100765,r
P04,S03,19,down,Backspace,1791377191380.3,100766,Backspace
P04,S03,19,up,Backspace,1791377191510,100766,Backspace
P04,S03,19,down,KeyT,1791377191528.9,100767,t
P04,S03,19,up,KeyT,1791377191631.4,100767,t
P04,S03,19,down,Space,1791377191712.8,100768, 
P04,S03,19,up,Space,1791377191826.7,100768, 
P04,S03,19,down,KeyW,1791377191939,100769,w
P04,S03,19,up,KeyW,1791377192067.2,100769,w
P04,S03,19,down,KeyA,1791377192209.3,100770,a
P04,S03,19,up,KeyA,1791377192329.4,100770,a
P04,S03,19,down,KeyS,1791377192402.6,100771,s
P04,S03,19,up,KeyS,1791377192538,100771,s
P04,S03,19,down,Space,1791377192546.8,100772, 
P04,S03,19,up,Space,1791377192652.1,100772, 
P04,S03,19,down,KeyM,1791377192758.1,100773,m
P04,S03,19,up,KeyM,1791377192860.5,100773,m
P04,S03,19,down,KeyY,1791377193089.5,100774,y
P04,S03,19,up,KeyY,1791377193187,100774,y
P04,S03,19,down,Space,1791377194072.3,100775, 
P04,S03,19,up,Space,1791377194163.9,100775, 
P04,S03,19,down,KeyM,1791377194511.7,100776,m
P04,S03,19,up,KeyM,1791377194599.3,100776,m
P04,S03,19,down,KeyI,1791377194669.4,100777,i
P04,S03,19,up,KeyI,1791377194783.1,100777,i
P04,S03,19,down,KeyS,1791377194899.5,100778,s
P04,S03,19,up,KeyS,1791377195061.5,100778,s
P04,S03,19,down,KeyT,1791377195121.5,100779,t
P04,S03,19,up,KeyT,1791377195242.7,100779,t
P04,S03,19,down,KeyA,1791377195296.9,100780,a
P04,S03,19,up,KeyA,1791377195438.8,100780,a
P04,S03,19,down,KeyK,1791377195495.5,100781,k
P04,S03,19,up,KeyK,1791377195619.1,100781,k
P04,S03,19,down,KeyE,1791377195664.6,100782,e
P04,S03,19,up,KeyE,1791377195821,100782,e
P04,S03,19,down,Space,1791377196288.2,100783, 
P04,S03,19,up,Space,1791377196385.8,100783, 
P04,S03,19,down,KeyC,1791377196863.6,100784,c
P04,S03,19,up,KeyC,1791377196978.4,100784,c
P04,S03,19,down,KeyA,1791377197118.8,100785,a
P04,S03,19,down,KeyU,1791377197296.4,100786,u
P04,S03,19,up,KeyA,1791377197318.7,100785,a
P04,S03,19,up,KeyU,1791377197404.5,100786,u
P04,S03,19,down,KeyS,1791377197480.7,100787,s
P04,S03,19,up,KeyS,1791377197626.9,100787,s
P04,S03,19,down,KeyE,1791377197839.4,100788,e
P04,S03,19,up,KeyE,1791377197958.6,100788,e
P04,S03,19,down,Space,1791377198033.4,100789, 
P04,S03,19,up,Space,1791377198115.4,100789, 
P04,S03,19,down,KeyI,1791377198227.5,100790,i
P04,S03,19,up,KeyI,1791377198313.3,100790,i
P04,S03,19,down,Space,1791377198429.5,100791, 
P04,S03,19,up,Space,1791377198522.4,100791, 
P04,S03,19,down,KeyH,1791377198632,100792,h
P04,S03,19,up,KeyH,1791377198722.3,100792,h
P04,S03,19,down,KeyA,1791377198780.9,100793,a
P04,S03,19,up,KeyA,1791377198931.6,100793,a
P04,S03,19,down,KeyT,1791377199224.1,100794,t
P04,S03,19,up,KeyT,1791377199341.8,100794,t
P04,S03,19,down,KeyE,1791377199357,100795,e
P04,S03,19,up,KeyE,1791377199455.9,100795,e
P04,S03,19,down,KeyD,1791377199590.7,100796,d
P04,S03,19,up,KeyD,1791377199714.1,100796,d
P04,S03,19,down,Space,1791377199761.9,100797, 
P04,S03,19,up,Space,1791377199870.4,100797, 
P04,S03,19,down,KeyK,1791377200246.2,100798,k
P04,S03,19,up,KeyK,1791377200338.1,100798,k
P04,S03,19,down,KeyO,1791377200394.4,100799,o
P04,S03,19,up,KeyO,1791377200501,100799,o
P04,S03,19,down,KeyS,1791377200579.3,100800,s
P04,S03,19,down,KeyI,1791377200693,100801,i
P04,S03,19,up,KeyS,1791377200757.4,100800,s
P04,S03,19,up,KeyI,1791377200779,100801,i
P04,S03,19,down,KeyC,1791377200916.8,100802,c
P04,S03,19,up,KeyC,1791377201004.6,100802,c
P04,S03,19,down,KeyE,1791377201054.9,100803,e
P04,S03,19,down,Space,1791377201146.1,100804, 
P04,S03,19,up,KeyE,1791377201157.4,100803,e
P04,S03,19,up,Space,1791377201228.4,100804, 
P04,S03,19,down,KeyS,1791377201336.1,100805,s
P04,S03,19,down,KeyO,1791377201443.1,100806,o
P04,S03,19,up,KeyS,1791377201471.1,100805,s
P04,S03,19,up,KeyO,1791377201540.2,100806,o
P04,S03,19,down,Space,1791377201657.1,100807, 
P04,S03,19,up,Space,1791377201743.7,100807, 
P04,S03,19,down,KeyM,1791377201833.3,100808,m
P04,S03,19,up,KeyM,1791377201919.4,100808,m
P04,S03,19,down,KeyU,1791377201979.1,100809,u
P04,S03,19,up,KeyU,1791377202076.3,100809,u
P04,S03,19,down,KeyC,1791377202149.6,100810,c
P04,S03,19,down,KeyH,1791377202302.8,100811,h
P04,S03,19,up,KeyC,1791377202303.5,100810,c
P04,S03,19,up,KeyH,1791377202381.5,100811,h
P04,S03,19,down,Period,1791377202967.2,100812,.
P04,S03,19,up,Period,1791377203102.4,100812,.
P04,S03,19,down,Space,1791377203339.8,100813, 
P04,S03,19,up,Space,1791377203437.4,100813, 
P04,S03,19,down,KeyI,1791377203772.8,100814,i
P04,S03,19,up,KeyI,1791377203876.3,100814,i
P04,S03,19,down,KeyM,1791377204218.7,100815,m
P04,S03,19,up,KeyM,1791377204310.5,100815,m
P04,S03,19,down,Space,1791377204502.7,100816, 
P04,S03,19,up,Space,1791377204595.6,100816, 
P04,S03,19,down,KeyF,1791377204764.5,100817,f
P04,S03,19,up,KeyF,1791377204874.2,100817,f
P04,S03,19,down,KeyR,1791377205506.5,100818,r
P04,S03,19,down,KeyO,1791377205593.9,100819,o
P04,S03,19,up,KeyR,1791377205640.8,100818,r
P04,S03,19,up,KeyO,1791377205690,100819,o
P04,S03,19,down,KeyM,1791377205773.1,100820,m
P04,S03,19,up,KeyM,1791377205864.6,100820,m
P04,S03,19,down,Space,1791377205913.3,100821, 
P04,S03,19,up,Space,1791377206005.9,100821, 
P04,S03,19,down,KeyM,1791377206070,100822,m
P04,S03,19,up,KeyM,1791377206152.4,100822,m
P04,S03,19,down,KeyO,1791377206212.9,100823,o
P04,S03,19,up,KeyO,1791377206320.7,100823,o
P04,S03,19,down,KeyS,1791377206359.6,100824,s
P04,S03,19,up,KeyS,1791377206472.6,100824,s
P04,S03,19,down,KeyC,1791377206582.9,100825,c
P04,S03,19,down,KeyO,1791377206712.2,100826,o
P04,S03,19,up,KeyC,1791377206718.5,100825,c
P04,S03,19,up,KeyO,1791377206820.2,100826,o
P04,S03,19,down,KeyW,1791377206922.1,100827,w
P04,S03,19,up,KeyW,1791377207041.4,100827,w
P04,S03,19,down,Space,1791377207045.6,100828, 
P04,S03,19,up,Space,1791377207147.9,100828, 
P04,S03,19,down,KeyA,1791377207489.5,100829,a
P04,S03,19,up,KeyA,1791377207667.1,100829,a
P04,S03,19,down,KeyN,1791377207681.4,100830,n
P04,S03,19,up,KeyN,1791377207779.5,100830,n
P04,S03,19,down,KeyD,1791377208279.1,100831,d
P04,S03,19,up,KeyD,1791377208443.3,100831,d
P04,S03,19,down,Space,1791377208445.2,100832, 
P04,S03,19,up,Space,1791377208532.5,100832, 
P04,S03,19,down,KeyI,1791377208792.5,100833,i
P04,S03,19,up,KeyI,1791377208869.4,100833,i
P04,S03,19,down,Space,1791377208973.9,100834, 
P04,S03,19,up,Space,1791377209070.7,100834, 
P04,S03,19,down,KeyL,1791377209197.8,100835,l
P04,S03,19,up,KeyL,1791377209273.7,100835,l
P04,S03,19,down,KeyO,1791377209313.5,100836,o
P04,S03,19,up,KeyO,1791377209418.4,100836,o
P04,S03,19,down,KeyV,1791377209587.2,100837,v
P04,S03,19,up,KeyV,1791377209696.5,100837,v
P04,S03,19,down,KeyE,1791377209757.3,100838,e
P04,S03,19,down,Space,1791377209852.5,100839, 
P04,S03,19,up,KeyE,1791377209866.4,100838,e
P04,S03,19,up,Space,1791377209940.9,100839, 
P04,S03,19,down,KeyB,1791377210692.7,100840,b
P04,S03,19,up,KeyB,1791377210779.7,100840,b
P04,S03,19,down,KeyU,1791377210888.1,100841,u
P04,S03,19,up,KeyU,1791377210981.4,100841,u
P04,S03,19,down,Backspace,1791377211280.3,100842,Backspace
P04,S03,19,up,Backspace,1791377211409.6,100842,Backspace
P04,S03,19,down,KeyI,1791377211562.6,100843,i
P04,S03,19,up,KeyI,1791377211659.6,100843,i
P04,S03,19,down,KeyG,1791377211999.4,100844,g
P04,S03,19,up,KeyG,1791377212096.6,100844,g
P04,S03,19,down,Space,1791377212191.9,100845, 
P04,S03,19,up,Space,1791377212300.7,100845, 
P04,S03,19,down,KeyC,1791377212520.6,100846,c
P04,S03,19,up,KeyC,1791377212671,100846,c
P04,S03,19,down,KeyI,1791377212728,100847,i
P04,S03,19,up,KeyI,1791377212846.7,100847,i
P04,S03,19,down,KeyT,1791377213088.8,100848,t
P04,S03,19,up,KeyT,1791377213212.9,100848,t
P04,S03,19,down,KeyI,1791377213228.2,100849,i
P04,S03,19,up,KeyI,1791377213372.5,100849,i
P04,S03,19,down,KeyE,1791377213377.2,100850,e
P04,S03,19,up,KeyE,1791377213507.9,100850,e
P04,S03,19,down,KeyS,1791377213623.2,100851,s
P04,S03,19,up,KeyS,1791377213785.6,100851,s
P04,S03,19,down,Space,1791377213800.6,100852, 
P04,S03,19,up,Space,1791377213920.7,100852, 
P04,S03,19,down,KeyI,1791377214014.1,100853,i
P04,S03,19,up,KeyI,1791377214121.9,100853,i
P04,S03,19,down,Space,1791377214248,100854, 
P04,S03,19,up,Space,1791377214352,100854, 
P04,S03,19,down,KeyL,1791377214538,100855,l
P04,S03,19,up,KeyL,1791377214636.2,100855,l
P04,S03,19,down,KeyO,1791377214855.8,100856,o
P04,S03,19,up,KeyO,1791377214954.3,100856,o
P04,S03,19,down,KeyV,1791377215474.1,100857,v
P04,S03,19,up,KeyV,1791377215560.7,100857,v
P04,S03,19,down,KeyE,1791377215857.3,100858,e
P04,S03,19,up,KeyE,1791377216013.8,100858,e
P04,S03,19,down,Space,1791377216252.4,100859, 
P04,S03,19,up,Space,1791377216335.2,100859, 
P04,S03,19,down,KeyL,1791377216558.8,100860,l
P04,S03,19,up,KeyL,1791377216637,100860,l
P04,S03,19,down,KeyI,1791377216752.4,100861,i
P04,S03,19,up,KeyI,1791377216828.6,100861,i
P04,S03,19,down,KeyF,1791377216989.2,100862,f
P04,S03,19,up,KeyF,1791377217086.5,100862,f
P04,S03,19,down,KeyE,1791377217119,100863,e
P04,S03,19,up,KeyE,1791377217216.1,100863,e
P04,S03,19,down,Space,1791377217240,100864, 
P04,S03,19,up,Space,1791377217332.6,100864, 
P04,S03,19,down,KeyA,1791377217482.6,100865,a
P04,S03,19,down,KeyN,1791377217595.3,100866,n
P04,S03,19,up,KeyA,1791377217622.8,100865,a
P04,S03,19,up,KeyN,1791377217709.1,100866,n
P04,S03,19,down,KeyD,1791377217826.1,100867,d
P04,S03,19,up,KeyD,1791377217966.7,100867,d
P04,S03,19,down,Space,1791377217980.9,100868, 
P04,S03,19,up,Space,1791377218067.1,100868, 
P04,S03,19,down,KeyN,1791377218946.5,100869,n
P04,S03,19,up,KeyN,1791377219034.4,100869,n
P04,S03,19,down,KeyO,1791377219121.8,100870,o
P04,S03,19,up,KeyO,1791377219237.4,100870,o
P04,S03,19,down,KeyI,1791377219369.1,100871,i
P04,S03,19,up,KeyI,1791377219467.4,100871,i
P04,S03,19,down,KeyC,1791377220361,100872,c
P04,S03,19,up,KeyC,1791377220457.6,100872,c
P04,S03,19,down,KeyE,1791377220484,100873,e
P04,S03,19,up,KeyE,1791377220602.4,100873,e
P04,S03,19,down,Space,1791377220607.2,100874, 
P04,S03,19,up,Space,1791377220720.7,100874, 
P04,S03,19,down,KeyA,1791377221795.1,100875,a
P04,S03,19,up,KeyA,1791377221973,100875,a
P04,S03,19,down,KeyN,1791377222240.1,100876,n
P04,S03,19,up,KeyN,1791377222357.9,100876,n
P04,S03,19,down,KeyD,1791377222620.7,100877,d
P04,S03,19,up,KeyD,1791377222762.8,100877,d
P04,S03,19,down,Space,1791377222797.3,100878, 
P04,S03,19,up,Space,1791377222894.6,100878, 
P04,S03,19,down,KeyA,1791377223120.2,100879,a
P04,S03,19,up,KeyA,1791377223269.3,100879,a
P04,S03,19,down,KeyC,1791377223290.8,100880,c
P04,S03,19,up,KeyC,1791377223388.2,100880,c
P04,S03,19,down,KeyT,1791377223490.9,100881,t
P04,S03,19,up,KeyT,1791377223598.5,100881,t
P04,S03,19,down,KeyI,1791377223752,100882,i
P04,S03,19,up,KeyI,1791377223891.8,100882,i
P04,S03,19,down,KeyV,1791377224092.9,100883,v
P04,S03,19,up,KeyV,1791377224187.5,100883,v
P04,S03,19,down,KeyI,1791377224329.2,100884,i
P04,S03,19,up,KeyI,1791377224419.6,100884,i
P04,S03,19,down,KeyT,1791377224678.3,100885,t
P04,S03,19,down,KeyI,1791377224762.8,100886,i
P04,S03,19,up,KeyT,1791377224779.8,100885,t
P04,S03,19,up,KeyI,1791377224886.8,100886,i
P04,S03,19,down,KeyE,1791377224948,100887,e
P04,S03,19,up,KeyE,1791377225056.2,100887,e
P04,S03,19,down,KeyS,1791377225160.6,100888,s
P04,S03,19,up,KeyS,1791377225301.8,100888,s
P04,S03,19,down,Space,1791377225315.5,100889, 
P04,S03,19,up,Space,1791377225412.9,100889, 
P04,S03,19,down,KeyA,1791377225470.6,100890,a
P04,S03,19,down,KeyN,1791377225592,100891,n
P04,S03,19,up,KeyA,1791377225663.4,100890,a
P04,S03,19,up,KeyN,1791377225706,100891,n
P04,S03,19,down,KeyD,1791377225869.2,100892,d
P04,S03,19,down,Space,1791377226007.8,100893, 
P04,S03,19,up,KeyD,1791377226019.5,100892,d
P04,S03,19,up,Space,1791377226117.1,100893, 
P04,S03,19,down,KeyK,1791377226755.7,100894,k
P04,S03,19,up,KeyK,1791377226836.9,100894,k
P04,S03,19,down,KeyO,1791377226888.9,100895,o
P04,S03,19,up,KeyO,1791377227001.7,100895,o
P04,S03,19,down,KeyS,1791377227347.6,100896,s
P04,S03,19,down,KeyI,1791377227433.7,100897,i
P04,S03,19,up,KeyS,1791377227489.4,100896,s
P04,S03,19,up,KeyI,1791377227520.6,100897,i
P04,S03,19,down,KeyC,1791377227670.6,100898,c
P04,S03,19,down,KeyE,1791377227756.7,100899,e
P04,S03,19,up,KeyC,1791377227773.3,100898,c
P04,S03,19,down,Space,1791377227891,100900, 
P04,S03,19,up,KeyE,1791377227898.2,100899,e
P04,S03,19,up,Space,1791377228015,100900, 
P04,S03,19,down,KeyE,1791377228155.2,100901,e
P04,S03,19,up,KeyE,1791377228257.8,100901,e
P04,S03,19,down,KeyA,1791377228375.4,100902,a
P04,S03,19,up,KeyA,1791377228554.4,100902,a
P04,S03,19,down,KeyS,1791377228761.7,100903,s
P04,S03,19,up,KeyS,1791377228840.7,100903,s
P04,S03,19,down,Space,1791377229187.3,100904, 
P04,S03,19,up,Space,1791377229285.6,100904, 
P04,S03,19,down,KeyW,1791377229985.7,100905,w
P04,S03,19,up,KeyW,1791377230120.7,100905,w
P04,S03,19,down,KeyE,1791377230196.9,100906,e
P04,S03,19,up,KeyE,1791377230333.4,100906,e
P04,S03,19,down,KeyI,1791377230397.6,100907,i
P04,S03,19,up,KeyI,1791377230507.1,100907,i
P04,S03,19,down,KeyR,1791377230661.7,100908,r
P04,S03,19,up,KeyR,1791377230771.1,100908,r
P04,S03,19,down,KeyE,1791377230851.3,100909,e
P04,S03,19,up,KeyE,1791377230964.9,100909,e
P04,S03,19,down,KeyD,1791377231059.1,100910,d
P04,S03,19,up,KeyD,1791377231212.1,100910,d
P04,S03,19,down,Space,1791377231246.4,100911, 
P04,S03,19,up,Space,1791377231354.3,100911, 
P04,S03,19,down,KeyA,1791377231492.3,100912,a
P04,S03,19,up,KeyA,1791377231648.7,100912,a
P04,S03,19,down,KeyB,1791377231714.1,100913,b
P04,S03,19,up,KeyB,1791377231812.3,100913,b
P04,S03,19,down,KeyO,1791377231974.2,100914,o
P04,S03,19,up,KeyO,1791377232094,100914,o
P04,S03,19,down,KeyU,1791377232237.4,100915,u
P04,S03,19,up,KeyU,1791377232335.8,100915,u
P04,S03,19,down,Backspace,1791377232850.7,100916,Backspace
P04,S03,19,up,Backspace,1791377233005.4,100916,Backspace
P04,S03,19,down,Backspace,1791377233125.5,100917,Backspace
P04,S03,19,up,Backspace,1791377233272.3,100917,Backspace
P04,S03,19,down,KeyS,1791377234471,100918,s
P04,S03,19,down,KeyO,1791377234637.6,100919,o
P04,S03,19,up,KeyS,1791377234638.9,100918,s
P04,S03,19,up,KeyO,1791377234740.3,100919,o
P04,S03,19,down,KeyL,1791377234836.9,100920,l
P04,S03,19,up,KeyL,1791377234946.2,100920,l
P04,S03,19,down,KeyU,1791377235067.4,100921,u
P04,S03,19,up,KeyU,1791377235164.4,100921,u
P04,S03,19,down,KeyT,1791377235319.5,100922,t
P04,S03,19,up,KeyT,1791377235420.2,100922,t
P04,S03,19,down,KeyE,1791377235430.1,100923,e
P04,S03,19,up,KeyE,1791377235566.9,100923,e
P04,S03,19,down,KeyL,1791377235580.4,100924,l
P04,S03,19,up,KeyL,1791377235720.7,100924,l
P04,S03,19,down,KeyZ,1791377236284,100925,z
P04,S03,19,up,KeyZ,1791377236467.1,100925,z
P04,S03,19,down,Space,1791377236551.3,100926, 
P04,S03,19,up,Space,1791377236654.7,100926, 
P04,S03,19,down,Backspace,1791377236855.3,100927,Backspace
P04,S03,19,up,Backspace,1791377236963.5,100927,Backspace
P04,S03,19,down,Backspace,1791377237013.1,100928,Backspace
P04,S03,19,up,Backspace,1791377237110.4,100928,Backspace
P04,S03,19,down,KeyY,1791377237189,100929,y
P04,S03,19,up,KeyY,1791377237333.5,100929,y
P04,S03,19,down,Space,1791377237385.6,100930, 
P04,S03,19,up,Space,1791377237552.2,100930, 
P04,S03,19,down,KeyN,1791377238279.6,100931,n
P04,S03,19,up,KeyN,1791377238378.6,100931,n
P04,S03,19,down,KeyO,1791377238456.9,100932,o
P04,S03,19,up,KeyO,1791377238575.3,100932,o
P04,S03,19,down,KeyT,1791377238679.2,100933,t
P04,S03,19,up,KeyT,1791377238804.1,100933,t
P04,S03,19,down,Space,1791377238820.5,100934, 
P04,S03,19,up,Space,1791377238922.9,100934, 
P04,S03,19,down,KeyA,1791377239187.5,100935,a
P04,S03,19,up,KeyA,1791377239333.5,100935,a
P04,S03,19,down,KeyM,1791377239445,100936,m
P04,S03,19,up,KeyM,1791377239536.6,100936,m
P04,S03,19,down,KeyN,1791377239638.7,100937,n
P04,S03,19,up,KeyN,1791377239731.6,100937,n
P04,S03,19,down,Backspace,1791377240047.7,100938,Backspace
P04,S03,19,up,Backspace,1791377240181.6,100938,Backspace
P04,S03,19,down,KeyB,1791377240209.5,100939,b
P04,S03,19,up,KeyB,1791377240354.1,100939,b
P04,S03,19,down,KeyO,1791377240370,100940,o
P04,S03,19,up,KeyO,1791377240457.1,100940,o
P04,S03,19,down,KeyI,1791377240718.9,100941,i
P04,S03,19,up,KeyI,1791377240835.7,100941,i
P04,S03,19,down,Backspace,1791377240962,100942,Backspace
P04,S03,19,up,Backspace,1791377241092.5,100942,Backspace
P04,S03,19,down,KeyI,1791377241254.1,100943,i
P04,S03,19,up,KeyI,1791377241357,100943,i
P04,S03,19,down,KeyS,1791377241371.7,100944,s
P04,S03,19,down,KeyO,1791377241474.5,100945,o
P04,S03,19,up,KeyS,1791377241538.7,100944,s
P04,S03,19,up,KeyO,1791377241604.6,100945,o
P04,S03,19,down,KeyU,1791377241684.3,100946,u
P04,S03,19,up,KeyU,1791377241788.7,100946,u
P04,S03,19,down,KeyS,1791377242069,100947,s
P04,S03,19,up,KeyS,1791377242243.2,100947,s
P04,S03,19,down,Space,1791377242252.1,100948, 
P04,S03,19,up,Space,1791377242339.2,100948, 
P04,S03,19,down,KeyA,1791377242500.2,100949,a
P04,S03,19,up,KeyA,1791377242641.4,100949,a
P04,S03,19,down,KeyN,1791377242655.7,100950,n
P04,S03,19,up,KeyN,1791377242759.6,100950,n
P04,S03,19,down,KeyD,1791377242879.3,100951,d
P04,S03,19,down,Space,1791377243011.6,100952, 
P04,S03,19,up,KeyD,1791377243029.9,100951,d
P04,S03,19,up,Space,1791377243109.7,100952, 
P04,S03,19,down,KeyI,1791377243245.2,100953,i
P04,S03,19,up,KeyI,1791377243341.9,100953,i
P04,S03,19,down,Space,1791377243454.6,100954, 
P04,S03,19,up,Space,1791377243573,100954, 
P04,S03,19,down,KeyD,1791377243662.2,100955,d
P04,S03,19,up,KeyD,1791377243747.9,100955,d
P04,S03,19,down,KeyO,1791377243952.8,100956,o
P04,S03,19,up,KeyO,1791377244071.2,100956,o
P04,S03,19,down,KeyN,1791377244191.6,100957,n
P04,S03,19,up,KeyN,1791377244298.4,100957,n
P04,S03,19,down,KeyT,1791377244357.1,100958,t
P04,S03,19,down,Space,1791377244482.4,100959, 
P04,S03,19,up,KeyT,1791377244493.8,100958,t
P04,S03,19,up,Space,1791377244567.2,100959, 
P04,S03,19,down,KeyK,1791377244991.2,100960,k
P04,S03,19,up,KeyK,1791377245087.6,100960,k
P04,S03,19,down,KeyN,1791377245178.2,100961,n
P04,S03,19,up,KeyN,1791377245264,100961,n
P04,S03,19,down,KeyO,1791377245392.6,100962,o
P04,S03,19,up,KeyO,1791377245490.7,100962,o
P04,S03,19,down,KeyW,1791377245568.2,100963,w
P04,S03,19,down,Space,1791377245706.9,100964, 
P04,S03,19,up,KeyW,1791377245746.8,100963,w
P04,S03,19,up,Space,1791377245816.6,100964, 
P04,S03,19,down,KeyH,1791377246152.1,100965,h
P04,S03,19,up,KeyH,1791377246248.5,100965,h
P04,S03,19,down,KeyO,1791377246369.4,100966,o
P04,S03,19,up,KeyO,1791377246467.5,100966,o
P04,S03,19,down,KeyE,1791377246568.2,100967,e
P04,S03,19,up,KeyE,1791377246686.9,100967,e
P04,S03,19,down,Space,1791377246735.7,100968, 
P04,S03,19,up,Space,1791377246828.4,100968, 
P04,S03,19,down,Backspace,1791377247033.1,100969,Backspace
P04,S03,19,up,Backspace,1791377247134,100969,Backspace
P04,S03,19,down,KeyW,1791377247213.3,100970,w
P04,S03,19,down,Space,1791377247339.8,100971, 
P04,S03,19,up,KeyW,1791377247347.2,100970,w
P04,S03,19,up,Space,1791377247452.8,100971, 
P04,S03,19,down,KeyT,1791377247600.6,100972,t
P04,S03,19,up,KeyT,1791377247736,100972,t
P04,S03,19,down,KeyO,1791377247815.4,100973,o
P04,S03,19,up,KeyO,1791377247946.3,100973,o
P04,S03,19,down,Space,1791377248064.5,100974, 
P04,S03,19,up,Space,1791377248178.6,100974, 
P04,S03,19,down,KeyS,1791377248228.9,100975,s
P04,S03,19,up,KeyS,1791377248334.3,100975,s
P04,S03,19,down,Backspace,1791377248563.9,100976,Backspace
P04,S03,19,up,Backspace,1791377248700.8,100976,Backspace
P04,S03,19,down,KeyD,1791377248798.7,100977,d
P04,S03,19,up,KeyD,1791377248976.5,100977,d
P04,S03,19,down,KeyI,1791377249270.1,100978,i
P04,S03,19,up,KeyI,1791377249389.3,100978,i
P04,S03,19,down,KeyS,1791377249505.2,100979,s
P04,S03,19,up,KeyS,1791377249624.2,100979,s
P04,S03,19,down,KeyC,1791377249962.6,100980,c
P04,S03,19,up,KeyC,1791377250112.5,100980,c
P04,S03,19,down,KeyR,1791377250201.1,100981,r
P04,S03,19,up,KeyR,1791377250348.3,100981,r
P04,S03,19,down,KeyI,1791377250469,100982,i
P04,S03,19,up,KeyI,1791377250549.2,100982,i
P04,S03,19,down,KeyB,1791377251250.7,100983,b
P04,S03,19,up,KeyB,1791377251332,100983,b
P04,S03,19,down,KeyE,1791377251404.4,100984,e
P04,S03,19,down,Space,1791377251474.2,100985, 
P04,S03,19,up,KeyE,1791377251528.8,100984,e
P04,S03,19,up,Space,1791377251560.7,100985, 
P04,S03,19,down,KeyO,1791377251743.5,100986,o
P04,S03,19,up,KeyO,1791377251856.6,100986,o
P04,S03,19,down,KeyT,1791377251992.2,100987,t
P04,S03,19,up,KeyT,1791377252126.9,100987,t
P04,S03,19,down,Enter,1791377252156.4,100988,Enter
P04,S03,19,up,Enter,1791377252263.9,100988,Enter
P04,S03,20,down,KeyI,1791377260779.3,100989,i
P04,S03,20,up,KeyI,1791377260844.3,100989,i
P04,S03,20,down,Space,1791377260981,100990, 
P04,S03,20,up,Space,1791377261073.3,100990, 
P04,S03,20,down,KeyF,1791377261285.3,100991,f
P04,S03,20,down,KeyI,1791377261414.3,100992,i
P04,S03,20,up,KeyF,1791377261419.6,100991,f
P04,S03,20,up,KeyI,1791377261515.3,100992,i
P04,S03,20,down,KeyN,1791377261634,100993,n
P04,S03,20,up,KeyN,1791377261737.2,100993,n
P04,S03,20,down,KeyI,1791377261806.8,100994,i
P04,S03,20,up,KeyI,1791377261920.6,100994,i
P04,S03,20,down,KeyS,1791377262079.8,100995,s
P04,S03,20,up,KeyS,1791377262204.1,100995,s
P04,S03,20,down,KeyH,1791377262213.7,100996,h
P04,S03,20,up,KeyH,1791377262328.9,100996,h
P04,S03,20,down,KeyE,1791377262349.1,100997,e
P04,S03,20,up,KeyE,1791377262473.1,100997,e
P04,S03,20,down,KeyD,1791377262562.7,100998,d
P04,S03,20,down,Space,1791377262690.5,100999, 
P04,S03,20,up,KeyD,1791377262712.9,100998,d
P04,S03,20,up,Space,1791377262776.7,100999, 
P04,S03,20,down,KeyB,1791377263319.1,101000,b
P04,S03,20,up,KeyB,1791377263398.7,101000,b
P04,S03,20,down,KeyU,1791377263491.4,101001,u
P04,S03,20,up,KeyU,1791377263562.8,101001,u
P04,S03,20,down,KeyT,1791377263634,101002,t
P04,S03,20,down,Space,1791377263745.8,101003, 
P04,S03,20,up,KeyT,1791377263785,101002,t
P04,S03,20,up,Space,1791377263844.5,101003, 
P04,S03,20,down,KeyI,1791377263942.6,101004,i
P04,S03,20,up,KeyI,1791377264002.5,101004,i
P04,S03,20,down,Space,1791377264104.5,101005, 
P04,S03,20,up,Space,1791377264195.9,101005, 
P04,S03,20,down,KeyH,1791377264303.9,101006,h
P04,S03,20,up,KeyH,1791377264362.3,101006,h
P04,S03,20,down,KeyA,1791377264426.7,101007,a
P04,S03,20,up,KeyA,1791377264586.9,101007,a
P04,S03,20,down,KeyD,1791377264632.7,101008,d
P04,S03,20,up,KeyD,1791377264782.6,101008,d
P04,S03,20,down,Space,1791377264798.5,101009, 
P04,S03,20,up,Space,1791377264890.2,101009, 
P04,S03,20,down,KeyT,1791377265042.5,101010,t
P04,S03,20,down,KeyO,1791377265166,101011,o
P04,S03,20,up,KeyT,1791377265182.5,101010,t
P04,S03,20,up,KeyO,1791377265270.4,101011,o
P04,S03,20,down,Space,1791377265398.2,101012, 
P04,S03,20,up,Space,1791377265500.4,101012, 
P04,S03,20,down,KeyR,1791377266488.6,101013,r
P04,S03,20,up,KeyR,1791377266604.1,101013,r
P04,S03,20,down,KeyE,1791377266692.3,101014,e
P04,S03,20,up,KeyE,1791377266832.5,101014,e
P04,S03,20,down,KeyS,1791377267347.6,101015,s
P04,S03,20,up,KeyS,1791377267515.5,101015,s
P04,S03,20,down,KeyT,1791377268059.5,101016,t
P04,S03,20,up,KeyT,1791377268179.5,101016,t
P04,S03,20,down,KeyA,1791377268497.6,101017,a
P04,S03,20,up,KeyA,1791377268620.7,101017,a
P04,S03,20,down,KeyR,1791377268768.7,101018,r
P04,S03,20,up,KeyR,1791377268892.7,101018,r
P04,S03,20,down,KeyT,1791377268978.4,101019,t
P04,S03,20,up,KeyT,1791377269076.2,101019,t
P04,S03,20,down,Space,1791377269154.9,101020, 
P04,S03,20,up,Space,1791377269258.3,101020, 
P04,S03,20,down,KeyM,1791377269391.9,101021,m
P04,S03,20,up,KeyM,1791377269493.7,101021,m
P04,S03,20,down,KeyZ,1791377269703.1,101022,z
P04,S03,20,up,KeyZ,1791377269869.9,101022,z
P04,S03,20,down,Backspace,1791377270314.4,101023,Backspace
P04,S03,20,up,Backspace,1791377270471,101023,Backspace
P04,S03,20,down,KeyY,1791377270628.4,101024,y
P04,S03,20,up,KeyY,1791377270741.5,101024,y
P04,S03,20,down,Space,1791377270766.7,101025, 
P04,S03,20,up,Space,1791377270859.9,101025, 
P04,S03,20,down,KeyS,1791377271208.1,101026,s
P04,S03,20,down,KeyT,1791377271310.4,101027,t
P04,S03,20,up,KeyS,1791377271380.5,101026,s
P04,S03,20,up,KeyT,1791377271403.9,101027,t
P04,S03,20,down,KeyU,1791377271567,101028,u
P04,S03,20,up,KeyU,1791377271691.3,101028,u
P04,S03,20,down,KeyD,1791377271837.8,101029,d
P04,S03,20,up,KeyD,1791377271956,101029,d
P04,S03,20,down,KeyI,1791377272001.8,101030,i
P04,S03,20,up,KeyI,1791377272163.1,101030,i
P04,S03,20,down,KeyE,1791377272190.6,101031,e
P04,S03,20,up,KeyE,1791377272309.3,101031,e
P04,S03,20,down,KeyS,1791377272427.7,101032,s
P04,S03,20,up,KeyS,1791377272579.2,101032,s
P04,S03,20,down,Space,1791377272657.2,101033, 
P04,S03,20,up,Space,1791377272764.1,101033, 
P04,S03,20,down,Backspace,1791377278276.4,101034,Backspace
P04,S03,20,up,Backspace,1791377278411.4,101034,Backspace
P04,S03,20,down,Backspace,1791377279620.3,101035,Backspace
P04,S03,20,up,Backspace,1791377280427.6,101035,Backspace
P04,S03,20,down,Backspace,1791377280495.4,101036,Backspace
P04,S03,20,up,Backspace,1791377280625.5,101036,Backspace
P04,S03,20,down,Backspace,1791377280652.9,101037,Backspace
P04,S03,20,up,Backspace,1791377280782.4,101037,Backspace
P04,S03,20,down,Backspace,1791377280794.8,101038,Backspace
P04,S03,20,up,Backspace,1791377281485,101038,Backspace
P04,S03,20,down,Backspace,1791377281611.7,101039,Backspace
P04,S03,20,up,Backspace,1791377281762.4,101039,Backspace
P04,S03,20,down,Backspace,1791377281792.9,101040,Backspace
P04,S03,20,up,Backspace,1791377281911.1,101040,Backspace
P04,S03,20,down,Backspace,1791377281970.6,101041,Backspace
P04,S03,20,up,Backspace,1791377282069.1,101041,Backspace
P04,S03,20,down,Backspace,1791377282127,101042,Backspace
P04,S03,20,up,Backspace,1791377282235,101042,Backspace
P04,S03,20,down,Backspace,1791377282372.8,101043,Backspace
P04,S03,20,up,Backspace,1791377282502.1,101043,Backspace
P04,S03,20,down,KeyW,1791377284012.9,101044,w
P04,S03,20,up,KeyW,1791377284234.5,101044,w
P04,S03,20,down,KeyE,1791377284244.5,101045,e
P04,S03,20,up,KeyE,1791377284464.3,101045,e
P04,S03,20,down,KeyN,1791377284629.3,101046,n
P04,S03,20,up,KeyN,1791377284748.7,101046,n
P04,S03,20,down,KeyT,1791377284808.9,101047,t
P04,S03,20,up,KeyT,1791377284937.5,101047,t
P04,S03,20,down,Space,1791377284997.6,101048, 
P04,S03,20,up,Space,1791377285100.3,101048, 
P04,S03,20,down,KeyT,1791377285213.7,101049,t
P04,S03,20,up,KeyT,1791377285328.5,101049,t
P04,S03,20,down,KeyO,1791377285376.7,101050,o
P04,S03,20,up,KeyO,1791377285472.6,101050,o
P04,S03,20,down,Space,1791377285597.5,101051, 
P04,S03,20,up,Space,1791377285701.9,101051, 
P04,S03,20,down,KeyB,1791377285775.3,101052,b
P04,S03,20,up,KeyB,1791377285867.9,101052,b
P04,S03,20,down,KeyR,1791377286014.2,101053,r
P04,S03,20,up,KeyR,1791377286127,101053,r
P04,S03,20,down,KeyA,1791377286186.1,101054,a
P04,S03,20,down,KeyT,1791377286240.3,101055,t
P04,S03,20,up,KeyT,1791377286347.4,101055,t
P04,S03,20,up,KeyA,1791377286369.2,101054,a
P04,S03,20,down,KeyI,1791377286485.6,101056,i
P04,S03,20,up,KeyI,1791377286598.6,101056,i
P04,S03,20,down,KeyS,1791377286631.7,101057,s
P04,S03,20,down,KeyL,1791377286745.9,101058,l
P04,S03,20,up,KeyS,1791377286746.7,101057,s
P04,S03,20,down,KeyA,1791377286857.5,101059,a
P04,S03,20,up,KeyL,1791377286884.5,101058,l
P04,S03,20,up,KeyA,1791377287008.8,101059,a
P04,S03,20,down,KeyV,1791377287079.2,101060,v
P04,S03,20,up,KeyV,1791377287193.3,101060,v
P04,S03,20,down,KeyA,1791377287201.8,101061,a
P04,S03,20,down,Space,1791377287304.5,101062, 
P04,S03,20,up,KeyA,1791377287339,101061,a
P04,S03,20,up,Space,1791377287423.8,101062, 
P04,S03,20,down,KeyF,1791377287855.3,101063,f
P04,S03,20,up,KeyF,1791377287996.5,101063,f
P04,S03,20,down,KeyO,1791377288028.1,101064,o
P04,S03,20,up,KeyO,1791377288125.7,101064,o
P04,S03,20,down,KeyR,1791377288153.5,101065,r
P04,S03,20,up,KeyR,1791377288298.1,101065,r
P04,S03,20,down,Space,1791377288347.5,101066, 
P04,S03,20,up,Space,1791377288445.2,101066, 
P04,S03,20,down,KeyM,1791377288683.6,101067,m
P04,S03,20,up,KeyM,1791377288838.9,101067,m
P04,S03,20,down,KeyZ,1791377289183.5,101068,z
P04,S03,20,up,KeyZ,1791377289339.2,101068,z
P04,S03,20,down,Backspace,1791377289591.3,101069,Backspace
P04,S03,20,up,Backspace,1791377289748.2,101069,Backspace
P04,S03,20,down,KeyY,1791377289847.8,101070,y
P04,S03,20,up,KeyY,1791377289977.7,101070,y
P04,S03,20,down,Space,1791377290006,101071, 
P04,S03,20,up,Space,1791377290124.6,101071, 
P04,S03,20,down,KeyM,1791377290252,101072,m
P04,S03,20,up,KeyM,1791377290410.7,101072,m
P04,S03,20,down,KeyA,1791377290690.9,101073,a
P04,S03,20,up,KeyA,1791377290793.7,101073,a
P04,S03,20,down,KeyS,1791377290907.5,101074,s
P04,S03,20,up,KeyS,1791377291032.3,101074,s
P04,S03,20,down,KeyT,1791377291154.4,101075,t
P04,S03,20,up,KeyT,1791377291279.2,101075,t
P04,S03,20,down,KeyE,1791377291318.7,101076,e
P04,S03,20,up,KeyE,1791377291425.8,101076,e
P04,S03,20,down,KeyR,1791377291497.1,101077,r
P04,S03,20,up,KeyR,1791377291606,101077,r
P04,S03,20,down,KeyS,1791377291713,101078,s
P04,S03,20,up,KeyS,1791377291875.7,101078,s
P04,S03,20,down,Space,1791377291885.6,101079, 
P04,S03,20,up,Space,1791377291987.7,101079, 
P04,S03,20,down,KeyD,1791377292079.6,101080,d
P04,S03,20,up,KeyD,1791377292189.2,101080,d
P04,S03,20,down,KeyE,1791377292278.3,101081,e
P04,S03,20,up,KeyE,1791377292412.7,101081,e
P04,S03,20,down,KeyG,1791377292587.4,101082,g
P04,S03,20,up,KeyG,1791377292690.9,101082,g
P04,S03,20,down,KeyR,1791377292748.5,101083,r
P04,S03,20,up,KeyR,1791377292862.8,101083,r
P04,S03,20,down,KeyE,1791377292964.7,101084,e
P04,S03,20,up,KeyE,1791377293099.4,101084,e
P04,S03,20,down,KeyE,1791377293159,101085,e
P04,S03,20,up,KeyE,1791377293266.8,101085,e
P04,S03,20,down,Space,1791377294345.1,101086, 
P04,S03,20,up,Space,1791377294447.1,101086, 
P04,S03,20,down,KeyA,1791377295416.3,101087,a
P04,S03,20,up,KeyA,1791377295530.9,101087,a
P04,S03,20,down,KeyM,1791377295577,101088,m
P04,S03,20,up,KeyM,1791377295695.3,101088,m
P04,S03,20,down,KeyD,1791377295788.7,101089,d
P04,S03,20,up,KeyD,1791377295945.4,101089,d
P04,S03,20,down,Space,1791377296003.8,101090, 
P04,S03,20,up,Space,1791377296127.7,101090, 
P04,S03,20,down,Backspace,1791377296825.2,101091,Backspace
P04,S03,20,up,Backspace,1791377296967.1,101091,Backspace
P04,S03,20,down,Backspace,1791377297055.7,101092,Backspace
P04,S03,20,up,Backspace,1791377297190.5,101092,Backspace
P04,S03,20,down,Backspace,1791377297341.6,101093,Backspace
P04,S03,20,up,Backspace,1791377297476.9,101093,Backspace
P04,S03,20,down,KeyN,1791377298009.3,101094,n
P04,S03,20,up,KeyN,1791377298104.9,101094,n
P04,S03,20,down,KeyF,1791377298223,101095,f
P04,S03,20,up,KeyF,1791377298336,101095,f
P04,S03,20,down,Space,1791377298400.5,101096, 
P04,S03,20,up,Space,1791377298474.7,101096, 
P04,S03,20,down,Backspace,1791377298719,101097,Backspace
P04,S03,20,up,Backspace,1791377298880.7,101097,Backspace
P04,S03,20,down,KeyG,1791377298951.4,101098,g
P04,S03,20,up,KeyG,1791377299063.5,101098,g
P04,S03,20,down,Space,1791377299136.1,101099, 
P04,S03,20,up,Space,1791377299240.5,101099, 
P04,S03,20,down,KeyI,1791377299846.8,101100,i
P04,S03,20,up,KeyI,1791377299948.7,101100,i
P04,S03,20,down,Space,1791377300047.4,101101, 
P04,S03,20,up,Space,1791377300160.6,101101, 
P04,S03,20,down,KeyW,1791377300178.9,101102,w
P04,S03,20,up,KeyW,1791377300314.7,101102,w
P04,S03,20,down,KeyE,1791377300376.9,101103,e
P04,S03,20,up,KeyE,1791377300502,101103,e
P04,S03,20,down,KeyN,1791377300604.3,101104,n
P04,S03,20,up,KeyN,1791377300713.4,101104,n
P04,S03,20,down,KeyT,1791377300800.6,101105,t
P04,S03,20,down,Space,1791377300956.1,101106, 
P04,S03,20,up,KeyT,1791377300964.7,101105,t
P04,S03,20,up,Space,1791377301046.7,101106, 
P04,S03,20,down,KeyT,1791377301273.7,101107,t
P04,S03,20,down,KeyO,1791377301402.2,101108,o
P04,S03,20,up,KeyT,1791377301403.6,101107,t
P04,S03,20,up,KeyO,1791377301503.6,101108,o
P04,S03,20,down,Space,1791377301637.5,101109, 
P04,S03,20,up,Space,1791377301709.4,101109, 
P04,S03,20,down,KeyL,1791377301860.8,101110,l
P04,S03,20,up,KeyL,1791377301927.2,101110,l
P04,S03,20,down,KeyA,1791377302095.8,101111,a
P04,S03,20,up,KeyA,1791377302154.9,101111,a
P04,S03,20,down,KeyO,1791377302229.6,101112,o
P04,S03,20,up,KeyO,1791377302342.9,101112,o
P04,S03,20,down,Backspace,1791377302717.2,101113,Backspace
P04,S03,20,up,Backspace,1791377302846.4,101113,Backspace
P04,S03,20,down,Backspace,1791377302912.4,101114,Backspace
P04,S03,20,up,Backspace,1791377303057.2,101114,Backspace
P04,S03,20,down,KeyY,1791377303772.2,101115,y
P04,S03,20,down,KeyO,1791377303872.6,101116,o
P04,S03,20,up,KeyY,1791377303891.2,101115,y
P04,S03,20,up,KeyO,1791377304009,101116,o
P04,S03,20,down,KeyN,1791377304140.2,101117,n
P04,S03,20,up,KeyN,1791377304241.5,101117,n
P04,S03,20,down,Space,1791377304334.2,101118, 
P04,S03,20,up,Space,1791377304437.4,101118, 
P04,S03,20,down,KeyF,1791377304856.8,101119,f
P04,S03,20,up,KeyF,1791377305018,101119,f
P04,S03,20,down,KeyO,1791377305035.4,101120,o
P04,S03,20,up,KeyO,1791377305117.3,101120,o
P04,S03,20,down,KeyR,1791377305172.6,101121,r
P04,S03,20,up,KeyR,1791377305243.4,101121,r
P04,S03,20,down,Space,1791377305301.9,101122, 
P04,S03,20,up,Space,1791377305400.3,101122, 
P04,S03,20,down,KeyE,1791377306277.1,101123,e
P04,S03,20,up,KeyE,1791377306395.5,101123,e
P04,S03,20,down,KeyR,1791377306487.3,101124,r
P04,S03,20,up,KeyR,1791377306585.2,101124,r
P04,S03,20,down,KeyA,1791377306843,101125,a
P04,S03,20,up,KeyA,1791377306973.3,101125,a
P04,S03,20,down,KeyS,1791377307056.3,101126,s
P04,S03,20,down,KeyM,1791377307170.3,101127,m
P04,S03,20,up,KeyS,1791377307192.6,101126,s
P04,S03,20,up,KeyM,1791377307279.5,101127,m
P04,S03,20,down,KeyU,1791377307330.8,101128,u
P04,S03,20,down,KeyS,1791377307407.8,101129,s
P04,S03,20,up,KeyU,1791377307428.9,101128,u
P04,S03,20,up,KeyS,1791377307536.8,101129,s
P04,S03,20,down,Space,1791377307563.5,101130, 
P04,S03,20,up,Space,1791377307676.9,101130, 
P04,S03,20,down,KeyI,1791377307825.8,101131,i
P04,S03,20,up,KeyI,1791377307935.6,101131,i
P04,S03,20,down,Space,1791377308039.6,101132, 
P04,S03,20,up,Space,1791377308169.1,101132, 
P04,S03,20,down,KeyR,1791377308211.9,101133,r
P04,S03,20,up,KeyR,1791377308352.5,101133,r
P04,S03,20,down,KeyE,1791377308424.8,101134,e
P04,S03,20,up,KeyE,1791377308563.6,101134,e
P04,S03,20,down,KeyA,1791377308688.1,101135,a
P04,S03,20,up,KeyA,1791377308828.8,101135,a
P04,S03,20,down,KeyL,1791377308832.7,101136,l
P04,S03,20,up,KeyL,1791377308926.3,101136,l
P04,S03,20,down,KeyL,1791377308974.2,101137,l
P04,S03,20,up,KeyL,1791377309081.5,101137,l
P04,S03,20,down,KeyY,1791377309229.9,101138,y
P04,S03,20,up,KeyY,1791377309322.6,101138,y
P04,S03,20,down,Space,1791377309435.4,101139, 
P04,S03,20,up,Space,1791377309543.3,101139, 
P04,S03,20,down,KeyW,1791377309900.3,101140,w
P04,S03,20,up,KeyW,1791377310039.3,101140,w
P04,S03,20,down,KeyA,1791377310126.9,101141,a
P04,S03,20,down,KeyN,1791377310207.5,101142,n
P04,S03,20,up,KeyA,1791377310239.3,101141,a
P04,S03,20,up,KeyN,1791377310320.8,101142,n
P04,S03,20,down,KeyT,1791377310405.9,101143,t
P04,S03,20,up,KeyT,1791377310514.1,101143,t
P04,S03,20,down,Space,1791377310598.7,101144, 
P04,S03,20,up,Space,1791377310712.7,101144, 
P04,S03,20,down,KeyT,1791377310754.1,101145,t
P04,S03,20,up,KeyT,1791377310857.7,101145,t
P04,S03,20,down,KeyO,1791377310877,101146,o
P04,S03,20,up,KeyO,1791377310980.1,101146,o
P04,S03,20,down,Space,1791377311078.5,101147, 
P04,S03,20,up,Space,1791377311159.6,101147, 
P04,S03,20,down,KeyL,1791377311247.5,101148,l
P04,S03,20,up,KeyL,1791377311329.8,101148,l
P04,S03,20,down,KeyI,1791377311384,101149,i
P04,S03,20,up,KeyI,1791377311482.1,101149,i
P04,S03,20,down,KeyV,1791377311582.6,101150,v
P04,S03,20,up,KeyV,1791377311685.5,101150,v
P04,S03,20,down,KeyE,1791377311783.3,101151,e
P04,S03,20,down,Space,1791377311874.3,101152, 
P04,S03,20,up,KeyE,1791377311896.3,101151,e
P04,S03,20,up,Space,1791377312004.6,101152, 
P04,S03,20,down,KeyI,1791377312136.5,101153,i
P04,S03,20,up,KeyI,1791377312223.2,101153,i
P04,S03,20,down,KeyN,1791377312322.8,101154,n
P04,S03,20,up,KeyN,1791377312415.6,101154,n
P04,S03,20,down,Space,1791377312461.6,101155, 
P04,S03,20,up,Space,1791377312543.3,101155, 
P04,S03,20,down,KeyV,1791377312622.8,101156,v
P04,S03,20,down,KeyG,1791377312630.6,101157,g
P04,S03,20,up,KeyG,1791377312682.3,101157,g
P04,S03,20,up,KeyV,1791377312693.7,101156,v
P04,S03,20,down,KeyR,1791377312794.8,101158,r
P04,S03,20,up,KeyR,1791377312848.6,101158,r
P04,S03,20,down,Backspace,1791377313095.9,101159,Backspace
P04,S03,20,up,Backspace,1791377313220.8,101159,Backspace
P04,S03,20,down,Backspace,1791377313655.4,101160,Backspace
P04,S03,20,up,Backspace,1791377313786.2,101160,Backspace
P04,S03,20,down,Backspace,1791377313876.1,101161,Backspace
P04,S03,20,up,Backspace,1791377313984.6,101161,Backspace
P04,S03,20,down,KeyF,1791377313995.1,101162,f
P04,S03,20,up,KeyF,1791377314104,101162,f
P04,S03,20,down,KeyR,1791377314261,101163,r
P04,S03,20,down,KeyA,1791377314357,101164,a
P04,S03,20,up,KeyR,1791377314363.8,101163,r
P04,S03,20,up,KeyA,1791377314492.3,101164,a
P04,S03,20,down,KeyN,1791377315045.8,101165,n
P04,S03,20,up,KeyN,1791377315158.1,101165,n
P04,S03,20,down,KeyC,1791377315349.5,101166,c
P04,S03,20,down,KeyE,1791377315479.1,101167,e
P04,S03,20,up,KeyC,1791377315485,101166,c
P04,S03,20,up,KeyE,1791377315603.2,101167,e
P04,S03,20,down,Space,1791377315642.7,101168, 
P04,S03,20,up,Space,1791377315783.6,101168, 
P04,S03,20,down,KeyA,1791377316976.7,101169,a
P04,S03,20,up,KeyA,1791377317118.8,101169,a
P04,S03,20,down,KeyM,1791377317142.1,101170,m
P04,S03,20,up,KeyM,1791377317286.2,101170,m
P04,S03,20,down,Backspace,1791377317831.8,101171,Backspace
P04,S03,20,up,Backspace,1791377317929.4,101171,Backspace
P04,S03,20,down,KeyM,1791377318147.6,101172,m
P04,S03,20,up,KeyM,1791377318237,101172,m
P04,S03,20,down,Backspace,1791377318774.7,101173,Backspace
P04,S03,20,up,Backspace,1791377318862.9,101173,Backspace
P04,S03,20,down,KeyN,1791377319081.6,101174,n
P04,S03,20,up,KeyN,1791377319212.1,101174,n
P04,S03,20,down,KeyD,1791377319264.8,101175,d
P04,S03,20,down,Space,1791377319378.8,101176, 
P04,S03,20,up,KeyD,1791377319390.8,101175,d
P04,S03,20,up,Space,1791377319491.7,101176, 
P04,S03,20,down,KeyS,1791377319762.4,101177,s
P04,S03,20,up,KeyS,1791377319929.5,101177,s
P04,S03,20,down,KeyT,1791377320029.3,101178,t
P04,S03,20,down,KeyA,1791377320120.7,101179,a
P04,S03,20,up,KeyT,1791377320148,101178,t
P04,S03,20,up,KeyA,1791377320268.3,101179,a
P04,S03,20,down,KeyY,1791377320303.6,101180,y
P04,S03,20,up,KeyY,1791377320469,101180,y
P04,S03,20,down,Space,1791377320630.3,101181, 
P04,S03,20,up,Space,1791377320756.8,101181, 
P04,S03,20,down,KeyH,1791377321279.4,101182,h
P04,S03,20,down,KeyE,1791377321385.4,101183,e
P04,S03,20,up,KeyH,1791377321404.7,101182,h
P04,S03,20,up,KeyE,1791377321521,101183,e
P04,S03,20,down,KeyR,1791377321662.6,101184,r
P04,S03,20,up,KeyR,1791377321763.9,101184,r
P04,S03,20,down,KeyE,1791377321835.5,101185,e
P04,S03,20,up,KeyE,1791377321971.9,101185,e
P04,S03,20,down,Space,1791377321974.4,101186, 
P04,S03,20,up,Space,1791377322088.6,101186, 
P04,S03,20,down,KeyS,1791377322220.2,101187,s
P04,S03,20,up,KeyS,1791377322379.7,101187,s
P04,S03,20,down,KeyI,1791377322405.5,101188,i
P04,S03,20,down,KeyO,1791377322406.3,101189,o
P04,S03,20,up,KeyI,1791377322460.5,101188,i
P04,S03,20,up,KeyO,1791377322471,101189,o
P04,S03,20,down,Backspace,1791377322937.3,101190,Backspace
P04,S03,20,up,Backspace,1791377323080.7,101190,Backspace
P04,S03,20,down,Backspace,1791377323171,101191,Backspace
P04,S03,20,up,Backspace,1791377323285.8,101191,Backspace
P04,S03,20,down,KeyO,1791377323463.7,101192,o
P04,S03,20,up,KeyO,1791377323572.5,101192,o
P04,S03,20,down,Space,1791377323711.5,101193, 
P04,S03,20,up,Space,1791377323808.1,101193, 
P04,S03,20,down,KeyI,1791377323907.5,101194,i
P04,S03,20,up,KeyI,1791377323989.3,101194,i
P04,S03,20,down,KeyM,1791377324081.8,101195,m
P04,S03,20,up,KeyM,1791377324168.3,101195,m
P04,S03,20,down,Space,1791377324241.7,101196, 
P04,S03,20,up,Space,1791377324316.7,101196, 
P04,S03,20,down,KeyL,1791377324440.2,101197,l
P04,S03,20,up,KeyL,1791377324530.8,101197,l
P04,S03,20,down,KeyO,1791377324600.2,101198,o
P04,S03,20,up,KeyO,1791377324697.1,101198,o
P04,S03,20,down,KeyO,1791377324735.4,101199,o
P04,S03,20,up,KeyO,1791377324843.8,101199,o
P04,S03,20,down,KeyK,1791377324920.5,101200,k
P04,S03,20,up,KeyK,1791377325018,101200,k
P04,S03,20,down,KeyI,1791377325062.2,101201,i
P04,S03,20,up,KeyI,1791377325142.8,101201,i
P04,S03,20,down,KeyN,1791377325248.6,101202,n
P04,S03,20,up,KeyN,1791377325374.6,101202,n
P04,S03,20,down,KeyF,1791377325559.7,101203,f
P04,S03,20,up,KeyF,1791377325712.3,101203,f
P04,S03,20,down,Space,1791377325728.3,101204, 
P04,S03,20,up,Space,1791377325846.1,101204, 
P04,S03,20,down,Backspace,1791377326096.3,101205,Backspace
P04,S03,20,up,Backspace,1791377326204.4,101205,Backspace
P04,S03,20,down,Backspace,1791377326254.1,101206,Backspace
P04,S03,20,up,Backspace,1791377326340.7,101206,Backspace
P04,S03,20,down,KeyG,1791377326388.5,101207,g
P04,S03,20,up,KeyG,1791377326513.4,101207,g
P04,S03,20,down,Space,1791377326527.5,101208, 
P04,S03,20,up,Space,1791377326641.7,101208, 
P04,S03,20,down,KeyF,1791377326990.4,101209,f
P04,S03,20,down,KeyO,1791377327119.8,101210,o
P04,S03,20,up,KeyF,1791377327121.8,101209,f
P04,S03,20,up,KeyO,1791377327240.6,101210,o
P04,S03,20,down,KeyR,1791377327258.9,101211,r
P04,S03,20,up,KeyR,1791377327389,101211,r
P04,S03,20,down,Space,1791377327423,101212, 
P04,S03,20,up,Space,1791377327554,101212, 
P04,S03,20,down,KeyA,1791377327697.1,101213,a
P04,S03,20,up,KeyA,1791377327820.6,101213,a
P04,S03,20,down,Space,1791377327871.8,101214, 
P04,S03,20,up,Space,1791377327963.6,101214, 
P04,S03,20,down,KeyW,1791377328407.4,101215,w
P04,S03,20,up,KeyW,1791377328562.9,101215,w
P04,S03,20,down,KeyA,1791377328665.2,101216,a
P04,S03,20,up,KeyA,1791377328789.7,101216,a
P04,S03,20,down,KeyY,1791377329782,101217,y
P04,S03,20,up,KeyY,1791377329879.9,101217,y
P04,S03,20,down,Space,1791377330770.8,101218, 
P04,S03,20,up,Space,1791377330893.1,101218, 
P04,S03,20,down,KeyT,1791377331102.3,101219,t
P04,S03,20,up,KeyT,1791377331247.8,101219,t
P04,S03,20,down,KeyO,1791377331263.8,101220,o
P04,S03,20,up,KeyO,1791377331355.7,101220,o
P04,S03,20,down,Space,1791377331504.6,101221, 
P04,S03,20,up,Space,1791377331607.8,101221, 
P04,S03,20,down,KeyS,1791377331809.8,101222,s
P04,S03,20,up,KeyS,1791377331917.9,101222,s
P04,S03,20,down,KeyT,1791377332194.1,101223,t
P04,S03,20,up,KeyT,1791377332312.6,101223,t
P04,S03,20,down,KeyA,1791377332352.1,101224,a
P04,S03,20,up,KeyA,1791377332470.8,101224,a
P04,S03,20,down,KeyY,1791377332698.6,101225,y
P04,S03,20,up,KeyY,1791377332790.8,101225,y
P04,S03,20,down,Space,1791377332906.2,101226, 
P04,S03,20,up,Space,1791377333014,101226, 
P04,S03,20,down,KeyH,1791377333540.6,101227,h
P04,S03,20,down,KeyE,1791377333642.7,101228,e
P04,S03,20,up,KeyH,1791377333645.8,101227,h
P04,S03,20,up,KeyE,1791377333750.8,101228,e
P04,S03,20,down,KeyR,1791377333803,101229,r
P04,S03,20,up,KeyR,1791377333915.3,101229,r
P04,S03,20,down,KeyE,1791377333937.3,101230,e
P04,S03,20,down,Space,1791377334064.8,101231, 
P04,S03,20,up,KeyE,1791377334076.2,101230,e
P04,S03,20,up,Space,1791377334178.5,101231, 
P04,S03,20,down,KeyA,1791377334759.7,101232,a
P04,S03,20,up,KeyA,1791377334914.9,101232,a
P04,S03,20,down,Backspace,1791377335240.2,101233,Backspace
P04,S03,20,up,Backspace,1791377335365.1,101233,Backspace
P04,S03,20,down,Comma,1791377335612.2,101234,","
P04,S03,20,up,Comma,1791377335742,101234,","
P04,S03,20,down,KeyA,1791377335853,101235,a
P04,S03,20,up,KeyA,1791377336004.2,101235,a
P04,S03,20,down,KeyY,1791377336028.5,101236,y
P04,S03,20,up,KeyY,1791377336125.8,101236,y
P04,S03,20,down,KeyB,1791377336227.6,101237,b
P04,S03,20,up,KeyB,1791377336329.5,101237,b
P04,S03,20,down,KeyE,1791377336374.4,101238,e
P04,S03,20,down,Space,1791377336464.3,101239, 
P04,S03,20,up,KeyE,1791377336514.5,101238,e
P04,S03,20,up,Space,1791377336556.3,101239, 
P04,S03,20,down,KeyF,1791377336805.7,101240,f
P04,S03,20,up,KeyF,1791377336967.3,101240,f
P04,S03,20,down,KeyO,1791377336972.3,101241,o
P04,S03,20,up,KeyO,1791377337085.7,101241,o
P04,S03,20,down,KeyR,1791377337102.2,101242,r
P04,S03,20,up,KeyR,1791377337246,101242,r
P04,S03,20,down,Space,1791377337264.8,101243, 
P04,S03,20,up,Space,1791377337342.6,101243, 
P04,S03,20,down,KeyP,1791377337731.5,101244,p
P04,S03,20,up,KeyP,1791377337820.6,101244,p
P04,S03,20,down,KeyH,1791377338208.3,101245,h
P04,S03,20,up,KeyH,1791377338304.7,101245,h
P04,S03,20,down,KeyD,1791377338560,101246,d
P04,S03,20,down,Enter,1791377338700.7,101247,Enter
P04,S03,20,up,KeyD,1791377338727.2,101246,d
P04,S03,20,up,Enter,1791377338804,101247,Enter
P04,S03,21,down,KeyY,1791377350879.6,101248,y
P04,S03,21,up,KeyY,1791377350992.1,101248,y
P04,S03,21,down,KeyE,1791377351083.5,101249,e
P04,S03,21,up,KeyE,1791377351220.9,101249,e
P04,S03,21,down,KeyA,1791377351274.9,101250,a
P04,S03,21,down,KeyH,1791377351424.7,101251,h
P04,S03,21,up,KeyA,1791377351447.7,101250,a
P04,S03,21,up,KeyH,1791377351512.5,101251,h
P04,S03,21,down,Space,1791377351588.6,101252, 
P04,S03,21,up,Space,1791377351701.4,101252, 
P04,S03,21,down,KeyI,1791377351822.1,101253,i
P04,S03,21,up,KeyI,1791377351930.1,101253,i
P04,S03,21,down,Space,1791377352030.9,101254, 
P04,S03,21,up,Space,1791377352122.8,101254, 
P04,S03,21,down,KeyF,1791377352196.7,101255,f
P04,S03,21,up,KeyF,1791377352321.3,101255,f
P04,S03,21,down,KeyE,1791377352379.3,101256,e
P04,S03,21,up,KeyE,1791377352508.5,101256,e
P04,S03,21,down,KeyE,1791377352697.9,101257,e
P04,S03,21,up,KeyE,1791377352816.8,101257,e
P04,S03,21,down,KeyL,1791377352877.4,101258,l
P04,S03,21,up,KeyL,1791377352965,101258,l
P04,S03,21,down,Space,1791377353066.8,101259, 
P04,S03,21,up,Space,1791377353164.7,101259, 
P04,S03,21,down,KeyL,1791377353283.5,101260,l
P04,S03,21,up,KeyL,1791377353370.8,101260,l
P04,S03,21,down,KeyI,1791377353454.1,101261,i
P04,S03,21,up,KeyI,1791377353533.5,101261,i
P04,S03,21,down,KeyK,1791377353619.3,101262,k
P04,S03,21,up,KeyK,1791377353733.9,101262,k
P04,S03,21,down,KeyE,1791377353762.1,101263,e
P04,S03,21,down,Space,1791377353859.4,101264, 
P04,S03,21,up,KeyE,1791377353917.6,101263,e
P04,S03,21,up,Space,1791377353982.4,101264, 
P04,S03,21,down,KeyI,1791377354071.2,101265,i
P04,S03,21,up,KeyI,1791377354187.9,101265,i
P04,S03,21,down,KeyT,1791377354276.9,101266,t
P04,S03,21,up,KeyT,1791377354390.6,101266,t
P04,S03,21,down,Space,1791377354413.2,101267, 
P04,S03,21,up,Space,1791377354526.6,101267, 
P04,S03,21,down,KeyT,1791377354820.2,101268,t
P04,S03,21,up,KeyT,1791377354909,101268,t
P04,S03,21,down,KeyO,1791377354957.3,101269,o
P04,S03,21,up,KeyO,1791377355080.2,101269,o
P04,S03,21,down,KeyO,1791377355117.1,101270,o
P04,S03,21,up,KeyO,1791377355197.7,101270,o
P04,S03,21,down,Space,1791377355497.2,101271, 
P04,S03,21,up,Space,1791377355600,101271, 
P04,S03,21,down,KeyM,1791377355725.1,101272,m
P04,S03,21,up,KeyM,1791377355806.3,101272,m
P04,S03,21,down,KeyU,1791377355909.9,101273,u
P04,S03,21,up,KeyU,1791377356012.9,101273,u
P04,S03,21,down,KeyC,1791377357070.7,101274,c
P04,S03,21,down,KeyH,1791377357190.8,101275,h
P04,S03,21,up,KeyC,1791377357207,101274,c
P04,S03,21,up,KeyH,1791377357280.4,101275,h
P04,S03,21,down,Space,1791377357378.2,101276, 
P04,S03,21,up,Space,1791377357469.5,101276, 
P04,S03,21,down,KeyF,1791377357920.8,101277,f
P04,S03,21,down,KeyO,1791377358038.2,101278,o
P04,S03,21,up,KeyF,1791377358076.8,101277,f
P04,S03,21,up,KeyO,1791377358162.5,101278,o
P04,S03,21,down,KeyR,1791377358203,101279,r
P04,S03,21,up,KeyR,1791377358316.4,101279,r
P04,S03,21,down,Space,1791377358360.3,101280, 
P04,S03,21,up,Space,1791377358451.4,101280, 
P04,S03,21,down,Comma,1791377359062.8,101281,","
P04,S03,21,up,Comma,1791377359246.4,101281,","
P04,S03,21,down,Backspace,1791377359652.9,101282,Backspace
P04,S03,21,up,Backspace,1791377359767.6,101282,Backspace
P04,S03,21,down,Comma,1791377360006.2,101283,","
P04,S03,21,up,Comma,1791377360076.9,101283,","
P04,S03,21,down,KeyM,1791377360339.4,101284,m
P04,S03,21,up,KeyM,1791377360491.7,101284,m
P04,S03,21,down,Backspace,1791377360626.2,101285,Backspace
P04,S03,21,up,Backspace,1791377360751.6,101285,Backspace
P04,S03,21,down,Backspace,1791377360797.3,101286,Backspace
P04,S03,21,up,Backspace,1791377360900.8,101286,Backspace
P04,S03,21,down,KeyM,1791377361086.4,101287,m
P04,S03,21,up,KeyM,1791377361180,101287,m
P04,S03,21,down,KeyY,1791377361319.6,101288,y
P04,S03,21,up,KeyY,1791377361438,101288,y
P04,S03,21,down,Space,1791377361577.5,101289, 
P04,S03,21,up,Space,1791377361679.8,101289, 
P04,S03,21,down,Numpad2,1791377362068.8,101290,2
P04,S03,21,up,Numpad2,1791377362209,101290,2
P04,S03,21,down,Numpad2,1791377362240.8,101291,2
P04,S03,21,up,Numpad2,1791377362355.9,101291,2
P04,S03,21,down,Space,1791377362696.4,101292, 
P04,S03,21,up,Space,1791377362805.2,101292, 
P04,S03,21,down,KeyY,1791377363003.1,101293,y
P04,S03,21,up,KeyY,1791377363126.1,101293,y
P04,S03,21,down,KeyE,1791377363149,101294,e
P04,S03,21,up,KeyE,1791377363306.7,101294,e
P04,S03,21,down,KeyA,1791377363385.2,101295,a
P04,S03,21,up,KeyA,1791377363520.1,101295,a
P04,S03,21,down,KeyR,1791377363646.2,101296,r
P04,S03,21,up,KeyR,1791377363737.5,101296,r
P04,S03,21,down,KeyS,1791377363858.7,101297,s
P04,S03,21,up,KeyS,1791377363946.1,101297,s
P04,S03,21,down,Space,1791377364030.9,101298, 
P04,S03,21,up,Space,1791377364129.3,101298, 
P04,S03,21,down,KeyO,1791377364347.8,101299,o
P04,S03,21,up,KeyO,1791377364445.3,101299,o
P04,S03,21,down,KeyL,1791377364530.4,101300,l
P04,S03,21,up,KeyL,1791377364626.9,101300,l
P04,S03,21,down,KeyD,1791377364797.7,101301,d
P04,S03,21,up,KeyD,1791377364884.6,101301,d
P04,S03,21,down,KeyD,1791377364894.9,101302,d
P04,S03,21,up,KeyD,1791377364961,101302,d
P04,S03,21,down,Space,1791377365318.4,101303, 
P04,S03,21,up,Space,1791377365404,101303, 
P04,S03,21,down,KeyA,1791377365489.9,101304,a
P04,S03,21,up,KeyA,1791377365624.1,101304,a
P04,S03,21,down,KeyH,1791377365642.4,101305,h
P04,S03,21,up,KeyH,1791377365739.3,101305,h
P04,S03,21,down,KeyA,1791377365779.4,101306,a
P04,S03,21,up,KeyA,1791377365864.2,101306,a
P04,S03,21,down,KeyH,1791377365902,101307,h
P04,S03,21,up,KeyH,1791377365979,101307,h
P04,S03,21,down,KeyA,1791377365997,101308,a
P04,S03,21,up,KeyA,1791377366131.3,101308,a
P04,S03,21,down,KeyH,1791377366179.9,101309,h
P04,S03,21,up,KeyH,1791377366245.9,101309,h
P04,S03,21,down,KeyA,1791377366315.5,101310,a
P04,S03,21,up,KeyA,1791377366423.5,101310,a
P04,S03,21,down,Space,1791377367263.2,101311, 
P04,S03,21,up,Space,1791377367398.9,101311, 
P04,S03,21,down,KeyD,1791377368195.3,101312,d
P04,S03,21,down,KeyO,1791377368295.9,101313,o
P04,S03,21,up,KeyD,1791377368329.7,101312,d
P04,S03,21,up,KeyO,1791377368389.9,101313,o
P04,S03,21,down,Space,1791377368530.7,101314, 
P04,S03,21,up,Space,1791377368640.1,101314, 
P04,S03,21,down,KeyY,1791377368707.3,101315,y
P04,S03,21,down,KeyO,1791377368809.1,101316,o
P04,S03,21,up,KeyY,1791377368843,101315,y
P04,S03,21,up,KeyO,1791377368928.7,101316,o
P04,S03,21,down,KeyU,1791377369054.2,101317,u
P04,S03,21,up,KeyU,1791377369157.9,101317,u
P04,S03,21,down,Space,1791377369309.2,101318, 
P04,S03,21,up,Space,1791377369416,101318, 
P04,S03,21,down,KeyT,1791377369833.5,101319,t
P04,S03,21,up,KeyT,1791377369935.7,101319,t
P04,S03,21,down,KeyH,1791377369954.4,101320,h
P04,S03,21,up,KeyH,1791377370073.6,101320,h
P04,S03,21,down,KeyI,1791377370236,101321,i
P04,S03,21,up,KeyI,1791377370334.1,101321,i
P04,S03,21,down,KeyN,1791377370451.2,101322,n
P04,S03,21,up,KeyN,1791377370542.7,101322,n
P04,S03,21,down,KeyK,1791377370622.2,101323,k
P04,S03,21,up,KeyK,1791377370722.1,101323,k
P04,S03,21,down,Space,1791377370797.5,101324, 
P04,S03,21,up,Space,1791377370895.6,101324, 
P04,S03,21,down,KeyI,1791377371633.9,101325,i
P04,S03,21,up,KeyI,1791377371738.2,101325,i
P04,S03,21,down,KeyM,1791377372291.3,101326,m
P04,S03,21,up,KeyM,1791377372412.1,101326,m
P04,S03,21,down,Space,1791377372508.5,101327, 
P04,S03,21,up,Space,1791377372596.3,101327, 
P04,S03,21,down,KeyT,1791377373005.7,101328,t
P04,S03,21,up,KeyT,1791377373097,101328,t
P04,S03,21,down,KeyO,1791377373139.3,101329,o
P04,S03,21,up,KeyO,1791377373222.5,101329,o
P04,S03,21,down,KeyO,1791377373249,101330,o
P04,S03,21,up,KeyO,1791377373373.6,101330,o
P04,S03,21,down,KeyA,1791377373661.6,101331,a
P04,S03,21,up,KeyA,1791377373787,101331,a
P04,S03,21,down,KeyC,1791377373922.5,101332,c
P04,S03,21,up,KeyC,1791377374064.8,101332,c
P04,S03,21,down,KeyT,1791377374147.9,101333,t
P04,S03,21,up,KeyT,1791377374278.5,101333,t
P04,S03,21,down,KeyI,1791377374347.5,101334,i
P04,S03,21,up,KeyI,1791377374468.8,101334,i
P04,S03,21,down,KeyV,1791377375079.6,101335,v
P04,S03,21,up,KeyV,1791377375188,101335,v
P04,S03,21,down,KeyE,1791377375234.1,101336,e
P04,S03,21,up,KeyE,1791377375363.6,101336,e
P04,S03,21,down,ShiftLeft,1791377375736.8,101337,Shift
P04,S03,21,down,AltLeft,1791377375902.8,101338,Alt
P04,S03,21,up,AltLeft,1791377376013.7,101338,Alt
P04,S03,21,up,ShiftLeft,1791377376049.4,101337,Shift
P04,S03,21,down,ShiftLeft,1791377376204.6,101339,Shift
P04,S03,21,down,Slash,1791377376650.4,101340,_
P04,S03,21,up,Slash,1791377376762.9,101340,_
P04,S03,21,up,ShiftLeft,1791377376843.9,101339,Shift
P04,S03,21,down,Backspace,1791377377829.8,101341,Backspace
P04,S03,21,up,Backspace,1791377377905.9,101341,Backspace
P04,S03,21,down,ShiftLeft,1791377378041.7,101342,Shift
P04,S03,21,down,Comma,1791377378406.5,101343,?
P04,S03,21,up,Comma,1791377378514.3,101343,?
P04,S03,21,up,ShiftLeft,1791377378579.1,101342,Shift
P04,S03,21,down,Space,1791377378861,101344, 
P04,S03,21,up,Space,1791377378942.6,101344, 
P04,S03,21,down,ShiftLeft,1791377379062.5,101345,Shift
P04,S03,21,down,AltLeft,1791377379212.6,101346,Alt
P04,S03,21,up,ShiftLeft,1791377379278.7,101345,Shift
P04,S03,21,up,AltLeft,1791377379326.1,101346,Alt
P04,S03,21,down,ShiftLeft,1791377379385.6,101347,Shift
P04,S03,21,down,AltLeft,1791377379663.8,101348,Alt
P04,S03,21,up,AltLeft,1791377379838.4,101348,Alt
P04,S03,21,up,ShiftLeft,1791377379912.4,101347,Shift
P04,S03,21,down,Enter,1791377384820.4,101349,Enter
P04,S03,21,up,Enter,1791377384904.7,101349,Enter
P04,S03,22,down,KeyI,1791377410726.1,101350,i
P04,S03,22,up,KeyI,1791377410823.8,101350,i
P04,S03,22,down,Space,1791377410926,101351, 
P04,S03,22,up,Space,1791377411031.5,101351, 
P04,S03,22,down,KeyD,1791377411067.3,101352,d
P04,S03,22,up,KeyD,1791377411208.9,101352,d
P04,S03,22,down,KeyP,1791377411583.8,101353,p
P04,S03,22,up,KeyP,1791377411673.8,101353,p
P04,S03,22,down,KeyN,1791377411935.6,101354,n
P04,S03,22,up,KeyN,1791377412054.1,101354,n
P04,S03,22,down,KeyT,1791377412085.7,101355,t
P04,S03,22,up,KeyT,1791377412197.7,101355,t
P04,S03,22,down,Space,1791377412226.6,101356, 
P04,S03,22,up,Space,1791377412313.5,101356, 
P04,S03,22,down,Backspace,1791377412593.8,101357,Backspace
P04,S03,22,up,Backspace,1791377412696.6,101357,Backspace
P04,S03,22,down,Backspace,1791377412742.3,101358,Backspace
P04,S03,22,up,Backspace,1791377412852,101358,Backspace
P04,S03,22,down,Backspace,1791377412884,101359,Backspace
P04,S03,22,up,Backspace,1791377412975.3,101359,Backspace
P04,S03,22,down,Backspace,1791377413007,101360,Backspace
P04,S03,22,up,Backspace,1791377413131.8,101360,Backspace
P04,S03,22,down,KeyO,1791377413482.5,101361,o
P04,S03,22,up,KeyO,1791377413576.3,101361,o
P04,S03,22,down,KeyN,1791377413700.2,101362,n
P04,S03,22,up,KeyN,1791377413802.4,101362,n
P04,S03,22,down,KeyT,1791377414252.9,101363,t
P04,S03,22,up,KeyT,1791377414395,101363,t
P04,S03,22,down,Space,1791377414415.7,101364, 
P04,S03,22,up,Space,1791377414507.8,101364, 
P04,S03,22,down,KeyK,1791377414696.5,101365,k
P04,S03,22,up,KeyK,1791377414790,101365,k
P04,S03,22,down,KeyN,1791377414873.6,101366,n
P04,S03,22,up,KeyN,1791377414967.1,101366,n
P04,S03,22,down,KeyO,1791377415056.1,101367,o
P04,S03,22,up,KeyO,1791377415170.7,101367,o
P04,S03,22,down,KeyW,1791377415439.3,101368,w
P04,S03,22,up,KeyW,1791377415563.4,101368,w
P04,S03,22,down,Space,1791377415770.5,101369, 
P04,S03,22,up,Space,1791377415879.4,101369, 
P04,S03,22,down,KeyA,1791377415981.7,101370,a
P04,S03,22,down,KeyC,1791377416111.7,101371,c
P04,S03,22,up,KeyA,1791377416113.4,101370,a
P04,S03,22,up,KeyC,1791377416204,101371,c
P04,S03,22,down,KeyC,1791377416250.5,101372,c
P04,S03,22,up,KeyC,1791377416354.3,101372,c
P04,S03,22,down,KeyT,1791377416604.1,101373,t
P04,S03,22,up,KeyT,1791377416718,101373,t
P04,S03,22,down,KeyU,1791377416829.4,101374,u
P04,S03,22,up,KeyU,1791377416927,101374,u
P04,S03,22,down,KeyA,1791377417004.5,101375,a
P04,S03,22,up,KeyA,1791377417150.3,101375,a
P04,S03,22,down,KeyL,1791377417215.8,101376,l
P04,S03,22,up,KeyL,1791377417335,101376,l
P04,S03,22,down,KeyL,1791377417383.1,101377,l
P04,S03,22,up,KeyL,1791377417496.5,101377,l
P04,S03,22,down,KeyZ,1791377417795.1,101378,z
P04,S03,22,up,KeyZ,1791377417946,101378,z
P04,S03,22,down,Backspace,1791377418333.8,101379,Backspace
P04,S03,22,up,Backspace,1791377418496.1,101379,Backspace
P04,S03,22,down,KeyY,1791377418699,101380,y
P04,S03,22,down,Space,1791377418870.1,101381, 
P04,S03,22,up,KeyY,1791377418882.3,101380,y
P04,S03,22,up,Space,1791377418979.7,101381, 
P04,S03,22,down,KeyI,1791377419268.6,101382,i
P04,S03,22,up,KeyI,1791377419382,101382,i
P04,S03,22,down,KeyT,1791377419554.5,101383,t
P04,S03,22,up,KeyT,1791377419705.3,101383,t
P04,S03,22,down,Space,1791377419724.1,101384, 
P04,S03,22,up,Space,1791377419836.4,101384, 
P04,S03,22,down,KeyW,1791377419910.1,101385,w
P04,S03,22,down,KeyO,1791377420055.7,101386,o
P04,S03,22,up,KeyW,1791377420086.6,101385,w
P04,S03,22,up,KeyO,1791377420152.8,101386,o
P04,S03,22,down,KeyU,1791377420236.6,101387,u
P04,S03,22,up,KeyU,1791377420335.5,101387,u
P04,S03,22,down,KeyL,1791377420450.6,101388,l
P04,S03,22,up,KeyL,1791377420560,101388,l
P04,S03,22,down,KeyD,1791377420625.6,101389,d
P04,S03,22,down,Space,1791377420739.2,101390, 
P04,S03,22,up,KeyD,1791377420766.4,101389,d
P04,S03,22,up,Space,1791377420836.5,101390, 
P04,S03,22,down,KeyB,1791377421249.1,101391,b
P04,S03,22,up,KeyB,1791377421346.7,101391,b
P04,S03,22,down,KeyE,1791377421374.2,101392,e
P04,S03,22,down,Space,1791377421461.1,101393, 
P04,S03,22,up,KeyE,1791377421514.8,101392,e
P04,S03,22,up,Space,1791377421580.4,101393, 
P04,S03,22,down,KeyN,1791377422001.2,101394,n
P04,S03,22,up,KeyN,1791377422100.7,101394,n
P04,S03,22,down,KeyI,1791377422176.4,101395,i
P04,S03,22,up,KeyI,1791377422274.4,101395,i
P04,S03,22,down,KeyC,1791377422540.3,101396,c
P04,S03,22,up,KeyC,1791377422677.4,101396,c
P04,S03,22,down,KeyE,1791377422707.1,101397,e
P04,S03,22,down,Space,1791377422826.6,101398, 
P04,S03,22,up,KeyE,1791377422841.4,101397,e
P04,S03,22,up,Space,1791377422943.9,101398, 
P04,S03,22,down,KeyT,1791377422986.3,101399,t
P04,S03,22,down,KeyO,1791377423121.9,101400,o
P04,S03,22,up,KeyT,1791377423122.5,101399,t
P04,S03,22,up,KeyO,1791377423239.1,101400,o
P04,S03,22,down,Space,1791377423337.8,101401, 
P04,S03,22,up,Space,1791377423438.6,101401, 
P04,S03,22,down,KeyS,1791377423644,101402,s
P04,S03,22,down,KeyT,1791377423765.7,101403,t
P04,S03,22,up,KeyS,1791377423777.5,101402,s
P04,S03,22,up,KeyT,1791377423863.7,101403,t
P04,S03,22,down,KeyA,1791377423923.3,101404,a
P04,S03,22,up,KeyA,1791377424036.3,101404,a
P04,S03,22,down,KeyY,1791377424075.1,101405,y
P04,S03,22,up,KeyY,1791377424174.3,101405,y
P04,S03,22,down,Space,1791377424613.4,101406, 
P04,S03,22,up,Space,1791377424733.5,101406, 
P04,S03,22,down,KeyA,1791377424852.2,101407,a
P04,S03,22,up,KeyA,1791377424971,101407,a
P04,S03,22,down,KeyN,1791377424987.5,101408,n
P04,S03,22,up,KeyN,1791377425079.8,101408,n
P04,S03,22,down,KeyD,1791377425190.5,101409,d
P04,S03,22,down,Space,1791377425329.5,101410, 
P04,S03,22,up,KeyD,1791377425331.7,101409,d
P04,S03,22,up,Space,1791377425454.5,101410, 
P04,S03,22,down,KeyL,1791377425759,101411,l
P04,S03,22,up,KeyL,1791377425872.5,101411,l
P04,S03,22,down,KeyI,1791377425977.6,101412,i
P04,S03,22,up,KeyI,1791377426069.3,101412,i
P04,S03,22,down,KeyV,1791377426243.2,101413,v
P04,S03,22,up,KeyV,1791377426340.9,101413,v
P04,S03,22,down,KeyE,1791377426367.3,101414,e
P04,S03,22,up,KeyE,1791377426496.5,101414,e
P04,S03,22,down,Space,1791377426500.2,101415, 
P04,S03,22,up,Space,1791377426603.3,101415, 
P04,S03,22,down,KeyS,1791377426714.9,101416,s
P04,S03,22,up,KeyS,1791377426816.1,101416,s
P04,S03,22,down,KeyO,1791377426890.5,101417,o
P04,S03,22,up,KeyO,1791377426989.3,101417,o
P04,S03,22,down,KeyM,1791377427133.9,101418,m
P04,S03,22,up,KeyM,1791377427259,101418,m
P04,S03,22,down,KeyE,1791377427328.1,101419,e
P04,S03,22,up,KeyE,1791377427463.4,101419,e
P04,S03,22,down,KeyW,1791377427553.1,101420,w
P04,S03,22,up,KeyW,1791377427713.9,101420,w
P04,S03,22,down,KeyH,1791377427891.1,101421,h
P04,S03,22,up,KeyH,1791377427998.6,101421,h
P04,S03,22,down,KeyE,1791377428050.2,101422,e
P04,S03,22,up,KeyE,1791377428180.3,101422,e
P04,S03,22,down,KeyR,1791377428250.1,101423,r
P04,S03,22,up,KeyR,1791377428364.3,101423,r
P04,S03,22,down,KeyE,1791377428456.2,101424,e
P04,S03,22,down,Space,1791377428563.3,101425, 
P04,S03,22,up,KeyE,1791377428596.8,101424,e
P04,S03,22,up,Space,1791377428688.3,101425, 
P04,S03,22,down,KeyB,1791377428912.8,101426,b
P04,S03,22,up,KeyB,1791377428995.1,101426,b
P04,S03,22,down,KeyU,1791377429107.8,101427,u
P04,S03,22,up,KeyU,1791377429211.1,101427,u
P04,S03,22,down,KeyT,1791377429304.2,101428,t
P04,S03,22,down,Space,1791377429445.1,101429, 
P04,S03,22,up,KeyT,1791377429457.8,101428,t
P04,S03,22,up,Space,1791377429558.3,101429, 
P04,S03,22,down,KeyI,1791377429671.1,101430,i
P04,S03,22,up,KeyI,1791377429775.9,101430,i
P04,S03,22,down,Space,1791377429877,101431, 
P04,S03,22,up,Space,1791377429990.3,101431, 
P04,S03,22,down,KeyD,1791377430394.2,101432,d
P04,S03,22,down,KeyO,1791377430473.9,101433,o
P04,S03,22,up,KeyD,1791377430544.7,101432,d
P04,S03,22,up,KeyO,1791377430580.5,101433,o
P04,S03,22,down,KeyN,1791377430679.4,101434,n
P04,S03,22,up,KeyN,1791377430808.3,101434,n
P04,S03,22,down,KeyT,1791377430913.4,101435,t
P04,S03,22,up,KeyT,1791377431070,101435,t
P04,S03,22,down,Space,1791377431282.9,101436, 
P04,S03,22,up,Space,1791377431385.6,101436, 
P04,S03,22,down,KeyL,1791377431495.4,101437,l
P04,S03,22,up,KeyL,1791377431604,101437,l
P04,S03,22,down,KeyI,1791377431679.2,101438,i
P04,S03,22,up,KeyI,1791377431776.4,101438,i
P04,S03,22,down,KeyK,1791377431841.3,101439,k
P04,S03,22,up,KeyK,1791377431950.3,101439,k
P04,S03,22,down,KeyE,1791377431959.6,101440,e
P04,S03,22,down,Space,1791377432083,101441, 
P04,S03,22,up,KeyE,1791377432121.5,101440,e
P04,S03,22,up,Space,1791377432174.7,101441, 
P04,S03,22,down,KeyI,1791377432262.2,101442,i
P04,S03,22,up,KeyI,1791377432369.8,101442,i
P04,S03,22,down,KeyT,1791377432463.4,101443,t
P04,S03,22,down,Space,1791377432587.7,101444, 
P04,S03,22,up,KeyT,1791377432604.3,101443,t
P04,S03,22,up,Space,1791377432691.1,101444, 
P04,S03,22,down,KeyA,1791377432980.1,101445,a
P04,S03,22,up,KeyA,1791377433090.6,101445,a
P04,S03,22,down,KeyN,1791377433270.6,101446,n
P04,S03,22,up,KeyN,1791377433454.1,101446,n
P04,S03,22,down,KeyY,1791377433640.1,101447,y
P04,S03,22,up,KeyY,1791377433743.3,101447,y
P04,S03,22,down,KeyW,1791377434417.1,101448,w
P04,S03,22,up,KeyW,1791377434563.1,101448,w
P04,S03,22,down,KeyH,1791377435052.7,101449,h
P04,S03,22,up,KeyH,1791377435143.6,101449,h
P04,S03,22,down,KeyE,1791377435320,101450,e
P04,S03,22,up,KeyE,1791377435454.3,101450,e
P04,S03,22,down,KeyR,1791377435539.6,101451,r
P04,S03,22,up,KeyR,1791377435652.6,101451,r
P04,S03,22,down,KeyE,1791377435733.8,101452,e
P04,S03,22,up,KeyE,1791377435864,101452,e
P04,S03,22,down,Space,1791377438787,101453, 
P04,S03,22,up,Space,1791377438883.9,101453, 
P04,S03,22,down,Backspace,1791377440255.5,101454,Backspace
P04,S03,22,up,Backspace,1791377440389.1,101454,Backspace
P04,S03,22,down,Period,1791377440856.6,101455,.
P04,S03,22,up,Period,1791377440959.7,101455,.
P04,S03,22,down,Space,1791377441800.4,101456, 
P04,S03,22,up,Space,1791377441914.5,101456, 
P04,S03,22,down,KeyI,1791377442009.8,101457,i
P04,S03,22,up,KeyI,1791377442113,101457,i
P04,S03,22,down,Space,1791377442273.3,101458, 
P04,S03,22,up,Space,1791377442392.9,101458, 
P04,S03,22,down,KeyD,1791377442607.5,101459,d
P04,S03,22,down,KeyO,1791377442709.6,101460,o
P04,S03,22,up,KeyD,1791377442758,101459,d
P04,S03,22,up,KeyO,1791377442816.4,101460,o
P04,S03,22,down,KeyN,1791377442913.2,101461,n
P04,S03,22,up,KeyN,1791377443028.7,101461,n
P04,S03,22,down,KeyT,1791377443043.9,101462,t
P04,S03,22,down,Space,1791377443174.3,101463, 
P04,S03,22,up,KeyT,1791377443190.5,101462,t
P04,S03,22,up,Space,1791377443283.6,101463, 
P04,S03,22,down,KeyL,1791377443393,101464,l
P04,S03,22,up,KeyL,1791377443496.4,101464,l
P04,S03,22,down,KeyI,1791377443571.5,101465,i
P04,S03,22,up,KeyI,1791377443685.4,101465,i
P04,S03,22,down,KeyK,1791377443950.2,101466,k
P04,S03,22,up,KeyK,1791377444073.9,101466,k
P04,S03,22,down,KeyE,1791377444109.9,101467,e
P04,S03,22,up,KeyE,1791377444256.2,101467,e
P04,S03,22,down,Space,1791377444271.3,101468, 
P04,S03,22,up,Space,1791377444374.4,101468, 
P04,S03,22,down,KeyS,1791377444468.5,101469,s
P04,S03,22,down,KeyL,1791377444554.1,101470,l
P04,S03,22,up,KeyS,1791377444570.8,101469,s
P04,S03,22,up,KeyL,1791377444645.6,101470,l
P04,S03,22,down,KeyO,1791377444688.3,101471,o
P04,S03,22,up,KeyO,1791377444802.2,101471,o
P04,S03,22,down,KeyV,1791377444946.9,101472,v
P04,S03,22,up,KeyV,1791377445059.6,101472,v
P04,S03,22,down,KeyA,1791377445126.6,101473,a
P04,S03,22,up,KeyA,1791377445239.5,101473,a
P04,S03,22,down,KeyK,1791377445274.2,101474,k
P04,S03,22,up,KeyK,1791377445354.2,101474,k
P04,S03,22,down,KeyI,1791377445400.5,101475,i
P04,S03,22,up,KeyI,1791377445536.7,101475,i
P04,S03,22,down,KeyA,1791377445627.7,101476,a
P04,S03,22,down,Space,1791377445765.8,101477, 
P04,S03,22,up,KeyA,1791377445767,101476,a
P04,S03,22,up,Space,1791377445879.4,101477, 
P04,S03,22,down,KeyA,1791377446360.4,101478,a
P04,S03,22,up,KeyA,1791377446489.1,101478,a
P04,S03,22,down,KeyN,1791377446512.8,101479,n
P04,S03,22,up,KeyN,1791377446614.7,101479,n
P04,S03,22,down,KeyD,1791377446961.8,101480,d
P04,S03,22,up,KeyD,1791377447096.2,101480,d
P04,S03,22,down,Space,1791377447558.6,101481, 
P04,S03,22,up,Space,1791377447660.2,101481, 
P04,S03,22,down,KeyL,1791377447977,101482,l
P04,S03,22,up,KeyL,1791377448107.4,101482,l
P04,S03,22,down,Backspace,1791377448475.8,101483,Backspace
P04,S03,22,up,Backspace,1791377448666.5,101483,Backspace
P04,S03,22,down,KeyS,1791377449143.2,101484,s
P04,S03,22,down,KeyO,1791377449227.6,101485,o
P04,S03,22,up,KeyS,1791377449277,101484,s
P04,S03,22,up,KeyO,1791377449347.3,101485,o
P04,S03,22,down,KeyM,1791377449459,101486,m
P04,S03,22,up,KeyM,1791377449566.9,101486,m
P04,S03,22,down,KeyE,1791377449671.5,101487,e
P04,S03,22,up,KeyE,1791377449806.6,101487,e
P04,S03,22,down,KeyT,1791377449951.3,101488,t
P04,S03,22,up,KeyT,1791377450060.6,101488,t
P04,S03,22,down,KeyI,1791377450254.6,101489,i
P04,S03,22,up,KeyI,1791377450352.2,101489,i
P04,S03,22,down,KeyM,1791377450452.5,101490,m
P04,S03,22,up,KeyM,1791377450580.7,101490,m
P04,S03,22,down,KeyE,1791377450626.7,101491,e
P04,S03,22,up,KeyE,1791377450762.8,101491,e
P04,S03,22,down,KeyS,1791377450840,101492,s
P04,S03,22,down,Space,1791377450979.2,101493, 
P04,S03,22,up,KeyS,1791377450980.9,101492,s
P04,S03,22,up,Space,1791377451082.7,101493, 
P04,S03,22,down,KeyI,1791377451232.6,101494,i
P04,S03,22,up,KeyI,1791377451337.3,101494,i
P04,S03,22,down,Space,1791377451454.2,101495, 
P04,S03,22,up,Space,1791377451551.3,101495, 
P04,S03,22,down,KeyF,1791377451707.1,101496,f
P04,S03,22,up,KeyF,1791377451817.1,101496,f
P04,S03,22,down,KeyE,1791377451919.5,101497,e
P04,S03,22,up,KeyE,1791377452049.5,101497,e
P04,S03,22,down,KeyE,1791377452092.9,101498,e
P04,S03,22,up,KeyE,1791377452196,101498,e
P04,S03,22,down,KeyL,1791377452212.1,101499,l
P04,S03,22,up,KeyL,1791377452304.4,101499,l
P04,S03,22,down,Space,1791377452399.7,101500, 
P04,S03,22,up,Space,1791377452504,101500, 
P04,S03,22,down,KeyL,1791377452620.5,101501,l
P04,S03,22,up,KeyL,1791377452702,101501,l
P04,S03,22,down,KeyI,1791377452779.2,101502,i
P04,S03,22,up,KeyI,1791377452860.4,101502,i
P04,S03,22,down,KeyK,1791377452949.2,101503,k
P04,S03,22,up,KeyK,1791377453057.2,101503,k
P04,S03,22,down,KeyE,1791377453088.7,101504,e
P04,S03,22,down,Space,1791377453169.3,101505, 
P04,S03,22,up,KeyE,1791377453240,101504,e
P04,S03,22,up,Space,1791377453282.4,101505, 
P04,S03,22,down,KeyL,1791377453442.1,101506,l
P04,S03,22,up,KeyL,1791377453559.8,101506,l
P04,S03,22,down,KeyY,1791377453966.2,101507,y
P04,S03,22,down,KeyO,1791377454052.8,101508,o
P04,S03,22,up,KeyY,1791377454117.4,101507,y
P04,S03,22,up,KeyO,1791377454172.4,101508,o
P04,S03,22,down,KeyN,1791377454290,101509,n
P04,S03,22,up,KeyN,1791377454383.1,101509,n
P04,S03,22,down,Space,1791377454437.8,101510, 
P04,S03,22,up,Space,1791377454547.4,101510, 
P04,S03,22,down,KeyI,1791377454648.7,101511,i
P04,S03,22,up,KeyI,1791377454763,101511,i
P04,S03,22,down,KeyS,1791377454826.8,101512,s
P04,S03,22,down,Space,1791377454954.9,101513, 
P04,S03,22,up,KeyS,1791377454963.4,101512,s
P04,S03,22,up,Space,1791377455068.8,101513, 
P04,S03,22,down,KeyT,1791377455217.7,101514,t
P04,S03,22,up,KeyT,1791377455331.9,101514,t
P04,S03,22,down,KeyO,1791377455335.5,101515,o
P04,S03,22,up,KeyO,1791377455439.4,101515,o
P04,S03,22,down,KeyO,1791377455477.3,101516,o
P04,S03,22,up,KeyO,1791377455576.3,101516,o
P04,S03,22,down,Space,1791377455696.8,101517, 
P04,S03,22,up,Space,1791377455805.9,101517, 
P04,S03,22,down,KeyS,1791377455911.3,101518,s
P04,S03,22,up,KeyS,1791377455993.6,101518,s
P04,S03,22,down,KeyM,1791377456046.2,101519,m
P04,S03,22,down,KeyA,1791377456147.6,101520,a
P04,S03,22,up,KeyM,1791377456153.7,101519,m
P04,S03,22,up,KeyA,1791377456294.5,101520,a
P04,S03,22,down,KeyL,1791377456330.3,101521,l
P04,S03,22,up,KeyL,1791377456427.4,101521,l
P04,S03,22,down,KeyL,1791377456474.3,101522,l
P04,S03,22,up,KeyL,1791377456572.7,101522,l
P04,S03,22,down,Space,1791377456673.7,101523, 
P04,S03,22,up,Space,1791377456782.1,101523, 
P04,S03,22,down,KeyF,1791377456938.4,101524,f
P04,S03,22,up,KeyF,1791377457111.6,101524,f
P04,S03,22,down,KeyO,1791377457232.4,101525,o
P04,S03,22,up,KeyO,1791377457362.4,101525,o
P04,S03,22,down,KeyR,1791377457396.4,101526,r
P04,S03,22,up,KeyR,1791377457521.8,101526,r
P04,S03,22,down,Space,1791377457537.6,101527, 
P04,S03,22,up,Space,1791377457630.4,101527, 
P04,S03,22,down,KeyM,1791377457704.4,101528,m
P04,S03,22,up,KeyM,1791377457807.6,101528,m
P04,S03,22,down,KeyE,1791377457895.6,101529,e
P04,S03,22,up,KeyE,1791377458004.2,101529,e
P04,S03,22,down,Space,1791377458749.8,101530, 
P04,S03,22,up,Space,1791377458846.9,101530, 
P04,S03,22,down,KeyI,1791377458956.1,101531,i
P04,S03,22,up,KeyI,1791377459068.9,101531,i
P04,S03,22,down,KeyD,1791377459463.5,101532,d
P04,S03,22,up,KeyD,1791377459556.5,101532,d
P04,S03,22,down,KeyK,1791377459713.7,101533,k
P04,S03,22,up,KeyK,1791377459822.4,101533,k
P04,S03,22,down,ShiftRight,1791377460152.2,101534,Shift
P04,S03,22,up,ShiftRight,1791377460302.5,101534,Shift
P04,S03,22,down,Enter,1791377461083.8,101535,Enter
P04,S03,22,up,Enter,1791377461223.6,101535,Enter
P04,S03,23,down,KeyI,1791377482803.7,101536,i
P04,S03,23,up,KeyI,1791377482912,101536,i
P04,S03,23,down,Space,1791377483029,101537, 
P04,S03,23,up,Space,1791377483138.3,101537, 
P04,S03,23,down,KeyF,1791377483214.3,101538,f
P04,S03,23,up,KeyF,1791377483323.3,101538,f
P04,S03,23,down,KeyE,1791377483441.8,101539,e
P04,S03,23,up,KeyE,1791377483565.5,101539,e
P04,S03,23,down,KeyE,1791377483634,101540,e
P04,S03,23,up,KeyE,1791377483746,101540,e
P04,S03,23,down,KeyL,1791377483757.2,101541,l
P04,S03,23,up,KeyL,1791377483860.1,101541,l
P04,S03,23,down,Space,1791377483978,101542, 
P04,S03,23,up,Space,1791377484103,101542, 
P04,S03,23,down,KeyL,1791377484195.5,101543,l
P04,S03,23,up,KeyL,1791377484298.9,101543,l
P04,S03,23,down,KeyI,1791377484363.3,101544,i
P04,S03,23,up,KeyI,1791377484460.5,101544,i
P04,S03,23,down,KeyK,1791377484530.1,101545,k
P04,S03,23,up,KeyK,1791377484644.1,101545,k
P04,S03,23,down,KeyE,1791377484667.8,101546,e
P04,S03,23,down,Space,1791377484748.8,101547, 
P04,S03,23,up,KeyE,1791377484793.7,101546,e
P04,S03,23,up,Space,1791377484863.3,101547, 
P04,S03,23,down,KeyI,1791377484939.1,101548,i
P04,S03,23,up,KeyI,1791377485064.1,101548,i
P04,S03,23,down,Space,1791377485155.4,101549, 
P04,S03,23,up,Space,1791377485273.3,101549, 
P04,S03,23,down,KeyD,1791377485351.3,101550,d
P04,S03,23,down,KeyO,1791377485421.5,101551,o
P04,S03,23,up,KeyD,1791377485467.6,101550,d
P04,S03,23,up,KeyO,1791377485555.8,101551,o
P04,S03,23,down,KeyN,1791377485658.8,101552,n
P04,S03,23,up,KeyN,1791377485767.9,101552,n
P04,S03,23,down,KeyT,1791377485829,101553,t
P04,S03,23,up,KeyT,1791377485954.4,101553,t
P04,S03,23,down,Space,1791377485957.4,101554, 
P04,S03,23,up,Space,1791377486049.8,101554, 
P04,S03,23,down,KeyF,1791377486355.8,101555,f
P04,S03,23,up,KeyF,1791377486488.2,101555,f
P04,S03,23,down,KeyE,1791377486586.7,101556,e
P04,S03,23,up,KeyE,1791377486728.8,101556,e
P04,S03,23,down,KeyE,1791377486788.6,101557,e
P04,S03,23,up,KeyE,1791377486880.6,101557,e
P04,S03,23,down,KeyL,1791377486921.5,101558,l
P04,S03,23,up,KeyL,1791377487013.3,101558,l
P04,S03,23,down,Space,1791377487096.8,101559, 
P04,S03,23,up,Space,1791377487205,101559, 
P04,S03,23,down,KeyL,1791377487310.8,101560,l
P04,S03,23,up,KeyL,1791377487402,101560,l
P04,S03,23,down,KeyI,1791377487469.8,101561,i
P04,S03,23,up,KeyI,1791377487566,101561,i
P04,S03,23,down,KeyK,1791377487636,101562,k
P04,S03,23,up,KeyK,1791377487742.7,101562,k
P04,S03,23,down,KeyE,1791377487761.7,101563,e
P04,S03,23,down,Space,1791377487857.8,101564, 
P04,S03,23,up,KeyE,1791377487884.7,101563,e
P04,S03,23,up,Space,1791377487970.7,101564, 
P04,S03,23,down,KeyI,1791377488081.8,101565,i
P04,S03,23,up,KeyI,1791377488187.8,101565,i
P04,S03,23,down,KeyM,1791377488284.1,101566,m
P04,S03,23,up,KeyM,1791377488386.7,101566,m
P04,S03,23,down,Space,1791377488456.5,101567, 
P04,S03,23,up,Space,1791377488560,101567, 
P04,S03,23,down,KeyA,1791377488796.8,101568,a
P04,S03,23,up,KeyA,1791377488927,101568,a
P04,S03,23,down,KeyT,1791377489090.4,101569,t
P04,S03,23,up,KeyT,1791377489225.5,101569,t
P04,S03,23,down,Space,1791377489243.1,101570, 
P04,S03,23,up,Space,1791377489346.5,101570, 
P04,S03,23,down,KeyH,1791377489509.1,101571,h
P04,S03,23,up,KeyH,1791377489603,101571,h
P04,S03,23,down,KeyO,1791377489712,101572,o
P04,S03,23,up,KeyO,1791377489824.2,101572,o
P04,S03,23,down,KeyM,1791377489895.7,101573,m
P04,S03,23,up,KeyM,1791377490003.3,101573,m
P04,S03,23,down,KeyE,1791377490050.2,101574,e
P04,S03,23,up,KeyE,1791377490162.8,101574,e
P04,S03,23,down,Space,1791377490167.5,101575, 
P04,S03,23,up,Space,1791377490264.9,101575, 
P04,S03,23,down,KeyA,1791377490361.2,101576,a
P04,S03,23,up,KeyA,1791377490490.9,101576,a
P04,S03,23,down,KeyN,1791377490526.7,101577,n
P04,S03,23,up,KeyN,1791377490619.9,101577,n
P04,S03,23,down,KeyY,1791377490938.3,101578,y
P04,S03,23,up,KeyY,1791377491078.3,101578,y
P04,S03,23,down,KeyW,1791377491888.8,101579,w
P04,S03,23,down,KeyH,1791377492019.7,101580,h
P04,S03,23,up,KeyW,1791377492046.2,101579,w
P04,S03,23,up,KeyH,1791377492142.5,101580,h
P04,S03,23,down,KeyE,1791377492214.3,101581,e
P04,S03,23,up,KeyE,1791377492300.8,101581,e
P04,S03,23,down,KeyR,1791377492517,101582,r
P04,S03,23,up,KeyR,1791377492630,101582,r
P04,S03,23,down,KeyE,1791377492707.1,101583,e
P04,S03,23,up,KeyE,1791377492832.7,101583,e
P04,S03,23,down,Space,1791377493308.4,101584, 
P04,S03,23,up,Space,1791377493421.9,101584, 
P04,S03,23,down,KeyN,1791377493518.1,101585,n
P04,S03,23,up,KeyN,1791377493616.4,101585,n
P04,S03,23,down,KeyO,1791377494049.3,101586,o
P04,S03,23,up,KeyO,1791377494143.2,101586,o
P04,S03,23,down,KeyW,1791377494229.8,101587,w
P04,S03,23,up,KeyW,1791377494384.5,101587,w
P04,S03,23,down,Period,1791377494624.2,101588,.
P04,S03,23,up,Period,1791377494748.6,101588,.
P04,S03,23,down,Space,1791377495157.4,101589, 
P04,S03,23,up,Space,1791377495302.5,101589, 
P04,S03,23,down,KeyI,1791377495447.8,101590,i
P04,S03,23,up,KeyI,1791377495573.8,101590,i
P04,S03,23,down,Space,1791377495774.7,101591, 
P04,S03,23,up,Space,1791377495884.6,101591, 
P04,S03,23,down,KeyC,1791377496408.5,101592,c
P04,S03,23,up,KeyC,1791377496532.8,101592,c
P04,S03,23,down,KeyH,1791377496550.5,101593,h
P04,S03,23,up,KeyH,1791377496681.1,101593,h
P04,S03,23,down,KeyA,1791377496951.1,101594,a
P04,S03,23,up,KeyA,1791377497123.9,101594,a
P04,S03,23,down,KeyN,1791377497273,101595,n
P04,S03,23,up,KeyN,1791377497387.8,101595,n
P04,S03,23,down,KeyG,1791377499242.7,101596,g
P04,S03,23,up,KeyG,1791377499367.9,101596,g
P04,S03,23,down,KeyE,1791377499414.7,101597,e
P04,S03,23,up,KeyE,1791377499574.3,101597,e
P04,S03,23,down,KeyD,1791377499622.6,101598,d
P04,S03,23,up,KeyD,1791377499752.8,101598,d
P04,S03,23,down,Space,1791377499798,101599, 
P04,S03,23,up,Space,1791377499923.3,101599, 
P04,S03,23,down,KeyT,1791377500030.7,101600,t
P04,S03,23,up,KeyT,1791377500160.4,101600,t
P04,S03,23,down,KeyO,1791377500204.8,101601,o
P04,S03,23,up,KeyO,1791377500334,101601,o
P04,S03,23,down,KeyO,1791377500376.5,101602,o
P04,S03,23,up,KeyO,1791377500485,101602,o
P04,S03,23,down,Space,1791377500606.6,101603, 
P04,S03,23,up,Space,1791377500709.2,101603, 
P04,S03,23,down,KeyM,1791377500769.7,101604,m
P04,S03,23,up,KeyM,1791377500875.9,101604,m
P04,S03,23,down,KeyA,1791377500972.7,101605,a
P04,S03,23,up,KeyA,1791377501117.4,101605,a
P04,S03,23,down,KeyN,1791377501162.6,101606,n
P04,S03,23,up,KeyN,1791377501292,101606,n
P04,S03,23,down,KeyY,1791377501447.4,101607,y
P04,S03,23,up,KeyY,1791377501578.6,101607,y
P04,S03,23,down,Space,1791377501865,101608, 
P04,S03,23,up,Space,1791377501979.4,101608, 
P04,S03,23,down,KeyC,1791377502431.2,101609,c
P04,S03,23,down,KeyO,1791377502538.4,101610,o
P04,S03,23,up,KeyC,1791377502593.8,101609,c
P04,S03,23,up,KeyO,1791377502663.4,101610,o
P04,S03,23,down,KeyU,1791377502742.7,101611,u
P04,S03,23,up,KeyU,1791377502867.1,101611,u
P04,S03,23,down,KeyN,1791377503268.2,101612,n
P04,S03,23,up,KeyN,1791377503388.7,101612,n
P04,S03,23,down,KeyT,1791377503494.6,101613,t
P04,S03,23,up,KeyT,1791377503614.3,101613,t
P04,S03,23,down,KeyR,1791377503715.1,101614,r
P04,S03,23,up,KeyR,1791377503840.5,101614,r
P04,S03,23,down,KeyI,1791377503843.7,101615,i
P04,S03,23,up,KeyI,1791377503969.8,101615,i
P04,S03,23,down,KeyE,1791377503979.1,101616,e
P04,S03,23,up,KeyE,1791377504125.2,101616,e
P04,S03,23,down,KeyS,1791377504211.4,101617,s
P04,S03,23,down,Space,1791377504351.8,101618, 
P04,S03,23,up,KeyS,1791377504379.3,101617,s
P04,S03,23,up,Space,1791377504470.1,101618, 
P04,S03,23,down,KeyA,1791377504574.8,101619,a
P04,S03,23,down,KeyN,1791377504790.5,101620,n
P04,S03,23,up,KeyA,1791377504824.2,101619,a
P04,S03,23,up,KeyN,1791377504908.5,101620,n
P04,S03,23,down,KeyD,1791377504963.6,101621,d
P04,S03,23,down,Space,1791377505093.4,101622, 
P04,S03,23,up,KeyD,1791377505120.6,101621,d
P04,S03,23,up,Space,1791377505186.3,101622, 
P04,S03,23,down,KeyP,1791377505490.1,101623,p
P04,S03,23,up,KeyP,1791377505609.2,101623,p
P04,S03,23,down,KeyL,1791377505692.6,101624,l
P04,S03,23,up,KeyL,1791377505803,101624,l
P04,S03,23,down,KeyA,1791377505846.3,101625,a
P04,S03,23,up,KeyA,1791377506020.1,101625,a
P04,S03,23,down,KeyV,1791377506025.2,101626,v
P04,S03,23,up,KeyV,1791377506134.4,101626,v
P04,S03,23,down,KeyE,1791377506182.5,101627,e
P04,S03,23,up,KeyE,1791377506306.5,101627,e
P04,S03,23,down,KeyS,1791377506407,101628,s
P04,S03,23,down,Space,1791377506504.9,101629, 
P04,S03,23,up,KeyS,1791377506559.2,101628,s
P04,S03,23,up,Space,1791377506629.3,101629, 
P04,S03,23,down,KeyD,1791377506721.5,101630,d
P04,S03,23,up,KeyD,1791377506843.3,101630,d
P04,S03,23,down,Backspace,1791377507156.2,101631,Backspace
P04,S03,23,up,Backspace,1791377507290.7,101631,Backspace
P04,S03,23,down,KeyS,1791377507312.1,101632,s
P04,S03,23,down,KeyO,1791377507462.3,101633,o
P04,S03,23,up,KeyS,1791377507470,101632,s
P04,S03,23,up,KeyO,1791377507529,101633,o
P04,S03,23,down,Space,1791377507765.1,101634, 
P04,S03,23,up,Space,1791377507889.2,101634, 
P04,S03,23,down,KeyI,1791377507984.7,101635,i
P04,S03,23,up,KeyI,1791377508104.7,101635,i
P04,S03,23,down,Space,1791377508197,101636, 
P04,S03,23,up,Space,1791377508316.7,101636, 
P04,S03,23,down,KeyF,1791377508430.4,101637,f
P04,S03,23,up,KeyF,1791377508560.2,101637,f
P04,S03,23,down,KeyE,1791377508661.4,101638,e
P04,S03,23,up,KeyE,1791377508790.8,101638,e
P04,S03,23,down,KeyE,1791377508845.9,101639,e
P04,S03,23,down,KeyL,1791377508930.5,101640,l
P04,S03,23,up,KeyE,1791377508964.4,101639,e
P04,S03,23,up,KeyL,1791377509022.2,101640,l
P04,S03,23,down,Space,1791377509112.6,101641, 
P04,S03,23,up,Space,1791377509214.2,101641, 
P04,S03,23,down,KeyL,1791377509299.1,101642,l
P04,S03,23,up,KeyL,1791377509392.2,101642,l
P04,S03,23,down,KeyI,1791377509459.5,101643,i
P04,S03,23,up,KeyI,1791377509558.3,101643,i
P04,S03,23,down,KeyK,1791377509620.3,101644,k
P04,S03,23,up,KeyK,1791377509741.3,101644,k
P04,S03,23,down,KeyE,1791377509784.6,101645,e
P04,S03,23,up,KeyE,1791377509924.8,101645,e
P04,S03,23,down,Space,1791377509962.3,101646, 
P04,S03,23,up,Space,1791377510063.9,101646, 
P04,S03,23,down,KeyI,1791377510601.5,101647,i
P04,S03,23,up,KeyI,1791377510721.5,101647,i
P04,S03,23,down,KeyM,1791377510961.2,101648,m
P04,S03,23,up,KeyM,1791377511060,101648,m
P04,S03,23,down,Space,1791377511136.5,101649, 
P04,S03,23,up,Space,1791377511229.4,101649, 
P04,S03,23,down,KeyA,1791377511383,101650,a
P04,S03,23,down,KeyN,1791377511533.2,101651,n
P04,S03,23,up,KeyA,1791377511566.9,101650,a
P04,S03,23,up,KeyN,1791377511625.4,101651,n
P04,S03,23,down,Space,1791377511707.9,101652, 
P04,S03,23,up,Space,1791377511799.9,101652, 
P04,S03,23,down,KeyI,1791377512271.6,101653,i
P04,S03,23,up,KeyI,1791377512375.1,101653,i
P04,S03,23,down,KeyM,1791377512517.4,101654,m
P04,S03,23,up,KeyM,1791377512605.7,101654,m
P04,S03,23,down,KeyM,1791377512644.6,101655,m
P04,S03,23,up,KeyM,1791377512763.8,101655,m
P04,S03,23,down,KeyI,1791377512843.9,101656,i
P04,S03,23,up,KeyI,1791377512969.2,101656,i
P04,S03,23,down,Backspace,1791377513564.9,101657,Backspace
P04,S03,23,up,Backspace,1791377513694.6,101657,Backspace
P04,S03,23,down,Backspace,1791377513768.3,101658,Backspace
P04,S03,23,up,Backspace,1791377513865.3,101658,Backspace
P04,S03,23,down,Backspace,1791377513942.3,101659,Backspace
P04,S03,23,up,Backspace,1791377514022.5,101659,Backspace
P04,S03,23,down,Backspace,1791377514090.6,101660,Backspace
P04,S03,23,up,Backspace,1791377514179,101660,Backspace
P04,S03,23,down,KeyF,1791377515058.1,101661,f
P04,S03,23,up,KeyF,1791377515204.1,101661,f
P04,S03,23,down,Backspace,1791377515436.9,101662,Backspace
P04,S03,23,up,Backspace,1791377515586.7,101662,Backspace
P04,S03,23,down,Backspace,1791377515653.2,101663,Backspace
P04,S03,23,up,Backspace,1791377515756.5,101663,Backspace
P04,S03,23,down,Backspace,1791377515830.1,101664,Backspace
P04,S03,23,up,Backspace,1791377515912.2,101664,Backspace
P04,S03,23,down,Space,1791377516244,101665, 
P04,S03,23,up,Space,1791377516351.7,101665, 
P04,S03,23,down,KeyF,1791377516483.7,101666,f
P04,S03,23,down,KeyO,1791377516628.4,101667,o
P04,S03,23,up,KeyF,1791377516656.5,101666,f
P04,S03,23,up,KeyO,1791377516791.7,101667,o
P04,S03,23,down,KeyR,1791377516945.1,101668,r
P04,S03,23,up,KeyR,1791377517063.6,101668,r
P04,S03,23,down,KeyE,1791377517148.6,101669,e
P04,S03,23,up,KeyE,1791377517278.9,101669,e
P04,S03,23,down,KeyI,1791377517542.7,101670,i
P04,S03,23,up,KeyI,1791377517651.9,101670,i
P04,S03,23,down,KeyG,1791377518096.8,101671,g
P04,S03,23,up,KeyG,1791377518183.6,101671,g
P04,S03,23,down,KeyN,1791377518326.5,101672,n
P04,S03,23,up,KeyN,1791377518439.7,101672,n
P04,S03,23,down,KeyE,1791377518492,101673,e
P04,S03,23,up,KeyE,1791377518606.4,101673,e
P04,S03,23,down,KeyR,1791377518681.1,101674,r
P04,S03,23,up,KeyR,1791377518789.4,101674,r
P04,S03,23,down,Space,1791377518819,101675, 
P04,S03,23,up,Space,1791377518909.3,101675, 
P04,S03,23,down,KeyE,1791377519818.6,101676,e
P04,S03,23,up,KeyE,1791377519907.2,101676,e
P04,S03,23,down,KeyV,1791377520017.5,101677,v
P04,S03,23,up,KeyV,1791377520115,101677,v
P04,S03,23,down,KeyE,1791377520165.1,101678,e
P04,S03,23,up,KeyE,1791377520257.1,101678,e
P04,S03,23,down,KeyR,1791377520360.6,101679,r
P04,S03,23,up,KeyR,1791377520469.7,101679,r
P04,S03,23,down,KeyI,1791377520571.5,101680,i
P04,S03,23,up,KeyI,1791377520696.2,101680,i
P04,S03,23,down,Backspace,1791377521076.5,101681,Backspace
P04,S03,23,up,Backspace,1791377521216.2,101681,Backspace
P04,S03,23,down,KeyW,1791377521881.5,101682,w
P04,S03,23,up,KeyW,1791377522002.2,101682,w
P04,S03,23,down,Backspace,1791377522402,101683,Backspace
P04,S03,23,up,Backspace,1791377522575.4,101683,Backspace
P04,S03,23,down,KeyY,1791377522939.3,101684,y
P04,S03,23,up,KeyY,1791377523053,101684,y
P04,S03,23,down,KeyW,1791377523522.9,101685,w
P04,S03,23,up,KeyW,1791377523627.2,101685,w
P04,S03,23,down,KeyH,1791377523682.3,101686,h
P04,S03,23,up,KeyH,1791377523801.7,101686,h
P04,S03,23,down,KeyE,1791377523857.6,101687,e
P04,S03,23,up,KeyE,1791377523987.2,101687,e
P04,S03,23,down,KeyR,1791377524047.6,101688,r
P04,S03,23,up,KeyR,1791377524165.9,101688,r
P04,S03,23,down,KeyE,1791377524241,101689,e
P04,S03,23,up,KeyE,1791377524388.1,101689,e
P04,S03,23,down,Space,1791377525261.8,101690, 
P04,S03,23,up,Space,1791377525397.2,101690, 
P04,S03,23,down,KeyE,1791377526105,101691,e
P04,S03,23,up,KeyE,1791377526263.3,101691,e
P04,S03,23,down,KeyV,1791377526401.1,101692,v
P04,S03,23,up,KeyV,1791377526497.5,101692,v
P04,S03,23,down,KeyE,1791377526607.7,101693,e
P04,S03,23,up,KeyE,1791377526732.6,101693,e
P04,S03,23,down,KeyN,1791377526805.6,101694,n
P04,S03,23,up,KeyN,1791377526913.1,101694,n
P04,S03,23,down,Space,1791377526996.2,101695, 
P04,S03,23,up,Space,1791377527110.5,101695, 
P04,S03,23,down,KeyA,1791377527529.2,101696,a
P04,S03,23,up,KeyA,1791377527728.9,101696,a
P04,S03,23,down,KeyT,1791377527864.5,101697,t
P04,S03,23,down,Space,1791377527988.6,101698, 
P04,S03,23,up,KeyT,1791377527990.3,101697,t
P04,S03,23,up,Space,1791377528113.4,101698, 
P04,S03,23,down,KeyH,1791377528279.6,101699,h
P04,S03,23,up,KeyH,1791377528366.6,101699,h
P04,S03,23,down,KeyO,1791377528482.5,101700,o
P04,S03,23,up,KeyO,1791377528618.7,101700,o
P04,S03,23,down,KeyM,1791377528703.9,101701,m
P04,S03,23,up,KeyM,1791377528807.2,101701,m
P04,S03,23,down,KeyE,1791377528818.4,101702,e
P04,S03,23,up,KeyE,1791377528968.3,101702,e
P04,S03,23,down,Enter,1791377528978.3,101703,Enter
P04,S03,23,up,Enter,1791377529120.2,101703,Enter
P04,S03,24,down,KeyI,1791377549857.2,101704,i
P04,S03,24,up,KeyI,1791377549961.5,101704,i
P04,S03,24,down,Space,1791377550087.3,101705, 
P04,S03,24,up,Space,1791377550216.7,101705, 
P04,S03,24,down,KeyD,1791377550268,101706,d
P04,S03,24,down,KeyO,1791377550371,101707,o
P04,S03,24,up,KeyD,1791377550382.3,101706,d
P04,S03,24,up,KeyO,1791377550499.2,101707,o
P04,S03,24,down,KeyN,1791377550621.9,101708,n
P04,S03,24,up,KeyN,1791377550750.7,101708,n
P04,S03,24,down,KeyT,1791377550796.7,101709,t
P04,S03,24,up,KeyT,1791377550915.6,101709,t
P04,S03,24,down,Space,1791377551000.5,101710, 
P04,S03,24,up,Space,1791377551097.5,101710, 
P04,S03,24,down,KeyK,1791377551313,101711,k
P04,S03,24,up,KeyK,1791377551410.2,101711,k
P04,S03,24,down,KeyN,1791377551490.3,101712,n
P04,S03,24,up,KeyN,1791377551572.7,101712,n
P04,S03,24,down,KeyO,1791377551646.1,101713,o
P04,S03,24,up,KeyO,1791377551753.7,101713,o
P04,S03,24,down,KeyW,1791377551759,101714,w
P04,S03,24,up,KeyW,1791377551915.1,101714,w
P04,S03,24,down,Space,1791377551924.8,101715, 
P04,S03,24,up,Space,1791377552027.9,101715, 
P04,S03,24,down,KeyI,1791377552351.4,101716,i
P04,S03,24,up,KeyI,1791377552443.5,101716,i
P04,S03,24,down,Space,1791377552574.4,101717, 
P04,S03,24,up,Space,1791377552681.8,101717, 
P04,S03,24,down,KeyT,1791377552883.3,101718,t
P04,S03,24,up,KeyT,1791377553010.7,101718,t
P04,S03,24,down,KeyH,1791377553017.6,101719,h
P04,S03,24,up,KeyH,1791377553105.1,101719,h
P04,S03,24,down,KeyI,1791377553177.4,101720,i
P04,S03,24,up,KeyI,1791377553298.6,101720,i
P04,S03,24,down,KeyS,1791377553347.4,101721,s
P04,S03,24,up,KeyS,1791377553477.9,101721,s
P04,S03,24,down,Space,1791377553510.5,101722, 
P04,S03,24,up,Space,1791377553614.2,101722, 
P04,S03,24,down,KeyI,1791377553821.6,101723,i
P04,S03,24,up,KeyI,1791377553956.4,101723,i
P04,S03,24,down,KeyT,1791377554072.3,101724,t
P04,S03,24,up,KeyT,1791377554197.1,101724,t
P04,S03,24,down,KeyS,1791377554414.3,101725,s
P04,S03,24,up,KeyS,1791377554548.8,101725,s
P04,S03,24,down,Space,1791377554558.6,101726, 
P04,S03,24,up,Space,1791377554661.8,101726, 
P04,S03,24,down,KeyC,1791377555044.3,101727,c
P04,S03,24,up,KeyC,1791377555158.5,101727,c
P04,S03,24,down,KeyO,1791377555175.1,101728,o
P04,S03,24,up,KeyO,1791377555284.7,101728,o
P04,S03,24,down,KeyO,1791377555349.1,101729,o
P04,S03,24,up,KeyO,1791377555454.9,101729,o
P04,S03,24,down,KeyL,1791377555552.3,101730,l
P04,S03,24,up,KeyL,1791377555655.6,101730,l
P04,S03,24,down,Space,1791377555759.6,101731, 
P04,S03,24,up,Space,1791377555856.5,101731, 
P04,S03,24,down,KeyT,1791377556175.6,101732,t
P04,S03,24,up,KeyT,1791377556295.7,101732,t
P04,S03,24,down,KeyH,1791377556305,101733,h
P04,S03,24,up,KeyH,1791377556407.7,101733,h
P04,S03,24,down,KeyA,1791377556553.3,101734,a
P04,S03,24,up,KeyA,1791377556667.9,101734,a
P04,S03,24,down,KeyT,1791377556812.6,101735,t
P04,S03,24,up,KeyT,1791377556946.8,101735,t
P04,S03,24,down,Space,1791377556957.2,101736, 
P04,S03,24,up,Space,1791377557056.3,101736, 
P04,S03,24,down,KeyI,1791377557165.1,101737,i
P04,S03,24,up,KeyI,1791377557268.7,101737,i
P04,S03,24,down,Space,1791377557751.5,101738, 
P04,S03,24,up,Space,1791377557858.9,101738, 
P04,S03,24,down,KeyH,1791377558289.6,101739,h
P04,S03,24,up,KeyH,1791377558403,101739,h
P04,S03,24,down,KeyA,1791377558481.2,101740,a
P04,S03,24,up,KeyA,1791377558648.6,101740,a
P04,S03,24,down,KeyV,1791377558658.5,101741,v
P04,S03,24,up,KeyV,1791377558751.2,101741,v
P04,S03,24,down,KeyE,1791377558762.1,101742,e
P04,S03,24,up,KeyE,1791377558906.8,101742,e
P04,S03,24,down,Space,1791377558936.6,101743, 
P04,S03,24,up,Space,1791377559055.9,101743, 
P04,S03,24,down,KeyS,1791377559497.1,101744,s
P04,S03,24,up,KeyS,1791377559660.7,101744,s
P04,S03,24,down,KeyU,1791377559707.7,101745,u
P04,S03,24,up,KeyU,1791377559832.6,101745,u
P04,S03,24,down,KeyC,1791377559871,101746,c
P04,S03,24,up,KeyC,1791377560005.4,101746,c
P04,S03,24,down,KeyH,1791377560022.5,101747,h
P04,S03,24,up,KeyH,1791377560125.4,101747,h
P04,S03,24,down,Space,1791377560217.6,101748, 
P04,S03,24,up,Space,1791377560331.8,101748, 
P04,S03,24,down,KeyE,1791377560427,101749,e
P04,S03,24,up,KeyE,1791377560561.9,101749,e
P04,S03,24,down,KeyX,1791377560946.4,101750,x
P04,S03,24,up,KeyX,1791377561101.6,101750,x
P04,S03,24,down,KeyP,1791377561455.6,101751,p
P04,S03,24,up,KeyP,1791377561590,101751,p
P04,S03,24,down,KeyE,1791377561654.8,101752,e
P04,S03,24,up,KeyE,1791377561785.1,101752,e
P04,S03,24,down,KeyR,1791377561904.4,101753,r
P04,S03,24,up,KeyR,1791377562023.6,101753,r
P04,S03,24,down,KeyI,1791377562058.7,101754,i
P04,S03,24,up,KeyI,1791377562188.4,101754,i
P04,S03,24,down,KeyE,1791377563657.4,101755,e
P04,S03,24,up,KeyE,1791377563760.4,101755,e
P04,S03,24,down,KeyN,1791377564031,101756,n
P04,S03,24,up,KeyN,1791377564112.3,101756,n
P04,S03,24,down,KeyC,1791377564274.6,101757,c
P04,S03,24,up,KeyC,1791377564393.3,101757,c
P04,S03,24,down,KeyE,1791377564404,101758,e
P04,S03,24,up,KeyE,1791377564540.1,101758,e
P04,S03,24,down,Space,1791377564713.1,101759, 
P04,S03,24,up,Space,1791377564806.7,101759, 
P04,S03,24,down,KeyA,1791377565005.8,101760,a
P04,S03,24,up,KeyA,1791377565195.1,101760,a
P04,S03,24,down,Backspace,1791377565682.1,101761,Backspace
P04,S03,24,up,Backspace,1791377565816.9,101761,Backspace
P04,S03,24,down,KeyB,1791377565901.4,101762,b
P04,S03,24,down,KeyU,1791377566036.4,101763,u
P04,S03,24,up,KeyB,1791377566063.2,101762,b
P04,S03,24,up,KeyU,1791377566156.6,101763,u
P04,S03,24,down,KeyT,1791377566254.5,101764,t
P04,S03,24,up,KeyT,1791377566420.3,101764,t
P04,S03,24,down,Space,1791377567268.1,101765, 
P04,S03,24,up,Space,1791377567381.2,101765, 
P04,S03,24,down,KeyS,1791377567549.3,101766,s
P04,S03,24,down,KeyO,1791377567629.7,101767,o
P04,S03,24,up,KeyS,1791377567690.1,101766,s
P04,S03,24,up,KeyO,1791377567754.8,101767,o
P04,S03,24,down,KeyM,1791377567846.1,101768,m
P04,S03,24,up,KeyM,1791377567981.5,101768,m
P04,S03,24,down,KeyE,1791377567996,101769,e
P04,S03,24,up,KeyE,1791377568114.4,101769,e
P04,S03,24,down,KeyT,1791377568241.6,101770,t
P04,S03,24,up,KeyT,1791377568366.8,101770,t
P04,S03,24,down,KeyI,1791377568503.3,101771,i
P04,S03,24,up,KeyI,1791377568606.4,101771,i
P04,S03,24,down,KeyM,1791377568703,101772,m
P04,S03,24,up,KeyM,1791377568805.3,101772,m
P04,S03,24,down,KeyE,1791377568834.9,101773,e
P04,S03,24,up,KeyE,1791377568974.2,101773,e
P04,S03,24,down,KeyS,1791377569063.8,101774,s
P04,S03,24,down,Space,1791377569225.6,101775, 
P04,S03,24,up,KeyS,1791377569236.5,101774,s
P04,S03,24,up,Space,1791377569312.6,101775, 
P04,S03,24,down,KeyI,1791377569425,101776,i
P04,S03,24,up,KeyI,1791377569523.1,101776,i
P04,S03,24,down,Space,1791377569636.5,101777, 
P04,S03,24,up,Space,1791377569738.3,101777, 
P04,S03,24,down,KeyS,1791377569764.7,101778,s
P04,S03,24,up,KeyS,1791377569894.9,101778,s
P04,S03,24,down,KeyE,1791377569989.2,101779,e
P04,S03,24,up,KeyE,1791377570097.2,101779,e
P04,S03,24,down,KeyE,1791377570159,101780,e
P04,S03,24,up,KeyE,1791377570258.5,101780,e
P04,S03,24,down,Space,1791377570307.4,101781, 
P04,S03,24,up,Space,1791377570431.9,101781, 
P04,S03,24,down,KeyH,1791377571035.1,101782,h
P04,S03,24,up,KeyH,1791377571131.7,101782,h
P04,S03,24,down,KeyO,1791377571223.6,101783,o
P04,S03,24,up,KeyO,1791377571360.3,101783,o
P04,S03,24,down,KeyW,1791377571387.1,101784,w
P04,S03,24,up,KeyW,1791377571536.2,101784,w
P04,S03,24,down,Space,1791377571555.7,101785, 
P04,S03,24,up,Space,1791377571654.8,101785, 
P04,S03,24,down,KeyM,1791377571805,101786,m
P04,S03,24,up,KeyM,1791377571913.3,101786,m
P04,S03,24,down,KeyY,1791377572156.3,101787,y
P04,S03,24,up,KeyY,1791377572291.7,101787,y
P04,S03,24,down,Space,1791377572802.3,101788, 
P04,S03,24,up,Space,1791377572943,101788, 
P04,S03,24,down,KeyF,1791377573177.3,101789,f
P04,S03,24,up,KeyF,1791377573273.8,101789,f
P04,S03,24,down,KeyR,1791377573359.4,101790,r
P04,S03,24,up,KeyR,1791377573470,101790,r
P04,S03,24,down,KeyI,1791377573512.7,101791,i
P04,S03,24,up,KeyI,1791377573674.4,101791,i
P04,S03,24,down,KeyE,1791377573698.5,101792,e
P04,S03,24,up,KeyE,1791377573825.6,101792,e
P04,S03,24,down,KeyN,1791377574534.2,101793,n
P04,S03,24,up,KeyN,1791377574658.7,101793,n
P04,S03,24,down,KeyD,1791377574698.8,101794,d
P04,S03,24,up,KeyD,1791377574803.1,101794,d
P04,S03,24,down,KeyS,1791377574904.2,101795,s
P04,S03,24,up,KeyS,1791377575016.9,101795,s
P04,S03,24,down,Space,1791377575060.4,101796, 
P04,S03,24,up,Space,1791377575174.8,101796, 
P04,S03,24,down,KeyF,1791377575408.6,101797,f
P04,S03,24,up,KeyF,1791377575531.7,101797,f
P04,S03,24,down,KeyR,1791377575606.6,101798,r
P04,S03,24,down,KeyO,1791377575735.7,101799,o
P04,S03,24,up,KeyR,1791377575743.1,101798,r
P04,S03,24,up,KeyO,1791377575860.4,101799,o
P04,S03,24,down,Backspace,1791377576354.8,101800,Backspace
P04,S03,24,up,Backspace,1791377576479.3,101800,Backspace
P04,S03,24,down,Backspace,1791377576541.9,101801,Backspace
P04,S03,24,up,Backspace,1791377576644.3,101801,Backspace
P04,S03,24,down,Backspace,1791377576721.2,101802,Backspace
P04,S03,24,up,Backspace,1791377576829.5,101802,Backspace
P04,S03,24,down,KeyC,1791377577860.2,101803,c
P04,S03,24,up,KeyC,1791377577979.8,101803,c
P04,S03,24,down,KeyH,1791377578503.8,101804,h
P04,S03,24,up,KeyH,1791377578591,101804,h
P04,S03,24,down,KeyO,1791377578760.5,101805,o
P04,S03,24,up,KeyO,1791377578863.7,101805,o
P04,S03,24,down,KeyO,1791377578896.7,101806,o
P04,S03,24,up,KeyO,1791377579000.1,101806,o
P04,S03,24,down,KeyS,1791377579060.6,101807,s
P04,S03,24,up,KeyS,1791377579179.6,101807,s
P04,S03,24,down,KeyE,1791377579267.6,101808,e
P04,S03,24,up,KeyE,1791377579370,101808,e
P04,S03,24,down,Space,1791377579395.4,101809, 
P04,S03,24,up,Space,1791377579485.9,101809, 
P04,S03,24,down,KeyA,1791377579620,101810,a
P04,S03,24,down,Space,1791377579689.4,101811, 
P04,S03,24,up,Space,1791377579775.9,101811, 
P04,S03,24,up,KeyA,1791377579781.3,101810,a
P04,S03,24,down,KeyP,1791377579899,101812,p
P04,S03,24,up,KeyP,1791377579990.9,101812,p
P04,S03,24,down,KeyL,1791377580074.3,101813,l
P04,S03,24,up,KeyL,1791377580166.5,101813,l
P04,S03,24,down,KeyA,1791377580183.1,101814,a
P04,S03,24,up,KeyA,1791377580328.7,101814,a
P04,S03,24,down,KeyV,1791377580355.3,101815,v
P04,S03,24,up,KeyV,1791377580453,101815,v
P04,S03,24,down,KeyE,1791377580526.4,101816,e
P04,S03,24,up,KeyE,1791377580644.8,101816,e
P04,S03,24,down,Space,1791377580688.7,101817, 
P04,S03,24,up,Space,1791377580796.6,101817, 
P04,S03,24,down,Backspace,1791377581063.7,101818,Backspace
P04,S03,24,up,Backspace,1791377581178.1,101818,Backspace
P04,S03,24,down,Backspace,1791377581206.1,101819,Backspace
P04,S03,24,up,Backspace,1791377581332.1,101819,Backspace
P04,S03,24,down,KeyC,1791377581345.9,101820,c
P04,S03,24,up,KeyC,1791377581465.7,101820,c
P04,S03,24,down,KeyE,1791377581569.8,101821,e
P04,S03,24,down,Space,1791377581720.5,101822, 
P04,S03,24,up,KeyE,1791377581736.6,101821,e
P04,S03,24,up,Space,1791377581811.3,101822, 
P04,S03,24,down,Backspace,1791377582020,101823,Backspace
P04,S03,24,up,Backspace,1791377582143.9,101823,Backspace
P04,S03,24,down,Backspace,1791377582192.2,101824,Backspace
P04,S03,24,up,Backspace,1791377582301.7,101824,Backspace
P04,S03,24,down,Backspace,1791377582359.4,101825,Backspace
P04,S03,24,up,Backspace,1791377582435.4,101825,Backspace
P04,S03,24,down,Backspace,1791377582504.1,101826,Backspace
P04,S03,24,up,Backspace,1791377582591.1,101826,Backspace
P04,S03,24,down,KeyC,1791377582678.9,101827,c
P04,S03,24,up,KeyC,1791377582785.6,101827,c
P04,S03,24,down,KeyE,1791377582879.6,101828,e
P04,S03,24,down,Space,1791377583028.9,101829, 
P04,S03,24,up,KeyE,1791377583039.9,101828,e
P04,S03,24,up,Space,1791377583138,101829, 
P04,S03,24,down,KeyB,1791377583727.2,101830,b
P04,S03,24,up,KeyB,1791377583818.3,101830,b
P04,S03,24,down,KeyU,1791377583953.5,101831,u
P04,S03,24,up,KeyU,1791377584057.7,101831,u
P04,S03,24,down,KeyI,1791377584130.6,101832,i
P04,S03,24,up,KeyI,1791377584229.7,101832,i
P04,S03,24,down,KeyL,1791377584331.6,101833,l
P04,S03,24,up,KeyL,1791377584436.5,101833,l
P04,S03,24,down,KeyT,1791377584546.3,101834,t
P04,S03,24,up,KeyT,1791377584655.2,101834,t
P04,S03,24,down,Space,1791377584711.8,101835, 
P04,S03,24,up,Space,1791377584824.7,101835, 
P04,S03,24,down,KeyA,1791377585131.4,101836,a
P04,S03,24,down,Space,1791377585249.5,101837, 
P04,S03,24,up,KeyA,1791377585278.3,101836,a
P04,S03,24,up,Space,1791377585353.2,101837, 
P04,S03,24,down,KeyL,1791377585977.1,101838,l
P04,S03,24,up,KeyL,1791377586063.6,101838,l
P04,S03,24,down,KeyI,1791377586245.4,101839,i
P04,S03,24,up,KeyI,1791377586407.1,101839,i
P04,S03,24,down,KeyF,1791377586489.3,101840,f
P04,S03,24,up,KeyF,1791377586586.2,101840,f
P04,S03,24,down,KeyE,1791377586671.8,101841,e
P04,S03,24,down,Space,1791377586779.5,101842, 
P04,S03,24,up,KeyE,1791377586812.6,101841,e
P04,S03,24,up,Space,1791377586898.7,101842, 
P04,S03,24,down,KeyS,1791377587292.4,101843,s
P04,S03,24,down,KeyO,1791377587367.8,101844,o
P04,S03,24,up,KeyS,1791377587432,101843,s
P04,S03,24,up,KeyO,1791377587469.7,101844,o
P04,S03,24,down,KeyM,1791377587564.1,101845,m
P04,S03,24,up,KeyM,1791377587679.2,101845,m
P04,S03,24,down,KeyE,1791377587688.4,101846,e
P04,S03,24,up,KeyE,1791377587807.6,101846,e
P04,S03,24,down,KeyW,1791377588137.1,101847,w
P04,S03,24,up,KeyW,1791377588270.2,101847,w
P04,S03,24,down,KeyH,1791377588276.3,101848,h
P04,S03,24,up,KeyH,1791377588377.4,101848,h
P04,S03,24,down,KeyE,1791377588458.3,101849,e
P04,S03,24,up,KeyE,1791377588597.8,101849,e
P04,S03,24,down,KeyR,1791377588676.5,101850,r
P04,S03,24,up,KeyR,1791377588779.8,101850,r
P04,S03,24,down,KeyE,1791377588844.4,101851,e
P04,S03,24,up,KeyE,1791377588969.7,101851,e
P04,S03,24,down,Space,1791377589127.2,101852, 
P04,S03,24,up,Space,1791377589219.4,101852, 
P04,S03,24,down,KeyM,1791377589329.4,101853,m
P04,S03,24,up,KeyM,1791377589409.1,101853,m
P04,S03,24,down,KeyA,1791377589465.3,101854,a
P04,S03,24,up,KeyA,1791377589562.6,101854,a
P04,S03,24,down,KeyR,1791377589781.8,101855,r
P04,S03,24,up,KeyR,1791377589884.6,101855,r
P04,S03,24,down,KeyR,1791377589958.3,101856,r
P04,S03,24,up,KeyR,1791377590043.8,101856,r
P04,S03,24,down,KeyY,1791377590111.2,101857,y
P04,S03,24,up,KeyY,1791377590236.2,101857,y
P04,S03,24,down,Space,1791377590436.7,101858, 
P04,S03,24,up,Space,1791377590562,101858, 
P04,S03,24,down,KeyA,1791377590831.1,101859,a
P04,S03,24,up,KeyA,1791377590976.8,101859,a
P04,S03,24,down,KeyN,1791377591032.1,101860,n
P04,S03,24,up,KeyN,1791377591136.3,101860,n
P04,S03,24,down,KeyD,1791377591338.5,101861,d
P04,S03,24,up,KeyD,1791377591472.7,101861,d
P04,S03,24,down,Space,1791377591477,101862, 
P04,S03,24,up,Space,1791377591584.5,101862, 
P04,S03,24,down,KeyM,1791377591770.6,101863,m
P04,S03,24,up,KeyM,1791377591868.3,101863,m
P04,S03,24,down,KeyE,1791377592123.8,101864,e
P04,S03,24,up,KeyE,1791377592263.1,101864,e
P04,S03,24,down,Space,1791377592273.8,101865, 
P04,S03,24,up,Space,1791377592392.1,101865, 
P04,S03,24,down,KeyI,1791377592572.6,101866,i
P04,S03,24,up,KeyI,1791377592682.1,101866,i
P04,S03,24,down,KeyN,1791377592776.1,101867,n
P04,S03,24,up,KeyN,1791377592860.5,101867,n
P04,S03,24,down,Space,1791377592924.1,101868, 
P04,S03,24,up,Space,1791377593031.3,101868, 
P04,S03,24,down,Comma,1791377593311.7,101869,","
P04,S03,24,up,Comma,1791377593397.3,101869,","
P04,S03,24,down,Backspace,1791377593918.1,101870,Backspace
P04,S03,24,up,Backspace,1791377594005.7,101870,Backspace
P04,S03,24,down,KeyM,1791377594196.8,101871,m
P04,S03,24,down,KeyY,1791377594325.3,101872,y
P04,S03,24,up,KeyM,1791377594327.1,101871,m
P04,S03,24,up,KeyY,1791377594476.8,101872,y
P04,S03,24,down,Space,1791377594730.3,101873, 
P04,S03,24,up,Space,1791377594875.6,101873, 
P04,S03,24,down,Numpad2,1791377594933,101874,2
P04,S03,24,up,Numpad2,1791377595048.4,101874,2
P04,S03,24,down,Numpad2,1791377595079.2,101875,2
P04,S03,24,up,Numpad2,1791377595172.5,101875,2
P04,S03,24,down,Space,1791377595398.1,101876, 
P04,S03,24,up,Space,1791377595486.4,101876, 
P04,S03,24,down,KeyC,1791377595604.2,101877,c
P04,S03,24,up,KeyC,1791377595690.4,101877,c
P04,S03,24,down,KeyA,1791377595715.4,101878,a
P04,S03,24,up,KeyA,1791377595829,101878,a
P04,S03,24,down,KeyM,1791377595882,101879,m
P04,S03,24,up,KeyM,1791377596012.3,101879,m
P04,S03,24,down,KeyT,1791377596214,101880,t
P04,S03,24,up,KeyT,1791377596322,101880,t
P04,S03,24,down,Space,1791377596428.8,101881, 
P04,S03,24,up,Space,1791377596530.8,101881, 
P04,S03,24,down,Backspace,1791377596774.6,101882,Backspace
P04,S03,24,up,Backspace,1791377596910,101882,Backspace
P04,S03,24,down,Backspace,1791377596964.7,101883,Backspace
P04,S03,24,up,Backspace,1791377597046.4,101883,Backspace
P04,S03,24,down,Backspace,1791377597079.2,101884,Backspace
P04,S03,24,up,Backspace,1791377597172.8,101884,Backspace
P04,S03,24,down,KeyN,1791377597463,101885,n
P04,S03,24,up,KeyN,1791377597575.8,101885,n
P04,S03,24,down,KeyT,1791377597610.2,101886,t
P04,S03,24,down,Space,1791377597706.8,101887, 
P04,S03,24,up,KeyT,1791377597740.1,101886,t
P04,S03,24,up,Space,1791377597824.2,101887, 
P04,S03,24,down,KeyE,1791377598042.4,101888,e
P04,S03,24,up,KeyE,1791377598154.1,101888,e
P04,S03,24,down,KeyV,1791377598204.4,101889,v
P04,S03,24,up,KeyV,1791377598323.6,101889,v
P04,S03,24,down,KeyE,1791377598339.5,101890,e
P04,S03,24,up,KeyE,1791377598445.9,101890,e
P04,S03,24,down,KeyN,1791377598621.1,101891,n
P04,S03,24,up,KeyN,1791377598762.5,101891,n
P04,S03,24,down,Space,1791377598838.4,101892, 
P04,S03,24,up,Space,1791377598939.8,101892, 
P04,S03,24,down,KeyC,1791377598968.2,101893,c
P04,S03,24,down,KeyH,1791377599080.4,101894,h
P04,S03,24,up,KeyC,1791377599091.5,101893,c
P04,S03,24,up,KeyH,1791377599167.5,101894,h
P04,S03,24,down,KeyO,1791377599305.7,101895,o
P04,S03,24,up,KeyO,1791377599421.3,101895,o
P04,S03,24,down,KeyO,1791377599437.8,101896,o
P04,S03,24,up,KeyO,1791377599540.9,101896,o
P04,S03,24,down,KeyS,1791377599567.6,101897,s
P04,S03,24,up,KeyS,1791377599680.5,101897,s
P04,S03,24,down,KeyE,1791377599766.2,101898,e
P04,S03,24,down,Space,1791377599875,101899, 
P04,S03,24,up,KeyE,1791377599879.6,101898,e
P04,S03,24,up,Space,1791377599975.6,101899, 
P04,S03,24,down,KeyW,1791377600115.4,101900,w
P04,S03,24,down,KeyH,1791377600249.7,101901,h
P04,S03,24,up,KeyW,1791377600274.9,101900,w
P04,S03,24,up,KeyH,1791377600363.7,101901,h
P04,S03,24,down,KeyE,1791377600430.1,101902,e
P04,S03,24,up,KeyE,1791377600587,101902,e
P04,S03,24,down,KeyR,1791377600652,101903,r
P04,S03,24,up,KeyR,1791377600759.9,101903,r
P04,S03,24,down,KeyE,1791377600821.8,101904,e
P04,S03,24,down,Space,1791377600903.5,101905, 
P04,S03,24,up,KeyE,1791377600946.7,101904,e
P04,S03,24,up,Space,1791377601011,101905, 
P04,S03,24,down,KeyI,1791377601078.4,101906,i
P04,S03,24,up,KeyI,1791377601203.1,101906,i
P04,S03,24,down,Space,1791377601305.5,101907, 
P04,S03,24,down,KeyW,1791377601419.7,101908,w
P04,S03,24,up,Space,1791377601421.2,101907, 
P04,S03,24,up,KeyW,1791377601531.8,101908,w
P04,S03,24,down,KeyA,1791377601688.9,101909,a
P04,S03,24,up,KeyA,1791377601833.4,101909,a
P04,S03,24,down,KeyN,1791377601838.6,101910,n
P04,S03,24,up,KeyN,1791377601941.6,101910,n
P04,S03,24,down,KeyT,1791377602017.7,101911,t
P04,S03,24,down,Space,1791377602162.7,101912, 
P04,S03,24,up,KeyT,1791377602169.2,101911,t
P04,S03,24,up,Space,1791377602270.9,101912, 
P04,S03,24,down,KeyT,1791377602389.1,101913,t
P04,S03,24,up,KeyT,1791377602497.9,101913,t
P04,S03,24,down,KeyO,1791377602508.1,101914,o
P04,S03,24,up,KeyO,1791377602618.5,101914,o
P04,S03,24,down,Space,1791377602747.3,101915, 
P04,S03,24,up,Space,1791377602851,101915, 
P04,S03,24,down,KeyS,1791377602929.4,101916,s
P04,S03,24,up,KeyS,1791377603058.8,101916,s
P04,S03,24,down,KeyT,1791377603181.4,101917,t
P04,S03,24,up,KeyT,1791377603280.2,101917,t
P04,S03,24,down,KeyS,1791377603574.7,101918,s
P04,S03,24,up,KeyS,1791377603745.7,101918,s
P04,S03,24,down,KeyY,1791377603797,101919,y
P04,S03,24,up,KeyY,1791377603884.6,101919,y
P04,S03,24,down,Backspace,1791377604142.8,101920,Backspace
P04,S03,24,up,Backspace,1791377604273.5,101920,Backspace
P04,S03,24,down,Backspace,1791377604324.3,101921,Backspace
P04,S03,24,up,Backspace,1791377604454.4,101921,Backspace
P04,S03,24,down,KeyA,1791377604643.3,101922,a
P04,S03,24,up,KeyA,1791377604832.3,101922,a
P04,S03,24,down,KeyT,1791377604873.5,101923,t
P04,S03,24,up,KeyT,1791377605003.2,101923,t
P04,S03,24,down,Backspace,1791377605301.7,101924,Backspace
P04,S03,24,down,KeyY,1791377605446.5,101925,y
P04,S03,24,up,Backspace,1791377605449.4,101924,Backspace
P04,S03,24,up,KeyY,1791377605613.9,101925,y
P04,S03,24,down,Enter,1791377605618.1,101926,Enter
P04,S03,24,up,Enter,1791377605727.5,101926,Enter
P04,S03,25,down,KeyI,1791377622438.4,101927,i
P04,S03,25,up,KeyI,1791377622540.7,101927,i
P04,S03,25,down,Space,1791377622688.5,101928, 
P04,S03,25,up,Space,1791377622813.6,101928, 
P04,S03,25,down,KeyG,1791377623088.7,101929,g
P04,S03,25,up,KeyG,1791377623185.2,101929,g
P04,S03,25,down,KeyU,1791377623273.5,101930,u
P04,S03,25,down,KeyE,1791377623391.8,101931,e
P04,S03,25,up,KeyU,1791377623408.7,101930,u
P04,S03,25,up,KeyE,1791377623532.3,101931,e
P04,S03,25,down,KeyS,1791377623690.4,101932,s
P04,S03,25,up,KeyS,1791377623777.4,101932,s
P04,S03,25,down,KeyS,1791377624172.6,101933,s
P04,S03,25,up,KeyS,1791377624270.2,101933,s
P04,S03,25,down,Space,1791377624403.6,101934, 
P04,S03,25,up,Space,1791377624523.5,101934, 
P04,S03,25,down,KeyI,1791377624697.9,101935,i
P04,S03,25,up,KeyI,1791377624818.2,101935,i
P04,S03,25,down,Space,1791377624919.8,101936, 
P04,S03,25,up,Space,1791377625023.2,101936, 
P04,S03,25,down,KeyW,1791377625086.8,101937,w
P04,S03,25,down,KeyI,1791377625182.1,101938,i
P04,S03,25,up,KeyW,1791377625194.1,101937,w
P04,S03,25,up,KeyI,1791377625286.9,101938,i
P04,S03,25,down,KeyL,1791377625407.1,101939,l
P04,S03,25,up,KeyL,1791377625526.8,101939,l
P04,S03,25,down,KeyL,1791377625547.1,101940,l
P04,S03,25,up,KeyL,1791377625671.8,101940,l
P04,S03,25,down,Space,1791377625797,101941, 
P04,S03,25,up,Space,1791377625923.1,101941, 
P04,S03,25,down,KeyT,1791377626276.2,101942,t
P04,S03,25,up,KeyT,1791377626390.4,101942,t
P04,S03,25,down,KeyR,1791377626463.1,101943,r
P04,S03,25,up,KeyR,1791377626564.6,101943,r
P04,S03,25,down,KeyA,1791377626732.2,101944,a
P04,S03,25,down,KeyV,1791377626869.9,101945,v
P04,S03,25,up,KeyA,1791377626886.5,101944,a
P04,S03,25,up,KeyV,1791377627002,101945,v
P04,S03,25,down,KeyE,1791377627046.3,101946,e
P04,S03,25,up,KeyE,1791377627203.1,101946,e
P04,S03,25,down,KeyL,1791377628285,101947,l
P04,S03,25,up,KeyL,1791377628382.3,101947,l
P04,S03,25,down,Space,1791377628471.5,101948, 
P04,S03,25,up,Space,1791377628590.7,101948, 
P04,S03,25,down,KeyA,1791377628692.8,101949,a
P04,S03,25,up,KeyA,1791377628824.3,101949,a
P04,S03,25,down,KeyR,1791377629042.9,101950,r
P04,S03,25,up,KeyR,1791377629176.7,101950,r
P04,S03,25,down,KeyO,1791377629480.1,101951,o
P04,S03,25,up,KeyO,1791377629604.8,101951,o
P04,S03,25,down,KeyU,1791377629688.6,101952,u
P04,S03,25,up,KeyU,1791377629797.5,101952,u
P04,S03,25,down,KeyN,1791377629913.1,101953,n
P04,S03,25,up,KeyN,1791377630005.1,101953,n
P04,S03,25,down,KeyD,1791377630204.2,101954,d
P04,S03,25,up,KeyD,1791377630345,101954,d
P04,S03,25,down,Space,1791377630379.5,101955, 
P04,S03,25,up,Space,1791377630498.7,101955, 
P04,S03,25,down,KeyT,1791377630724.9,101956,t
P04,S03,25,up,KeyT,1791377630843.2,101956,t
P04,S03,25,down,KeyH,1791377630847.4,101957,h
P04,S03,25,up,KeyH,1791377630956.4,101957,h
P04,S03,25,down,KeyW,1791377631038.2,101958,w
P04,S03,25,up,KeyW,1791377631151.4,101958,w
P04,S03,25,down,Backspace,1791377631563.1,101959,Backspace
P04,S03,25,up,Backspace,1791377631710.3,101959,Backspace
P04,S03,25,down,KeyE,1791377631913.3,101960,e
P04,S03,25,up,KeyE,1791377632048.2,101960,e
P04,S03,25,down,Space,1791377632122.2,101961, 
P04,S03,25,up,Space,1791377632214.4,101961, 
P04,S03,25,down,KeyQ,1791377632273.2,101962,q
P04,S03,25,down,KeyO,1791377632369.9,101963,o
P04,S03,25,up,KeyQ,1791377632408.6,101962,q
P04,S03,25,up,KeyO,1791377632531,101963,o
P04,S03,25,down,KeyR,1791377632886.1,101964,r
P04,S03,25,up,KeyR,1791377633016.3,101964,r
P04,S03,25,down,KeyL,1791377633090.2,101965,l
P04,S03,25,up,KeyL,1791377633215.5,101965,l
P04,S03,25,down,KeyD,1791377633363.8,101966,d
P04,S03,25,up,KeyD,1791377633494.4,101966,d
P04,S03,25,down,Space,1791377633525.4,101967, 
P04,S03,25,up,Space,1791377633623.6,101967, 
P04,S03,25,down,Backspace,1791377634132,101968,Backspace
P04,S03,25,up,Backspace,1791377634253.6,101968,Backspace
P04,S03,25,down,Backspace,1791377634299.2,101969,Backspace
P04,S03,25,up,Backspace,1791377634392.1,101969,Backspace
P04,S03,25,down,Backspace,1791377634434.5,101970,Backspace
P04,S03,25,up,Backspace,1791377634532.4,101970,Backspace
P04,S03,25,down,Backspace,1791377634579,101971,Backspace
P04,S03,25,up,Backspace,1791377634677.2,101971,Backspace
P04,S03,25,down,Backspace,1791377634728.4,101972,Backspace
P04,S03,25,up,Backspace,1791377634831.6,101972,Backspace
P04,S03,25,down,Backspace,1791377634897.2,101973,Backspace
P04,S03,25,up,Backspace,1791377635006.5,101973,Backspace
P04,S03,25,down,KeyW,1791377635265.8,101974,w
P04,S03,25,down,KeyO,1791377635368.3,101975,o
P04,S03,25,up,KeyW,1791377635423.4,101974,w
P04,S03,25,up,KeyO,1791377635515,101975,o
P04,S03,25,down,KeyR,1791377635602.5,101976,r
P04,S03,25,up,KeyR,1791377635726.7,101976,r
P04,S03,25,down,KeyL,1791377635780,101977,l
P04,S03,25,up,KeyL,1791377635910.6,101977,l
P04,S03,25,down,KeyD,1791377636061.1,101978,d
P04,S03,25,up,KeyD,1791377636169.1,101978,d
P04,S03,25,down,Space,1791377636240.3,101979, 
P04,S03,25,up,Space,1791377636337.1,101979, 
P04,S03,25,down,KeyA,1791377636645.8,101980,a
P04,S03,25,up,KeyA,1791377636829,101980,a
P04,S03,25,down,KeyN,1791377636871.7,101981,n
P04,S03,25,up,KeyN,1791377636970.2,101981,n
P04,S03,25,down,KeyD,1791377638079.3,101982,d
P04,S03,25,up,KeyD,1791377638225.2,101982,d
P04,S03,25,down,Space,1791377638252.3,101983, 
P04,S03,25,up,Space,1791377638355.4,101983, 
P04,S03,25,down,KeyV,1791377638959.9,101984,v
P04,S03,25,up,KeyV,1791377639089.6,101984,v
P04,S03,25,down,KeyI,1791377639106.2,101985,i
P04,S03,25,up,KeyI,1791377639230.8,101985,i
P04,S03,25,down,KeyS,1791377639279.3,101986,s
P04,S03,25,down,KeyI,1791377639326,101987,i
P04,S03,25,up,KeyS,1791377639446.3,101986,s
P04,S03,25,up,KeyI,1791377639450.5,101987,i
P04,S03,25,down,KeyT,1791377639629.9,101988,t
P04,S03,25,up,KeyT,1791377639743.7,101988,t
P04,S03,25,down,Space,1791377639788.4,101989, 
P04,S03,25,up,Space,1791377639895.5,101989, 
P04,S03,25,down,KeyA,1791377640079,101990,a
P04,S03,25,up,KeyA,1791377640257.4,101990,a
P04,S03,25,down,KeyS,1791377640478.5,101991,s
P04,S03,25,up,KeyS,1791377640633.6,101991,s
P04,S03,25,down,Space,1791377640670.4,101992, 
P04,S03,25,up,Space,1791377640746.7,101992, 
P04,S03,25,down,KeyM,1791377640849.2,101993,m
P04,S03,25,up,KeyM,1791377640942.2,101993,m
P04,S03,25,down,KeyU,1791377641031.3,101994,u
P04,S03,25,up,KeyU,1791377641152.1,101994,u
P04,S03,25,down,KeyC,1791377641172.5,101995,c
P04,S03,25,up,KeyC,1791377641307.6,101995,c
P04,S03,25,down,KeyH,1791377641327.7,101996,h
P04,S03,25,up,KeyH,1791377641430.6,101996,h
P04,S03,25,down,Space,1791377641515.5,101997, 
P04,S03,25,up,Space,1791377641619.4,101997, 
P04,S03,25,down,KeyA,1791377641664.3,101998,a
P04,S03,25,up,KeyA,1791377641804.6,101998,a
P04,S03,25,down,KeyS,1791377641913.8,101999,s
P04,S03,25,up,KeyS,1791377642064.5,101999,s
P04,S03,25,down,Space,1791377642145.6,102000, 
P04,S03,25,up,Space,1791377642215.6,102000, 
P04,S03,25,down,BracketLeft,1791377642630.4,102001,[
P04,S03,25,up,BracketLeft,1791377642674.5,102001,[
P04,S03,25,down,Backspace,1791377643415.2,102002,Backspace
P04,S03,25,up,Backspace,1791377643565.2,102002,Backspace
P04,S03,25,down,KeyP,1791377643727.1,102003,p
P04,S03,25,up,KeyP,1791377643835.8,102003,p
P04,S03,25,down,KeyO,1791377643881.5,102004,o
P04,S03,25,up,KeyO,1791377644001.5,102004,o
P04,S03,25,down,KeyS,1791377644126.5,102005,s
P04,S03,25,down,KeyI,1791377644318.3,102006,i
P04,S03,25,up,KeyS,1791377644321.3,102005,s
P04,S03,25,up,KeyI,1791377644410.4,102006,i
P04,S03,25,down,KeyI,1791377644462.9,102007,i
P04,S03,25,up,KeyI,1791377644577.5,102007,i
P04,S03,25,down,KeyB,1791377644896.9,102008,b
P04,S03,25,up,KeyB,1791377644995.3,102008,b
P04,S03,25,down,KeyL,1791377645146.2,102009,l
P04,S03,25,up,KeyL,1791377645245.4,102009,l
P04,S03,25,down,KeyE,1791377645385.9,102010,e
P04,S03,25,up,KeyE,1791377645548.5,102010,e
P04,S03,25,down,Space,1791377645677.5,102011, 
P04,S03,25,up,Space,1791377645782.2,102011, 
P04,S03,25,down,KeyC,1791377646083.7,102012,c
P04,S03,25,up,KeyC,1791377646231.3,102012,c
P04,S03,25,down,KeyO,1791377646241.6,102013,o
P04,S03,25,up,KeyO,1791377646385.5,102013,o
P04,S03,25,down,KeyU,1791377646518.7,102014,u
P04,S03,25,up,KeyU,1791377646622.5,102014,u
P04,S03,25,down,KeyN,1791377647047.1,102015,n
P04,S03,25,up,KeyN,1791377647170.9,102015,n
P04,S03,25,down,KeyT,1791377647292.6,102016,t
P04,S03,25,up,KeyT,1791377647418.8,102016,t
P04,S03,25,down,KeyR,1791377647504.7,102017,r
P04,S03,25,down,KeyI,1791377647612.1,102018,i
P04,S03,25,up,KeyR,1791377647623.8,102017,r
P04,S03,25,up,KeyI,1791377647736.6,102018,i
P04,S03,25,down,KeyE,1791377647772.9,102019,e
P04,S03,25,up,KeyE,1791377647887.8,102019,e
P04,S03,25,down,KeyS,1791377648094.2,102020,s
P04,S03,25,up,KeyS,1791377648251,102020,s
P04,S03,25,down,Space,1791377648760.4,102021, 
P04,S03,25,up,Space,1791377648885.1,102021, 
P04,S03,25,down,KeyA,1791377648951.6,102022,a
P04,S03,25,up,KeyA,1791377649066,102022,a
P04,S03,25,down,KeyH,1791377649074.1,102023,h
P04,S03,25,up,KeyH,1791377649178.7,102023,h
P04,S03,25,down,KeyA,1791377649208.5,102024,a
P04,S03,25,down,KeyH,1791377649347,102025,h
P04,S03,25,up,KeyA,1791377649354.1,102024,a
P04,S03,25,up,KeyH,1791377649445.5,102025,h
P04,S03,25,down,KeyA,1791377649478.1,102026,a
P04,S03,25,down,KeyH,1791377649613.3,102027,h
P04,S03,25,up,KeyA,1791377649616.1,102026,a
P04,S03,25,up,KeyH,1791377649693.9,102027,h
P04,S03,25,down,KeyA,1791377649756,102028,a
P04,S03,25,down,KeyH,1791377649834.3,102029,h
P04,S03,25,up,KeyA,1791377649853.9,102028,a
P04,S03,25,up,KeyH,1791377649904.7,102029,h
P04,S03,25,down,Space,1791377650060.1,102030, 
P04,S03,25,up,Space,1791377650174,102030, 
P04,S03,25,down,KeyM,1791377650303.1,102031,m
P04,S03,25,up,KeyM,1791377650382.8,102031,m
P04,S03,25,down,KeyA,1791377650425.6,102032,a
P04,S03,25,up,KeyA,1791377650566.1,102032,a
P04,S03,25,down,KeyY,1791377650618.2,102033,y
P04,S03,25,up,KeyY,1791377650722.2,102033,y
P04,S03,25,down,KeyB,1791377650823.5,102034,b
P04,S03,25,up,KeyB,1791377650931.8,102034,b
P04,S03,25,down,KeyE,1791377651008,102035,e
P04,S03,25,down,Space,1791377651128,102036, 
P04,S03,25,up,KeyE,1791377651155.7,102035,e
P04,S03,25,up,Space,1791377651247,102036, 
P04,S03,25,down,KeyT,1791377651543.7,102037,t
P04,S03,25,up,KeyT,1791377651651.4,102037,t
P04,S03,25,down,KeyH,1791377651693.4,102038,h
P04,S03,25,up,KeyH,1791377651796.5,102038,h
P04,S03,25,down,KeyA,1791377651882.2,102039,a
P04,S03,25,up,KeyA,1791377652022.8,102039,a
P04,S03,25,down,KeyT,1791377652060.5,102040,t
P04,S03,25,up,KeyT,1791377652202.9,102040,t
P04,S03,25,down,KeyS,1791377652207.8,102041,s
P04,S03,25,up,KeyS,1791377652348.5,102041,s
P04,S03,25,down,Space,1791377652371.9,102042, 
P04,S03,25,up,Space,1791377652479.7,102042, 
P04,S03,25,down,KeyT,1791377652583.6,102043,t
P04,S03,25,up,KeyT,1791377652697.7,102043,t
P04,S03,25,down,KeyH,1791377652772.9,102044,h
P04,S03,25,down,KeyE,1791377652875.2,102045,e
P04,S03,25,up,KeyH,1791377652881,102044,h
P04,S03,25,down,Space,1791377652988.1,102046, 
P04,S03,25,up,KeyE,1791377653015.6,102045,e
P04,S03,25,up,Space,1791377653096.1,102046, 
P04,S03,25,down,KeyP,1791377653261.9,102047,p
P04,S03,25,up,KeyP,1791377653376.2,102047,p
P04,S03,25,down,KeyR,1791377653436.9,102048,r
P04,S03,25,up,KeyR,1791377653593.8,102048,r
P04,S03,25,down,KeyO,1791377653608.9,102049,o
P04,S03,25,up,KeyO,1791377653700,102049,o
P04,S03,25,down,KeyB,1791377654003.2,102050,b
P04,S03,25,up,KeyB,1791377654095.4,102050,b
P04,S03,25,down,KeyL,1791377654243.7,102051,l
P04,S03,25,up,KeyL,1791377654341,102051,l
P04,S03,25,down,KeyE,1791377654363.6,102052,e
P04,S03,25,up,KeyE,1791377654527.2,102052,e
P04,S03,25,down,KeyM,1791377654536.8,102053,m
P04,S03,25,up,KeyM,1791377654643.2,102053,m
P04,S03,25,down,Space,1791377655040.7,102054, 
P04,S03,25,up,Space,1791377655138.5,102054, 
P04,S03,25,down,KeyI,1791377655387.6,102055,i
P04,S03,25,up,KeyI,1791377655480.9,102055,i
P04,S03,25,down,KeyM,1791377655615.9,102056,m
P04,S03,25,up,KeyM,1791377655701.5,102056,m
P04,S03,25,down,Space,1791377655774,102057, 
P04,S03,25,up,Space,1791377655873.6,102057, 
P04,S03,25,down,KeyJ,1791377656185.2,102058,j
P04,S03,25,up,KeyJ,1791377656267.6,102058,j
P04,S03,25,down,KeyU,1791377656308.9,102059,u
P04,S03,25,up,KeyU,1791377656413.1,102059,u
P04,S03,25,down,KeyS,1791377656431.6,102060,s
P04,S03,25,up,KeyS,1791377656578.9,102060,s
P04,S03,25,down,KeyT,1791377656601.1,102061,t
P04,S03,25,up,KeyT,1791377656697.7,102061,t
P04,S03,25,down,Space,1791377656822.7,102062, 
P04,S03,25,up,Space,1791377656937,102062, 
P04,S03,25,down,KeyA,1791377657078.5,102063,a
P04,S03,25,down,Space,1791377657191.9,102064, 
P04,S03,25,up,KeyA,1791377657266.3,102063,a
P04,S03,25,up,Space,1791377657271.9,102064, 
P04,S03,25,down,KeyP,1791377657411.8,102065,p
P04,S03,25,up,KeyP,1791377657536.3,102065,p
P04,S03,25,down,KeyE,1791377657555.6,102066,e
P04,S03,25,up,KeyE,1791377657707.1,102066,e
P04,S03,25,down,KeyR,1791377657748,102067,r
P04,S03,25,up,KeyR,1791377657861.1,102067,r
P04,S03,25,down,KeyS,1791377657993.6,102068,s
P04,S03,25,down,KeyO,1791377658144.6,102069,o
P04,S03,25,up,KeyS,1791377658165.8,102068,s
P04,S03,25,up,KeyO,1791377658258.4,102069,o
P04,S03,25,down,KeyN,1791377658362.9,102070,n
P04,S03,25,up,KeyN,1791377658459.7,102070,n
P04,S03,25,down,Space,1791377658514.6,102071, 
P04,S03,25,up,Space,1791377658603.2,102071, 
P04,S03,25,down,KeyL,1791377658748.3,102072,l
P04,S03,25,up,KeyL,1791377658878.5,102072,l
P04,S03,25,down,KeyI,1791377658970.2,102073,i
P04,S03,25,up,KeyI,1791377659059.9,102073,i
P04,S03,25,down,KeyK,1791377659120.7,102074,k
P04,S03,25,up,KeyK,1791377659228.7,102074,k
P04,S03,25,down,KeyE,1791377659245.2,102075,e
P04,S03,25,down,Space,1791377659370.2,102076, 
P04,S03,25,up,KeyE,1791377659381.3,102075,e
P04,S03,25,up,Space,1791377659476.5,102076, 
P04,S03,25,down,KeyT,1791377659616.1,102077,t
P04,S03,25,up,KeyT,1791377659730.5,102077,t
P04,S03,25,down,KeyH,1791377659796.1,102078,h
P04,S03,25,up,KeyH,1791377659909.1,102078,h
P04,S03,25,down,KeyA,1791377659918.9,102079,a
P04,S03,25,down,KeyT,1791377659988.9,102080,t
P04,S03,25,up,KeyA,1791377660049.2,102079,a
P04,S03,25,up,KeyT,1791377660080.9,102080,t
P04,S03,25,down,Enter,1791377660291.6,102081,Enter
P04,S03,25,up,Enter,1791377660372.2,102081,Enter
