participant_id,session_id,sample_id,event,key_code,timestamp_ms,press_id,key
P04,S02,1,down,Period,1791375857339.8,80001,.
P04,S02,1,up,Period,1791375857450.1,80001,.
P04,S02,1,down,KeyT,1791375857611.6,80002,t
P04,S02,1,up,KeyT,1791375857742.2,80002,t
P04,S02,1,down,KeyI,1791375857759.5,80003,i
P04,S02,1,up,KeyI,1791375857872.1,80003,i
P04,S02,1,down,KeyE,1791375858518.9,80004,e
P04,S02,1,up,KeyE,1791375858680.1,80004,e
P04,S02,1,down,Numpad5,1791375858874,80005,5
P04,S02,1,up,Numpad5,1791375858991.9,80005,5
P04,S02,1,down,ShiftLeft,1791375859262.4,80006,Shift
P04,S02,1,down,KeyR,1791375859503.6,80007,R
P04,S02,1,up,KeyR,1791375859602.3,80007,R
P04,S02,1,up,ShiftLeft,1791375859692.3,80006,Shift
P04,S02,1,down,KeyO,1791375859820.6,80008,o
P04,S02,1,up,KeyO,1791375859931,80008,o
P04,S02,1,down,KeyA,1791375859995.8,80009,a
P04,S02,1,up,KeyA,1791375860178.8,80009,a
P04,S02,1,down,KeyN,1791375860184.5,80010,n
P04,S02,1,up,KeyN,1791375860287.2,80010,n
P04,S02,1,down,KeyL,1791375860388,80011,l
P04,S02,1,up,KeyL,1791375860500.5,80011,l
P04,S02,1,down,Enter,1791375861566.1,80012,Enter
P04,S02,1,up,Enter,1791375861701.9,80012,Enter
P04,S02,2,down,Period,1791375863483.2,80013,.
P04,S02,2,up,Period,1791375863589.8,80013,.
P04,S02,2,down,KeyT,1791375863801.5,80014,t
P04,S02,2,up,KeyT,1791375863925.3,80014,t
P04,S02,2,down,KeyI,1791375863986.2,80015,i
P04,S02,2,up,KeyI,1791375864104.2,80015,i
P04,S02,2,down,KeyE,1791375864228.8,80016,e
P04,S02,2,up,KeyE,1791375864378.4,80016,e
P04,S02,2,down,Numpad5,1791375864631.5,80017,5
P04,S02,2,up,Numpad5,1791375864771.3,80017,5
P04,S02,2,down,ShiftLeft,1791375865007.2,80018,Shift
P04,S02,2,down,KeyR,1791375865351.5,80019,R
P04,S02,2,up,KeyR,1791375865448.1,80019,R
P04,S02,2,up,ShiftLeft,1791375865500.8,80018,Shift
P04,S02,2,down,KeyO,1791375865637.9,80020,o
P04,S02,2,up,KeyO,1791375865752.3,80020,o
P04,S02,2,down,KeyA,1791375865828,80021,a
P04,S02,2,up,KeyA,1791375866021.2,80021,a
P04,S02,2,down,KeyN,1791375866060.7,80022,n
P04,S02,2,up,KeyN,1791375866162.1,80022,n
P04,S02,2,down,KeyL,1791375866309.2,80023,l
P04,S02,2,up,KeyL,1791375866410.3,80023,l
P04,S02,2,down,Enter,1791375866953.5,80024,Enter
P04,S02,2,up,Enter,1791375867105.2,80024,Enter
P04,S02,3,down,Period,1791375867752.7,80025,.
P04,S02,3,up,Period,1791375867888.2,80025,.
P04,S02,3,down,KeyT,1791375867998.7,80026,t
P04,S02,3,up,KeyT,1791375868144.7,80026,t
P04,S02,3,down,KeyI,1791375868192.6,80027,i
P04,S02,3,up,KeyI,1791375868328.1,80027,i
P04,S02,3,down,KeyE,1791375868432.9,80028,e
P04,S02,3,up,KeyE,1791375868589.8,80028,e
P04,S02,3,down,Numpad5,1791375870576.2,80029,5
P04,S02,3,up,Numpad5,1791375870711.5,80029,5
P04,S02,3,down,ShiftLeft,1791375870797.8,80030,Shift
P04,S02,3,down,KeyR,1791375871156.5,80031,R
P04,S02,3,up,KeyR,1791375871254.9,80031,R
P04,S02,3,up,ShiftLeft,1791375871285.8,80030,Shift
P04,S02,3,down,KeyO,1791375871432.2,80032,o
P04,S02,3,up,KeyO,1791375871562.3,80032,o
P04,S02,3,down,KeyA,1791375871585.5,80033,a
P04,S02,3,down,KeyN,1791375871756.7,80034,n
P04,S02,3,up,KeyA,1791375871785.5,80033,a
P04,S02,3,up,KeyN,1791375871866.1,80034,n
P04,S02,3,down,KeyL,1791375871985.2,80035,l
P04,S02,3,up,KeyL,1791375872082.4,80035,l
P04,S02,3,down,Enter,1791375872621.8,80036,Enter
P04,S02,3,up,Enter,1791375872789,80036,Enter
P04,S02,4,down,Period,1791375873825,80037,.
P04,S02,4,up,Period,1791375873966.5,80037,.
P04,S02,4,down,KeyT,1791375874284.5,80038,t
P04,S02,4,down,KeyI,1791375874411.6,80039,i
P04,S02,4,up,KeyT,1791375874417.4,80038,t
P04,S02,4,up,KeyI,1791375874526.6,80039,i
P04,S02,4,down,KeyE,1791375874608.8,80040,e
P04,S02,4,up,KeyE,1791375874796.3,80040,e
P04,S02,4,down,Numpad5,1791375874945.7,80041,5
P04,S02,4,up,Numpad5,1791375875145.6,80041,5
P04,S02,4,down,ShiftLeft,1791375875329.6,80042,Shift
P04,S02,4,down,KeyR,1791375875522.3,80043,R
P04,S02,4,up,KeyR,1791375875618.5,80043,R
P04,S02,4,up,ShiftLeft,1791375875662.5,80042,Shift
P04,S02,4,down,KeyO,1791375875777.9,80044,o
P04,S02,4,up,KeyO,1791375875894.9,80044,o
P04,S02,4,down,KeyA,1791375875916.3,80045,a
P04,S02,4,down,KeyN,1791375876074.2,80046,n
P04,S02,4,up,KeyA,1791375876111.7,80045,a
P04,S02,4,up,KeyN,1791375876180.7,80046,n
P04,S02,4,down,KeyL,1791375876283.1,80047,l
P04,S02,4,up,KeyL,1791375876379.9,80047,l
P04,S02,4,down,Enter,1791375876547.7,80048,Enter
P04,S02,4,up,Enter,1791375876660.8,80048,Enter
P04,S02,5,down,Period,1791375878278.5,80049,.
P04,S02,5,up,Period,1791375878440.3,80049,.
P04,S02,5,down,KeyT,1791375878552.7,80050,t
P04,S02,5,up,KeyT,1791375878670.6,80050,t
P04,S02,5,down,KeyI,1791375878724.5,80051,i
P04,S02,5,up,KeyI,1791375878847.6,80051,i
P04,S02,5,down,KeyE,1791375878933.4,80052,e
P04,S02,5,up,KeyE,1791375879083.7,80052,e
P04,S02,5,down,Numpad5,1791375879330.7,80053,5
P04,S02,5,up,Numpad5,1791375879465,80053,5
P04,S02,5,down,ShiftLeft,1791375879594.7,80054,Shift
P04,S02,5,down,KeyR,1791375879937.8,80055,R
P04,S02,5,up,KeyR,1791375880045.3,80055,R
P04,S02,5,up,ShiftLeft,1791375880068.5,80054,Shift
P04,S02,5,down,KeyO,1791375880230.8,80056,o
P04,S02,5,up,KeyO,1791375880346,80056,o
P04,S02,5,down,KeyA,1791375880382.8,80057,a
P04,S02,5,up,KeyA,1791375880545.5,80057,a
P04,S02,5,down,KeyN,1791375880568.7,80058,n
P04,S02,5,up,KeyN,1791375880666.3,80058,n
P04,S02,5,down,KeyL,1791375880764.9,80059,l
P04,S02,5,up,KeyL,1791375880858.6,80059,l
P04,S02,5,down,Enter,1791375881155.8,80060,Enter
P04,S02,5,up,Enter,1791375881246.7,80060,Enter
P04,S02,6,down,Period,1791375881806.4,80061,.
P04,S02,6,up,Period,1791375881909.8,80061,.
P04,S02,6,down,KeyT,1791375882501.5,80062,t
P04,S02,6,up,KeyT,1791375882629.7,80062,t
P04,S02,6,down,KeyI,1791375882695.3,80063,i
P04,S02,6,up,KeyI,1791375882803.4,80063,i
P04,S02,6,down,KeyE,1791375882941.6,80064,e
P04,S02,6,up,KeyE,1791375883109.2,80064,e
P04,S02,6,down,Numpad5,1791375883257.7,80065,5
P04,S02,6,up,Numpad5,1791375883365.5,80065,5
P04,S02,6,down,ShiftLeft,1791375883762,80066,Shift
P04,S02,6,down,KeyR,1791375884009.1,80067,R
P04,S02,6,up,KeyR,1791375884090.4,80067,R
P04,S02,6,up,ShiftLeft,1791375884144.3,80066,Shift
P04,S02,6,down,KeyO,1791375884285.3,80068,o
P04,S02,6,up,KeyO,1791375884394.9,80068,o
P04,S02,6,down,KeyA,1791375884431.5,80069,a
P04,S02,6,up,KeyA,1791375884589,80069,a
P04,S02,6,down,KeyN,1791375884591.5,80070,n
P04,S02,6,up,KeyN,1791375884695.1,80070,n
P04,S02,6,down,KeyL,1791375884818.6,80071,l
P04,S02,6,up,KeyL,1791375884926.5,80071,l
P04,S02,6,down,Enter,1791375885089.3,80072,Enter
P04,S02,6,up,Enter,1791375885207.9,80072,Enter
P04,S02,7,down,Period,1791375887138.6,80073,.
P04,S02,7,up,Period,1791375887252.1,80073,.
P04,S02,7,down,KeyT,1791375887361.1,80074,t
P04,S02,7,up,KeyT,1791375887485.2,80074,t
P04,S02,7,down,KeyI,1791375887610.9,80075,i
P04,S02,7,up,KeyI,1791375887766.2,80075,i
P04,S02,7,down,KeyR,1791375887942.3,80076,r
P04,S02,7,up,KeyR,1791375888187,80076,r
P04,S02,7,down,Backspace,1791375889071.2,80077,Backspace
P04,S02,7,up,Backspace,1791375889362.3,80077,Backspace
P04,S02,7,down,Backspace,1791375889459,80078,Backspace
P04,S02,7,up,Backspace,1791375889561.9,80078,Backspace
P04,S02,7,down,Backspace,1791375889636.9,80079,Backspace
P04,S02,7,up,Backspace,1791375889744.5,80079,Backspace
P04,S02,7,down,Backspace,1791375890042.9,80080,Backspace
P04,S02,7,up,Backspace,1791375890168.5,80080,Backspace
P04,S02,7,down,Enter,1791375891544.7,80081,Enter
P04,S02,7,up,Enter,1791375891695.5,80081,Enter
P04,S02,8,down,KeyT,1791375895095,80082,t
P04,S02,8,up,KeyT,1791375895234.9,80082,t
P04,S02,8,down,KeyI,1791375895251.8,80083,i
P04,S02,8,up,KeyI,1791375895381.2,80083,i
P04,S02,8,down,KeyE,1791375895595.4,80084,e
P04,S02,8,up,KeyE,1791375895749.5,80084,e
P04,S02,8,down,Numpad5,1791375895949.1,80085,5
P04,S02,8,up,Numpad5,1791375896040.6,80085,5
P04,S02,8,down,ShiftLeft,1791375896247.3,80086,Shift
P04,S02,8,down,KeyR,1791375896511.9,80087,R
P04,S02,8,up,KeyR,1791375896608.1,80087,R
P04,S02,8,up,ShiftLeft,1791375896618,80086,Shift
P04,S02,8,down,KeyO,1791375896789.4,80088,o
P04,S02,8,up,KeyO,1791375896909.8,80088,o
P04,S02,8,down,KeyA,1791375896958.6,80089,a
P04,S02,8,up,KeyA,1791375897120.1,80089,a
P04,S02,8,down,KeyN,1791375897156,80090,n
P04,S02,8,up,KeyN,1791375897275.5,80090,n
P04,S02,8,down,KeyL,1791375897437.1,80091,l
P04,S02,8,up,KeyL,1791375897523.6,80091,l
P04,S02,8,down,Enter,1791375897970.6,80092,Enter
P04,S02,8,up,Enter,1791375898123,80092,Enter
P04,S02,9,down,Period,1791375898592.5,80093,.
P04,S02,9,up,Period,1791375898747.6,80093,.
P04,S02,9,down,KeyT,1791375898832.6,80094,t
P04,S02,9,down,KeyI,1791375898994,80095,i
P04,S02,9,up,KeyT,1791375898995.7,80094,t
P04,S02,9,up,KeyI,1791375899134,80095,i
P04,S02,9,down,KeyE,1791375899266.8,80096,e
P04,S02,9,up,KeyE,1791375899412.5,80096,e
P04,S02,9,down,Numpad5,1791375899825.9,80097,5
P04,S02,9,up,Numpad5,1791375899958.8,80097,5
P04,S02,9,down,ShiftLeft,1791375900051.8,80098,Shift
P04,S02,9,down,KeyR,1791375900433,80099,R
P04,S02,9,up,KeyR,1791375900518.1,80099,R
P04,S02,9,up,ShiftLeft,1791375900598.4,80098,Shift
P04,S02,9,down,KeyO,1791375900720.7,80100,o
P04,S02,9,up,KeyO,1791375900840.7,80100,o
P04,S02,9,down,KeyA,1791375900895.5,80101,a
P04,S02,9,up,KeyA,1791375901057,80101,a
P04,S02,9,down,KeyN,1791375901061.5,80102,n
P04,S02,9,up,KeyN,1791375901169.9,80102,n
P04,S02,9,down,KeyL,1791375901318.3,80103,l
P04,S02,9,up,KeyL,1791375901411.2,80103,l
P04,S02,9,down,Enter,1791375901590.6,80104,Enter
P04,S02,9,up,Enter,1791375901767.2,80104,Enter
P04,S02,10,down,Period,1791375902824.1,80105,.
P04,S02,10,up,Period,1791375902953.1,80105,.
P04,S02,10,down,KeyT,1791375903741.4,80106,t
P04,S02,10,up,KeyT,1791375903875.9,80106,t
P04,S02,10,down,KeyI,1791375903899.3,80107,i
P04,S02,10,up,KeyI,1791375904034.4,80107,i
P04,S02,10,down,KeyE,1791375904075,80108,e
P04,S02,10,up,KeyE,1791375904236.8,80108,e
P04,S02,10,down,Numpad5,1791375904349.9,80109,5
P04,S02,10,up,Numpad5,1791375904500.7,80109,5
P04,S02,10,down,ShiftLeft,1791375904577.2,80110,Shift
P04,S02,10,down,KeyR,1791375905006.8,80111,R
P04,S02,10,up,KeyR,1791375905097.9,80111,R
P04,S02,10,up,ShiftLeft,1791375905168.7,80110,Shift
P04,S02,10,down,KeyO,1791375905294.4,80112,o
P04,S02,10,up,KeyO,1791375905413.1,80112,o
P04,S02,10,down,KeyA,1791375905470.1,80113,a
P04,S02,10,down,KeyN,1791375905639.1,80114,n
P04,S02,10,up,KeyA,1791375905723.3,80113,a
P04,S02,10,up,KeyN,1791375905745,80114,n
P04,S02,10,down,KeyL,1791375905863.2,80115,l
P04,S02,10,up,KeyL,1791375905960.6,80115,l
P04,S02,10,down,Enter,1791375906264.6,80116,Enter
P04,S02,10,up,Enter,1791375906351.8,80116,Enter
P04,S02,11,down,KeyO,1791375911974,80117,o
P04,S02,11,up,KeyO,1791375912071.8,80117,o
P04,S02,11,down,KeyK,1791375912125.7,80118,k
P04,S02,11,down,KeyA,1791375912228.5,80119,a
P04,S02,11,up,KeyK,1791375912245,80118,k
P04,S02,11,up,KeyA,1791375912405.2,80119,a
P04,S02,11,down,KeyY,1791375912472,80120,z
P04,S02,11,up,KeyY,1791375912558.9,80120,z
P04,S02,11,down,Backspace,1791375913448,80121,Backspace
P04,S02,11,up,Backspace,1791375913589.5,80121,Backspace
P04,S02,11,down,KeyZ,1791375924293.7,80122,y
P04,S02,11,up,KeyZ,1791375924456,80122,y
P04,S02,11,down,Space,1791375924845.8,80123, 
P04,S02,11,up,Space,1791375924961.3,80123, 
P04,S02,11,down,KeyL,1791375925173.2,80124,l
P04,S02,11,up,KeyL,1791375925308.5,80124,l
P04,S02,11,down,KeyE,1791375925573.8,80125,e
P04,S02,11,up,KeyE,1791375925738.5,80125,e
P04,S02,11,down,KeyT,1791375925768,80126,t
P04,S02,11,up,KeyT,1791375925880.4,80126,t
P04,S02,11,down,KeyS,1791375925958.4,80127,s
P04,S02,11,up,KeyS,1791375926095.5,80127,s
P04,S02,11,down,Space,1791375926128.5,80128, 
P04,S02,11,up,Space,1791375926241.7,80128, 
P04,S02,11,down,KeyT,1791375926632.4,80129,t
P04,S02,11,up,KeyT,1791375926735.2,80129,t
P04,S02,11,down,KeyA,1791375926770.2,80130,a
P04,S02,11,up,KeyA,1791375926916.6,80130,a
P04,S02,11,down,KeyL,1791375926993.3,80131,l
P04,S02,11,up,KeyL,1791375927101.7,80131,l
P04,S02,11,down,KeyK,1791375927155.4,80132,k
P04,S02,11,up,KeyK,1791375927253,80132,k
P04,S02,11,down,Enter,1791375927355,80133,Enter
P04,S02,11,up,Enter,1791375927493.8,80133,Enter
P04,S02,12,down,KeyW,1791375928241.1,80134,w
P04,S02,12,up,KeyW,1791375928370.3,80134,w
P04,S02,12,down,KeyE,1791375928435,80135,e
P04,S02,12,up,KeyE,1791375928558.6,80135,e
P04,S02,12,down,Space,1791375928564.1,80136, 
P04,S02,12,up,Space,1791375928676.1,80136, 
P04,S02,12,down,KeyN,1791375928756,80137,n
P04,S02,12,up,KeyN,1791375928855.6,80137,n
P04,S02,12,down,KeyE,1791375928898.4,80138,e
P04,S02,12,up,KeyE,1791375929023.6,80138,e
P04,S02,12,down,KeyE,1791375929050.2,80139,e
P04,S02,12,up,KeyE,1791375929179.2,80139,e
P04,S02,12,down,KeyD,1791375929265.2,80140,d
P04,S02,12,down,Space,1791375929404.6,80141, 
P04,S02,12,up,KeyD,1791375929422.2,80140,d
P04,S02,12,up,Space,1791375929534.1,80141, 
P04,S02,12,down,KeyT,1791375929746.5,80142,t
P04,S02,12,down,KeyO,1791375929853.5,80143,o
P04,S02,12,up,KeyT,1791375929865.4,80142,t
P04,S02,12,up,KeyO,1791375929962.4,80143,o
P04,S02,12,down,Space,1791375930079,80144, 
P04,S02,12,up,Space,1791375930213.7,80144, 
P04,S02,12,down,KeyD,1791375930298.1,80145,d
P04,S02,12,up,KeyD,1791375930438.5,80145,d
P04,S02,12,down,KeyI,1791375930538.2,80146,i
P04,S02,12,up,KeyI,1791375930689.8,80146,i
P04,S02,12,down,KeyS,1791375930719.8,80147,s
P04,S02,12,up,KeyS,1791375930866.3,80147,s
P04,S02,12,down,KeyC,1791375930989.9,80148,c
P04,S02,12,up,KeyC,1791375931151.9,80148,c
P04,S02,12,down,KeyU,1791375931175.3,80149,u
P04,S02,12,up,KeyU,1791375931288.9,80149,u
P04,S02,12,down,KeyS,1791375931461.8,80150,s
P04,S02,12,up,KeyS,1791375931552.5,80150,s
P04,S02,12,down,KeyS,1791375931768,80151,s
P04,S02,12,up,KeyS,1791375931875.4,80151,s
P04,S02,12,down,Space,1791375931964.5,80152, 
P04,S02,12,up,Space,1791375932079,80152, 
P04,S02,12,down,KeyS,1791375932709.1,80153,s
P04,S02,12,up,KeyS,1791375932876.8,80153,s
P04,S02,12,down,KeyM,1791375933646.4,80154,m
P04,S02,12,up,KeyM,1791375933761.4,80154,m
P04,S02,12,down,KeyT,1791375933930.5,80155,t
P04,S02,12,up,KeyT,1791375934047,80155,t
P04,S02,12,down,KeyH,1791375934051.6,80156,h
P04,S02,12,up,KeyH,1791375934133.3,80156,h
P04,S02,12,down,Enter,1791375934315.2,80157,Enter
P04,S02,12,up,Enter,1791375934428.6,80157,Enter
P04,S02,13,down,KeyI,1791375937317,80158,i
P04,S02,13,up,KeyI,1791375937404.5,80158,i
P04,S02,13,down,Space,1791375937558.2,80159, 
P04,S02,13,up,Space,1791375937670.7,80159, 
P04,S02,13,down,KeyN,1791375937927.3,80160,n
P04,S02,13,up,KeyN,1791375938018.6,80160,n
P04,S02,13,down,KeyE,1791375938082.1,80161,e
P04,S02,13,up,KeyE,1791375938212,80161,e
P04,S02,13,down,KeyE,1791375938270.9,80162,e
P04,S02,13,up,KeyE,1791375938353,80162,e
P04,S02,13,down,KeyD,1791375938432.9,80163,d
P04,S02,13,up,KeyD,1791375938557.1,80163,d
P04,S02,13,down,Space,1791375938574,80164, 
P04,S02,13,up,Space,1791375938699.7,80164, 
P04,S02,13,down,KeyT,1791375938730.1,80165,t
P04,S02,13,up,KeyT,1791375938913.8,80165,t
P04,S02,13,down,KeyO,1791375938962.5,80166,o
P04,S02,13,up,KeyO,1791375939081.8,80166,o
P04,S02,13,down,Space,1791375939205.1,80167, 
P04,S02,13,up,Space,1791375939329,80167, 
P04,S02,13,down,KeyC,1791375939407.5,80168,c
P04,S02,13,down,KeyO,1791375939498.1,80169,o
P04,S02,13,up,KeyC,1791375939536.7,80168,c
P04,S02,13,up,KeyO,1791375939622.7,80169,o
P04,S02,13,down,KeyL,1791375939697.3,80170,l
P04,S02,13,up,KeyL,1791375939822.5,80170,l
P04,S02,13,down,KeyL,1791375939849.8,80171,l
P04,S02,13,down,KeyE,1791375939934.9,80172,e
P04,S02,13,up,KeyL,1791375939963.6,80171,l
P04,S02,13,up,KeyE,1791375940074.6,80172,e
P04,S02,13,down,KeyC,1791375940107.3,80173,c
P04,S02,13,up,KeyC,1791375940296.1,80173,c
P04,S02,13,down,KeyT,1791375940372.2,80174,t
P04,S02,13,up,KeyT,1791375940479,80174,t
P04,S02,13,down,Space,1791375940584.6,80175, 
P04,S02,13,up,Space,1791375940698,80175, 
P04,S02,13,down,KeyD,1791375940987.1,80176,d
P04,S02,13,up,KeyD,1791375941089.6,80176,d
P04,S02,13,down,KeyA,1791375941120.9,80177,a
P04,S02,13,down,KeyT,1791375941244.9,80178,t
P04,S02,13,up,KeyA,1791375941272.3,80177,a
P04,S02,13,up,KeyT,1791375941357.9,80178,t
P04,S02,13,down,KeyA,1791375941373.1,80179,a
P04,S02,13,down,Space,1791375941520,80180, 
P04,S02,13,up,KeyA,1791375941520.6,80179,a
P04,S02,13,up,Space,1791375941663.5,80180, 
P04,S02,13,down,KeyF,1791375941956.6,80181,f
P04,S02,13,up,KeyF,1791375942086.4,80181,f
P04,S02,13,down,KeyO,1791375942186.9,80182,o
P04,S02,13,up,KeyO,1791375942284.7,80182,o
P04,S02,13,down,KeyR,1791375942320.9,80183,r
P04,S02,13,up,KeyR,1791375942445.8,80183,r
P04,S02,13,down,Space,1791375942483.2,80184, 
P04,S02,13,up,Space,1791375942586.8,80184, 
P04,S02,13,down,KeyA,1791375942761.5,80185,a
P04,S02,13,down,Space,1791375942932.2,80186, 
P04,S02,13,up,KeyA,1791375942933.8,80185,a
P04,S02,13,up,Space,1791375943045.6,80186, 
P04,S02,13,down,KeyP,1791375943528.9,80187,p
P04,S02,13,up,KeyP,1791375943685.2,80187,p
P04,S02,13,down,KeyR,1791375944043.9,80188,r
P04,S02,13,down,KeyO,1791375944188.3,80189,o
P04,S02,13,up,KeyR,1791375944244,80188,r
P04,S02,13,up,KeyO,1791375944307.3,80189,o
P04,S02,13,down,KeyJ,1791375944483.2,80190,j
P04,S02,13,down,KeyE,1791375944595.6,80191,e
P04,S02,13,up,KeyJ,1791375944635.6,80190,j
P04,S02,13,up,KeyE,1791375944789.3,80191,e
P04,S02,13,down,KeyC,1791375944813.8,80192,c
P04,S02,13,up,KeyC,1791375945018.3,80192,c
P04,S02,13,down,KeyT,1791375945088.5,80193,t
P04,S02,13,up,KeyT,1791375945244.7,80193,t
P04,S02,13,down,Space,1791375945253.9,80194, 
P04,S02,13,up,Space,1791375945383.6,80194, 
P04,S02,13,down,KeyD,1791375945514.8,80195,d
P04,S02,13,up,KeyD,1791375945699.9,80195,d
P04,S02,13,down,Backspace,1791375945947.3,80196,Backspace
P04,S02,13,up,Backspace,1791375946081.6,80196,Backspace
P04,S02,13,down,KeyS,1791375946137.1,80197,s
P04,S02,13,down,KeyO,1791375946287,80198,o
P04,S02,13,up,KeyS,1791375946303.2,80197,s
P04,S02,13,up,KeyO,1791375946385.2,80198,o
P04,S02,13,down,Space,1791375946510,80199, 
P04,S02,13,up,Space,1791375946624.1,80199, 
P04,S02,13,down,KeyI,1791375946755.5,80200,i
P04,S02,13,up,KeyI,1791375946884.8,80200,i
P04,S02,13,down,KeyT,1791375947139.9,80201,t
P04,S02,13,up,KeyT,1791375947253.6,80201,t
P04,S02,13,down,Space,1791375947272.1,80202, 
P04,S02,13,up,Space,1791375947373.8,80202, 
P04,S02,13,down,KeyW,1791375947595.2,80203,w
P04,S02,13,down,KeyO,1791375947762.1,80204,o
P04,S02,13,up,KeyW,1791375947790.5,80203,w
P04,S02,13,up,KeyO,1791375947880.5,80204,o
P04,S02,13,down,KeyU,1791375947954.2,80205,u
P04,S02,13,up,KeyU,1791375948058.3,80205,u
P04,S02,13,down,KeyL,1791375948169.9,80206,l
P04,S02,13,up,KeyL,1791375948268.4,80206,l
P04,S02,13,down,KeyF,1791375948369.7,80207,f
P04,S02,13,up,KeyF,1791375948468.5,80207,f
P04,S02,13,down,Backspace,1791375948703.1,80208,Backspace
P04,S02,13,up,Backspace,1791375948837,80208,Backspace
P04,S02,13,down,KeyD,1791375948878.3,80209,d
P04,S02,13,up,KeyD,1791375948980.9,80209,d
P04,S02,13,down,Space,1791375949038.4,80210, 
P04,S02,13,up,Space,1791375949156.9,80210, 
P04,S02,13,down,KeyB,1791375949644.9,80211,b
P04,S02,13,up,KeyB,1791375949747.1,80211,b
P04,S02,13,down,Space,1791375949941.6,80212, 
P04,S02,13,up,Space,1791375950061,80212, 
P04,S02,13,down,Backspace,1791375950531.1,80213,Backspace
P04,S02,13,up,Backspace,1791375950668.1,80213,Backspace
P04,S02,13,down,Backspace,1791375951060,80214,Backspace
P04,S02,13,up,Backspace,1791375951178.6,80214,Backspace
P04,S02,13,down,KeyB,1791375951757.5,80215,b
P04,S02,13,up,KeyB,1791375951854.7,80215,b
P04,S02,13,down,KeyE,1791375951870.4,80216,e
P04,S02,13,down,Space,1791375951977.5,80217, 
P04,S02,13,up,KeyE,1791375952042.9,80216,e
P04,S02,13,up,Space,1791375952075.2,80217, 
P04,S02,13,down,KeyN,1791375952383.4,80218,n
P04,S02,13,up,KeyN,1791375952474.8,80218,n
P04,S02,13,down,KeyI,1791375952548.9,80219,i
P04,S02,13,up,KeyI,1791375952662.5,80219,i
P04,S02,13,down,KeyC,1791375952849.8,80220,c
P04,S02,13,up,KeyC,1791375952963.2,80220,c
P04,S02,13,down,KeyE,1791375953027.7,80221,e
P04,S02,13,down,Space,1791375953171.9,80222, 
P04,S02,13,up,KeyE,1791375953175,80221,e
P04,S02,13,up,Space,1791375953295.5,80222, 
P04,S02,13,down,KeyT,1791375953435.9,80223,t
P04,S02,13,up,KeyT,1791375953586.4,80223,t
P04,S02,13,down,KeyO,1791375953628.8,80224,o
P04,S02,13,up,KeyO,1791375953753.7,80224,o
P04,S02,13,down,Space,1791375953886.1,80225, 
P04,S02,13,up,Space,1791375953995.4,80225, 
P04,S02,13,down,KeyD,1791375954917.3,80226,d
P04,S02,13,down,KeyI,1791375955039.3,80227,i
P04,S02,13,up,KeyD,1791375955061.8,80226,d
P04,S02,13,up,KeyI,1791375955168.3,80227,i
P04,S02,13,down,KeyS,1791375955263.7,80228,s
P04,S02,13,up,KeyS,1791375955415.6,80228,s
P04,S02,13,down,KeyC,1791375955554.1,80229,c
P04,S02,13,up,KeyC,1791375955721.1,80229,c
P04,S02,13,down,KeyU,1791375955761.7,80230,u
P04,S02,13,up,KeyU,1791375955863.8,80230,u
P04,S02,13,down,KeyS,1791375955973.5,80231,s
P04,S02,13,up,KeyS,1791375956074.5,80231,s
P04,S02,13,down,KeyS,1791375956140.2,80232,s
P04,S02,13,up,KeyS,1791375956258.3,80232,s
P04,S02,13,down,Space,1791375956333.3,80233, 
P04,S02,13,up,Space,1791375956445.5,80233, 
P04,S02,13,down,KeyD,1791375956762.2,80234,d
P04,S02,13,up,KeyD,1791375956870.3,80234,d
P04,S02,13,down,Backspace,1791375957296.7,80235,Backspace
P04,S02,13,up,Backspace,1791375957430.7,80235,Backspace
P04,S02,13,down,KeyS,1791375957468.3,80236,s
P04,S02,13,down,KeyO,1791375957607.2,80237,o
P04,S02,13,up,KeyS,1791375957629.9,80236,s
P04,S02,13,up,KeyO,1791375957716.4,80237,o
P04,S02,13,down,KeyM,1791375957842.4,80238,m
P04,S02,13,up,KeyM,1791375957955.6,80238,m
P04,S02,13,down,KeyE,1791375958090.5,80239,e
P04,S02,13,up,KeyE,1791375958214.2,80239,e
P04,S02,13,down,KeyT,1791375958328.4,80240,t
P04,S02,13,down,KeyH,1791375958446.2,80241,h
P04,S02,13,up,KeyT,1791375958474.4,80240,t
P04,S02,13,up,KeyH,1791375958533.5,80241,h
P04,S02,13,down,KeyI,1791375958595.2,80242,i
P04,S02,13,up,KeyI,1791375958718.9,80242,i
P04,S02,13,down,KeyN,1791375958834.9,80243,n
P04,S02,13,up,KeyN,1791375958937.5,80243,n
P04,S02,13,down,KeyG,1791375959073.5,80244,g
P04,S02,13,up,KeyG,1791375959198.9,80244,g
P04,S02,13,down,Space,1791375959221.7,80245, 
P04,S02,13,up,Space,1791375959329.6,80245, 
P04,S02,13,down,KeyW,1791375959842.5,80246,w
P04,S02,13,up,KeyW,1791375959993.7,80246,w
P04,S02,13,down,KeyH,1791375959997.7,80247,h
P04,S02,13,up,KeyH,1791375960107.4,80247,h
P04,S02,13,down,KeyE,1791375960160.1,80248,e
P04,S02,13,up,KeyE,1791375960306.1,80248,e
P04,S02,13,down,KeyR,1791375960378.3,80249,r
P04,S02,13,up,KeyR,1791375960497.3,80249,r
P04,S02,13,down,KeyE,1791375960554,80250,e
P04,S02,13,down,Space,1791375960704.9,80251, 
P04,S02,13,up,KeyE,1791375960716.2,80250,e
P04,S02,13,up,Space,1791375960839.7,80251, 
P04,S02,13,down,KeyI,1791375961207.1,80252,i
P04,S02,13,up,KeyI,1791375961292.3,80252,i
P04,S02,13,down,Space,1791375961418.9,80253, 
P04,S02,13,up,Space,1791375961516.7,80253, 
P04,S02,13,down,KeyN,1791375961695.4,80254,n
P04,S02,13,up,KeyN,1791375961808.8,80254,n
P04,S02,13,down,KeyE,1791375961858.7,80255,e
P04,S02,13,up,KeyE,1791375961978.8,80255,e
P04,S02,13,down,KeyE,1791375962041.5,80256,e
P04,S02,13,up,KeyE,1791375962156.4,80256,e
P04,S02,13,down,KeyD,1791375962256.8,80257,d
P04,S02,13,up,KeyD,1791375962445.5,80257,d
P04,S02,13,down,Space,1791375962470.1,80258, 
P04,S02,13,up,Space,1791375962568.4,80258, 
P04,S02,13,down,KeyT,1791375962595.3,80259,t
P04,S02,13,up,KeyT,1791375962762.5,80259,t
P04,S02,13,down,KeyO,1791375962779,80260,o
P04,S02,13,up,KeyO,1791375962892.9,80260,o
P04,S02,13,down,Space,1791375963109,80261, 
P04,S02,13,up,Space,1791375963202,80261, 
P04,S02,13,down,KeyT,1791375963495.6,80262,t
P04,S02,13,up,KeyT,1791375963588.7,80262,t
P04,S02,13,down,KeyE,1791375963696.7,80263,e
P04,S02,13,up,KeyE,1791375963831.5,80263,e
P04,S02,13,down,KeyX,1791375964099.9,80264,x
P04,S02,13,up,KeyX,1791375964249.6,80264,x
P04,S02,13,down,KeyT,1791375964374.9,80265,t
P04,S02,13,up,KeyT,1791375964520.7,80265,t
P04,S02,13,down,Space,1791375964547.2,80266, 
P04,S02,13,up,Space,1791375964666.7,80266, 
P04,S02,13,down,Semicolon,1791375964966.5,80267,ô
P04,S02,13,up,Semicolon,1791375965010.2,80267,ô
P04,S02,13,down,KeyO,1791375965134.8,80268,o
P04,S02,13,up,KeyO,1791375965261.2,80268,o
P04,S02,13,down,KeyN,1791375965400,80269,n
P04,S02,13,up,KeyN,1791375965513.5,80269,n
P04,S02,13,down,KeyG,1791375965742.4,80270,g
P04,S02,13,up,KeyG,1791375965878,80270,g
P04,S02,13,down,Space,1791375965930.9,80271, 
P04,S02,13,up,Space,1791375966029.3,80271, 
P04,S02,13,down,KeyM,1791375966338.5,80272,m
P04,S02,13,up,KeyM,1791375966440.3,80272,m
P04,S02,13,down,KeyE,1791375966549.6,80273,e
P04,S02,13,up,KeyE,1791375966678.4,80273,e
P04,S02,13,down,KeyS,1791375966797.5,80274,s
P04,S02,13,up,KeyS,1791375966896.6,80274,s
P04,S02,13,down,KeyS,1791375966955.7,80275,s
P04,S02,13,up,KeyS,1791375967057.6,80275,s
P04,S02,13,down,KeyA,1791375967118.9,80276,a
P04,S02,13,up,KeyA,1791375967259.4,80276,a
P04,S02,13,down,KeyG,1791375967341.5,80277,g
P04,S02,13,up,KeyG,1791375967450.3,80277,g
P04,S02,13,down,KeyE,1791375967477.4,80278,e
P04,S02,13,up,KeyE,1791375967605.8,80278,e
P04,S02,13,down,KeyS,1791375967698.4,80279,s
P04,S02,13,up,KeyS,1791375967817.7,80279,s
P04,S02,13,down,Enter,1791375967842.5,80280,Enter
P04,S02,13,up,Enter,1791375967945,80280,Enter
P04,S02,14,down,KeyP,1791375973754.8,80281,p
P04,S02,14,up,KeyP,1791375973851.1,80281,p
P04,S02,14,down,KeyL,1791375973961.5,80282,l
P04,S02,14,up,KeyL,1791375974048.8,80282,l
P04,S02,14,down,KeyA,1791375974086.4,80283,a
P04,S02,14,up,KeyA,1791375974263.8,80283,a
P04,S02,14,down,KeyN,1791375974299.6,80284,n
P04,S02,14,up,KeyN,1791375974385,80284,n
P04,S02,14,down,KeyN,1791375974437.5,80285,n
P04,S02,14,up,KeyN,1791375974529,80285,n
P04,S02,14,down,KeyN,1791375974572,80286,n
P04,S02,14,up,KeyN,1791375974663.5,80286,n
P04,S02,14,down,KeyN,1791375974712.4,80287,n
P04,S02,14,up,KeyN,1791375974803.4,80287,n
P04,S02,14,down,KeyN,1791375974854.7,80288,n
P04,S02,14,up,KeyN,1791375974934.9,80288,n
P04,S02,14,down,KeyN,1791375974996.9,80289,n
P04,S02,14,up,KeyN,1791375975079.3,80289,n
P04,S02,14,down,KeyN,1791375975129.1,80290,n
P04,S02,14,up,KeyN,1791375975216.5,80290,n
P04,S02,14,down,KeyN,1791375975266.6,80291,n
P04,S02,14,up,KeyN,1791375975348.4,80291,n
P04,S02,14,down,KeyN,1791375975411.7,80292,n
P04,S02,14,up,KeyN,1791375975499.6,80292,n
P04,S02,14,down,Space,1791375975673.5,80293, 
P04,S02,14,up,Space,1791375975759,80293, 
P04,S02,14,down,KeyI,1791375975962.3,80294,i
P04,S02,14,up,KeyI,1791375976066.6,80294,i
P04,S02,14,down,KeyT,1791375976229.3,80295,t
P04,S02,14,down,Space,1791375976321.9,80296, 
P04,S02,14,up,KeyT,1791375976355.1,80295,t
P04,S02,14,up,Space,1791375976425.4,80296, 
P04,S02,14,down,KeyM,1791375976544.3,80297,m
P04,S02,14,up,KeyM,1791375976656.8,80297,m
P04,S02,14,down,KeyU,1791375976756.9,80298,u
P04,S02,14,up,KeyU,1791375976864.2,80298,u
P04,S02,14,down,KeyS,1791375976888.6,80299,s
P04,S02,14,up,KeyS,1791375977034.2,80299,s
P04,S02,14,down,KeyT,1791375977135.2,80300,t
P04,S02,14,down,Space,1791375977247.5,80301, 
P04,S02,14,up,KeyT,1791375977270.8,80300,t
P04,S02,14,up,Space,1791375977345.3,80301, 
P04,S02,14,down,KeyB,1791375977476.1,80302,b
P04,S02,14,up,KeyB,1791375977584.8,80302,b
P04,S02,14,down,KeyE,1791375977629.8,80303,e
P04,S02,14,up,KeyE,1791375977759.6,80303,e
P04,S02,14,down,Space,1791375978019.5,80304, 
P04,S02,14,up,Space,1791375978143.5,80304, 
P04,S02,14,down,KeyC,1791375978202.7,80305,c
P04,S02,14,down,KeyO,1791375978293.6,80306,o
P04,S02,14,up,KeyC,1791375978316.1,80305,c
P04,S02,14,up,KeyO,1791375978395.9,80306,o
P04,S02,14,down,KeyO,1791375978442.6,80307,o
P04,S02,14,up,KeyO,1791375978540.5,80307,o
P04,S02,14,down,KeyL,1791375978625.9,80308,l
P04,S02,14,up,KeyL,1791375978724.4,80308,l
P04,S02,14,down,Slash,1791375978950.2,80309,-
P04,S02,14,up,Slash,1791375979095.9,80309,-
P04,S02,14,down,Space,1791375979216.5,80310, 
P04,S02,14,up,Space,1791375979335.3,80310, 
P04,S02,14,down,Backspace,1791375980278.8,80311,Backspace
P04,S02,14,up,Backspace,1791375980381,80311,Backspace
P04,S02,14,down,Backspace,1791375980446.4,80312,Backspace
P04,S02,14,up,Backspace,1791375980538.8,80312,Backspace
P04,S02,14,down,Period,1791375981164.9,80313,.
P04,S02,14,up,Period,1791375981240.8,80313,.
P04,S02,14,down,Space,1791375981334.9,80314, 
P04,S02,14,up,Space,1791375981437.3,80314, 
P04,S02,14,down,Comma,1791375981562.1,80315,","
P04,S02,14,up,Comma,1791375981653.5,80315,","
P04,S02,14,down,KeyY,1791375982095.9,80316,z
P04,S02,14,up,KeyY,1791375982226.7,80316,z
P04,S02,14,down,Backspace,1791375982478.4,80317,Backspace
P04,S02,14,up,Backspace,1791375982597.4,80317,Backspace
P04,S02,14,down,Backspace,1791375982680.5,80318,Backspace
P04,S02,14,up,Backspace,1791375982778.1,80318,Backspace
P04,S02,14,down,KeyM,1791375983313.5,80319,m
P04,S02,14,up,KeyM,1791375983420.6,80319,m
P04,S02,14,down,KeyZ,1791375983628.3,80320,y
P04,S02,14,up,KeyZ,1791375983806.1,80320,y
P04,S02,14,down,Space,1791375984090.3,80321, 
P04,S02,14,up,Space,1791375984224.4,80321, 
P04,S02,14,down,KeyP,1791375984620.2,80322,p
P04,S02,14,up,KeyP,1791375984722.3,80322,p
P04,S02,14,down,KeyL,1791375984813.7,80323,l
P04,S02,14,up,KeyL,1791375984922.1,80323,l
P04,S02,14,down,KeyA,1791375984946.2,80324,a
P04,S02,14,up,KeyA,1791375985113.1,80324,a
P04,S02,14,down,KeyN,1791375985357.2,80325,n
P04,S02,14,up,KeyN,1791375985460,80325,n
P04,S02,14,down,Space,1791375985570.7,80326, 
P04,S02,14,up,Space,1791375985664,80326, 
P04,S02,14,down,KeyI,1791375985799.8,80327,i
P04,S02,14,up,KeyI,1791375985903.4,80327,i
P04,S02,14,down,KeyS,1791375985936.5,80328,s
P04,S02,14,down,Space,1791375986064.1,80329, 
P04,S02,14,up,KeyS,1791375986108.6,80328,s
P04,S02,14,up,Space,1791375986189,80329, 
P04,S02,14,down,KeyT,1791375986337.7,80330,t
P04,S02,14,down,KeyO,1791375986445.4,80331,o
P04,S02,14,up,KeyT,1791375986453.5,80330,t
P04,S02,14,up,KeyO,1791375986553.9,80331,o
P04,S02,14,down,Space,1791375986661.1,80332, 
P04,S02,14,up,Space,1791375986773.9,80332, 
P04,S02,14,down,KeyS,1791375986796.9,80333,s
P04,S02,14,up,KeyS,1791375986926.4,80333,s
P04,S02,14,down,KeyE,1791375986999.8,80334,e
P04,S02,14,up,KeyE,1791375987119.8,80334,e
P04,S02,14,down,KeyN,1791375987158.2,80335,n
P04,S02,14,up,KeyN,1791375987271.8,80335,n
P04,S02,14,down,KeyF,1791375987371.2,80336,f
P04,S02,14,up,KeyF,1791375987459.2,80336,f
P04,S02,14,down,Backspace,1791375987745.3,80337,Backspace
P04,S02,14,up,Backspace,1791375987864.3,80337,Backspace
P04,S02,14,down,KeyD,1791375987886.1,80338,d
P04,S02,14,down,Space,1791375988036.9,80339, 
P04,S02,14,up,KeyD,1791375988047.1,80338,d
P04,S02,14,up,Space,1791375988166.5,80339, 
P04,S02,14,down,KeyA,1791375988256.5,80340,a
P04,S02,14,down,Space,1791375988375,80341, 
P04,S02,14,up,KeyA,1791375988462.2,80340,a
P04,S02,14,up,Space,1791375988474.2,80341, 
P04,S02,14,down,KeyP,1791375988588.1,80342,p
P04,S02,14,down,KeyE,1791375988700.2,80343,e
P04,S02,14,up,KeyP,1791375988711.4,80342,p
P04,S02,14,up,KeyE,1791375988844.8,80343,e
P04,S02,14,down,KeyR,1791375988956.1,80344,r
P04,S02,14,up,KeyR,1791375989033.2,80344,r
P04,S02,14,down,KeyS,1791375989171.2,80345,s
P04,S02,14,down,KeyO,1791375989305.3,80346,o
P04,S02,14,up,KeyS,1791375989349.8,80345,s
P04,S02,14,up,KeyO,1791375989403.6,80346,o
P04,S02,14,down,KeyN,1791375989514.8,80347,n
P04,S02,14,up,KeyN,1791375989607.2,80347,n
P04,S02,14,down,Space,1791375989672,80348, 
P04,S02,14,up,Space,1791375989775.2,80348, 
P04,S02,14,down,KeyT,1791375989877.3,80349,t
P04,S02,14,down,KeyO,1791375990003.8,80350,o
P04,S02,14,up,KeyT,1791375990007.3,80349,t
P04,S02,14,up,KeyO,1791375990122.3,80350,o
P04,S02,14,down,Space,1791375990216.5,80351, 
P04,S02,14,up,Space,1791375990320.1,80351, 
P04,S02,14,down,KeyM,1791375990401.5,80352,m
P04,S02,14,down,KeyA,1791375990471.3,80353,a
P04,S02,14,up,KeyM,1791375990493.3,80352,m
P04,S02,14,up,KeyA,1791375990610.6,80353,a
P04,S02,14,down,KeyR,1791375990722.8,80354,r
P04,S02,14,up,KeyR,1791375990810.5,80354,r
P04,S02,14,down,KeyS,1791375990955.7,80355,s
P04,S02,14,down,Enter,1791375991090.9,80356,Enter
P04,S02,14,up,KeyS,1791375991105.4,80355,s
P04,S02,14,up,Enter,1791375991191.3,80356,Enter
P04,S02,15,down,KeyT,1791376000518,80357,t
P04,S02,15,up,KeyT,1791376000652.4,80357,t
P04,S02,15,down,KeyB,1791376001095.6,80358,b
P04,S02,15,up,KeyB,1791376001209.1,80358,b
P04,S02,15,down,KeyH,1791376001340.4,80359,h
P04,S02,15,up,KeyH,1791376001444.5,80359,h
P04,S02,15,down,Space,1791376001566.8,80360, 
P04,S02,15,up,Space,1791376001663.1,80360, 
P04,S02,15,down,KeyI,1791376001825.5,80361,i
P04,S02,15,up,KeyI,1791376001906.6,80361,i
P04,S02,15,down,Space,1791376002034.4,80362, 
P04,S02,15,up,Space,1791376002135.9,80362, 
P04,S02,15,down,KeyF,1791376002311.1,80363,f
P04,S02,15,up,KeyF,1791376002420,80363,f
P04,S02,15,down,KeyE,1791376002519.9,80364,e
P04,S02,15,up,KeyE,1791376002638.6,80364,e
P04,S02,15,down,KeyE,1791376002704.9,80365,e
P04,S02,15,up,KeyE,1791376002797.1,80365,e
P04,S02,15,down,KeyL,1791376002833.4,80366,l
P04,S02,15,up,KeyL,1791376002942.1,80366,l
P04,S02,15,down,Space,1791376003065.2,80367, 
P04,S02,15,up,Space,1791376003162.1,80367, 
P04,S02,15,down,KeyL,1791376003309.3,80368,l
P04,S02,15,up,KeyL,1791376003401.6,80368,l
P04,S02,15,down,KeyI,1791376003471,80369,i
P04,S02,15,up,KeyI,1791376003568.2,80369,i
P04,S02,15,down,KeyK,1791376003637.8,80370,k
P04,S02,15,up,KeyK,1791376003741.3,80370,k
P04,S02,15,down,KeyE,1791376003766.4,80371,e
P04,S02,15,down,Space,1791376003873.9,80372, 
P04,S02,15,up,KeyE,1791376003889.6,80371,e
P04,S02,15,up,Space,1791376003971.4,80372, 
P04,S02,15,down,KeyI,1791376004079.2,80373,i
P04,S02,15,up,KeyI,1791376004192,80373,i
P04,S02,15,down,KeyT,1791376004294.6,80374,t
P04,S02,15,up,KeyT,1791376004416.6,80374,t
P04,S02,15,down,KeyS,1791376004611.5,80375,s
P04,S02,15,up,KeyS,1791376004757.3,80375,s
P04,S02,15,down,Space,1791376004768.3,80376, 
P04,S02,15,up,Space,1791376004887.2,80376, 
P04,S02,15,down,KeyV,1791376005112.6,80377,v
P04,S02,15,up,KeyV,1791376005215.1,80377,v
P04,S02,15,down,KeyE,1791376005288.5,80378,e
P04,S02,15,up,KeyE,1791376005417.4,80378,e
P04,S02,15,down,KeyR,1791376005522.9,80379,r
P04,S02,15,up,KeyR,1791376005674.3,80379,r
P04,S02,15,down,KeyZ,1791376006011.1,80380,y
P04,S02,15,up,KeyZ,1791376006194.5,80380,y
P04,S02,15,down,Space,1791376006255,80381, 
P04,S02,15,up,Space,1791376006374.2,80381, 
P04,S02,15,down,KeyA,1791376006979.1,80382,a
P04,S02,15,up,KeyA,1791376007135.2,80382,a
P04,S02,15,down,KeyM,1791376007196.4,80383,m
P04,S02,15,up,KeyM,1791376007304.5,80383,m
P04,S02,15,down,KeyB,1791376007602.3,80384,b
P04,S02,15,up,KeyB,1791376007705.4,80384,b
P04,S02,15,down,KeyI,1791376007862.7,80385,i
P04,S02,15,up,KeyI,1791376008009.9,80385,i
P04,S02,15,down,KeyS,1791376008120.5,80386,s
P04,S02,15,down,KeyI,1791376008233.2,80387,i
P04,S02,15,up,KeyS,1791376008255.1,80386,s
P04,S02,15,up,KeyI,1791376008335.5,80387,i
P04,S02,15,down,KeyO,1791376008408.3,80388,o
P04,S02,15,up,KeyO,1791376008553.7,80388,o
P04,S02,15,down,KeyS,1791376008877.7,80389,s
P04,S02,15,up,KeyS,1791376008980,80389,s
P04,S02,15,down,Space,1791376009001.8,80390, 
P04,S02,15,up,Space,1791376009111,80390, 
P04,S02,15,down,KeyG,1791376010346.8,80391,g
P04,S02,15,up,KeyG,1791376010476.5,80391,g
P04,S02,15,down,KeyO,1791376010498.3,80392,o
P04,S02,15,up,KeyO,1791376010628.2,80392,o
P04,S02,15,down,KeyA,1791376010668.6,80393,a
P04,S02,15,down,KeyL,1791376010840.3,80394,l
P04,S02,15,up,KeyA,1791376010888.9,80393,a
P04,S02,15,up,KeyL,1791376010931.1,80394,l
P04,S02,15,down,Slash,1791376011477.9,80395,-
P04,S02,15,up,Slash,1791376011616.7,80395,-
P04,S02,15,down,Backspace,1791376012416.9,80396,Backspace
P04,S02,15,up,Backspace,1791376012530.3,80396,Backspace
P04,S02,15,down,Period,1791376012733.6,80397,.
P04,S02,15,up,Period,1791376012895.2,80397,.
P04,S02,15,down,Space,1791376013053.6,80398, 
P04,S02,15,up,Space,1791376013145.3,80398, 
P04,S02,15,down,KeyL,1791376013297.4,80399,l
P04,S02,15,up,KeyL,1791376013411.6,80399,l
P04,S02,15,down,KeyI,1791376013491,80400,i
P04,S02,15,up,KeyI,1791376013576.2,80400,i
P04,S02,15,down,KeyK,1791376013656.8,80401,k
P04,S02,15,up,KeyK,1791376013755.7,80401,k
P04,S02,15,down,KeyE,1791376013757.4,80402,e
P04,S02,15,down,Space,1791376013892.8,80403, 
P04,S02,15,up,KeyE,1791376013895.7,80402,e
P04,S02,15,up,Space,1791376014005.1,80403, 
P04,S02,15,down,KeyY,1791376014493.3,80404,z
P04,S02,15,up,KeyY,1791376014623.3,80404,z
P04,S02,15,down,KeyO,1791376014783.4,80405,o
P04,S02,15,up,KeyO,1791376014924.2,80405,o
P04,S02,15,down,KeyU,1791376015010.2,80406,u
P04,S02,15,up,KeyU,1791376015109,80406,u
P04,S02,15,down,Space,1791376015278.4,80407, 
P04,S02,15,up,Space,1791376015412.6,80407, 
P04,S02,15,down,Backspace,1791376015636.8,80408,Backspace
P04,S02,15,up,Backspace,1791376015739.9,80408,Backspace
P04,S02,15,down,Backspace,1791376015801.6,80409,Backspace
P04,S02,15,up,Backspace,1791376015888.3,80409,Backspace
P04,S02,15,down,Backspace,1791376015943.3,80410,Backspace
P04,S02,15,up,Backspace,1791376016020.7,80410,Backspace
P04,S02,15,down,Backspace,1791376016085.1,80411,Backspace
P04,S02,15,up,Backspace,1791376016145.2,80411,Backspace
P04,S02,15,down,KeyZ,1791376016664,80412,y
P04,S02,15,down,KeyO,1791376016696.4,80413,o
P04,S02,15,up,KeyZ,1791376016811.5,80412,y
P04,S02,15,up,KeyO,1791376016822.2,80413,o
P04,S02,15,down,KeyU,1791376016909.2,80414,u
P04,S02,15,up,KeyU,1791376016994.4,80414,u
P04,S02,15,down,Space,1791376017097.2,80415, 
P04,S02,15,up,Space,1791376017201.7,80415, 
P04,S02,15,down,KeyK,1791376017290.9,80416,k
P04,S02,15,up,KeyK,1791376017389.6,80416,k
P04,S02,15,down,KeyN,1791376017450,80417,n
P04,S02,15,up,KeyN,1791376017535.6,80417,n
P04,S02,15,down,KeyO,1791376017605.2,80418,o
P04,S02,15,up,KeyO,1791376017724.4,80418,o
P04,S02,15,down,KeyW,1791376017767.9,80419,w
P04,S02,15,down,Space,1791376017917.2,80420, 
P04,S02,15,up,KeyW,1791376017933.6,80419,w
P04,S02,15,up,Space,1791376018030.4,80420, 
P04,S02,15,down,KeyW,1791376018416.2,80421,w
P04,S02,15,up,KeyW,1791376018546.1,80421,w
P04,S02,15,down,KeyE,1791376018621.9,80422,e
P04,S02,15,up,KeyE,1791376018739,80422,e
P04,S02,15,down,Space,1791376019208.5,80423, 
P04,S02,15,up,Space,1791376019301.8,80423, 
P04,S02,15,down,Backspace,1791376020070.4,80424,Backspace
P04,S02,15,up,Backspace,1791376020242.5,80424,Backspace
P04,S02,15,down,Backspace,1791376020349.4,80425,Backspace
P04,S02,15,up,Backspace,1791376020463.2,80425,Backspace
P04,S02,15,down,Backspace,1791376020536.8,80426,Backspace
P04,S02,15,up,Backspace,1791376020655.4,80426,Backspace
P04,S02,15,down,KeyE,1791376020941.1,80427,e
P04,S02,15,up,KeyE,1791376021085.9,80427,e
P04,S02,15,down,KeyV,1791376021174.6,80428,v
P04,S02,15,up,KeyV,1791376021275.3,80428,v
P04,S02,15,down,KeyE,1791376021346.3,80429,e
P04,S02,15,up,KeyE,1791376021460.7,80429,e
P04,S02,15,down,KeyN,1791376021513.3,80430,n
P04,S02,15,up,KeyN,1791376021604.8,80430,n
P04,S02,15,down,Space,1791376021691.7,80431, 
P04,S02,15,up,Space,1791376021782.1,80431, 
P04,S02,15,down,KeyE,1791376021967.9,80432,e
P04,S02,15,up,KeyE,1791376022103.8,80432,e
P04,S02,15,down,KeyL,1791376022379.9,80433,l
P04,S02,15,up,KeyL,1791376022530.6,80433,l
P04,S02,15,down,KeyO,1791376022599.9,80434,o
P04,S02,15,up,KeyO,1791376022751.7,80434,o
P04,S02,15,down,KeyN,1791376022878,80435,n
P04,S02,15,up,KeyN,1791376022980.5,80435,n
P04,S02,15,down,Space,1791376023052.2,80436, 
P04,S02,15,up,Space,1791376023127.8,80436, 
P04,S02,15,down,KeyM,1791376023225,80437,m
P04,S02,15,up,KeyM,1791376023311.8,80437,m
P04,S02,15,down,KeyU,1791376023394.5,80438,u
P04,S02,15,up,KeyU,1791376023485.3,80438,u
P04,S02,15,down,KeyS,1791376023554,80439,s
P04,S02,15,up,KeyS,1791376023714.8,80439,s
P04,S02,15,down,KeyK,1791376023783.4,80440,k
P04,S02,15,up,KeyK,1791376023859.1,80440,k
P04,S02,15,down,Space,1791376023961.9,80441, 
P04,S02,15,up,Space,1791376024053.7,80441, 
P04,S02,15,down,KeyD,1791376024333.1,80442,d
P04,S02,15,down,KeyI,1791376024472.8,80443,i
P04,S02,15,up,KeyD,1791376024474.6,80442,d
P04,S02,15,up,KeyI,1791376024563.1,80443,i
P04,S02,15,down,KeyD,1791376024600.8,80444,d
P04,S02,15,up,KeyD,1791376024725.4,80444,d
P04,S02,15,down,KeyN,1791376025192.8,80445,n
P04,S02,15,up,KeyN,1791376025290.9,80445,n
P04,S02,15,down,KeyT,1791376025350,80446,t
P04,S02,15,down,Space,1791376025485.4,80447, 
P04,S02,15,up,KeyT,1791376025486.8,80446,t
P04,S02,15,up,Space,1791376025586.2,80447, 
P04,S02,15,down,KeyD,1791376025840.9,80448,d
P04,S02,15,up,KeyD,1791376025907.2,80448,d
P04,S02,15,down,Backspace,1791376026242.2,80449,Backspace
P04,S02,15,up,Backspace,1791376026386.9,80449,Backspace
P04,S02,15,down,KeyS,1791376026397,80450,s
P04,S02,15,up,KeyS,1791376026537.3,80450,s
P04,S02,15,down,KeyE,1791376026611.5,80451,e
P04,S02,15,up,KeyE,1791376026762.1,80451,e
P04,S02,15,down,KeyM,1791376026801.5,80452,m
P04,S02,15,up,KeyM,1791376026867,80452,m
P04,S02,15,down,Backspace,1791376027451.3,80453,Backspace
P04,S02,15,up,Backspace,1791376027596.7,80453,Backspace
P04,S02,15,down,KeyM,1791376027819,80454,m
P04,S02,15,up,KeyM,1791376027922.1,80454,m
P04,S02,15,down,KeyD,1791376028194.8,80455,d
P04,S02,15,up,KeyD,1791376028329.9,80455,d
P04,S02,15,down,Space,1791376028334.5,80456, 
P04,S02,15,up,Space,1791376028447.3,80456, 
P04,S02,15,down,KeyA,1791376028595.6,80457,a
P04,S02,15,down,Space,1791376028718.6,80458, 
P04,S02,15,up,KeyA,1791376028773,80457,a
P04,S02,15,up,Space,1791376028815.4,80458, 
P04,S02,15,down,KeyH,1791376029290.8,80459,h
P04,S02,15,up,KeyH,1791376029389.4,80459,h
P04,S02,15,down,KeyU,1791376029444.3,80460,u
P04,S02,15,up,KeyU,1791376029541.6,80460,u
P04,S02,15,down,KeyM,1791376029637.8,80461,m
P04,S02,15,up,KeyM,1791376029762.1,80461,m
P04,S02,15,down,KeyA,1791376029820.9,80462,a
P04,S02,15,down,KeyN,1791376029933.8,80463,n
P04,S02,15,up,KeyA,1791376029972.8,80462,a
P04,S02,15,up,KeyN,1791376030020.3,80463,n
P04,S02,15,down,Space,1791376030092.8,80464, 
P04,S02,15,up,Space,1791376030184.4,80464, 
P04,S02,15,down,KeyT,1791376030295.7,80465,t
P04,S02,15,down,KeyO,1791376030420,80466,o
P04,S02,15,up,KeyT,1791376030425.7,80465,t
P04,S02,15,up,KeyO,1791376030516.8,80466,o
P04,S02,15,down,Space,1791376030613.2,80467, 
P04,S02,15,up,Space,1791376030711.3,80467, 
P04,S02,15,down,KeyM,1791376030783.8,80468,m
P04,S02,15,up,KeyM,1791376030892.5,80468,m
P04,S02,15,down,KeyA,1791376030931.5,80469,a
P04,S02,15,up,KeyA,1791376031115.3,80469,a
P04,S02,15,down,KeyR,1791376031134.4,80470,r
P04,S02,15,up,KeyR,1791376031268.6,80470,r
P04,S02,15,down,KeyS,1791376031389.6,80471,s
P04,S02,15,up,KeyS,1791376031550.2,80471,s
P04,S02,15,down,Enter,1791376031644.2,80472,Enter
P04,S02,15,up,Enter,1791376031745.2,80472,Enter
P04,S02,16,down,KeyO,1791376047456.5,80473,o
P04,S02,16,up,KeyO,1791376047521.8,80473,o
P04,S02,16,down,Backspace,1791376047806.1,80474,Backspace
P04,S02,16,up,Backspace,1791376047941.8,80474,Backspace
P04,S02,16,down,KeyI,1791376048128.6,80475,i
P04,S02,16,up,KeyI,1791376048221.2,80475,i
P04,S02,16,down,Space,1791376048312.1,80476, 
P04,S02,16,up,Space,1791376048420.9,80476, 
P04,S02,16,down,KeyA,1791376048538.9,80477,a
P04,S02,16,up,KeyA,1791376048732.8,80477,a
P04,S02,16,down,KeyC,1791376050207.2,80478,c
P04,S02,16,up,KeyC,1791376050364.2,80478,c
P04,S02,16,down,KeyC,1791376050421.8,80479,c
P04,S02,16,up,KeyC,1791376050573.7,80479,c
P04,S02,16,down,KeyE,1791376050637.4,80480,e
P04,S02,16,down,KeyP,1791376050777.6,80481,p
P04,S02,16,up,KeyE,1791376050779.3,80480,e
P04,S02,16,up,KeyP,1791376050885,80481,p
P04,S02,16,down,KeyR,1791376050895.4,80482,r
P04,S02,16,up,KeyR,1791376051024,80482,r
P04,S02,16,down,KeyT,1791376051153.1,80483,t
P04,S02,16,up,KeyT,1791376051250.4,80483,t
P04,S02,16,down,Space,1791376051311.1,80484, 
P04,S02,16,up,Space,1791376051412.4,80484, 
P04,S02,16,down,Space,1791376051745.5,80485, 
P04,S02,16,up,Space,1791376051825.3,80485, 
P04,S02,16,down,Backspace,1791376052144.4,80486,Backspace
P04,S02,16,up,Backspace,1791376052278.7,80486,Backspace
P04,S02,16,down,KeyA,1791376052305.4,80487,a
P04,S02,16,up,KeyA,1791376052468.2,80487,a
P04,S02,16,down,Space,1791376052470.5,80488, 
P04,S02,16,up,Space,1791376052596.2,80488, 
P04,S02,16,down,KeyR,1791376052620.1,80489,r
P04,S02,16,up,KeyR,1791376052765,80489,r
P04,S02,16,down,KeyI,1791376052801.7,80490,i
P04,S02,16,up,KeyI,1791376052889.1,80490,i
P04,S02,16,down,KeyS,1791376052936.7,80491,s
P04,S02,16,down,KeyK,1791376053123.9,80492,k
P04,S02,16,up,KeyS,1791376053125.7,80491,s
P04,S02,16,up,KeyK,1791376053204.7,80492,k
P04,S02,16,down,Space,1791376053298.1,80493, 
P04,S02,16,up,Space,1791376053405.9,80493, 
P04,S02,16,down,KeyT,1791376053558.1,80494,t
P04,S02,16,down,KeyO,1791376053660.1,80495,o
P04,S02,16,up,KeyT,1791376053666.6,80494,t
P04,S02,16,up,KeyO,1791376053778.5,80495,o
P04,S02,16,down,ArrowLeft,1791376054166.9,80496,ArrowLeft
P04,S02,16,down,KeyT,1791376054169.4,80497,t
P04,S02,16,up,ArrowLeft,1791376054256.1,80496,ArrowLeft
P04,S02,16,up,KeyT,1791376054287,80497,t
P04,S02,16,down,KeyA,1791376054395.1,80498,a
P04,S02,16,up,KeyA,1791376054518.9,80498,a
P04,S02,16,down,KeyL,1791376054573.9,80499,l
P04,S02,16,up,KeyL,1791376054687.5,80499,l
P04,S02,16,down,KeyL,1791376054759.2,80500,l
P04,S02,16,up,KeyL,1791376054844.9,80500,l
P04,S02,16,down,Backspace,1791376055228.9,80501,Backspace
P04,S02,16,up,Backspace,1791376055327.9,80501,Backspace
P04,S02,16,down,Backspace,1791376055394.7,80502,Backspace
P04,S02,16,up,Backspace,1791376055490.6,80502,Backspace
P04,S02,16,down,Backspace,1791376055545.2,80503,Backspace
P04,S02,16,up,Backspace,1791376055648.2,80503,Backspace
P04,S02,16,down,Backspace,1791376055713,80504,Backspace
P04,S02,16,up,Backspace,1791376055814.5,80504,Backspace
P04,S02,16,down,KeyT,1791376057146.8,80505,t
P04,S02,16,up,KeyT,1791376057244.6,80505,t
P04,S02,16,down,KeyA,1791376057315.7,80506,a
P04,S02,16,up,KeyA,1791376057472.5,80506,a
P04,S02,16,down,KeyL,1791376057507.7,80507,l
P04,S02,16,up,KeyL,1791376057605.5,80507,l
P04,S02,16,down,KeyL,1791376057646.8,80508,l
P04,S02,16,up,KeyL,1791376057745,80508,l
P04,S02,16,down,KeyZ,1791376057795.2,80509,y
P04,S02,16,down,Space,1791376057962,80510, 
P04,S02,16,up,KeyZ,1791376057974.1,80509,y
P04,S02,16,up,Space,1791376058058.7,80510, 
P04,S02,16,down,KeyI,1791376058623.5,80511,i
P04,S02,16,up,KeyI,1791376058711.8,80511,i
P04,S02,16,down,Space,1791376058826.3,80512, 
P04,S02,16,up,Space,1791376058918.7,80512, 
P04,S02,16,down,KeyJ,1791376059096.6,80513,j
P04,S02,16,up,KeyJ,1791376059152,80513,j
P04,S02,16,down,KeyU,1791376059379,80514,u
P04,S02,16,up,KeyU,1791376059475.3,80514,u
P04,S02,16,down,KeyS,1791376059548.3,80515,s
P04,S02,16,down,KeyT,1791376059661.8,80516,t
P04,S02,16,up,KeyS,1791376059713.7,80515,s
P04,S02,16,up,KeyT,1791376059758.8,80516,t
P04,S02,16,down,Space,1791376059870.1,80517, 
P04,S02,16,up,Space,1791376059984.7,80517, 
P04,S02,16,down,KeyT,1791376060346.3,80518,t
P04,S02,16,down,KeyH,1791376060427.9,80519,h
P04,S02,16,up,KeyT,1791376060483,80518,t
P04,S02,16,up,KeyH,1791376060529.4,80519,h
P04,S02,16,down,KeyI,1791376060617.4,80520,i
P04,S02,16,up,KeyI,1791376060761.7,80520,i
P04,S02,16,down,KeyN,1791376061255.6,80521,n
P04,S02,16,up,KeyN,1791376061359.1,80521,n
P04,S02,16,down,KeyK,1791376061430.7,80522,k
P04,S02,16,up,KeyK,1791376061522.9,80522,k
P04,S02,16,down,Space,1791376061601.5,80523, 
P04,S02,16,up,Space,1791376061718.8,80523, 
P04,S02,16,down,KeyE,1791376061838.7,80524,e
P04,S02,16,down,KeyL,1791376061983,80525,l
P04,S02,16,up,KeyE,1791376061985.7,80524,e
P04,S02,16,up,KeyL,1791376062108.6,80525,l
P04,S02,16,down,KeyO,1791376062168.6,80526,o
P04,S02,16,up,KeyO,1791376062266.7,80526,o
P04,S02,16,down,KeyN,1791376062402.1,80527,n
P04,S02,16,up,KeyN,1791376062495.3,80527,n
P04,S02,16,down,Space,1791376062569.7,80528, 
P04,S02,16,up,Space,1791376062651.4,80528, 
P04,S02,16,down,KeyK,1791376062744.9,80529,k
P04,S02,16,up,KeyK,1791376062804.2,80529,k
P04,S02,16,down,KeyU,1791376062877.7,80530,u
P04,S02,16,up,KeyU,1791376062980.5,80530,u
P04,S02,16,down,Backspace,1791376063669.4,80531,Backspace
P04,S02,16,up,Backspace,1791376063853.3,80531,Backspace
P04,S02,16,down,Backspace,1791376063977.7,80532,Backspace
P04,S02,16,up,Backspace,1791376064092.7,80532,Backspace
P04,S02,16,down,KeyM,1791376064302.2,80533,m
P04,S02,16,up,KeyM,1791376064401.6,80533,m
P04,S02,16,down,KeyU,1791376064457.4,80534,u
P04,S02,16,up,KeyU,1791376064565.2,80534,u
P04,S02,16,down,KeyS,1791376064610.5,80535,s
P04,S02,16,down,KeyK,1791376064722,80536,k
P04,S02,16,up,KeyS,1791376064781.6,80535,s
P04,S02,16,up,KeyK,1791376064820.1,80536,k
P04,S02,16,down,Space,1791376064891.9,80537, 
P04,S02,16,up,Space,1791376064989.3,80537, 
P04,S02,16,down,KeyI,1791376065078.1,80538,i
P04,S02,16,up,KeyI,1791376065175.3,80538,i
P04,S02,16,down,KeyS,1791376065255.9,80539,s
P04,S02,16,down,Space,1791376065351.6,80540, 
P04,S02,16,up,KeyS,1791376065389.8,80539,s
P04,S02,16,up,Space,1791376065449.9,80540, 
P04,S02,16,down,KeyT,1791376065563.6,80541,t
P04,S02,16,up,KeyT,1791376065693.6,80541,t
P04,S02,16,down,KeyO,1791376065734,80542,o
P04,S02,16,up,KeyO,1791376065827.8,80542,o
P04,S02,16,down,KeyO,1791376065868.5,80543,o
P04,S02,16,up,KeyO,1791376065959.8,80543,o
P04,S02,16,down,Space,1791376066066.5,80544, 
P04,S02,16,up,Space,1791376066166.9,80544, 
P04,S02,16,down,KeyO,1791376066258.8,80545,o
P04,S02,16,up,KeyO,1791376066329,80545,o
P04,S02,16,down,KeyL,1791376066403.3,80546,l
P04,S02,16,up,KeyL,1791376066539.4,80546,l
P04,S02,16,down,KeyD,1791376066707.1,80547,d
P04,S02,16,up,KeyD,1791376066846.7,80547,d
P04,S02,16,down,Space,1791376066851.7,80548, 
P04,S02,16,up,Space,1791376066948.6,80548, 
P04,S02,16,down,KeyF,1791376067111.7,80549,f
P04,S02,16,up,KeyF,1791376067250.9,80549,f
P04,S02,16,down,KeyO,1791376067274.8,80550,o
P04,S02,16,up,KeyO,1791376067437.1,80550,o
P04,S02,16,down,KeyR,1791376067515,80551,r
P04,S02,16,up,KeyR,1791376067660.5,80551,r
P04,S02,16,down,Space,1791376067730.1,80552, 
P04,S02,16,up,Space,1791376067842.7,80552, 
P04,S02,16,down,KeyI,1791376068311.5,80553,i
P04,S02,16,up,KeyI,1791376068446.6,80553,i
P04,S02,16,down,KeyT,1791376068497.4,80554,t
P04,S02,16,up,KeyT,1791376068627.9,80554,t
P04,S02,16,down,ShiftLeft,1791376068994.2,80555,Shift
P04,S02,16,down,Period,1791376069257.6,80556,:
P04,S02,16,up,Period,1791376069405.6,80556,:
P04,S02,16,up,ShiftLeft,1791376069408.3,80555,Shift
P04,S02,16,down,Space,1791376069544.2,80557, 
P04,S02,16,up,Space,1791376069657.3,80557, 
P04,S02,16,down,Backspace,1791376070418.9,80558,Backspace
P04,S02,16,up,Backspace,1791376070521.6,80558,Backspace
P04,S02,16,down,Space,1791376070933.1,80559, 
P04,S02,16,up,Space,1791376071025.7,80559, 
P04,S02,16,down,KeyW,1791376071250.8,80560,w
P04,S02,16,up,KeyW,1791376071370,80560,w
P04,S02,16,down,KeyE,1791376071433,80561,e
P04,S02,16,up,KeyE,1791376071557.8,80561,e
P04,S02,16,down,Space,1791376071568.4,80562, 
P04,S02,16,up,Space,1791376071655.6,80562, 
P04,S02,16,down,KeyN,1791376071737,80563,n
P04,S02,16,up,KeyN,1791376071812.2,80563,n
P04,S02,16,down,KeyE,1791376071895.7,80564,e
P04,S02,16,up,KeyE,1791376071995.3,80564,e
P04,S02,16,down,KeyE,1791376072034.9,80565,e
P04,S02,16,up,KeyE,1791376072137.6,80565,e
P04,S02,16,down,KeyD,1791376072217,80566,d
P04,S02,16,down,Space,1791376072350.4,80567, 
P04,S02,16,up,KeyD,1791376072366.9,80566,d
P04,S02,16,up,Space,1791376072442.4,80567, 
P04,S02,16,down,KeyA,1791376072501.4,80568,a
P04,S02,16,up,KeyA,1791376072723.8,80568,a
P04,S02,16,down,KeyT,1791376072791.8,80569,t
P04,S02,16,up,KeyT,1791376072904.9,80569,t
P04,S02,16,down,Space,1791376073018.3,80570, 
P04,S02,16,up,Space,1791376073119.7,80570, 
P04,S02,16,down,KeyL,1791376073233.7,80571,l
P04,S02,16,down,KeyE,1791376073330.1,80572,e
P04,S02,16,up,KeyL,1791376073353,80571,l
P04,S02,16,up,KeyE,1791376073470.6,80572,e
P04,S02,16,down,KeyA,1791376073621.2,80573,a
P04,S02,16,up,KeyA,1791376073771.6,80573,a
P04,S02,16,down,KeyS,1791376073898.1,80574,s
P04,S02,16,down,KeyT,1791376074080.4,80575,t
P04,S02,16,up,KeyS,1791376074083.1,80574,s
P04,S02,16,up,KeyT,1791376074183.3,80575,t
P04,S02,16,down,Space,1791376074314.6,80576, 
P04,S02,16,up,Space,1791376074445.4,80576, 
P04,S02,16,down,Numpad2,1791376075212.1,80577,2
P04,S02,16,up,Numpad2,1791376075298.5,80577,2
P04,S02,16,down,Numpad0,1791376075368.5,80578,0
P04,S02,16,up,Numpad0,1791376075464.3,80578,0
P04,S02,16,down,Space,1791376075684.7,80579, 
P04,S02,16,up,Space,1791376075777.9,80579, 
P04,S02,16,down,KeyY,1791376076318.1,80580,z
P04,S02,16,up,KeyY,1791376076426.3,80580,z
P04,S02,16,down,KeyE,1791376076464.1,80581,e
P04,S02,16,up,KeyE,1791376076638.2,80581,e
P04,S02,16,down,KeyA,1791376076735.5,80582,a
P04,S02,16,up,KeyA,1791376076892.2,80582,a
P04,S02,16,down,KeyR,1791376077026.7,80583,r
P04,S02,16,up,KeyR,1791376077136.5,80583,r
P04,S02,16,down,KeyS,1791376077279.9,80584,s
P04,S02,16,up,KeyS,1791376077421.4,80584,s
P04,S02,16,down,Space,1791376077461.6,80585, 
P04,S02,16,up,Space,1791376077579.6,80585, 
P04,S02,16,down,KeyO,1791376078438.5,80586,o
P04,S02,16,up,KeyO,1791376078551,80586,o
P04,S02,16,down,KeyF,1791376078582.3,80587,f
P04,S02,16,up,KeyF,1791376078745,80587,f
P04,S02,16,down,Space,1791376078772.8,80588, 
P04,S02,16,up,Space,1791376078869.8,80588, 
P04,S02,16,down,KeyH,1791376080175.8,80589,h
P04,S02,16,up,KeyH,1791376080285.7,80589,h
P04,S02,16,down,KeyA,1791376080346.2,80590,a
P04,S02,16,up,KeyA,1791376080482.8,80590,a
P04,S02,16,down,KeyR,1791376080608.3,80591,r
P04,S02,16,up,KeyR,1791376080711.8,80591,r
P04,S02,16,down,KeyD,1791376080827.6,80592,d
P04,S02,16,up,KeyD,1791376080951.8,80592,d
P04,S02,16,down,Space,1791376081033.7,80593, 
P04,S02,16,up,Space,1791376081153.7,80593, 
P04,S02,16,down,KeyW,1791376081206.5,80594,w
P04,S02,16,down,KeyO,1791376081368.7,80595,o
P04,S02,16,up,KeyW,1791376081374.4,80594,w
P04,S02,16,up,KeyO,1791376081488,80595,o
P04,S02,16,down,KeyR,1791376082197.6,80596,r
P04,S02,16,up,KeyR,1791376082311.6,80596,r
P04,S02,16,down,KeyK,1791376082364.9,80597,k
P04,S02,16,up,KeyK,1791376082451.9,80597,k
P04,S02,16,down,KeyI,1791376082491.6,80598,i
P04,S02,16,up,KeyI,1791376082622,80598,i
P04,S02,16,down,KeyN,1791376082780,80599,n
P04,S02,16,up,KeyN,1791376082878.4,80599,n
P04,S02,16,down,KeyG,1791376083202.1,80600,g
P04,S02,16,up,KeyG,1791376083318.1,80600,g
P04,S02,16,down,Space,1791376083361.2,80601, 
P04,S02,16,up,Space,1791376083459.1,80601, 
P04,S02,16,down,KeyB,1791376084862.9,80602,b
P04,S02,16,up,KeyB,1791376084982.6,80602,b
P04,S02,16,down,KeyR,1791376085085.5,80603,r
P04,S02,16,up,KeyR,1791376085215.2,80603,r
P04,S02,16,down,KeyF,1791376085369.5,80604,f
P04,S02,16,up,KeyF,1791376085521.5,80604,f
P04,S02,16,down,KeyO,1791376085626.7,80605,o
P04,S02,16,up,KeyO,1791376085740.6,80605,o
P04,S02,16,down,KeyE,1791376085808.6,80606,e
P04,S02,16,up,KeyE,1791376085891.2,80606,e
P04,S02,16,down,Backspace,1791376086312.4,80607,Backspace
P04,S02,16,up,Backspace,1791376086447.2,80607,Backspace
P04,S02,16,down,KeyR,1791376086486.6,80608,r
P04,S02,16,up,KeyR,1791376086606.3,80608,r
P04,S02,16,down,KeyE,1791376086692.5,80609,e
P04,S02,16,down,Space,1791376086843.1,80610, 
P04,S02,16,up,KeyE,1791376086848.8,80609,e
P04,S02,16,up,Space,1791376086956,80610, 
P04,S02,16,down,Comma,1791376087683.6,80611,","
P04,S02,16,up,Comma,1791376087812.6,80611,","
P04,S02,16,down,Backspace,1791376088103.5,80612,Backspace
P04,S02,16,up,Backspace,1791376088225.6,80612,Backspace
P04,S02,16,down,KeyM,1791376088410.9,80613,m
P04,S02,16,up,KeyM,1791376088502.7,80613,m
P04,S02,16,down,KeyA,1791376088533.8,80614,a
P04,S02,16,down,KeyK,1791376088621.1,80615,k
P04,S02,16,up,KeyA,1791376088703.5,80614,a
P04,S02,16,up,KeyK,1791376088706.4,80615,k
P04,S02,16,down,KeyE,1791376088803.8,80616,e
P04,S02,16,down,Space,1791376088884.5,80617, 
P04,S02,16,up,KeyE,1791376088932.8,80616,e
P04,S02,16,up,Space,1791376088965.3,80617, 
P04,S02,16,down,KeyI,1791376089062.3,80618,i
P04,S02,16,up,KeyI,1791376089145.5,80618,i
P04,S02,16,down,KeyT,1791376089220.1,80619,t
P04,S02,16,down,Space,1791376089342,80620, 
P04,S02,16,up,KeyT,1791376089349.1,80619,t
P04,S02,16,up,Space,1791376089424,80620, 
P04,S02,16,down,KeyP,1791376089568.9,80621,p
P04,S02,16,up,KeyP,1791376089683.2,80621,p
P04,S02,16,down,KeyO,1791376089738.1,80622,o
P04,S02,16,up,KeyO,1791376089850.2,80622,o
P04,S02,16,down,KeyS,1791376089941.6,80623,s
P04,S02,16,up,KeyS,1791376090061.6,80623,s
P04,S02,16,down,KeyS,1791376090093,80624,s
P04,S02,16,down,KeyI,1791376090199.2,80625,i
P04,S02,16,up,KeyS,1791376090221.9,80624,s
P04,S02,16,up,KeyI,1791376090286.9,80625,i
P04,S02,16,down,KeyB,1791376090449.6,80626,b
P04,S02,16,up,KeyB,1791376090535.5,80626,b
P04,S02,16,down,KeyL,1791376090684.9,80627,l
P04,S02,16,up,KeyL,1791376090787.1,80627,l
P04,S02,16,down,KeyE,1791376090791.7,80628,e
P04,S02,16,up,KeyE,1791376090937.1,80628,e
P04,S02,16,down,Space,1791376091422.3,80629, 
P04,S02,16,up,Space,1791376091552.8,80629, 
P04,S02,16,down,KeyA,1791376091755.5,80630,a
P04,S02,16,up,KeyA,1791376091933.4,80630,a
P04,S02,16,down,KeyN,1791376091943.1,80631,n
P04,S02,16,up,KeyN,1791376092062,80631,n
P04,S02,16,down,KeyD,1791376092307.6,80632,d
P04,S02,16,up,KeyD,1791376092489.2,80632,d
P04,S02,16,down,Space,1791376092515.7,80633, 
P04,S02,16,up,Space,1791376092612.4,80633, 
P04,S02,16,down,KeyH,1791376094405.3,80634,h
P04,S02,16,up,KeyH,1791376094520.5,80634,h
P04,S02,16,down,KeyE,1791376094571.7,80635,e
P04,S02,16,up,KeyE,1791376094723,80635,e
P04,S02,16,down,Space,1791376094759,80636, 
P04,S02,16,up,Space,1791376094860.5,80636, 
P04,S02,16,down,KeyI,1791376095207.1,80637,i
P04,S02,16,up,KeyI,1791376095303.5,80637,i
P04,S02,16,down,KeyS,1791376095379,80638,s
P04,S02,16,up,KeyS,1791376095482.2,80638,s
P04,S02,16,down,Space,1791376095509.8,80639, 
P04,S02,16,up,Space,1791376095602.1,80639, 
P04,S02,16,down,KeyT,1791376095780.2,80640,t
P04,S02,16,up,KeyT,1791376095898.1,80640,t
P04,S02,16,down,KeyI,1791376095974.2,80641,i
P04,S02,16,up,KeyI,1791376096063.9,80641,i
P04,S02,16,down,Backspace,1791376096309.7,80642,Backspace
P04,S02,16,up,Backspace,1791376096423.8,80642,Backspace
P04,S02,16,down,KeyO,1791376096616.6,80643,o
P04,S02,16,up,KeyO,1791376096703.5,80643,o
P04,S02,16,down,KeyO,1791376096736.7,80644,o
P04,S02,16,up,KeyO,1791376096828.8,80644,o
P04,S02,16,down,Space,1791376096949.8,80645, 
P04,S02,16,up,Space,1791376097050,80645, 
P04,S02,16,down,KeyO,1791376097256.7,80646,o
P04,S02,16,up,KeyO,1791376097358.8,80646,o
P04,S02,16,down,KeyL,1791376097448.2,80647,l
P04,S02,16,up,KeyL,1791376097552.2,80647,l
P04,S02,16,down,KeyD,1791376097708.1,80648,d
P04,S02,16,down,Space,1791376097830.5,80649, 
P04,S02,16,up,KeyD,1791376097853.1,80648,d
P04,S02,16,up,Space,1791376097938.5,80649, 
P04,S02,16,down,KeyT,1791376098209.9,80650,t
P04,S02,16,down,KeyO,1791376098348.5,80651,o
P04,S02,16,up,KeyT,1791376098351,80650,t
P04,S02,16,up,KeyO,1791376098445.9,80651,o
P04,S02,16,down,Space,1791376098554,80652, 
P04,S02,16,up,Space,1791376098636.4,80652, 
P04,S02,16,down,KeyS,1791376098691.7,80653,s
P04,S02,16,up,KeyS,1791376098826.4,80653,s
P04,S02,16,down,KeyE,1791376098908.8,80654,e
P04,S02,16,up,KeyE,1791376099016.9,80654,e
P04,S02,16,down,KeyE,1791376099071.4,80655,e
P04,S02,16,up,KeyE,1791376099190,80655,e
P04,S02,16,down,Space,1791376099223.4,80656, 
P04,S02,16,up,Space,1791376099325.4,80656, 
P04,S02,16,down,KeyJ,1791376099461.5,80657,j
P04,S02,16,up,KeyJ,1791376099553.9,80657,j
P04,S02,16,down,Backspace,1791376099839,80658,Backspace
P04,S02,16,up,Backspace,1791376099939.8,80658,Backspace
P04,S02,16,down,KeyH,1791376100125.4,80659,h
P04,S02,16,up,KeyH,1791376100212.2,80659,h
P04,S02,16,down,KeyO,1791376100330.6,80660,o
P04,S02,16,up,KeyO,1791376100457.2,80660,o
P04,S02,16,down,KeyW,1791376100518.7,80661,w
P04,S02,16,down,Space,1791376100690.4,80662, 
P04,S02,16,up,KeyW,1791376100697.1,80661,w
P04,S02,16,up,Space,1791376100792.7,80662, 
P04,S02,16,down,KeyS,1791376100938.5,80663,s
P04,S02,16,up,KeyS,1791376101089.5,80663,s
P04,S02,16,down,KeyO,1791376101170.2,80664,o
P04,S02,16,up,KeyO,1791376101299.5,80664,o
P04,S02,16,down,KeyM,1791376101437.3,80665,m
P04,S02,16,up,KeyM,1791376101588.5,80665,m
P04,S02,16,down,KeyE,1791376101603.7,80666,e
P04,S02,16,up,KeyE,1791376101783.3,80666,e
P04,S02,16,down,KeyO,1791376101818.5,80667,o
P04,S02,16,up,KeyO,1791376101926.3,80667,o
P04,S02,16,down,KeyN,1791376102038,80668,n
P04,S02,16,up,KeyN,1791376102145.5,80668,n
P04,S02,16,down,KeyE,1791376102213.4,80669,e
P04,S02,16,up,KeyE,1791376102331.5,80669,e
P04,S02,16,down,Space,1791376102369.9,80670, 
P04,S02,16,up,Space,1791376102461.4,80670, 
P04,S02,16,down,KeyI,1791376102775.3,80671,i
P04,S02,16,up,KeyI,1791376102882.4,80671,i
P04,S02,16,down,KeyS,1791376102960.2,80672,s
P04,S02,16,down,Space,1791376103089.4,80673, 
P04,S02,16,up,KeyS,1791376103110.5,80672,s
P04,S02,16,up,Space,1791376103191.8,80673, 
P04,S02,16,down,KeyG,1791376103390.2,80674,g
P04,S02,16,up,KeyG,1791376103497.2,80674,g
P04,S02,16,down,KeyP,1791376103676.4,80675,p
P04,S02,16,up,KeyP,1791376103767.6,80675,p
P04,S02,16,down,Backspace,1791376104112.2,80676,Backspace
P04,S02,16,up,Backspace,1791376104229.5,80676,Backspace
P04,S02,16,down,KeyO,1791376104381.1,80677,o
P04,S02,16,up,KeyO,1791376104485.1,80677,o
P04,S02,16,down,KeyI,1791376104535.6,80678,i
P04,S02,16,up,KeyI,1791376104644.8,80678,i
P04,S02,16,down,KeyN,1791376104791.1,80679,n
P04,S02,16,up,KeyN,1791376104915.9,80679,n
P04,S02,16,down,KeyG,1791376105408.6,80680,g
P04,S02,16,up,KeyG,1791376105527.1,80680,g
P04,S02,16,down,Space,1791376105571.9,80681, 
P04,S02,16,up,Space,1791376105678.8,80681, 
P04,S02,16,down,KeyT,1791376106302.1,80682,t
P04,S02,16,up,KeyT,1791376106431,80682,t
P04,S02,16,down,KeyO,1791376106435.1,80683,o
P04,S02,16,up,KeyO,1791376106505.2,80683,o
P04,S02,16,down,Space,1791376106644.4,80684, 
P04,S02,16,up,Space,1791376106745.7,80684, 
P04,S02,16,down,KeyM,1791376106854.8,80685,m
P04,S02,16,up,KeyM,1791376106953.4,80685,m
P04,S02,16,down,KeyA,1791376106992,80686,a
P04,S02,16,up,KeyA,1791376107128.7,80686,a
P04,S02,16,down,KeyR,1791376107226.1,80687,r
P04,S02,16,up,KeyR,1791376107333.7,80687,r
P04,S02,16,down,KeyS,1791376107449.9,80688,s
P04,S02,16,up,KeyS,1791376107627,80688,s
P04,S02,16,down,Enter,1791376107636.2,80689,Enter
P04,S02,16,up,Enter,1791376107743.3,80689,Enter
P04,S02,17,down,Space,1791376128275.7,80690, 
P04,S02,17,up,Space,1791376128390.6,80690, 
P04,S02,17,down,Numpad3,1791376128662.8,80691,3
P04,S02,17,up,Numpad3,1791376128798.1,80691,3
P04,S02,17,down,Space,1791376129027.9,80692, 
P04,S02,17,up,Space,1791376129118.3,80692, 
P04,S02,17,down,KeyU,1791376129362,80693,u
P04,S02,17,up,KeyU,1791376129475.9,80693,u
P04,S02,17,down,KeyE,1791376129525.6,80694,e
P04,S02,17,up,KeyE,1791376129677.2,80694,e
P04,S02,17,down,Backspace,1791376131056.5,80695,Backspace
P04,S02,17,up,Backspace,1791376131214,80695,Backspace
P04,S02,17,down,Backspace,1791376131291.2,80696,Backspace
P04,S02,17,up,Backspace,1791376131402.8,80696,Backspace
P04,S02,17,down,KeyY,1791376131722.1,80697,z
P04,S02,17,up,KeyY,1791376131829.4,80697,z
P04,S02,17,down,KeyE,1791376131854.3,80698,e
P04,S02,17,up,KeyE,1791376132001.6,80698,e
P04,S02,17,down,KeyA,1791376132105.5,80699,a
P04,S02,17,up,KeyA,1791376132277.8,80699,a
P04,S02,17,down,KeyR,1791376132389,80700,r
P04,S02,17,up,KeyR,1791376132496.8,80700,r
P04,S02,17,down,KeyS,1791376132595.2,80701,s
P04,S02,17,down,Space,1791376132748.9,80702, 
P04,S02,17,up,KeyS,1791376132756.4,80701,s
P04,S02,17,up,Space,1791376132857.3,80702, 
P04,S02,17,down,KeyI,1791376133021.9,80703,i
P04,S02,17,up,KeyI,1791376133128.8,80703,i
P04,S02,17,down,KeyS,1791376133205.1,80704,s
P04,S02,17,up,KeyS,1791376133329.2,80704,s
P04,S02,17,down,Space,1791376133882.1,80705, 
P04,S02,17,up,Space,1791376133973.9,80705, 
P04,S02,17,down,KeyN,1791376134536.8,80706,n
P04,S02,17,up,KeyN,1791376134621.7,80706,n
P04,S02,17,down,KeyO,1791376134728.5,80707,o
P04,S02,17,up,KeyO,1791376134831.6,80707,o
P04,S02,17,down,KeyT,1791376134968.9,80708,t
P04,S02,17,down,Space,1791376135119.1,80709, 
P04,S02,17,up,KeyT,1791376135121.6,80708,t
P04,S02,17,up,Space,1791376135207.8,80709, 
P04,S02,17,down,KeyE,1791376135330.3,80710,e
P04,S02,17,up,KeyE,1791376135514.8,80710,e
P04,S02,17,down,KeyN,1791376135590.2,80711,n
P04,S02,17,up,KeyN,1791376135698.4,80711,n
P04,S02,17,down,KeyO,1791376135829.3,80712,o
P04,S02,17,down,KeyP,1791376135835.4,80713,p
P04,S02,17,up,KeyP,1791376135890.3,80713,p
P04,S02,17,up,KeyO,1791376135933.2,80712,o
P04,S02,17,down,KeyU,1791376136037.2,80714,u
P04,S02,17,up,KeyU,1791376136145.2,80714,u
P04,S02,17,down,KeyG,1791376136341.9,80715,g
P04,S02,17,up,KeyG,1791376136423,80715,g
P04,S02,17,down,KeyH,1791376136507.2,80716,h
P04,S02,17,up,KeyH,1791376136614.7,80716,h
P04,S02,17,down,Space,1791376136790.3,80717, 
P04,S02,17,up,Space,1791376136872.1,80717, 
P04,S02,17,down,KeyY,1791376137801.3,80718,z
P04,S02,17,up,KeyY,1791376137925.6,80718,z
P04,S02,17,down,KeyO,1791376138029.5,80719,o
P04,S02,17,up,KeyO,1791376138123.5,80719,o
P04,S02,17,down,KeyU,1791376138363.8,80720,u
P04,S02,17,up,KeyU,1791376138455.3,80720,u
P04,S02,17,down,Backspace,1791376138645,80721,Backspace
P04,S02,17,up,Backspace,1791376138757.2,80721,Backspace
P04,S02,17,down,Backspace,1791376138817.8,80722,Backspace
P04,S02,17,up,Backspace,1791376138905.1,80722,Backspace
P04,S02,17,down,Backspace,1791376138952.2,80723,Backspace
P04,S02,17,up,Backspace,1791376139066.6,80723,Backspace
P04,S02,17,down,KeyZ,1791376139142.8,80724,y
P04,S02,17,down,KeyO,1791376139314.6,80725,o
P04,S02,17,up,KeyZ,1791376139352.3,80724,y
P04,S02,17,up,KeyO,1791376139450.1,80725,o
P04,S02,17,down,KeyU,1791376139536.2,80726,u
P04,S02,17,up,KeyU,1791376139607.5,80726,u
P04,S02,17,down,Space,1791376139705.5,80727, 
P04,S02,17,up,Space,1791376139808.8,80727, 
P04,S02,17,down,KeyK,1791376140091.9,80728,k
P04,S02,17,up,KeyK,1791376140182.6,80728,k
P04,S02,17,down,KeyN,1791376140262.1,80729,n
P04,S02,17,up,KeyN,1791376140376.9,80729,n
P04,S02,17,down,KeyO,1791376140450.1,80730,o
P04,S02,17,up,KeyO,1791376140567.4,80730,o
P04,S02,17,down,KeyW,1791376140668.9,80731,w
P04,S02,17,down,Space,1791376140808.1,80732, 
P04,S02,17,up,KeyW,1791376140829.7,80731,w
P04,S02,17,up,Space,1791376140916,80732, 
P04,S02,17,down,KeyW,1791376146479,80733,w
P04,S02,17,up,KeyW,1791376146618.8,80733,w
P04,S02,17,down,KeyE,1791376146683.4,80734,e
P04,S02,17,down,Space,1791376146796.2,80735, 
P04,S02,17,up,KeyE,1791376146797.6,80734,e
P04,S02,17,up,Space,1791376146904.1,80735, 
P04,S02,17,down,KeyD,1791376147347.7,80736,d
P04,S02,17,down,KeyO,1791376147455.2,80737,o
P04,S02,17,up,KeyD,1791376147514.7,80736,d
P04,S02,17,up,KeyO,1791376147552.5,80737,o
P04,S02,17,down,KeyN,1791376147680.7,80738,n
P04,S02,17,up,KeyN,1791376147794.9,80738,n
P04,S02,17,down,KeyT,1791376147810.8,80739,t
P04,S02,17,up,KeyT,1791376147929.4,80739,t
P04,S02,17,down,Space,1791376147956.6,80740, 
P04,S02,17,up,Space,1791376148042.6,80740, 
P04,S02,17,down,KeyH,1791376148447.9,80741,h
P04,S02,17,up,KeyH,1791376148557.5,80741,h
P04,S02,17,down,KeyA,1791376148868.5,80742,a
P04,S02,17,up,KeyA,1791376149078.3,80742,a
P04,S02,17,down,KeyV,1791376149106.2,80743,v
P04,S02,17,down,KeyE,1791376149209,80744,e
P04,S02,17,up,KeyV,1791376149215.2,80743,v
P04,S02,17,up,KeyE,1791376149564.1,80744,e
P04,S02,17,down,Space,1791376149740.7,80745, 
P04,S02,17,up,Space,1791376149842.7,80745, 
P04,S02,17,down,KeyE,1791376150136.8,80746,e
P04,S02,17,up,KeyE,1791376150304.9,80746,e
P04,S02,17,down,KeyV,1791376150346.9,80747,v
P04,S02,17,up,KeyV,1791376150440.3,80747,v
P04,S02,17,down,KeyE,1791376150509.4,80748,e
P04,S02,17,up,KeyE,1791376150606.4,80748,e
P04,S02,17,down,KeyN,1791376150683.8,80749,n
P04,S02,17,up,KeyN,1791376150780.9,80749,n
P04,S02,17,down,Space,1791376150845.6,80750, 
P04,S02,17,up,Space,1791376150970.1,80750, 
P04,S02,17,down,KeyA,1791376150992.8,80751,a
P04,S02,17,down,Space,1791376151095.2,80752, 
P04,S02,17,up,KeyA,1791376151171,80751,a
P04,S02,17,up,Space,1791376151181.6,80752, 
P04,S02,17,down,KeyS,1791376151612.9,80753,s
P04,S02,17,up,KeyS,1791376151779.8,80753,s
P04,S02,17,down,KeyT,1791376151956.5,80754,t
P04,S02,17,up,KeyT,1791376152069.9,80754,t
P04,S02,17,down,KeyE,1791376152098.5,80755,e
P04,S02,17,up,KeyE,1791376152233.3,80755,e
P04,S02,17,down,KeyL,1791376152364.5,80756,l
P04,S02,17,up,KeyL,1791376152457.2,80756,l
P04,S02,17,down,KeyL,1791376152503,80757,l
P04,S02,17,up,KeyL,1791376152605.1,80757,l
P04,S02,17,down,KeyI,1791376152690,80758,i
P04,S02,17,up,KeyI,1791376152782.8,80758,i
P04,S02,17,down,KeyT,1791376153102,80759,t
P04,S02,17,up,KeyT,1791376153216,80759,t
P04,S02,17,down,KeyE,1791376153319.7,80760,e
P04,S02,17,down,Space,1791376153406.7,80761, 
P04,S02,17,up,KeyE,1791376153422.7,80760,e
P04,S02,17,up,Space,1791376153525.6,80761, 
P04,S02,17,down,KeyT,1791376154144.9,80762,t
P04,S02,17,up,KeyT,1791376154258.8,80762,t
P04,S02,17,down,KeyH,1791376154342.4,80763,h
P04,S02,17,up,KeyH,1791376154456,80763,h
P04,S02,17,down,KeyA,1791376154495.3,80764,a
P04,S02,17,down,KeyT,1791376154618.4,80765,t
P04,S02,17,up,KeyA,1791376154666.4,80764,a
P04,S02,17,up,KeyT,1791376154730.8,80765,t
P04,S02,17,down,Space,1791376154869.9,80766, 
P04,S02,17,up,Space,1791376154985.6,80766, 
P04,S02,17,down,KeyW,1791376155100.2,80767,w
P04,S02,17,up,KeyW,1791376155224.1,80767,w
P04,S02,17,down,KeyE,1791376155312,80768,e
P04,S02,17,up,KeyE,1791376155435.9,80768,e
P04,S02,17,down,KeyN,1791376155499.3,80769,n
P04,S02,17,up,KeyN,1791376155612.1,80769,n
P04,S02,17,down,KeyT,1791376155658,80770,t
P04,S02,17,up,KeyT,1791376155786.9,80770,t
P04,S02,17,down,Space,1791376155801.6,80771, 
P04,S02,17,up,Space,1791376155900.3,80771, 
P04,S02,17,down,KeyT,1791376156023.7,80772,t
P04,S02,17,down,KeyO,1791376156136.3,80773,o
P04,S02,17,up,KeyT,1791376156169,80772,t
P04,S02,17,up,KeyO,1791376156233.3,80773,o
P04,S02,17,down,Space,1791376156346.1,80774, 
P04,S02,17,up,Space,1791376156437.8,80774, 
P04,S02,17,down,KeyM,1791376156519,80775,m
P04,S02,17,up,KeyM,1791376156617.3,80775,m
P04,S02,17,down,KeyA,1791376156657.4,80776,a
P04,S02,17,up,KeyA,1791376156824,80776,a
P04,S02,17,down,KeyR,1791376156828.9,80777,r
P04,S02,17,up,KeyR,1791376156963.5,80777,r
P04,S02,17,down,KeyS,1791376157059.8,80778,s
P04,S02,17,up,KeyS,1791376157232.3,80778,s
P04,S02,17,down,Space,1791376157249.7,80779, 
P04,S02,17,up,Space,1791376157335,80779, 
P04,S02,17,down,KeyA,1791376157548.4,80780,a
P04,S02,17,up,KeyA,1791376157683.6,80780,a
P04,S02,17,down,KeyN,1791376157706.2,80781,n
P04,S02,17,up,KeyN,1791376157811.2,80781,n
P04,S02,17,down,KeyD,1791376158161.4,80782,d
P04,S02,17,up,KeyD,1791376158316.6,80782,d
P04,S02,17,down,Space,1791376158390.7,80783, 
P04,S02,17,up,Space,1791376158493.5,80783, 
P04,S02,17,down,KeyC,1791376158704.3,80784,c
P04,S02,17,up,KeyC,1791376158866.3,80784,c
P04,S02,17,down,KeyA,1791376159066,80785,a
P04,S02,17,up,KeyA,1791376159259,80785,a
P04,S02,17,down,KeyM,1791376159285.2,80786,m
P04,S02,17,up,KeyM,1791376159391.9,80786,m
P04,S02,17,down,KeyE,1791376159434.2,80787,e
P04,S02,17,down,Space,1791376159559,80788, 
P04,S02,17,up,KeyE,1791376159575.6,80787,e
P04,S02,17,up,Space,1791376159666.4,80788, 
P04,S02,17,down,KeyB,1791376160078.8,80789,b
P04,S02,17,up,KeyB,1791376160194.5,80789,b
P04,S02,17,down,KeyA,1791376160358.2,80790,a
P04,S02,17,down,KeyC,1791376160437.2,80791,c
P04,S02,17,up,KeyA,1791376160513.4,80790,a
P04,S02,17,up,KeyC,1791376160562.3,80791,c
P04,S02,17,down,KeyK,1791376160909,80792,k
P04,S02,17,up,KeyK,1791376160988.8,80792,k
P04,S02,17,down,Space,1791376161085.2,80793, 
P04,S02,17,up,Space,1791376161192.7,80793, 
P04,S02,17,down,KeyW,1791376161405.1,80794,w
P04,S02,17,down,KeyH,1791376161559.9,80795,h
P04,S02,17,up,KeyW,1791376161575.7,80794,w
P04,S02,17,up,KeyH,1791376161679.1,80795,h
P04,S02,17,down,KeyT,1791376161935.1,80796,t
P04,S02,17,up,KeyT,1791376162053.8,80796,t
P04,S02,17,down,Backspace,1791376162412.5,80797,Backspace
P04,S02,17,up,Backspace,1791376162574.4,80797,Backspace
P04,S02,17,down,KeyA,1791376162588.7,80798,a
P04,S02,17,up,KeyA,1791376162755.9,80798,a
P04,S02,17,down,KeyT,1791376163049,80799,t
P04,S02,17,down,Space,1791376163177.6,80800, 
P04,S02,17,up,KeyT,1791376163194.9,80799,t
P04,S02,17,up,Space,1791376163279.7,80800, 
P04,S02,17,down,KeyI,1791376163392.7,80801,i
P04,S02,17,up,KeyI,1791376163503.3,80801,i
P04,S02,17,down,KeyS,1791376163553.7,80802,s
P04,S02,17,down,Space,1791376163692.1,80803, 
P04,S02,17,up,KeyS,1791376163709.4,80802,s
P04,S02,17,up,Space,1791376163801.7,80803, 
P04,S02,17,down,KeyH,1791376163917.7,80804,h
P04,S02,17,up,KeyH,1791376164020.1,80804,h
P04,S02,17,down,KeyI,1791376164276.1,80805,i
P04,S02,17,up,KeyI,1791376164390.3,80805,i
P04,S02,17,down,KeyG,1791376164920.6,80806,g
P04,S02,17,up,KeyG,1791376165049.1,80806,g
P04,S02,17,down,KeyL,1791376165673.7,80807,l
P04,S02,17,up,KeyL,1791376165791.9,80807,l
P04,S02,17,down,KeyZ,1791376166318.6,80808,y
P04,S02,17,up,KeyZ,1791376166484.9,80808,y
P04,S02,17,down,Space,1791376166535.3,80809, 
P04,S02,17,up,Space,1791376166649.7,80809, 
P04,S02,17,down,KeyI,1791376167401.4,80810,i
P04,S02,17,up,KeyI,1791376167504,80810,i
P04,S02,17,down,KeyM,1791376167635.4,80811,m
P04,S02,17,up,KeyM,1791376167731.5,80811,m
P04,S02,17,down,KeyP,1791376168020,80812,p
P04,S02,17,up,KeyP,1791376168118,80812,p
P04,S02,17,down,KeyO,1791376168168.6,80813,o
P04,S02,17,up,KeyO,1791376168271.7,80813,o
P04,S02,17,down,KeyR,1791376168511.8,80814,r
P04,S02,17,up,KeyR,1791376168642.9,80814,r
P04,S02,17,down,KeyT,1791376168721.2,80815,t
P04,S02,17,up,KeyT,1791376168830.4,80815,t
P04,S02,17,down,KeyA,1791376168940.2,80816,a
P04,S02,17,up,KeyA,1791376169112.7,80816,a
P04,S02,17,down,KeyN,1791376169140.5,80817,n
P04,S02,17,up,KeyN,1791376169246.4,80817,n
P04,S02,17,down,KeyT,1791376169348.7,80818,t
P04,S02,17,up,KeyT,1791376169489.9,80818,t
P04,S02,17,down,Enter,1791376169541.8,80819,Enter
P04,S02,17,up,Enter,1791376169628.8,80819,Enter
P04,S02,18,down,KeyK,1791376176783.7,80820,k
P04,S02,18,up,KeyK,1791376176898.1,80820,k
P04,S02,18,down,KeyA,1791376176936.3,80821,a
P04,S02,18,up,KeyA,1791376177134.8,80821,a
P04,S02,18,down,KeyY,1791376178428.3,80822,z
P04,S02,18,up,KeyY,1791376178547.5,80822,z
P04,S02,18,down,Backspace,1791376179124.9,80823,Backspace
P04,S02,18,up,Backspace,1791376179260.8,80823,Backspace
P04,S02,18,down,Backspace,1791376179312.2,80824,Backspace
P04,S02,18,up,Backspace,1791376179409.6,80824,Backspace
P04,S02,18,down,KeyZ,1791376179481.7,80825,y
P04,S02,18,up,KeyZ,1791376179651.8,80825,y
P04,S02,18,down,Space,1791376179692.4,80826, 
P04,S02,18,up,Space,1791376179802,80826, 
P04,S02,18,down,KeyD,1791376179943.5,80827,d
P04,S02,18,up,KeyD,1791376180090,80827,d
P04,S02,18,down,KeyO,1791376180106.8,80828,o
P04,S02,18,up,KeyO,1791376180221.8,80828,o
P04,S02,18,down,Space,1791376180326.2,80829, 
P04,S02,18,up,Space,1791376180439.1,80829, 
P04,S02,18,down,KeyU,1791376180818.6,80830,u
P04,S02,18,up,KeyU,1791376180899.7,80830,u
P04,S02,18,down,Space,1791376181667.9,80831, 
P04,S02,18,up,Space,1791376181796.4,80831, 
P04,S02,18,down,KeyT,1791376182556.9,80832,t
P04,S02,18,up,KeyT,1791376182690.9,80832,t
P04,S02,18,down,KeyH,1791376183142.5,80833,h
P04,S02,18,up,KeyH,1791376183245.7,80833,h
P04,S02,18,down,KeyI,1791376183383.6,80834,i
P04,S02,18,up,KeyI,1791376183476.3,80834,i
P04,S02,18,down,KeyN,1791376183574.1,80835,n
P04,S02,18,up,KeyN,1791376183671.3,80835,n
P04,S02,18,down,KeyK,1791376183744.6,80836,k
P04,S02,18,up,KeyK,1791376183836,80836,k
P04,S02,18,down,Space,1791376183911,80837, 
P04,S02,18,up,Space,1791376183996.8,80837, 
P04,S02,18,down,KeyH,1791376184082.7,80838,h
P04,S02,18,up,KeyH,1791376184176.3,80838,h
P04,S02,18,down,KeyE,1791376184221.5,80839,e
P04,S02,18,down,Space,1791376184350.9,80840, 
P04,S02,18,up,KeyE,1791376184357.4,80839,e
P04,S02,18,up,Space,1791376184443.9,80840, 
P04,S02,18,down,KeyA,1791376184591,80841,a
P04,S02,18,down,KeyL,1791376184752.6,80842,l
P04,S02,18,up,KeyA,1791376184769.6,80841,a
P04,S02,18,up,KeyL,1791376184883,80842,l
P04,S02,18,down,KeyR,1791376185051.8,80843,r
P04,S02,18,up,KeyR,1791376185180.7,80843,r
P04,S02,18,down,KeyE,1791376185233.2,80844,e
P04,S02,18,up,KeyE,1791376185368.5,80844,e
P04,S02,18,down,KeyA,1791376185493.2,80845,a
P04,S02,18,up,KeyA,1791376185643.1,80845,a
P04,S02,18,down,KeyD,1791376185725.8,80846,d
P04,S02,18,up,KeyD,1791376185866.5,80846,d
P04,S02,18,down,KeyY,1791376185906.3,80847,z
P04,S02,18,up,KeyY,1791376186013.2,80847,z
P04,S02,18,down,Backspace,1791376186268.4,80848,Backspace
P04,S02,18,up,Backspace,1791376186390,80848,Backspace
P04,S02,18,down,KeyZ,1791376186439,80849,y
P04,S02,18,down,Space,1791376186594.5,80850, 
P04,S02,18,up,KeyZ,1791376186616.4,80849,y
P04,S02,18,up,Space,1791376186717.7,80850, 
P04,S02,18,down,KeyT,1791376187952.8,80851,t
P04,S02,18,down,KeyH,1791376188061.6,80852,h
P04,S02,18,up,KeyT,1791376188106.2,80851,t
P04,S02,18,up,KeyH,1791376188157.7,80852,h
P04,S02,18,down,KeyO,1791376188295.5,80853,o
P04,S02,18,up,KeyO,1791376188403.8,80853,o
P04,S02,18,down,KeyU,1791376188501.5,80854,u
P04,S02,18,up,KeyU,1791376188611.1,80854,u
P04,S02,18,down,KeyH,1791376189227.5,80855,h
P04,S02,18,up,KeyH,1791376189362.4,80855,h
P04,S02,18,down,Backspace,1791376189804.7,80856,Backspace
P04,S02,18,up,Backspace,1791376189938.9,80856,Backspace
P04,S02,18,down,KeyG,1791376189959.1,80857,g
P04,S02,18,down,KeyH,1791376190087.7,80858,h
P04,S02,18,up,KeyG,1791376190097.6,80857,g
P04,S02,18,down,KeyT,1791376190211.8,80859,t
P04,S02,18,up,KeyH,1791376190234,80858,h
P04,S02,18,up,KeyT,1791376190341.9,80859,t
P04,S02,18,down,Space,1791376190362.7,80860, 
P04,S02,18,up,Space,1791376190493.7,80860, 
P04,S02,18,down,KeyA,1791376190882.2,80861,a
P04,S02,18,down,KeyN,1791376191054.7,80862,n
P04,S02,18,up,KeyA,1791376191086.7,80861,a
P04,S02,18,up,KeyN,1791376191168.1,80862,n
P04,S02,18,down,Backspace,1791376191419.6,80863,Backspace
P04,S02,18,up,Backspace,1791376191553.7,80863,Backspace
P04,S02,18,down,KeyB,1791376191639.4,80864,b
P04,S02,18,down,KeyO,1791376191805.5,80865,o
P04,S02,18,up,KeyB,1791376191833.3,80864,b
P04,S02,18,up,KeyO,1791376191957.1,80865,o
P04,S02,18,down,KeyU,1791376192168,80866,u
P04,S02,18,up,KeyU,1791376192270.2,80866,u
P04,S02,18,down,KeyT,1791376192426.6,80867,t
P04,S02,18,down,Space,1791376192555.3,80868, 
P04,S02,18,up,KeyT,1791376192562.3,80867,t
P04,S02,18,up,Space,1791376192646.2,80868, 
P04,S02,18,down,KeyI,1791376192825.3,80869,i
P04,S02,18,up,KeyI,1791376192933.8,80869,i
P04,S02,18,down,KeyT,1791376193014.1,80870,t
P04,S02,18,up,KeyT,1791376193122.7,80870,t
P04,S02,18,down,Space,1791376193205.2,80871, 
P04,S02,18,up,Space,1791376193318.9,80871, 
P04,S02,18,down,KeyT,1791376194078.9,80872,t
P04,S02,18,up,KeyT,1791376194198.1,80872,t
P04,S02,18,down,KeyH,1791376194230,80873,h
P04,S02,18,up,KeyH,1791376194355,80873,h
P04,S02,18,down,KeyA,1791376194423.1,80874,a
P04,S02,18,down,KeyT,1791376194547.2,80875,t
P04,S02,18,up,KeyA,1791376194607.8,80874,a
P04,S02,18,up,KeyT,1791376194661.3,80875,t
P04,S02,18,down,Space,1791376194805.1,80876, 
P04,S02,18,up,Space,1791376194933.6,80876, 
P04,S02,18,down,KeyD,1791376195146.7,80877,d
P04,S02,18,up,KeyD,1791376195251.3,80877,d
P04,S02,18,down,Backspace,1791376195459,80878,Backspace
P04,S02,18,up,Backspace,1791376195604.8,80878,Backspace
P04,S02,18,down,KeyF,1791376195634.4,80879,f
P04,S02,18,up,KeyF,1791376195783.6,80879,f
P04,S02,18,down,KeyI,1791376196060,80880,i
P04,S02,18,up,KeyI,1791376196203.5,80880,i
P04,S02,18,down,KeyR,1791376196373.5,80881,r
P04,S02,18,up,KeyR,1791376196502.6,80881,r
P04,S02,18,down,KeyS,1791376196641.9,80882,s
P04,S02,18,up,KeyS,1791376196853.9,80882,s
P04,S02,18,down,KeyT,1791376196890.9,80883,t
P04,S02,18,up,KeyT,1791376197015.5,80883,t
P04,S02,18,down,Space,1791376197125,80884, 
P04,S02,18,up,Space,1791376197254.8,80884, 
P04,S02,18,down,KeyO,1791376197832.3,80885,o
P04,S02,18,up,KeyO,1791376197925.8,80885,o
P04,S02,18,down,KeyF,1791376197970.4,80886,f
P04,S02,18,up,KeyF,1791376198098.7,80886,f
P04,S02,18,down,Space,1791376198103.9,80887, 
P04,S02,18,up,Space,1791376198190.7,80887, 
P04,S02,18,down,KeyA,1791376198334.6,80888,a
P04,S02,18,down,KeyL,1791376198495.7,80889,l
P04,S02,18,up,KeyA,1791376198513.3,80888,a
P04,S02,18,up,KeyL,1791376198600,80889,l
P04,S02,18,down,KeyL,1791376198643.7,80890,l
P04,S02,18,up,KeyL,1791376198757,80890,l
P04,S02,18,down,Space,1791376198916.4,80891, 
P04,S02,18,up,Space,1791376199019.1,80891, 
P04,S02,18,down,KeyW,1791376199572.8,80892,w
P04,S02,18,up,KeyW,1791376199740.8,80892,w
P04,S02,18,down,KeyE,1791376199805.5,80893,e
P04,S02,18,down,Space,1791376199945.1,80894, 
P04,S02,18,up,KeyE,1791376199957.3,80893,e
P04,S02,18,up,Space,1791376200053.9,80894, 
P04,S02,18,down,KeyN,1791376200120.1,80895,n
P04,S02,18,up,KeyN,1791376200217.6,80895,n
P04,S02,18,down,KeyE,1791376200618.9,80896,e
P04,S02,18,up,KeyE,1791376200731.1,80896,e
P04,S02,18,down,KeyE,1791376200782.1,80897,e
P04,S02,18,up,KeyE,1791376200901.6,80897,e
P04,S02,18,down,KeyD,1791376201035,80898,d
P04,S02,18,down,Space,1791376201206.6,80899, 
P04,S02,18,up,KeyD,1791376201214.3,80898,d
P04,S02,18,up,Space,1791376201315.5,80899, 
P04,S02,18,down,KeyT,1791376201458.1,80900,t
P04,S02,18,down,KeyO,1791376201597.1,80901,o
P04,S02,18,up,KeyT,1791376201605.7,80900,t
P04,S02,18,up,KeyO,1791376201701.2,80901,o
P04,S02,18,down,Space,1791376201844.3,80902, 
P04,S02,18,up,Space,1791376201962.9,80902, 
P04,S02,18,down,KeyS,1791376202043,80903,s
P04,S02,18,up,KeyS,1791376202183.9,80903,s
P04,S02,18,down,KeyE,1791376202509,80904,e
P04,S02,18,up,KeyE,1791376202628.7,80904,e
P04,S02,18,down,KeyN,1791376202871.5,80905,n
P04,S02,18,up,KeyN,1791376202968.7,80905,n
P04,S02,18,down,KeyD,1791376203025.6,80906,d
P04,S02,18,up,KeyD,1791376203154.7,80906,d
P04,S02,18,down,Space,1791376203237.2,80907, 
P04,S02,18,up,Space,1791376203335.1,80907, 
P04,S02,18,down,KeyA,1791376203606.4,80908,a
P04,S02,18,up,KeyA,1791376203715.4,80908,a
P04,S02,18,down,Space,1791376203736.5,80909, 
P04,S02,18,up,Space,1791376203835.9,80909, 
P04,S02,18,down,KeyS,1791376203944.8,80910,s
P04,S02,18,up,KeyS,1791376204063.9,80910,s
P04,S02,18,down,KeyA,1791376204472.4,80911,a
P04,S02,18,down,KeyT,1791376204611.6,80912,t
P04,S02,18,up,KeyA,1791376204633.5,80911,a
P04,S02,18,up,KeyT,1791376204725.9,80912,t
P04,S02,18,down,KeyE,1791376204784.5,80913,e
P04,S02,18,up,KeyE,1791376204925,80913,e
P04,S02,18,down,KeyL,1791376205049.9,80914,l
P04,S02,18,up,KeyL,1791376205174.3,80914,l
P04,S02,18,down,KeyL,1791376205218.8,80915,l
P04,S02,18,up,KeyL,1791376205333.3,80915,l
P04,S02,18,down,KeyI,1791376205447.5,80916,i
P04,S02,18,up,KeyI,1791376205529,80916,i
P04,S02,18,down,KeyT,1791376206132.4,80917,t
P04,S02,18,up,KeyT,1791376206257,80917,t
P04,S02,18,down,KeyE,1791376206301.4,80918,e
P04,S02,18,up,KeyE,1791376206410.1,80918,e
P04,S02,18,down,Space,1791376206450.2,80919, 
P04,S02,18,up,Space,1791376206542.2,80919, 
P04,S02,18,down,KeyT,1791376207453.8,80920,t
P04,S02,18,up,KeyT,1791376207612.1,80920,t
P04,S02,18,down,KeyH,1791376207855.4,80921,h
P04,S02,18,up,KeyH,1791376207968.5,80921,h
P04,S02,18,down,KeyE,1791376208290.2,80922,e
P04,S02,18,up,KeyE,1791376208447.6,80922,e
P04,S02,18,down,KeyR,1791376208525.6,80923,r
P04,S02,18,up,KeyR,1791376208645,80923,r
P04,S02,18,down,KeyE,1791376208708.1,80924,e
P04,S02,18,up,KeyE,1791376208848.4,80924,e
P04,S02,18,down,Space,1791376208960,80925, 
P04,S02,18,up,Space,1791376209046.6,80925, 
P04,S02,18,down,KeyA,1791376209183.6,80926,a
P04,S02,18,down,KeyN,1791376209336.9,80927,n
P04,S02,18,up,KeyA,1791376209337.9,80926,a
P04,S02,18,up,KeyN,1791376209453.2,80927,n
P04,S02,18,down,KeyD,1791376209516.9,80928,d
P04,S02,18,down,Space,1791376209671.8,80929, 
P04,S02,18,up,KeyD,1791376209684.7,80928,d
P04,S02,18,up,Space,1791376209790.7,80929, 
P04,S02,18,down,KeyB,1791376210009.2,80930,b
P04,S02,18,down,KeyA,1791376210094.9,80931,a
P04,S02,18,up,KeyB,1791376210122.4,80930,b
P04,S02,18,up,KeyA,1791376210294.5,80931,a
P04,S02,18,down,KeyC,1791376210362.8,80932,c
P04,S02,18,up,KeyC,1791376210552.2,80932,c
P04,S02,18,down,KeyK,1791376210643.7,80933,k
P04,S02,18,up,KeyK,1791376210772.5,80933,k
P04,S02,18,down,Space,1791376210871.7,80934, 
P04,S02,18,up,Space,1791376210970.9,80934, 
P04,S02,18,down,KeyA,1791376211042,80935,a
P04,S02,18,down,KeyN,1791376211207.4,80936,n
P04,S02,18,up,KeyA,1791376211240.2,80935,a
P04,S02,18,up,KeyN,1791376211311.3,80936,n
P04,S02,18,down,KeyD,1791376211510.3,80937,d
P04,S02,18,down,Space,1791376211672.3,80938, 
P04,S02,18,up,KeyD,1791376211679.4,80937,d
P04,S02,18,up,Space,1791376211775.5,80938, 
P04,S02,18,down,KeyT,1791376211916.4,80939,t
P04,S02,18,down,KeyH,1791376212046,80940,h
P04,S02,18,up,KeyT,1791376212052.1,80939,t
P04,S02,18,up,KeyH,1791376212133.5,80940,h
P04,S02,18,down,KeyE,1791376212239.5,80941,e
P04,S02,18,down,KeyN,1791376212416.9,80942,n
P04,S02,18,up,KeyE,1791376212449.3,80941,e
P04,S02,18,up,KeyN,1791376212509.1,80942,n
P04,S02,18,down,Space,1791376212583.7,80943, 
P04,S02,18,up,Space,1791376212685.4,80943, 
P04,S02,18,down,KeyB,1791376213269.9,80944,b
P04,S02,18,up,KeyB,1791376213414.2,80944,b
P04,S02,18,down,KeyU,1791376213544.8,80945,u
P04,S02,18,up,KeyU,1791376213647,80945,u
P04,S02,18,down,KeyI,1791376213707.9,80946,i
P04,S02,18,up,KeyI,1791376213845.1,80946,i
P04,S02,18,down,KeyL,1791376214539,80947,l
P04,S02,18,up,KeyL,1791376214699.7,80947,l
P04,S02,18,down,KeyT,1791376214704.3,80948,t
P04,S02,18,up,KeyT,1791376214838.3,80948,t
P04,S02,18,down,Space,1791376214872.2,80949, 
P04,S02,18,up,Space,1791376214980.6,80949, 
P04,S02,18,down,KeyA,1791376215106.6,80950,a
P04,S02,18,down,Space,1791376215225.5,80951, 
P04,S02,18,up,KeyA,1791376215279.2,80950,a
P04,S02,18,up,Space,1791376215343.2,80951, 
P04,S02,18,down,KeyR,1791376215438.8,80952,r
P04,S02,18,down,KeyO,1791376215578.7,80953,o
P04,S02,18,up,KeyR,1791376215585.9,80952,r
P04,S02,18,up,KeyO,1791376215686.7,80953,o
P04,S02,18,down,KeyC,1791376215770.3,80954,c
P04,S02,18,down,KeyK,1791376215946.6,80955,k
P04,S02,18,up,KeyC,1791376215957.1,80954,c
P04,S02,18,down,KeyE,1791376216113,80956,e
P04,S02,18,up,KeyK,1791376216134.8,80955,k
P04,S02,18,up,KeyE,1791376216259.5,80956,e
P04,S02,18,down,KeyT,1791376216362.3,80957,t
P04,S02,18,up,KeyT,1791376216486.7,80957,t
P04,S02,18,down,Space,1791376216638.5,80958, 
P04,S02,18,up,Space,1791376216746.2,80958, 
P04,S02,18,down,KeyC,1791376217020.6,80959,c
P04,S02,18,up,KeyC,1791376217140.6,80959,c
P04,S02,18,down,KeyA,1791376217283.7,80960,a
P04,S02,18,down,KeyU,1791376217435.5,80961,u
P04,S02,18,up,KeyA,1791376217443.2,80960,a
P04,S02,18,up,KeyU,1791376217538.8,80961,u
P04,S02,18,down,KeyS,1791376217561.8,80962,s
P04,S02,18,up,KeyS,1791376217690.3,80962,s
P04,S02,18,down,KeyE,1791376217785.1,80963,e
P04,S02,18,up,KeyE,1791376217903.1,80963,e
P04,S02,18,down,Space,1791376217912.2,80964, 
P04,S02,18,up,Space,1791376218021.6,80964, 
P04,S02,18,down,KeyI,1791376218275.6,80965,i
P04,S02,18,up,KeyI,1791376218388.1,80965,i
P04,S02,18,down,Space,1791376218496.7,80966, 
P04,S02,18,up,Space,1791376218606.9,80966, 
P04,S02,18,down,KeyH,1791376218845.9,80967,h
P04,S02,18,up,KeyH,1791376218965.2,80967,h
P04,S02,18,down,KeyE,1791376218969.8,80968,e
P04,S02,18,up,KeyE,1791376219094.7,80968,e
P04,S02,18,down,KeyA,1791376219190.2,80969,a
P04,S02,18,up,KeyA,1791376219362.5,80969,a
P04,S02,18,down,KeyR,1791376219494.5,80970,r
P04,S02,18,up,KeyR,1791376219592.3,80970,r
P04,S02,18,down,KeyD,1791376219762.7,80971,d
P04,S02,18,up,KeyD,1791376219929.6,80971,d
P04,S02,18,down,Space,1791376219939.7,80972, 
P04,S02,18,up,Space,1791376220059.6,80972, 
P04,S02,18,down,KeyT,1791376220463.8,80973,t
P04,S02,18,up,KeyT,1791376220571.8,80973,t
P04,S02,18,down,KeyH,1791376220613.9,80974,h
P04,S02,18,up,KeyH,1791376220721.9,80974,h
P04,S02,18,down,KeyA,1791376220810.1,80975,a
P04,S02,18,up,KeyA,1791376220981.5,80975,a
P04,S02,18,down,KeyT,1791376221160.8,80976,t
P04,S02,18,up,KeyT,1791376221287.2,80976,t
P04,S02,18,down,Space,1791376221301.8,80977, 
P04,S02,18,up,Space,1791376221405.8,80977, 
P04,S02,18,down,KeyH,1791376221519.6,80978,h
P04,S02,18,up,KeyH,1791376221624,80978,h
P04,S02,18,down,KeyE,1791376221658.8,80979,e
P04,S02,18,down,Space,1791376221803.4,80980, 
P04,S02,18,up,KeyE,1791376221823.9,80979,e
P04,S02,18,up,Space,1791376221915.1,80980, 
P04,S02,18,down,KeyW,1791376222047.5,80981,w
P04,S02,18,up,KeyW,1791376222162.5,80981,w
P04,S02,18,down,KeyA,1791376222262.4,80982,a
P04,S02,18,up,KeyA,1791376222418.6,80982,a
P04,S02,18,down,KeyN,1791376222446,80983,n
P04,S02,18,up,KeyN,1791376222562.7,80983,n
P04,S02,18,down,KeyT,1791376222666.8,80984,t
P04,S02,18,up,KeyT,1791376222775.2,80984,t
P04,S02,18,down,KeyS,1791376222944.6,80985,s
P04,S02,18,up,KeyS,1791376223138.4,80985,s
P04,S02,18,down,Space,1791376223156,80986, 
P04,S02,18,up,Space,1791376223266.4,80986, 
P04,S02,18,down,KeyT,1791376223330.8,80987,t
P04,S02,18,up,KeyT,1791376223482.2,80987,t
P04,S02,18,down,KeyO,1791376223524.7,80988,o
P04,S02,18,up,KeyO,1791376223627.1,80988,o
P04,S02,18,down,Space,1791376223756.5,80989, 
P04,S02,18,up,Space,1791376223866.7,80989, 
P04,S02,18,down,KeyP,1791376223996,80990,p
P04,S02,18,up,KeyP,1791376224105,80990,p
P04,S02,18,down,KeyT,1791376224491.4,80991,t
P04,S02,18,up,KeyT,1791376224595.2,80991,t
P04,S02,18,down,Backspace,1791376224909.1,80992,Backspace
P04,S02,18,up,Backspace,1791376225055.7,80992,Backspace
P04,S02,18,down,KeyR,1791376225059.1,80993,r
P04,S02,18,up,KeyR,1791376225183.7,80993,r
P04,S02,18,down,KeyE,1791376225266.6,80994,e
P04,S02,18,up,KeyE,1791376225412.3,80994,e
P04,S02,18,down,KeyP,1791376225813.4,80995,p
P04,S02,18,up,KeyP,1791376225939.3,80995,p
P04,S02,18,down,KeyA,1791376225972.6,80996,a
P04,S02,18,up,KeyA,1791376226145.7,80996,a
P04,S02,18,down,KeyR,1791376226290.9,80997,r
P04,S02,18,up,KeyR,1791376226418.9,80997,r
P04,S02,18,down,KeyE,1791376226507.5,80998,e
P04,S02,18,up,KeyE,1791376226614,80998,e
P04,S02,18,down,Space,1791376226674,80999, 
P04,S02,18,up,Space,1791376226778.1,80999, 
P04,S02,18,down,KeyC,1791376228905.5,81000,c
P04,S02,18,up,KeyC,1791376229074.1,81000,c
P04,S02,18,down,KeyR,1791376229140.6,81001,r
P04,S02,18,up,KeyR,1791376229269.5,81001,r
P04,S02,18,down,KeyE,1791376229344.3,81002,e
P04,S02,18,up,KeyE,1791376229459.1,81002,e
P04,S02,18,down,KeyW,1791376229560.4,81003,w
P04,S02,18,up,KeyW,1791376229711.5,81003,w
P04,S02,18,down,Space,1791376229807.4,81004, 
P04,S02,18,up,Space,1791376229916.3,81004, 
P04,S02,18,down,KeyB,1791376230397.5,81005,b
P04,S02,18,up,KeyB,1791376230505.4,81005,b
P04,S02,18,down,Backspace,1791376230859.8,81006,Backspace
P04,S02,18,up,Backspace,1791376231000.7,81006,Backspace
P04,S02,18,down,KeyD,1791376231429.8,81007,d
P04,S02,18,up,KeyD,1791376231575.9,81007,d
P04,S02,18,down,KeyR,1791376231661.6,81008,r
P04,S02,18,up,KeyR,1791376231779.8,81008,r
P04,S02,18,down,KeyA,1791376231932.5,81009,a
P04,S02,18,up,KeyA,1791376232116.6,81009,a
P04,S02,18,down,KeyG,1791376232510.8,81010,g
P04,S02,18,up,KeyG,1791376232657.3,81010,g
P04,S02,18,down,KeyO,1791376232775.7,81011,o
P04,S02,18,up,KeyO,1791376232883.4,81011,o
P04,S02,18,down,KeyN,1791376233126.8,81012,n
P04,S02,18,up,KeyN,1791376233204.8,81012,n
P04,S02,18,down,Space,1791376233297.8,81013, 
P04,S02,18,up,Space,1791376233412,81013, 
P04,S02,18,down,KeyF,1791376233961,81014,f
P04,S02,18,down,KeyO,1791376234095,81015,o
P04,S02,18,up,KeyF,1791376234121.6,81014,f
P04,S02,18,up,KeyO,1791376234180.9,81015,o
P04,S02,18,down,KeyT,1791376234239.6,81016,t
P04,S02,18,up,KeyT,1791376234365.1,81016,t
P04,S02,18,down,Space,1791376234405.1,81017, 
P04,S02,18,up,Space,1791376234508.5,81017, 
P04,S02,18,down,KeyS,1791376235168.1,81018,s
P04,S02,18,down,KeyP,1791376235301.9,81019,p
P04,S02,18,up,KeyS,1791376235323.8,81018,s
P04,S02,18,up,KeyP,1791376235417,81019,p
P04,S02,18,down,KeyA,1791376235634.1,81020,a
P04,S02,18,up,KeyA,1791376235790.6,81020,a
P04,S02,18,down,KeyV,1791376235800.2,81021,v
P04,S02,18,up,KeyV,1791376235902.4,81021,v
P04,S02,18,down,Backspace,1791376236179.7,81022,Backspace
P04,S02,18,up,Backspace,1791376236319.4,81022,Backspace
P04,S02,18,down,KeyC,1791376236345.2,81023,c
P04,S02,18,down,KeyE,1791376236511.8,81024,e
P04,S02,18,up,KeyC,1791376236528.4,81023,c
P04,S02,18,down,Space,1791376236678.6,81025, 
P04,S02,18,up,KeyE,1791376236712,81024,e
P04,S02,18,up,Space,1791376236792.3,81025, 
P04,S02,18,down,KeyT,1791376237161.1,81026,t
P04,S02,18,up,KeyT,1791376237273.9,81026,t
P04,S02,18,down,KeyR,1791376237338.8,81027,r
P04,S02,18,up,KeyR,1791376237441.1,81027,r
P04,S02,18,down,KeyA,1791376237623.9,81028,a
P04,S02,18,up,KeyA,1791376237790.4,81028,a
P04,S02,18,down,KeyV,1791376237800.3,81029,v
P04,S02,18,up,KeyV,1791376237935.3,81029,v
P04,S02,18,down,KeyE,1791376237939.8,81030,e
P04,S02,18,up,KeyE,1791376238087,81030,e
P04,S02,18,down,KeyL,1791376238156.5,81031,l
P04,S02,18,up,KeyL,1791376238271.7,81031,l
P04,S02,18,down,KeyL,1791376238312.3,81032,l
P04,S02,18,up,KeyL,1791376238436.2,81032,l
P04,S02,18,down,KeyI,1791376238509.4,81033,i
P04,S02,18,up,KeyI,1791376238612.6,81033,i
P04,S02,18,down,KeyN,1791376238726.6,81034,n
P04,S02,18,up,KeyN,1791376238829.3,81034,n
P04,S02,18,down,KeyG,1791376238977.3,81035,g
P04,S02,18,up,KeyG,1791376239103.9,81035,g
P04,S02,18,down,Space,1791376239112.7,81036, 
P04,S02,18,up,Space,1791376239213.8,81036, 
P04,S02,18,down,KeyT,1791376239376.3,81037,t
P04,S02,18,down,KeyO,1791376239472.1,81038,o
P04,S02,18,up,KeyT,1791376239474,81037,t
P04,S02,18,up,KeyO,1791376239592.1,81038,o
P04,S02,18,down,Space,1791376239698.4,81039, 
P04,S02,18,up,Space,1791376239808.1,81039, 
P04,S02,18,down,KeyM,1791376239892.5,81040,m
P04,S02,18,up,KeyM,1791376240001.3,81040,m
P04,S02,18,down,KeyA,1791376240022.1,81041,a
P04,S02,18,down,KeyR,1791376240171.2,81042,r
P04,S02,18,up,KeyA,1791376240220.5,81041,a
P04,S02,18,up,KeyR,1791376240328.8,81042,r
P04,S02,18,down,KeyS,1791376240418.3,81043,s
P04,S02,18,down,Enter,1791376240568.7,81044,Enter
P04,S02,18,up,KeyS,1791376240622.6,81043,s
P04,S02,18,up,Enter,1791376240687.7,81044,Enter
P04,S02,19,down,KeyO,1791376255305,81045,o
P04,S02,19,up,KeyO,1791376255418.3,81045,o
P04,S02,19,down,Space,1791376255537.1,81046, 
P04,S02,19,up,Space,1791376255672.2,81046, 
P04,S02,19,down,KeyW,1791376255688.7,81047,w
P04,S02,19,up,KeyW,1791376255796.3,81047,w
P04,S02,19,down,KeyH,1791376255900.3,81048,h
P04,S02,19,down,KeyA,1791376255916.5,81049,a
P04,S02,19,up,KeyH,1791376255998.2,81048,h
P04,S02,19,up,KeyA,1791376256068.6,81049,a
P04,S02,19,down,KeyT,1791376256270.4,81050,t
P04,S02,19,up,KeyT,1791376256409,81050,t
P04,S02,19,down,Space,1791376256424,81051, 
P04,S02,19,up,Space,1791376256531.6,81051, 
P04,S02,19,down,Backspace,1791376256843.3,81052,Backspace
P04,S02,19,up,Backspace,1791376256935.3,81052,Backspace
P04,S02,19,down,Backspace,1791376257008.7,81053,Backspace
P04,S02,19,up,Backspace,1791376257104.9,81053,Backspace
P04,S02,19,down,Backspace,1791376257163.5,81054,Backspace
P04,S02,19,up,Backspace,1791376257266.5,81054,Backspace
P04,S02,19,down,Backspace,1791376257318.6,81055,Backspace
P04,S02,19,up,Backspace,1791376257410.7,81055,Backspace
P04,S02,19,down,Backspace,1791376257473.4,81056,Backspace
P04,S02,19,up,Backspace,1791376257555.5,81056,Backspace
P04,S02,19,down,KeyI,1791376258107.5,81057,i
P04,S02,19,up,KeyI,1791376258189.7,81057,i
P04,S02,19,down,Space,1791376258302.1,81058, 
P04,S02,19,up,Space,1791376258447.5,81058, 
P04,S02,19,down,KeyT,1791376258535.6,81059,t
P04,S02,19,down,KeyH,1791376258638,81060,h
P04,S02,19,up,KeyT,1791376258660.3,81059,t
P04,S02,19,up,KeyH,1791376258730.4,81060,h
P04,S02,19,down,KeyI,1791376258794.3,81061,i
P04,S02,19,up,KeyI,1791376258896,81061,i
P04,S02,19,down,KeyN,1791376259457.4,81062,n
P04,S02,19,up,KeyN,1791376259538.8,81062,n
P04,S02,19,down,KeyK,1791376259612.3,81063,k
P04,S02,19,up,KeyK,1791376259700.2,81063,k
P04,S02,19,down,Space,1791376259772.7,81064, 
P04,S02,19,up,Space,1791376259881,81064, 
P04,S02,19,down,KeyT,1791376260043.4,81065,t
P04,S02,19,down,KeyH,1791376260172.3,81066,h
P04,S02,19,up,KeyT,1791376260174.3,81065,t
P04,S02,19,up,KeyH,1791376260276.1,81066,h
P04,S02,19,down,KeyA,1791376260592.6,81067,a
P04,S02,19,up,KeyA,1791376260749.1,81067,a
P04,S02,19,down,KeyT,1791376260926.5,81068,t
P04,S02,19,down,Space,1791376261050.1,81069, 
P04,S02,19,up,KeyT,1791376261062,81068,t
P04,S02,19,up,Space,1791376261159,81069, 
P04,S02,19,down,KeyH,1791376261262.5,81070,h
P04,S02,19,up,KeyH,1791376261359.3,81070,h
P04,S02,19,down,KeyT,1791376261369.2,81071,t
P04,S02,19,up,KeyT,1791376261520.3,81071,t
P04,S02,19,down,KeyE,1791376261668.7,81072,e
P04,S02,19,down,Space,1791376261813,81073, 
P04,S02,19,up,KeyE,1791376261830.2,81072,e
P04,S02,19,up,Space,1791376261933.3,81073, 
P04,S02,19,down,KeyB,1791376262569.5,81074,b
P04,S02,19,up,KeyB,1791376262661.3,81074,b
P04,S02,19,down,KeyI,1791376262757.6,81075,i
P04,S02,19,up,KeyI,1791376262861.6,81075,i
P04,S02,19,down,KeyG,1791376263158.5,81076,g
P04,S02,19,up,KeyG,1791376263250.2,81076,g
P04,S02,19,down,KeyG,1791376263288.8,81077,g
P04,S02,19,down,KeyE,1791376263391.3,81078,e
P04,S02,19,up,KeyG,1791376263401.5,81077,g
P04,S02,19,up,KeyE,1791376263504.4,81078,e
P04,S02,19,down,KeyS,1791376263601.9,81079,s
P04,S02,19,up,KeyS,1791376263747.5,81079,s
P04,S02,19,down,KeyT,1791376263890.3,81080,t
P04,S02,19,up,KeyT,1791376264015.5,81080,t
P04,S02,19,down,Space,1791376264050,81081, 
P04,S02,19,up,Space,1791376264136.8,81081, 
P04,S02,19,down,KeyP,1791376264279.1,81082,p
P04,S02,19,up,KeyP,1791376264399.7,81082,p
P04,S02,19,down,KeyR,1791376264692.3,81083,r
P04,S02,19,down,KeyO,1791376264842.5,81084,o
P04,S02,19,up,KeyR,1791376264847.8,81083,r
P04,S02,19,up,KeyO,1791376264944.5,81084,o
P04,S02,19,down,KeyB,1791376265099.4,81085,b
P04,S02,19,up,KeyB,1791376265196.7,81085,b
P04,S02,19,down,KeyL,1791376265352,81086,l
P04,S02,19,up,KeyL,1791376265495.6,81086,l
P04,S02,19,down,KeyE,1791376265500.1,81087,e
P04,S02,19,up,KeyE,1791376265635.3,81087,e
P04,S02,19,down,KeyM,1791376265654.3,81088,m
P04,S02,19,up,KeyM,1791376265747,81088,m
P04,S02,19,down,Space,1791376265829.9,81089, 
P04,S02,19,up,Space,1791376265928.9,81089, 
P04,S02,19,down,KeyW,1791376266362.2,81090,w
P04,S02,19,down,KeyH,1791376266534.7,81091,h
P04,S02,19,up,KeyW,1791376266547.3,81090,w
P04,S02,19,up,KeyH,1791376266648,81091,h
P04,S02,19,down,KeyZ,1791376266790.4,81092,y
P04,S02,19,up,KeyZ,1791376266968.8,81092,y
P04,S02,19,down,Space,1791376267174.3,81093, 
P04,S02,19,up,Space,1791376267295.8,81093, 
P04,S02,19,down,KeyW,1791376267890.4,81094,w
P04,S02,19,up,KeyW,1791376268062.5,81094,w
P04,S02,19,down,KeyE,1791376268124.4,81095,e
P04,S02,19,down,Space,1791376268216.2,81096, 
P04,S02,19,up,KeyE,1791376268231.8,81095,e
P04,S02,19,up,Space,1791376268302.1,81096, 
P04,S02,19,down,KeyC,1791376268418.1,81097,c
P04,S02,19,up,KeyC,1791376268521.7,81097,c
P04,S02,19,down,KeyA,1791376268596.8,81098,a
P04,S02,19,up,KeyA,1791376268786.9,81098,a
P04,S02,19,down,KeyM,1791376268822.4,81099,m
P04,S02,19,up,KeyM,1791376268962.4,81099,m
P04,S02,19,down,Backspace,1791376269211.6,81100,Backspace
P04,S02,19,up,Backspace,1791376269335.6,81100,Backspace
P04,S02,19,down,KeyN,1791376269492.3,81101,n
P04,S02,19,up,KeyN,1791376269611.5,81101,n
P04,S02,19,down,KeyT,1791376269620.7,81102,t
P04,S02,19,down,Space,1791376269728.2,81103, 
P04,S02,19,up,KeyT,1791376269729.6,81102,t
P04,S02,19,up,Space,1791376269841.6,81103, 
P04,S02,19,down,KeyD,1791376270235.3,81104,d
P04,S02,19,down,KeyO,1791376270388.2,81105,o
P04,S02,19,up,KeyD,1791376270404.9,81104,d
P04,S02,19,up,KeyO,1791376270497.2,81105,o
P04,S02,19,down,Space,1791376270595.8,81106, 
P04,S02,19,up,Space,1791376270693.7,81106, 
P04,S02,19,down,KeyI,1791376270792.3,81107,i
P04,S02,19,up,KeyI,1791376270878.8,81107,i
P04,S02,19,down,KeyT,1791376270955.2,81108,t
P04,S02,19,down,Space,1791376271073.6,81109, 
P04,S02,19,up,KeyT,1791376271088.9,81108,t
P04,S02,19,up,Space,1791376271196.2,81109, 
P04,S02,19,down,KeyR,1791376271389.9,81110,r
P04,S02,19,up,KeyR,1791376271534.8,81110,r
P04,S02,19,down,KeyI,1791376271551.8,81111,i
P04,S02,19,up,KeyI,1791376271660.1,81111,i
P04,S02,19,down,KeyG,1791376271912.3,81112,g
P04,S02,19,up,KeyG,1791376272009.3,81112,g
P04,S02,19,down,KeyH,1791376272351.7,81113,h
P04,S02,19,up,KeyH,1791376272463.3,81113,h
P04,S02,19,down,KeyT,1791376272559.8,81114,t
P04,S02,19,up,KeyT,1791376272705.9,81114,t
P04,S02,19,down,Space,1791376272740.1,81115, 
P04,S02,19,up,Space,1791376272855.4,81115, 
P04,S02,19,down,KeyN,1791376273246,81116,n
P04,S02,19,up,KeyN,1791376273429.9,81116,n
P04,S02,19,down,KeyO,1791376274121.4,81117,o
P04,S02,19,up,KeyO,1791376274222.9,81117,o
P04,S02,19,down,KeyW,1791376274320.5,81118,w
P04,S02,19,up,KeyW,1791376274503.2,81118,w
P04,S02,19,down,Space,1791376274526.2,81119, 
P04,S02,19,up,Space,1791376274620.8,81119, 
P04,S02,19,down,KeyI,1791376274932,81120,i
P04,S02,19,up,KeyI,1791376275029.1,81120,i
P04,S02,19,down,KeyS,1791376275104.2,81121,s
P04,S02,19,down,Space,1791376275227.6,81122, 
P04,S02,19,up,KeyS,1791376275278.1,81121,s
P04,S02,19,up,Space,1791376275329.3,81122, 
P04,S02,19,down,KeyT,1791376275505.8,81123,t
P04,S02,19,up,KeyT,1791376275592.7,81123,t
P04,S02,19,down,KeyH,1791376275748.9,81124,h
P04,S02,19,up,KeyH,1791376275862,81124,h
P04,S02,19,down,KeyA,1791376275877,81125,a
P04,S02,19,up,KeyA,1791376276001.1,81125,a
P04,S02,19,down,KeyT,1791376276168.8,81126,t
P04,S02,19,up,KeyT,1791376276304,81126,t
P04,S02,19,down,Space,1791376276389.2,81127, 
P04,S02,19,up,Space,1791376276472.9,81127, 
P04,S02,19,down,KeyW,1791376278784.4,81128,w
P04,S02,19,up,KeyW,1791376278925.2,81128,w
P04,S02,19,down,KeyE,1791376278995.4,81129,e
P04,S02,19,up,KeyE,1791376279108,81129,e
P04,S02,19,down,Space,1791376279128.9,81130, 
P04,S02,19,up,Space,1791376279253.9,81130, 
P04,S02,19,down,KeyD,1791376279697.9,81131,d
P04,S02,19,up,KeyD,1791376279843.3,81131,d
P04,S02,19,down,KeyO,1791376279849,81132,o
P04,S02,19,up,KeyO,1791376279962.1,81132,o
P04,S02,19,down,KeyN,1791376280087,81133,n
P04,S02,19,up,KeyN,1791376280195,81133,n
P04,S02,19,down,KeyT,1791376280241,81134,t
P04,S02,19,up,KeyT,1791376280361.3,81134,t
P04,S02,19,down,Space,1791376280416.8,81135, 
P04,S02,19,up,Space,1791376280513.2,81135, 
P04,S02,19,down,KeyH,1791376281061.2,81136,h
P04,S02,19,up,KeyH,1791376281211.5,81136,h
P04,S02,19,down,KeyA,1791376281409.1,81137,a
P04,S02,19,up,KeyA,1791376281561.6,81137,a
P04,S02,19,down,KeyV,1791376281585.6,81138,v
P04,S02,19,up,KeyV,1791376281686.8,81138,v
P04,S02,19,down,KeyE,1791376281709.8,81139,e
P04,S02,19,up,KeyE,1791376281829.1,81139,e
P04,S02,19,down,Space,1791376281878.1,81140, 
P04,S02,19,up,Space,1791376281969.4,81140, 
P04,S02,19,down,CapsLock,1791376282091.1,81141,CapsLock
P04,S02,19,up,CapsLock,1791376282301.4,81141,CapsLock
P04,S02,19,down,KeyA,1791376282744.5,81142,A
P04,S02,19,up,KeyA,1791376282878.7,81142,A
P04,S02,19,down,Space,1791376282986.6,81143, 
P04,S02,19,up,Space,1791376283067.1,81143, 
P04,S02,19,down,Backspace,1791376283442.3,81144,Backspace
P04,S02,19,up,Backspace,1791376283544.8,81144,Backspace
P04,S02,19,down,Backspace,1791376283628.7,81145,Backspace
P04,S02,19,up,Backspace,1791376283750.3,81145,Backspace
P04,S02,19,down,CapsLock,1791376284049.1,81146,CapsLock
P04,S02,19,up,CapsLock,1791376284199.9,81146,CapsLock
P04,S02,19,down,KeyA,1791376284547.4,81147,a
P04,S02,19,down,Space,1791376284736.1,81148, 
P04,S02,19,up,KeyA,1791376284756.8,81147,a
P04,S02,19,up,Space,1791376284845.7,81148, 
P04,S02,19,down,KeyC,1791376284984,81149,c
P04,S02,19,down,KeyO,1791376285090.1,81150,o
P04,S02,19,up,KeyC,1791376285160.1,81149,c
P04,S02,19,up,KeyO,1791376285214.3,81150,o
P04,S02,19,down,KeyD,1791376285243.7,81151,d
P04,S02,19,up,KeyD,1791376285393.7,81151,d
P04,S02,19,down,Space,1791376285564.4,81152, 
P04,S02,19,up,Space,1791376285651.6,81152, 
P04,S02,19,down,KeyE,1791376285704.9,81153,e
P04,S02,19,up,KeyE,1791376285878,81153,e
P04,S02,19,down,Backspace,1791376286046.7,81154,Backspace
P04,S02,19,up,Backspace,1791376286193.2,81154,Backspace
P04,S02,19,down,Backspace,1791376286581.5,81155,Backspace
P04,S02,19,up,Backspace,1791376286712.3,81155,Backspace
P04,S02,19,down,KeyE,1791376286770.2,81156,e
P04,S02,19,up,KeyE,1791376286930.9,81156,e
P04,S02,19,down,Space,1791376286985.3,81157, 
P04,S02,19,up,Space,1791376287094.6,81157, 
P04,S02,19,down,Space,1791376287523.4,81158, 
P04,S02,19,up,Space,1791376287631.6,81158, 
P04,S02,19,down,KeyT,1791376287674.9,81159,t
P04,S02,19,up,KeyT,1791376287795.8,81159,t
P04,S02,19,down,KeyH,1791376287825.7,81160,h
P04,S02,19,up,KeyH,1791376287935.1,81160,h
P04,S02,19,down,KeyA,1791376288061.3,81161,a
P04,S02,19,down,KeyT,1791376288158.7,81162,t
P04,S02,19,up,KeyA,1791376288233.7,81161,a
P04,S02,19,up,KeyT,1791376288250,81162,t
P04,S02,19,down,Space,1791376288386.4,81163, 
P04,S02,19,up,Space,1791376288499.9,81163, 
P04,S02,19,down,KeyC,1791376288678.6,81164,c
P04,S02,19,up,KeyC,1791376288815.1,81164,c
P04,S02,19,down,KeyA,1791376288957.6,81165,a
P04,S02,19,down,KeyN,1791376289086,81166,n
P04,S02,19,up,KeyA,1791376289135.9,81165,a
P04,S02,19,up,KeyN,1791376289173.2,81166,n
P04,S02,19,down,Space,1791376289253,81167, 
P04,S02,19,up,Space,1791376289339.1,81167, 
P04,S02,19,down,KeyS,1791376289374.2,81168,s
P04,S02,19,down,KeyO,1791376289482.3,81169,o
P04,S02,19,up,KeyS,1791376289553.1,81168,s
P04,S02,19,up,KeyO,1791376289584.8,81169,o
P04,S02,19,down,KeyL,1791376289663.6,81170,l
P04,S02,19,up,KeyL,1791376289778.3,81170,l
P04,S02,19,down,KeyV,1791376289951.6,81171,v
P04,S02,19,up,KeyV,1791376290060.6,81171,v
P04,S02,19,down,KeyE,1791376290090.7,81172,e
P04,S02,19,down,Space,1791376290180.9,81173, 
P04,S02,19,up,KeyE,1791376290236.2,81172,e
P04,S02,19,up,Space,1791376290278.5,81173, 
P04,S02,19,down,KeyA,1791376290561.6,81174,a
P04,S02,19,down,KeyL,1791376290690.7,81175,l
P04,S02,19,up,KeyA,1791376290755.3,81174,a
P04,S02,19,up,KeyL,1791376290815.4,81175,l
P04,S02,19,down,KeyL,1791376290856,81176,l
P04,S02,19,up,KeyL,1791376290957.4,81176,l
P04,S02,19,down,KeyL,1791376291013,81177,l
P04,S02,19,up,KeyL,1791376291073.8,81177,l
P04,S02,19,down,Space,1791376291272.5,81178, 
P04,S02,19,up,Space,1791376291374.9,81178, 
P04,S02,19,down,KeyP,1791376291700.8,81179,p
P04,S02,19,up,KeyP,1791376291820.9,81179,p
P04,S02,19,down,KeyR,1791376291872.2,81180,r
P04,S02,19,up,KeyR,1791376292019.7,81180,r
P04,S02,19,down,KeyO,1791376292023,81181,o
P04,S02,19,up,KeyO,1791376292174,81181,o
P04,S02,19,down,KeyB,1791376292371.9,81182,b
P04,S02,19,up,KeyB,1791376292448.8,81182,b
P04,S02,19,down,KeyL,1791376292595.3,81183,l
P04,S02,19,up,KeyL,1791376292693.3,81183,l
P04,S02,19,down,KeyE,1791376292731.5,81184,e
P04,S02,19,up,KeyE,1791376292868.3,81184,e
P04,S02,19,down,KeyM,1791376293312.9,81185,m
P04,S02,19,up,KeyM,1791376293422.2,81185,m
P04,S02,19,down,KeyS,1791376293481.1,81186,s
P04,S02,19,up,KeyS,1791376293592.7,81186,s
P04,S02,19,down,Space,1791376293625.6,81187, 
P04,S02,19,up,Space,1791376293739.5,81187, 
P04,S02,19,down,KeyW,1791376294085.7,81188,w
P04,S02,19,up,KeyW,1791376294235.5,81188,w
P04,S02,19,down,KeyH,1791376294240.2,81189,h
P04,S02,19,up,KeyH,1791376294336.7,81189,h
P04,S02,19,down,KeyI,1791376294646.1,81190,i
P04,S02,19,up,KeyI,1791376294728.8,81190,i
P04,S02,19,down,KeyL,1791376294832.9,81191,l
P04,S02,19,up,KeyL,1791376294918.7,81191,l
P04,S02,19,down,KeyE,1791376294981.2,81192,e
P04,S02,19,down,Space,1791376295122.3,81193, 
P04,S02,19,up,KeyE,1791376295133.9,81192,e
P04,S02,19,up,Space,1791376295220.4,81193, 
P04,S02,19,down,KeyW,1791376295632.9,81194,w
P04,S02,19,up,KeyW,1791376295779,81194,w
P04,S02,19,down,KeyE,1791376295841.1,81195,e
P04,S02,19,down,Space,1791376295921.9,81196, 
P04,S02,19,up,KeyE,1791376295977,81195,e
P04,S02,19,up,Space,1791376296052.4,81196, 
P04,S02,19,down,KeyA,1791376296545.1,81197,a
P04,S02,19,up,KeyA,1791376296690.7,81197,a
P04,S02,19,down,KeyR,1791376296841.6,81198,r
P04,S02,19,up,KeyR,1791376296965.5,81198,r
P04,S02,19,down,KeyE,1791376297047.9,81199,e
P04,S02,19,down,Space,1791376297192.8,81200, 
P04,S02,19,up,KeyE,1791376297199.7,81199,e
P04,S02,19,up,Space,1791376297327.9,81200, 
P04,S02,19,down,KeyT,1791376297451.6,81201,t
P04,S02,19,up,KeyT,1791376297585.7,81201,t
P04,S02,19,down,KeyO,1791376297628.5,81202,o
P04,S02,19,up,KeyO,1791376297770.4,81202,o
P04,S02,19,down,KeyO,1791376297811.4,81203,o
P04,S02,19,up,KeyO,1791376297903.1,81203,o
P04,S02,19,down,Space,1791376298052.2,81204, 
P04,S02,19,up,Space,1791376298149.8,81204, 
P04,S02,19,down,KeyF,1791376298351.7,81205,f
P04,S02,19,up,KeyF,1791376298475.9,81205,f
P04,S02,19,down,KeyA,1791376298600,81206,a
P04,S02,19,up,KeyA,1791376298783.1,81206,a
P04,S02,19,down,KeyR,1791376298891.4,81207,r
P04,S02,19,up,KeyR,1791376299016.6,81207,r
P04,S02,19,down,Space,1791376299108,81208, 
P04,S02,19,up,Space,1791376299208.7,81208, 
P04,S02,19,down,KeyA,1791376299450.2,81209,a
P04,S02,19,up,KeyA,1791376299575,81209,a
P04,S02,19,down,KeyW,1791376299754.8,81210,w
P04,S02,19,up,KeyW,1791376299885.7,81210,w
P04,S02,19,down,KeyA,1791376299964,81211,a
P04,S02,19,up,KeyA,1791376300116.6,81211,a
P04,S02,19,down,KeyZ,1791376300595.5,81212,y
P04,S02,19,up,KeyZ,1791376300753.5,81212,y
P04,S02,19,down,Space,1791376300772.1,81213, 
P04,S02,19,up,Space,1791376300901.8,81213, 
P04,S02,19,down,KeyF,1791376301192.6,81214,f
P04,S02,19,up,KeyF,1791376301339.1,81214,f
P04,S02,19,down,KeyR,1791376301401.3,81215,r
P04,S02,19,up,KeyR,1791376301537.3,81215,r
P04,S02,19,down,KeyO,1791376301557.1,81216,o
P04,S02,19,up,KeyO,1791376301661.6,81216,o
P04,S02,19,down,KeyM,1791376301757.2,81217,m
P04,S02,19,up,KeyM,1791376301860.1,81217,m
P04,S02,19,down,Space,1791376301959.3,81218, 
P04,S02,19,up,Space,1791376302050.1,81218, 
P04,S02,19,down,KeyA,1791376303657.6,81219,a
P04,S02,19,down,Space,1791376303760.3,81220, 
P04,S02,19,up,KeyA,1791376303805,81219,a
P04,S02,19,up,Space,1791376303852.2,81220, 
P04,S02,19,down,KeyH,1791376304184.1,81221,h
P04,S02,19,up,KeyH,1791376304264.1,81221,h
P04,S02,19,down,KeyU,1791376304373.3,81222,u
P04,S02,19,up,KeyU,1791376304439,81222,u
P04,S02,19,down,KeyM,1791376304579.3,81223,m
P04,S02,19,up,KeyM,1791376304688.2,81223,m
P04,S02,19,down,KeyA,1791376304691.5,81224,a
P04,S02,19,up,KeyA,1791376304843.3,81224,a
P04,S02,19,down,KeyN,1791376304861.9,81225,n
P04,S02,19,up,KeyN,1791376304953.7,81225,n
P04,S02,19,down,Space,1791376305027.3,81226, 
P04,S02,19,up,Space,1791376305130.7,81226, 
P04,S02,19,down,KeyW,1791376305433.9,81227,w
P04,S02,19,up,KeyW,1791376305570.1,81227,w
P04,S02,19,down,KeyH,1791376305628.5,81228,h
P04,S02,19,up,KeyH,1791376305703.4,81228,h
P04,S02,19,down,KeyO,1791376305878,81229,o
P04,S02,19,up,KeyO,1791376306001.3,81229,o
P04,S02,19,down,Space,1791376306161.8,81230, 
P04,S02,19,up,Space,1791376306263.9,81230, 
P04,S02,19,down,KeyS,1791376306633.7,81231,s
P04,S02,19,up,KeyS,1791376306767,81231,s
P04,S02,19,down,KeyT,1791376306892.3,81232,t
P04,S02,19,up,KeyT,1791376307016.9,81232,t
P04,S02,19,down,KeyA,1791376307114.6,81233,a
P04,S02,19,up,KeyA,1791376307320.3,81233,a
P04,S02,19,down,KeyZ,1791376307644.5,81234,y
P04,S02,19,up,KeyZ,1791376307809.9,81234,y
P04,S02,19,down,KeyS,1791376307927.9,81235,s
P04,S02,19,up,KeyS,1791376308040.7,81235,s
P04,S02,19,down,Space,1791376308112.6,81236, 
P04,S02,19,up,Space,1791376308221.7,81236, 
P04,S02,19,down,KeyI,1791376308490.9,81237,i
P04,S02,19,up,KeyI,1791376308593.8,81237,i
P04,S02,19,down,Backspace,1791376308961.2,81238,Backspace
P04,S02,19,up,Backspace,1791376309100.6,81238,Backspace
P04,S02,19,down,KeyO,1791376309380.9,81239,o
P04,S02,19,up,KeyO,1791376309474,81239,o
P04,S02,19,down,KeyM,1791376309644.6,81240,m
P04,S02,19,up,KeyM,1791376309728.2,81240,m
P04,S02,19,down,Backspace,1791376310028.4,81241,Backspace
P04,S02,19,up,Backspace,1791376310146.6,81241,Backspace
P04,S02,19,down,KeyN,1791376310344.5,81242,n
P04,S02,19,up,KeyN,1791376310533.6,81242,n
P04,S02,19,down,Space,1791376310696.9,81243, 
P04,S02,19,up,Space,1791376310775.8,81243, 
P04,S02,19,down,KeyM,1791376310846,81244,m
P04,S02,19,up,KeyM,1791376310937,81244,m
P04,S02,19,down,KeyA,1791376310986.5,81245,a
P04,S02,19,up,KeyA,1791376311138,81245,a
P04,S02,19,down,KeyR,1791376311270.9,81246,r
P04,S02,19,up,KeyR,1791376311395.4,81246,r
P04,S02,19,down,KeyS,1791376311523.2,81247,s
P04,S02,19,up,KeyS,1791376311689.8,81247,s
P04,S02,19,down,Space,1791376311773.4,81248, 
P04,S02,19,up,Space,1791376311862.2,81248, 
P04,S02,19,down,KeyS,1791376312159.5,81249,s
P04,S02,19,up,KeyS,1791376312328.8,81249,s
P04,S02,19,down,KeyU,1791376312332.4,81250,u
P04,S02,19,up,KeyU,1791376312435,81250,u
P04,S02,19,down,KeyR,1791376312551.6,81251,r
P04,S02,19,up,KeyR,1791376312680.6,81251,r
P04,S02,19,down,KeyF,1791376314739.3,81252,f
P04,S02,19,up,KeyF,1791376314859.9,81252,f
P04,S02,19,down,KeyA,1791376314923.9,81253,a
P04,S02,19,down,KeyC,1791376315037.4,81254,c
P04,S02,19,up,KeyA,1791376315092.9,81253,a
P04,S02,19,up,KeyC,1791376315130.5,81254,c
P04,S02,19,down,KeyE,1791376315163.9,81255,e
P04,S02,19,up,KeyE,1791376315314.5,81255,e
P04,S02,19,down,Enter,1791376315372.7,81256,Enter
P04,S02,19,up,Enter,1791376315471.1,81256,Enter
P04,S02,20,down,KeyS,1791376324585.7,81257,s
P04,S02,20,up,KeyS,1791376324752.3,81257,s
P04,S02,20,down,KeyO,1791376324806.4,81258,o
P04,S02,20,up,KeyO,1791376324915.1,81258,o
P04,S02,20,down,Space,1791376327591.3,81259, 
P04,S02,20,up,Space,1791376327757.2,81259, 
P04,S02,20,down,KeyW,1791376328180.6,81260,w
P04,S02,20,down,KeyH,1791376328363.8,81261,h
P04,S02,20,up,KeyW,1791376328369.7,81260,w
P04,S02,20,up,KeyH,1791376328494.3,81261,h
P04,S02,20,down,KeyA,1791376328497.2,81262,a
P04,S02,20,down,KeyT,1791376328652.5,81263,t
P04,S02,20,up,KeyA,1791376328654.8,81262,a
P04,S02,20,up,KeyT,1791376328750,81263,t
P04,S02,20,down,Space,1791376328886.2,81264, 
P04,S02,20,up,Space,1791376329005.7,81264, 
P04,S02,20,down,KeyS,1791376329467.4,81265,s
P04,S02,20,up,KeyS,1791376329601.8,81265,s
P04,S02,20,down,KeyH,1791376329973.4,81266,h
P04,S02,20,up,KeyH,1791376330070.1,81266,h
P04,S02,20,down,KeyP,1791376330173.4,81267,p
P04,S02,20,up,KeyP,1791376330278.7,81267,p
P04,S02,20,down,KeyU,1791376330400.2,81268,u
P04,S02,20,up,KeyU,1791376330481.4,81268,u
P04,S02,20,down,KeyL,1791376330586.4,81269,l
P04,S02,20,up,KeyL,1791376330700.5,81269,l
P04,S02,20,down,KeyD,1791376330942.4,81270,d
P04,S02,20,up,KeyD,1791376331095.2,81270,d
P04,S02,20,down,Space,1791376331128,81271, 
P04,S02,20,up,Space,1791376331246.2,81271, 
P04,S02,20,down,KeyI,1791376331986.7,81272,i
P04,S02,20,up,KeyI,1791376332067.4,81272,i
P04,S02,20,down,Space,1791376332227.9,81273, 
P04,S02,20,up,Space,1791376332346.3,81273, 
P04,S02,20,down,KeyD,1791376333074.1,81274,d
P04,S02,20,up,KeyD,1791376333215.5,81274,d
P04,S02,20,down,KeyO,1791376333255.2,81275,o
P04,S02,20,up,KeyO,1791376333363,81275,o
P04,S02,20,down,Space,1791376333545.5,81276, 
P04,S02,20,up,Space,1791376333643,81276, 
P04,S02,20,down,KeyN,1791376333715,81277,n
P04,S02,20,up,KeyN,1791376333808.2,81277,n
P04,S02,20,down,KeyE,1791376333857.3,81278,e
P04,S02,20,up,KeyE,1791376334018.8,81278,e
P04,S02,20,down,KeyX,1791376334330.9,81279,x
P04,S02,20,up,KeyX,1791376334479.4,81279,x
P04,S02,20,down,KeyT,1791376334614.9,81280,t
P04,S02,20,down,Enter,1791376334770.2,81281,Enter
P04,S02,20,up,KeyT,1791376334771.3,81280,t
P04,S02,20,up,Enter,1791376334895.4,81281,Enter
P04,S02,21,down,KeyI,1791376337679.3,81282,i
P04,S02,21,up,KeyI,1791376337782.5,81282,i
P04,S02,21,down,KeyM,1791376337907.3,81283,m
P04,S02,21,up,KeyM,1791376338009.3,81283,m
P04,S02,21,down,Space,1791376338080.3,81284, 
P04,S02,21,up,Space,1791376338196.1,81284, 
P04,S02,21,down,KeyT,1791376338389.1,81285,t
P04,S02,21,down,KeyH,1791376338513.5,81286,h
P04,S02,21,up,KeyT,1791376338529.7,81285,t
P04,S02,21,up,KeyH,1791376338615.6,81286,h
P04,S02,21,down,KeyI,1791376338673.1,81287,i
P04,S02,21,up,KeyI,1791376338787.4,81287,i
P04,S02,21,down,KeyN,1791376338916.2,81288,n
P04,S02,21,up,KeyN,1791376339029.8,81288,n
P04,S02,21,down,KeyK,1791376339437.9,81289,k
P04,S02,21,up,KeyK,1791376339530.6,81289,k
P04,S02,21,down,KeyI,1791376339580,81290,i
P04,S02,21,up,KeyI,1791376339710.2,81290,i
P04,S02,21,down,KeyN,1791376340061.4,81291,n
P04,S02,21,up,KeyN,1791376340169.4,81291,n
P04,S02,21,down,KeyG,1791376340322,81292,g
P04,S02,21,up,KeyG,1791376340440.3,81292,g
P04,S02,21,down,Space,1791376340479,81293, 
P04,S02,21,up,Space,1791376340562,81293, 
P04,S02,21,down,KeyA,1791376340818.4,81294,a
P04,S02,21,up,KeyA,1791376340969,81294,a
P04,S02,21,down,KeyB,1791376341587.3,81295,b
P04,S02,21,up,KeyB,1791376341678.8,81295,b
P04,S02,21,down,KeyO,1791376341825.4,81296,o
P04,S02,21,up,KeyO,1791376341940.7,81296,o
P04,S02,21,down,KeyU,1791376342065.1,81297,u
P04,S02,21,up,KeyU,1791376342179.6,81297,u
P04,S02,21,down,KeyT,1791376342398.6,81298,t
P04,S02,21,down,Space,1791376342522.2,81299, 
P04,S02,21,up,KeyT,1791376342544.1,81298,t
P04,S02,21,up,Space,1791376342624.1,81299, 
P04,S02,21,down,KeyA,1791376342942.6,81300,a
P04,S02,21,down,KeyP,1791376343012.2,81301,p
P04,S02,21,up,KeyA,1791376343120.3,81300,a
P04,S02,21,up,KeyP,1791376343125.2,81301,p
P04,S02,21,down,KeyL,1791376343331.4,81302,l
P04,S02,21,up,KeyL,1791376343429.5,81302,l
P04,S02,21,down,KeyL,1791376343468.7,81303,l
P04,S02,21,up,KeyL,1791376343593.7,81303,l
P04,S02,21,down,KeyZ,1791376343819.5,81304,y
P04,S02,21,up,KeyZ,1791376343988.8,81304,y
P04,S02,21,down,KeyI,1791376344137.1,81305,i
P04,S02,21,up,KeyI,1791376344239.4,81305,i
P04,S02,21,down,KeyN,1791376344546,81306,n
P04,S02,21,up,KeyN,1791376344665.7,81306,n
P04,S02,21,down,KeyG,1791376345155.5,81307,g
P04,S02,21,up,KeyG,1791376345310.7,81307,g
P04,S02,21,down,Enter,1791376346052,81308,Enter
P04,S02,21,up,Enter,1791376346212.4,81308,Enter
P04,S02,22,down,KeyA,1791376348779.3,81309,a
P04,S02,22,up,KeyA,1791376348984.2,81309,a
P04,S02,22,down,KeyP,1791376350049.9,81310,p
P04,S02,22,up,KeyP,1791376350174.2,81310,p
P04,S02,22,down,KeyP,1791376350189.5,81311,p
P04,S02,22,up,KeyP,1791376350293.6,81311,p
P04,S02,22,down,KeyL,1791376350455,81312,l
P04,S02,22,up,KeyL,1791376350579.2,81312,l
P04,S02,22,down,KeyZ,1791376351003.9,81313,y
P04,S02,22,up,KeyZ,1791376351164.6,81313,y
P04,S02,22,down,Space,1791376351671.3,81314, 
P04,S02,22,up,Space,1791376351799.9,81314, 
P04,S02,22,down,KeyF,1791376351898.6,81315,f
P04,S02,22,up,KeyF,1791376352088.1,81315,f
P04,S02,22,down,KeyO,1791376352333,81316,o
P04,S02,22,up,KeyO,1791376352478.7,81316,o
P04,S02,22,down,KeyR,1791376352497.9,81317,r
P04,S02,22,up,KeyR,1791376352655.6,81317,r
P04,S02,22,down,Space,1791376352789.1,81318, 
P04,S02,22,up,Space,1791376352903.1,81318, 
P04,S02,22,down,KeyP,1791376353201.4,81319,p
P04,S02,22,up,KeyP,1791376353357.6,81319,p
P04,S02,22,down,KeyH,1791376353858.8,81320,h
P04,S02,22,up,KeyH,1791376354039,81320,h
P04,S02,22,down,KeyD,1791376354399.6,81321,d
P04,S02,22,down,Enter,1791376354528.5,81322,Enter
P04,S02,22,up,KeyD,1791376354561.7,81321,d
P04,S02,22,up,Enter,1791376354647.2,81322,Enter
P04,S02,23,down,KeyO,1791376362229,81323,o
P04,S02,23,up,KeyO,1791376362337.2,81323,o
P04,S02,23,down,KeyF,1791376362437.7,81324,f
P04,S02,23,up,KeyF,1791376362562.6,81324,f
P04,S02,23,down,Backspace,1791376363123.8,81325,Backspace
P04,S02,23,up,Backspace,1791376363275,81325,Backspace
P04,S02,23,down,KeyH,1791376363554.3,81326,h
P04,S02,23,up,KeyH,1791376363715,81326,h
P04,S02,23,down,Space,1791376363788.8,81327, 
P04,S02,23,up,Space,1791376363886.4,81327, 
P04,S02,23,down,KeyD,1791376363950,81328,d
P04,S02,23,down,KeyO,1791376364121.6,81329,o
P04,S02,23,up,KeyD,1791376364133.2,81328,d
P04,S02,23,up,KeyO,1791376364223.4,81329,o
P04,S02,23,down,Space,1791376364346.6,81330, 
P04,S02,23,up,Space,1791376364433.6,81330, 
P04,S02,23,down,KeyU,1791376364524.9,81331,u
P04,S02,23,up,KeyU,1791376364623,81331,u
P04,S02,23,down,Space,1791376364740.3,81332, 
P04,S02,23,up,Space,1791376364844.9,81332, 
P04,S02,23,down,KeyT,1791376364935.2,81333,t
P04,S02,23,down,KeyH,1791376365046.6,81334,h
P04,S02,23,up,KeyT,1791376365059.1,81333,t
P04,S02,23,up,KeyH,1791376365117.4,81334,h
P04,S02,23,down,KeyI,1791376365221.4,81335,i
P04,S02,23,up,KeyI,1791376365324.1,81335,i
P04,S02,23,down,KeyN,1791376365529.9,81336,n
P04,S02,23,up,KeyN,1791376365621.8,81336,n
P04,S02,23,down,KeyK,1791376365901.4,81337,k
P04,S02,23,up,KeyK,1791376365993.7,81337,k
P04,S02,23,down,Space,1791376366104.2,81338, 
P04,S02,23,up,Space,1791376366202.3,81338, 
P04,S02,23,down,KeyI,1791376366481.1,81339,i
P04,S02,23,up,KeyI,1791376366562.6,81339,i
P04,S02,23,down,Space,1791376366695.4,81340, 
P04,S02,23,up,Space,1791376366803.7,81340, 
P04,S02,23,down,KeyC,1791376367279.1,81341,c
P04,S02,23,up,KeyC,1791376367397.9,81341,c
P04,S02,23,down,KeyA,1791376367516.8,81342,a
P04,S02,23,down,KeyN,1791376367672.1,81343,n
P04,S02,23,up,KeyA,1791376367712.5,81342,a
P04,S02,23,up,KeyN,1791376367783.1,81343,n
P04,S02,23,down,Space,1791376367892.4,81344, 
P04,S02,23,up,Space,1791376367995.9,81344, 
P04,S02,23,down,KeyJ,1791376368512.1,81345,j
P04,S02,23,up,KeyJ,1791376368610.5,81345,j
P04,S02,23,down,KeyU,1791376368661.8,81346,u
P04,S02,23,up,KeyU,1791376368792.6,81346,u
P04,S02,23,down,KeyS,1791376368913.7,81347,s
P04,S02,23,up,KeyS,1791376369048.9,81347,s
P04,S02,23,down,KeyT,1791376369176.5,81348,t
P04,S02,23,up,KeyT,1791376369312.4,81348,t
P04,S02,23,down,Space,1791376369339,81349, 
P04,S02,23,up,Space,1791376369440.1,81349, 
P04,S02,23,down,KeyT,1791376369642.2,81350,t
P04,S02,23,up,KeyT,1791376369794.7,81350,t
P04,S02,23,down,KeyO,1791376369813.1,81351,o
P04,S02,23,up,KeyO,1791376369906.4,81351,o
P04,S02,23,down,Space,1791376370036.4,81352, 
P04,S02,23,up,Space,1791376370127.7,81352, 
P04,S02,23,down,KeyP,1791376370270.7,81353,p
P04,S02,23,up,KeyP,1791376370379.5,81353,p
P04,S02,23,down,KeyR,1791376370487.5,81354,r
P04,S02,23,up,KeyR,1791376370634.5,81354,r
P04,S02,23,down,KeyO,1791376370638.7,81355,o
P04,S02,23,up,KeyO,1791376370742.1,81355,o
P04,S02,23,down,KeyP,1791376370860.1,81356,p
P04,S02,23,up,KeyP,1791376370963.3,81356,p
P04,S02,23,down,KeyO,1791376371046.8,81357,o
P04,S02,23,up,KeyO,1791376371145,81357,o
P04,S02,23,down,KeyS,1791376371290.8,81358,s
P04,S02,23,up,KeyS,1791376371424.9,81358,s
P04,S02,23,down,KeyE,1791376371512.4,81359,e
P04,S02,23,up,KeyE,1791376371646.9,81359,e
P04,S02,23,down,Space,1791376371695.2,81360, 
P04,S02,23,up,Space,1791376371776.1,81360, 
P04,S02,23,down,KeyD,1791376381290.7,81361,d
P04,S02,23,up,KeyD,1791376381474.6,81361,d
P04,S02,23,down,Backspace,1791376381624.7,81362,Backspace
P04,S02,23,up,Backspace,1791376381824.7,81362,Backspace
P04,S02,23,down,KeyM,1791376382722.7,81363,m
P04,S02,23,up,KeyM,1791376382861.8,81363,m
P04,S02,23,down,KeyZ,1791376382956.5,81364,y
P04,S02,23,up,KeyZ,1791376383145.9,81364,y
P04,S02,23,down,Space,1791376383864.1,81365, 
P04,S02,23,up,Space,1791376384036.8,81365, 
P04,S02,23,down,KeyT,1791376384931.8,81366,t
P04,S02,23,down,KeyO,1791376385071.4,81367,o
P04,S02,23,up,KeyT,1791376385099.8,81366,t
P04,S02,23,up,KeyO,1791376385174.5,81367,o
P04,S02,23,down,KeyP,1791376385237.3,81368,p
P04,S02,23,up,KeyP,1791376385345.4,81368,p
P04,S02,23,down,KeyI,1791376385418.8,81369,i
P04,S02,23,up,KeyI,1791376385505.5,81369,i
P04,S02,23,down,KeyC,1791376386532.8,81370,c
P04,S02,23,up,KeyC,1791376386717.3,81370,c
P04,S02,23,down,Enter,1791376387024.9,81371,Enter
P04,S02,23,up,Enter,1791376387109.5,81371,Enter
P04,S02,24,down,KeyB,1791376402650.8,81372,b
P04,S02,24,up,KeyB,1791376402748.7,81372,b
P04,S02,24,down,KeyU,1791376402881.9,81373,u
P04,S02,24,up,KeyU,1791376403001.1,81373,u
P04,S02,24,down,KeyT,1791376403105,81374,t
P04,S02,24,down,Space,1791376403235.2,81375, 
P04,S02,24,up,KeyT,1791376403257.9,81374,t
P04,S02,24,up,Space,1791376403332.6,81375, 
P04,S02,24,down,KeyW,1791376403622.1,81376,w
P04,S02,24,up,KeyW,1791376403751.7,81376,w
P04,S02,24,down,KeyH,1791376403761.7,81377,h
P04,S02,24,up,KeyH,1791376403870.4,81377,h
P04,S02,24,down,KeyZ,1791376403947,81378,y
P04,S02,24,up,KeyZ,1791376404087.8,81378,y
P04,S02,24,down,Space,1791376404194.8,81379, 
P04,S02,24,up,Space,1791376404270.1,81379, 
P04,S02,24,down,KeyI,1791376405094.1,81380,i
P04,S02,24,up,KeyI,1791376405234,81380,i
P04,S02,24,down,Space,1791376405334.8,81381, 
P04,S02,24,up,Space,1791376405476.4,81381, 
P04,S02,24,down,KeyT,1791376405546.2,81382,t
P04,S02,24,down,KeyH,1791376405621.9,81383,h
P04,S02,24,up,KeyT,1791376405654.5,81382,t
P04,S02,24,up,KeyH,1791376405719.7,81383,h
P04,S02,24,down,KeyI,1791376405785.3,81384,i
P04,S02,24,up,KeyI,1791376405883.3,81384,i
P04,S02,24,down,KeyN,1791376405997.7,81385,n
P04,S02,24,up,KeyN,1791376406107.1,81385,n
P04,S02,24,down,KeyK,1791376406177.9,81386,k
P04,S02,24,up,KeyK,1791376406286.8,81386,k
P04,S02,24,down,Space,1791376406371.1,81387, 
P04,S02,24,up,Space,1791376406480.7,81387, 
P04,S02,24,down,KeyM,1791376406593.9,81388,m
P04,S02,24,up,KeyM,1791376406721.8,81388,m
P04,S02,24,down,KeyA,1791376406978.8,81389,a
P04,S02,24,up,KeyA,1791376407139.8,81389,a
P04,S02,24,down,KeyR,1791376407249.7,81390,r
P04,S02,24,up,KeyR,1791376407369.6,81390,r
P04,S02,24,down,KeyS,1791376407472.4,81391,s
P04,S02,24,up,KeyS,1791376407638.4,81391,s
P04,S02,24,down,Space,1791376407661.4,81392, 
P04,S02,24,up,Space,1791376407757.9,81392, 
P04,S02,24,down,KeyC,1791376407971.7,81393,c
P04,S02,24,up,KeyC,1791376408133.7,81393,c
P04,S02,24,down,KeyA,1791376408170.6,81394,a
P04,S02,24,down,KeyN,1791376408326.7,81395,n
P04,S02,24,up,KeyA,1791376408366.6,81394,a
P04,S02,24,up,KeyN,1791376408425.2,81395,n
P04,S02,24,down,Space,1791376408497.3,81396, 
P04,S02,24,up,Space,1791376408600.3,81396, 
P04,S02,24,down,KeyB,1791376408805.3,81397,b
P04,S02,24,up,KeyB,1791376408902,81397,b
P04,S02,24,down,KeyE,1791376408906.6,81398,e
P04,S02,24,up,KeyE,1791376409054.5,81398,e
P04,S02,24,down,Space,1791376409068.6,81399, 
P04,S02,24,up,Space,1791376409160.4,81399, 
P04,S02,24,down,KeyV,1791376409794.5,81400,v
P04,S02,24,up,KeyV,1791376409993.7,81400,v
P04,S02,24,down,KeyE,1791376410002.9,81401,e
P04,S02,24,up,KeyE,1791376410128.2,81401,e
P04,S02,24,down,KeyR,1791376410201.4,81402,r
P04,S02,24,up,KeyR,1791376410357.2,81402,r
P04,S02,24,down,KeyY,1791376410421.7,81403,z
P04,S02,24,up,KeyY,1791376410551.6,81403,z
P04,S02,24,down,Backspace,1791376411163.6,81404,Backspace
P04,S02,24,up,Backspace,1791376411316.3,81404,Backspace
P04,S02,24,down,KeyZ,1791376411364.5,81405,y
P04,S02,24,up,KeyZ,1791376411542.4,81405,y
P04,S02,24,down,Space,1791376411562.2,81406, 
P04,S02,24,up,Space,1791376411677,81406, 
P04,S02,24,down,KeyM,1791376412055.2,81407,m
P04,S02,24,up,KeyM,1791376412157.8,81407,m
P04,S02,24,down,KeyO,1791376412239.3,81408,o
P04,S02,24,up,KeyO,1791376412378.1,81408,o
P04,S02,24,down,KeyT,1791376412506.2,81409,t
P04,S02,24,down,KeyI,1791376412667.1,81410,i
P04,S02,24,up,KeyT,1791376412679.2,81409,t
P04,S02,24,up,KeyI,1791376412769.6,81410,i
P04,S02,24,down,KeyV,1791376413043.9,81411,v
P04,S02,24,up,KeyV,1791376413146.6,81411,v
P04,S02,24,down,KeyA,1791376413207.3,81412,a
P04,S02,24,up,KeyA,1791376413413.2,81412,a
P04,S02,24,down,KeyT,1791376413605.7,81413,t
P04,S02,24,up,KeyT,1791376413752,81413,t
P04,S02,24,down,KeyE,1791376413876,81414,e
P04,S02,24,up,KeyE,1791376413994,81414,e
P04,S02,24,down,KeyD,1791376414088.8,81415,d
P04,S02,24,up,KeyD,1791376414218.8,81415,d
P04,S02,24,down,Space,1791376414262.2,81416, 
P04,S02,24,up,Space,1791376414364.8,81416, 
P04,S02,24,down,KeyT,1791376414422.1,81417,t
P04,S02,24,up,KeyT,1791376414589.8,81417,t
P04,S02,24,down,KeyO,1791376414636.8,81418,o
P04,S02,24,up,KeyO,1791376414717.2,81418,o
P04,S02,24,down,KeyP,1791376414832,81419,p
P04,S02,24,up,KeyP,1791376414940.6,81419,p
P04,S02,24,down,KeyI,1791376415045.8,81420,i
P04,S02,24,up,KeyI,1791376415106,81420,i
P04,S02,24,down,KeyC,1791376415218.3,81421,c
P04,S02,24,up,KeyC,1791376415338.8,81421,c
P04,S02,24,down,Space,1791376415403.4,81422, 
P04,S02,24,up,Space,1791376415510.3,81422, 
P04,S02,24,down,KeyB,1791376415657.1,81423,b
P04,S02,24,up,KeyB,1791376415747.9,81423,b
P04,S02,24,down,KeyU,1791376415868.6,81424,u
P04,S02,24,up,KeyU,1791376415977.7,81424,u
P04,S02,24,down,KeyT,1791376416039.1,81425,t
P04,S02,24,down,Space,1791376416161.8,81426, 
P04,S02,24,up,KeyT,1791376416183.6,81425,t
P04,S02,24,up,Space,1791376416247.9,81426, 
P04,S02,24,down,KeyI,1791376416366.7,81427,i
P04,S02,24,up,KeyI,1791376416478.6,81427,i
P04,S02,24,down,KeyM,1791376416595.5,81428,m
P04,S02,24,up,KeyM,1791376416680.3,81428,m
P04,S02,24,down,Space,1791376416762.5,81429, 
P04,S02,24,up,Space,1791376416845.6,81429, 
P04,S02,24,down,KeyJ,1791376417010.1,81430,j
P04,S02,24,up,KeyJ,1791376417108.9,81430,j
P04,S02,24,down,KeyU,1791376417163.4,81431,u
P04,S02,24,up,KeyU,1791376417287,81431,u
P04,S02,24,down,KeyS,1791376417297.4,81432,s
P04,S02,24,up,KeyS,1791376417453.9,81432,s
P04,S02,24,down,KeyT,1791376417583.5,81433,t
P04,S02,24,up,KeyT,1791376417733.6,81433,t
P04,S02,24,down,Space,1791376417759.3,81434, 
P04,S02,24,up,Space,1791376417863.2,81434, 
P04,S02,24,down,KeyA,1791376417962.6,81435,a
P04,S02,24,down,Space,1791376418005.8,81436, 
P04,S02,24,up,Space,1791376418086.7,81436, 
P04,S02,24,up,KeyA,1791376418119,81435,a
P04,S02,24,down,KeyB,1791376418185.8,81437,b
P04,S02,24,up,KeyB,1791376418272.7,81437,b
P04,S02,24,down,KeyI,1791376418395.4,81438,i
P04,S02,24,up,KeyI,1791376418514.3,81438,i
P04,S02,24,down,KeyT,1791376418563.4,81439,t
P04,S02,24,up,KeyT,1791376418700.3,81439,t
P04,S02,24,down,Space,1791376418727.5,81440, 
P04,S02,24,up,Space,1791376418830.5,81440, 
P04,S02,24,down,KeyA,1791376419030.9,81441,a
P04,S02,24,up,KeyA,1791376419189.9,81441,a
P04,S02,24,down,KeyF,1791376419443.2,81442,f
P04,S02,24,up,KeyF,1791376419572.1,81442,f
P04,S02,24,down,KeyR,1791376419647.4,81443,r
P04,S02,24,up,KeyR,1791376419755.5,81443,r
P04,S02,24,down,KeyA,1791376419937.9,81444,a
P04,S02,24,up,KeyA,1791376420117.4,81444,a
P04,S02,24,down,KeyI,1791376420374.2,81445,i
P04,S02,24,up,KeyI,1791376420492.9,81445,i
P04,S02,24,down,KeyD,1791376420623.8,81446,d
P04,S02,24,up,KeyD,1791376420769.6,81446,d
P04,S02,24,down,Space,1791376420773.3,81447, 
P04,S02,24,up,Space,1791376420865.2,81447, 
P04,S02,24,down,KeyO,1791376420996.2,81448,o
P04,S02,24,up,KeyO,1791376421110.2,81448,o
P04,S02,24,down,KeyF,1791376421228.1,81449,f
P04,S02,24,up,KeyF,1791376421356.9,81449,f
P04,S02,24,down,Space,1791376421390.5,81450, 
P04,S02,24,up,Space,1791376421467.8,81450, 
P04,S02,24,down,KeyL,1791376423592.9,81451,l
P04,S02,24,up,KeyL,1791376423712.5,81451,l
P04,S02,24,down,Backspace,1791376425579.8,81452,Backspace
P04,S02,24,up,Backspace,1791376425743.1,81452,Backspace
P04,S02,24,down,KeyN,1791376426237.6,81453,n
P04,S02,24,up,KeyN,1791376426334.6,81453,n
P04,S02,24,down,KeyO,1791376426426.2,81454,o
P04,S02,24,up,KeyO,1791376426561.5,81454,o
P04,S02,24,down,KeyT,1791376426608.8,81455,t
P04,S02,24,up,KeyT,1791376426794.8,81455,t
P04,S02,24,down,Space,1791376426803.9,81456, 
P04,S02,24,up,Space,1791376426916.9,81456, 
P04,S02,24,down,KeyT,1791376427090.1,81457,t
P04,S02,24,down,KeyO,1791376427171.9,81458,o
P04,S02,24,up,KeyT,1791376427209.6,81457,t
P04,S02,24,up,KeyO,1791376427295.4,81458,o
P04,S02,24,down,Space,1791376427410.3,81459, 
P04,S02,24,up,Space,1791376427529.1,81459, 
P04,S02,24,down,KeyF,1791376427707.2,81460,f
P04,S02,24,up,KeyF,1791376427836.9,81460,f
P04,S02,24,down,KeyI,1791376427867.1,81461,i
P04,S02,24,up,KeyI,1791376427982.2,81461,i
P04,S02,24,down,KeyN,1791376428102.9,81462,n
P04,S02,24,up,KeyN,1791376428215.8,81462,n
P04,S02,24,down,KeyD,1791376428320.5,81463,d
P04,S02,24,up,KeyD,1791376428460,81463,d
P04,S02,24,down,Space,1791376428479.1,81464, 
P04,S02,24,up,Space,1791376428586.5,81464, 
P04,S02,24,down,KeyA,1791376428728.8,81465,a
P04,S02,24,up,KeyA,1791376428908,81465,a
P04,S02,24,down,Space,1791376428930.6,81466, 
P04,S02,24,up,Space,1791376429023.8,81466, 
P04,S02,24,down,KeyG,1791376431720.6,81467,g
P04,S02,24,up,KeyG,1791376431812.3,81467,g
P04,S02,24,down,KeyO,1791376431887.6,81468,o
P04,S02,24,up,KeyO,1791376431973.2,81468,o
P04,S02,24,down,KeyO,1791376432020.4,81469,o
P04,S02,24,up,KeyO,1791376432123.8,81469,o
P04,S02,24,down,KeyD,1791376432251.9,81470,d
P04,S02,24,up,KeyD,1791376432366.9,81470,d
P04,S02,24,down,Space,1791376432420.7,81471, 
P04,S02,24,up,Space,1791376432543.9,81471, 
P04,S02,24,down,KeyT,1791376433098.2,81472,t
P04,S02,24,up,KeyT,1791376433202.1,81472,t
P04,S02,24,down,KeyE,1791376433355.3,81473,e
P04,S02,24,up,KeyE,1791376433505.5,81473,e
P04,S02,24,down,KeyA,1791376433733.6,81474,a
P04,S02,24,up,KeyA,1791376433876.8,81474,a
P04,S02,24,down,KeyC,1791376434051.8,81475,c
P04,S02,24,down,KeyH,1791376434191,81476,h
P04,S02,24,up,KeyC,1791376434197.6,81475,c
P04,S02,24,up,KeyH,1791376434322.4,81476,h
P04,S02,24,down,KeyE,1791376434325.8,81477,e
P04,S02,24,up,KeyE,1791376434466.9,81477,e
P04,S02,24,down,KeyR,1791376434547.7,81478,r
P04,S02,24,down,Enter,1791376434666.7,81479,Enter
P04,S02,24,up,KeyR,1791376434667.5,81478,r
P04,S02,24,up,Enter,1791376434812,81479,Enter
P04,S02,25,down,KeyI,1791376453174.7,81480,i
P04,S02,25,up,KeyI,1791376453283.5,81480,i
P04,S02,25,down,Space,1791376453384.9,81481, 
P04,S02,25,up,Space,1791376453494.9,81481, 
P04,S02,25,down,KeyD,1791376453557.3,81482,d
P04,S02,25,down,KeyO,1791376453643.2,81483,o
P04,S02,25,up,KeyD,1791376453696.7,81482,d
P04,S02,25,up,KeyO,1791376453756,81483,o
P04,S02,25,down,KeyN,1791376453963.1,81484,n
P04,S02,25,up,KeyN,1791376454060.8,81484,n
P04,S02,25,down,KeyT,1791376454258.8,81485,t
P04,S02,25,up,KeyT,1791376454377.9,81485,t
P04,S02,25,down,Space,1791376454424,81486, 
P04,S02,25,up,Space,1791376454512.3,81486, 
P04,S02,25,down,KeyN,1791376454693,81487,n
P04,S02,25,up,KeyN,1791376454785.7,81487,n
P04,S02,25,down,KeyE,1791376454885,81488,e
P04,S02,25,up,KeyE,1791376454988.8,81488,e
P04,S02,25,down,KeyE,1791376455061,81489,e
P04,S02,25,up,KeyE,1791376455170.4,81489,e
P04,S02,25,down,KeyD,1791376455269.3,81490,d
P04,S02,25,up,KeyD,1791376455437,81490,d
P04,S02,25,down,Space,1791376455486.8,81491, 
P04,S02,25,up,Space,1791376455595.7,81491, 
P04,S02,25,down,KeyD,1791376456308.6,81492,d
P04,S02,25,up,KeyD,1791376456362.7,81492,d
P04,S02,25,down,Backspace,1791376456737.2,81493,Backspace
P04,S02,25,up,Backspace,1791376456889.1,81493,Backspace
P04,S02,25,down,KeyF,1791376456906.8,81494,f
P04,S02,25,up,KeyF,1791376456995,81494,f
P04,S02,25,down,KeyA,1791376457208.8,81495,a
P04,S02,25,up,KeyA,1791376457419,81495,a
P04,S02,25,down,KeyM,1791376457435.7,81496,m
P04,S02,25,up,KeyM,1791376457532.9,81496,m
P04,S02,25,down,KeyO,1791376457609.8,81497,o
P04,S02,25,up,KeyO,1791376457738.1,81497,o
P04,S02,25,down,KeyU,1791376457823.5,81498,u
P04,S02,25,up,KeyU,1791376457947.8,81498,u
P04,S02,25,down,KeyS,1791376458036.9,81499,s
P04,S02,25,up,KeyS,1791376458198,81499,s
P04,S02,25,down,Space,1791376458208.1,81500, 
P04,S02,25,up,Space,1791376458343.9,81500, 
P04,S02,25,down,KeyS,1791376458916.9,81501,s
P04,S02,25,down,KeyU,1791376459112.3,81502,u
P04,S02,25,up,KeyS,1791376459138,81501,s
P04,S02,25,up,KeyU,1791376459229.1,81502,u
P04,S02,25,down,KeyP,1791376459530,81503,p
P04,S02,25,down,KeyE,1791376459670.6,81504,e
P04,S02,25,up,KeyP,1791376459672.5,81503,p
P04,S02,25,up,KeyE,1791376459783.7,81504,e
P04,S02,25,down,KeyR,1791376459859.6,81505,r
P04,S02,25,up,KeyR,1791376459967.3,81505,r
P04,S02,25,down,KeyV,1791376460275.1,81506,v
P04,S02,25,up,KeyV,1791376460398.8,81506,v
P04,S02,25,down,KeyI,1791376460415,81507,i
P04,S02,25,up,KeyI,1791376460523.2,81507,i
P04,S02,25,down,KeyS,1791376460601,81508,s
P04,S02,25,up,KeyS,1791376460725.6,81508,s
P04,S02,25,down,KeyO,1791376460847.4,81509,o
P04,S02,25,up,KeyO,1791376461019.1,81509,o
P04,S02,25,down,KeyR,1791376461023.7,81510,r
P04,S02,25,up,KeyR,1791376461142.2,81510,r
P04,S02,25,down,Space,1791376461233,81511, 
P04,S02,25,up,Space,1791376461341.2,81511, 
P04,S02,25,down,KeyI,1791376461491.8,81512,i
P04,S02,25,up,KeyI,1791376461609.9,81512,i
P04,S02,25,down,Space,1791376461718.5,81513, 
P04,S02,25,up,Space,1791376461822,81513, 
P04,S02,25,down,KeyN,1791376461928.4,81514,n
P04,S02,25,up,KeyN,1791376462027.4,81514,n
P04,S02,25,down,KeyE,1791376462174.8,81515,e
P04,S02,25,up,KeyE,1791376462298.9,81515,e
P04,S02,25,down,KeyE,1791376462408.7,81516,e
P04,S02,25,up,KeyE,1791376462535.1,81516,e
P04,S02,25,down,KeyD,1791376462945.5,81517,d
P04,S02,25,up,KeyD,1791376463107.4,81517,d
P04,S02,25,down,Space,1791376463464.2,81518, 
P04,S02,25,down,KeyT,1791376463566.5,81519,t
P04,S02,25,up,Space,1791376463583.6,81518, 
P04,S02,25,up,KeyT,1791376463653.4,81519,t
P04,S02,25,down,KeyH,1791376463804.3,81520,h
P04,S02,25,up,KeyH,1791376463945.9,81520,h
P04,S02,25,down,KeyA,1791376464021,81521,a
P04,S02,25,down,KeyT,1791376464172,81522,t
P04,S02,25,up,KeyA,1791376464204.5,81521,a
P04,S02,25,up,KeyT,1791376464275,81522,t
P04,S02,25,down,Space,1791376464426.6,81523, 
P04,S02,25,up,Space,1791376464540.4,81523, 
P04,S02,25,down,KeyO,1791376464852.2,81524,o
P04,S02,25,up,KeyO,1791376464986.5,81524,o
P04,S02,25,down,KeyN,1791376465140.7,81525,n
P04,S02,25,up,KeyN,1791376465266.6,81525,n
P04,S02,25,down,KeyE,1791376465308,81526,e
P04,S02,25,down,Space,1791376465404.8,81527, 
P04,S02,25,up,KeyE,1791376465429,81526,e
P04,S02,25,up,Space,1791376465503.9,81527, 
P04,S02,25,down,KeyW,1791376465797.4,81528,w
P04,S02,25,down,KeyH,1791376465942.9,81529,h
P04,S02,25,up,KeyW,1791376465981.2,81528,w
P04,S02,25,up,KeyH,1791376466041.4,81529,h
P04,S02,25,down,KeyO,1791376466169.3,81530,o
P04,S02,25,up,KeyO,1791376466281.2,81530,o
P04,S02,25,down,Space,1791376466396.1,81531, 
P04,S02,25,up,Space,1791376466497.8,81531, 
P04,S02,25,down,KeyI,1791376466580.9,81532,i
P04,S02,25,up,KeyI,1791376466700.2,81532,i
P04,S02,25,down,KeyS,1791376466718.4,81533,s
P04,S02,25,down,Space,1791376466853,81534, 
P04,S02,25,up,KeyS,1791376466907.1,81533,s
P04,S02,25,up,Space,1791376466960.6,81534, 
P04,S02,25,down,KeyO,1791376467061.9,81535,o
P04,S02,25,up,KeyO,1791376467176.6,81535,o
P04,S02,25,down,KeyK,1791376467255.8,81536,k
P04,S02,25,up,KeyK,1791376467363.8,81536,k
P04,S02,25,down,KeyA,1791376467373.2,81537,a
P04,S02,25,up,KeyA,1791376467633.5,81537,a
P04,S02,25,down,KeyY,1791376467675.2,81538,z
P04,S02,25,up,KeyY,1791376467830.8,81538,z
P04,S02,25,down,Backspace,1791376468261.9,81539,Backspace
P04,S02,25,up,Backspace,1791376468402.5,81539,Backspace
P04,S02,25,down,KeyZ,1791376468416.4,81540,y
P04,S02,25,up,KeyZ,1791376468573.2,81540,y
P04,S02,25,down,Space,1791376468680.7,81541, 
P04,S02,25,up,Space,1791376468778.1,81541, 
P04,S02,25,down,KeyW,1791376469164.2,81542,w
P04,S02,25,up,KeyW,1791376469328.2,81542,w
P04,S02,25,down,KeyI,1791376469346.4,81543,i
P04,S02,25,up,KeyI,1791376469454.2,81543,i
P04,S02,25,down,KeyY,1791376469725.2,81544,z
P04,S02,25,up,KeyY,1791376469860.3,81544,z
P04,S02,25,down,Backspace,1791376470495.9,81545,Backspace
P04,S02,25,up,Backspace,1791376470626,81545,Backspace
P04,S02,25,down,KeyT,1791376470694.5,81546,t
P04,S02,25,up,KeyT,1791376470808,81546,t
P04,S02,25,down,KeyH,1791376470842.2,81547,h
P04,S02,25,up,KeyH,1791376470946.2,81547,h
P04,S02,25,down,Space,1791376471036.7,81548, 
P04,S02,25,up,Space,1791376471138.3,81548, 
P04,S02,25,down,KeyM,1791376471284.9,81549,m
P04,S02,25,up,KeyM,1791376471453.6,81549,m
P04,S02,25,down,KeyZ,1791376471477.9,81550,y
P04,S02,25,down,Space,1791376471611.7,81551, 
P04,S02,25,up,KeyZ,1791376471613.6,81550,y
P04,S02,25,up,Space,1791376471714.4,81551, 
P04,S02,25,down,KeyA,1791376472656.3,81552,a
P04,S02,25,down,KeyM,1791376472852,81553,m
P04,S02,25,up,KeyA,1791376472899.2,81552,a
P04,S02,25,up,KeyM,1791376473018.7,81553,m
P04,S02,25,down,KeyB,1791376473346.7,81554,b
P04,S02,25,up,KeyB,1791376473449.8,81554,b
P04,S02,25,down,KeyI,1791376473609.9,81555,i
P04,S02,25,up,KeyI,1791376473739.4,81555,i
P04,S02,25,down,KeyS,1791376473888.9,81556,s
P04,S02,25,down,KeyO,1791376473995.8,81557,o
P04,S02,25,up,KeyS,1791376474023.4,81556,s
P04,S02,25,up,KeyO,1791376474136.8,81557,o
P04,S02,25,down,KeyU,1791376474260.6,81558,u
P04,S02,25,up,KeyU,1791376474362.6,81558,u
P04,S02,25,down,KeyS,1791376474554.4,81559,s
P04,S02,25,up,KeyS,1791376474642,81559,s
P04,S02,25,down,Space,1791376474832,81560, 
P04,S02,25,up,Space,1791376474937.3,81560, 
P04,S02,25,down,KeyT,1791376475186.1,81561,t
P04,S02,25,down,KeyO,1791376475262.1,81562,o
P04,S02,25,up,KeyT,1791376475337.8,81561,t
P04,S02,25,up,KeyO,1791376475360.9,81562,o
P04,S02,25,down,KeyP,1791376475433,81563,p
P04,S02,25,up,KeyP,1791376475555.8,81563,p
P04,S02,25,down,KeyI,1791376475634.5,81564,i
P04,S02,25,up,KeyI,1791376475738.1,81564,i
P04,S02,25,down,KeyC,1791376475861.8,81565,c
P04,S02,25,down,Enter,1791376476001,81566,Enter
P04,S02,25,up,KeyC,1791376476007.4,81565,c
P04,S02,25,up,Enter,1791376476135.9,81566,Enter
P04,S02,26,down,KeyY,1791376498329,81567,z
P04,S02,26,up,KeyY,1791376498480.8,81567,z
P04,S02,26,down,KeyO,1791376498534.1,81568,o
P04,S02,26,up,KeyO,1791376498690.1,81568,o
P04,S02,26,down,KeyU,1791376498818.6,81569,u
P04,S02,26,up,KeyU,1791376498910.2,81569,u
P04,S02,26,down,Backspace,1791376499162.4,81570,Backspace
P04,S02,26,up,Backspace,1791376499276.1,81570,Backspace
P04,S02,26,down,Backspace,1791376499328.8,81571,Backspace
P04,S02,26,up,Backspace,1791376499447.4,81571,Backspace
P04,S02,26,down,Backspace,1791376499496.1,81572,Backspace
P04,S02,26,up,Backspace,1791376499582.7,81572,Backspace
P04,S02,26,down,Backspace,1791376499635.3,81573,Backspace
P04,S02,26,up,Backspace,1791376499743.4,81573,Backspace
P04,S02,26,down,KeyZ,1791376499781.4,81574,y
P04,S02,26,up,KeyZ,1791376499970.4,81574,y
P04,S02,26,down,KeyO,1791376500016,81575,o
P04,S02,26,up,KeyO,1791376500157.7,81575,o
P04,S02,26,down,KeyU,1791376500566.9,81576,u
P04,S02,26,up,KeyU,1791376500675.9,81576,u
P04,S02,26,down,Space,1791376500835.7,81577, 
P04,S02,26,up,Space,1791376500956.1,81577, 
P04,S02,26,down,KeyT,1791376501025.7,81578,t
P04,S02,26,down,KeyH,1791376501115.8,81579,h
P04,S02,26,up,KeyT,1791376501143.9,81578,t
P04,S02,26,up,KeyH,1791376501209,81579,h
P04,S02,26,down,KeyI,1791376501556.4,81580,i
P04,S02,26,up,KeyI,1791376501676.5,81580,i
P04,S02,26,down,KeyN,1791376501787.3,81581,n
P04,S02,26,up,KeyN,1791376501879.9,81581,n
P04,S02,26,down,KeyK,1791376501985.5,81582,k
P04,S02,26,up,KeyK,1791376502088.5,81582,k
P04,S02,26,down,Space,1791376502195.3,81583, 
P04,S02,26,up,Space,1791376502282.1,81583, 
P04,S02,26,down,KeyI,1791376502405.1,81584,i
P04,S02,26,up,KeyI,1791376502525.8,81584,i
P04,S02,26,down,KeyT,1791376502805,81585,t
P04,S02,26,up,KeyT,1791376502923.2,81585,t
P04,S02,26,down,KeyS,1791376502972.2,81586,s
P04,S02,26,up,KeyS,1791376503106.7,81586,s
P04,S02,26,down,Space,1791376503130.8,81587, 
P04,S02,26,up,Space,1791376503234.6,81587, 
P04,S02,26,down,KeyP,1791376503414.3,81588,p
P04,S02,26,up,KeyP,1791376503524.3,81588,p
P04,S02,26,down,KeyO,1791376503577.8,81589,o
P04,S02,26,up,KeyO,1791376503674,81589,o
P04,S02,26,down,KeyS,1791376503755.5,81590,s
P04,S02,26,up,KeyS,1791376503853.1,81590,s
P04,S02,26,down,KeyS,1791376503908.2,81591,s
P04,S02,26,down,KeyI,1791376503990.3,81592,i
P04,S02,26,up,KeyS,1791376504006.2,81591,s
P04,S02,26,up,KeyI,1791376504098.3,81592,i
P04,S02,26,down,KeyB,1791376504222.2,81593,b
P04,S02,26,up,KeyB,1791376504308.8,81593,b
P04,S02,26,down,KeyL,1791376504436.5,81594,l
P04,S02,26,up,KeyL,1791376504532.6,81594,l
P04,S02,26,down,KeyE,1791376504565.6,81595,e
P04,S02,26,down,Space,1791376504680.1,81596, 
P04,S02,26,up,KeyE,1791376504685,81595,e
P04,S02,26,up,Space,1791376504776.8,81596, 
P04,S02,26,down,KeyO,1791376504884.8,81597,o
P04,S02,26,up,KeyO,1791376505005.4,81597,o
P04,S02,26,down,KeyR,1791376505079.9,81598,r
P04,S02,26,up,KeyR,1791376505198.9,81598,r
P04,S02,26,down,Space,1791376505232.9,81599, 
P04,S02,26,up,Space,1791376505326.3,81599, 
P04,S02,26,down,KeyN,1791376505548.9,81600,n
P04,S02,26,up,KeyN,1791376505630.1,81600,n
P04,S02,26,down,KeyO,1791376505772,81601,o
P04,S02,26,up,KeyO,1791376505879.4,81601,o
P04,S02,26,down,KeyT,1791376506690.5,81602,t
P04,S02,26,up,KeyT,1791376506767.1,81602,t
P04,S02,26,down,Enter,1791376506795.2,81603,Enter
P04,S02,26,up,Enter,1791376506906.7,81603,Enter
P04,S02,27,down,KeyI,1791376513144,81604,i
P04,S02,27,up,KeyI,1791376513246.8,81604,i
P04,S02,27,down,Space,1791376513371,81605, 
P04,S02,27,up,Space,1791376513495.8,81605, 
P04,S02,27,down,KeyD,1791376513539,81606,d
P04,S02,27,down,KeyO,1791376513640.7,81607,o
P04,S02,27,up,KeyD,1791376513695.2,81606,d
P04,S02,27,up,KeyO,1791376513750.2,81607,o
P04,S02,27,down,KeyN,1791376513862.5,81608,n
P04,S02,27,up,KeyN,1791376513966.8,81608,n
P04,S02,27,down,KeyT,1791376514048.9,81609,t
P04,S02,27,up,KeyT,1791376514162.6,81609,t
P04,S02,27,down,Space,1791376514167.8,81610, 
P04,S02,27,up,Space,1791376514264.6,81610, 
P04,S02,27,down,KeyN,1791376514505.3,81611,n
P04,S02,27,up,KeyN,1791376514585.4,81611,n
P04,S02,27,down,KeyO,1791376514700.1,81612,o
P04,S02,27,up,KeyO,1791376514797.4,81612,o
P04,S02,27,down,KeyW,1791376514881,81613,w
P04,S02,27,down,Space,1791376515004.3,81614, 
P04,S02,27,up,KeyW,1791376515013.1,81613,w
P04,S02,27,up,Space,1791376515097.4,81614, 
P04,S02,27,down,KeyI,1791376515218.1,81615,i
P04,S02,27,up,KeyI,1791376515307.2,81615,i
P04,S02,27,down,Space,1791376515412.4,81616, 
P04,S02,27,up,Space,1791376515520.4,81616, 
P04,S02,27,down,KeyF,1791376515881.1,81617,f
P04,S02,27,up,KeyF,1791376515995.4,81617,f
P04,S02,27,down,KeyE,1791376516108.2,81618,e
P04,S02,27,up,KeyE,1791376516248.2,81618,e
P04,S02,27,down,KeyE,1791376516445.5,81619,e
P04,S02,27,up,KeyE,1791376516547.9,81619,e
P04,S02,27,down,KeyL,1791376516675.8,81620,l
P04,S02,27,up,KeyL,1791376516757.3,81620,l
P04,S02,27,down,Space,1791376516905.6,81621, 
P04,S02,27,up,Space,1791376517012.5,81621, 
P04,S02,27,down,KeyA,1791376517745.8,81622,a
P04,S02,27,down,Space,1791376517869.8,81623, 
P04,S02,27,up,KeyA,1791376517919.9,81622,a
P04,S02,27,up,Space,1791376517972.1,81623, 
P04,S02,27,down,KeyB,1791376518081.8,81624,b
P04,S02,27,up,KeyB,1791376518174.1,81624,b
P04,S02,27,down,KeyI,1791376518329,81625,i
P04,S02,27,up,KeyI,1791376518437.2,81625,i
P04,S02,27,down,KeyT,1791376518519.6,81626,t
P04,S02,27,up,KeyT,1791376518660.3,81626,t
P04,S02,27,down,Space,1791376518718.7,81627, 
P04,S02,27,up,Space,1791376518802.8,81627, 
P04,S02,27,down,KeyC,1791376519085.5,81628,c
P04,S02,27,down,KeyO,1791376519236.7,81629,o
P04,S02,27,up,KeyC,1791376519238.4,81628,c
P04,S02,27,up,KeyO,1791376519337.4,81629,o
P04,S02,27,down,KeyN,1791376519478.9,81630,n
P04,S02,27,up,KeyN,1791376519597.1,81630,n
P04,S02,27,down,KeyF,1791376520050.3,81631,f
P04,S02,27,up,KeyF,1791376520131.6,81631,f
P04,S02,27,down,KeyU,1791376520212,81632,u
P04,S02,27,up,KeyU,1791376520326.2,81632,u
P04,S02,27,down,KeyS,1791376520428.9,81633,s
P04,S02,27,up,KeyS,1791376520570.7,81633,s
P04,S02,27,down,KeyE,1791376520627.9,81634,e
P04,S02,27,up,KeyE,1791376520735.2,81634,e
P04,S02,27,down,KeyD,1791376520825.5,81635,d
P04,S02,27,up,KeyD,1791376520972.6,81635,d
P04,S02,27,down,Space,1791376520996.2,81636, 
P04,S02,27,up,Space,1791376521126.2,81636, 
P04,S02,27,down,KeyW,1791376521190.4,81637,w
P04,S02,27,down,KeyI,1791376521379,81638,i
P04,S02,27,up,KeyW,1791376521391.7,81637,w
P04,S02,27,up,KeyI,1791376521491.8,81638,i
P04,S02,27,down,KeyT,1791376521637.3,81639,t
P04,S02,27,up,KeyT,1791376521778.2,81639,t
P04,S02,27,down,KeyH,1791376521833.5,81640,h
P04,S02,27,up,KeyH,1791376521935.3,81640,h
P04,S02,27,down,Space,1791376522044.7,81641, 
P04,S02,27,up,Space,1791376522162.2,81641, 
P04,S02,27,down,KeyT,1791376522237.1,81642,t
P04,S02,27,down,KeyH,1791376522334.2,81643,h
P04,S02,27,up,KeyT,1791376522361.9,81642,t
P04,S02,27,up,KeyH,1791376522426.7,81643,h
P04,S02,27,down,KeyI,1791376522512.2,81644,i
P04,S02,27,up,KeyI,1791376522620.1,81644,i
P04,S02,27,down,KeyS,1791376522750.3,81645,s
P04,S02,27,down,Space,1791376522879.5,81646, 
P04,S02,27,up,KeyS,1791376522886.5,81645,s
P04,S02,27,up,Space,1791376522983.3,81646, 
P04,S02,27,down,KeyT,1791376523379.4,81647,t
P04,S02,27,up,KeyT,1791376523531,81647,t
P04,S02,27,down,KeyO,1791376523596.4,81648,o
P04,S02,27,up,KeyO,1791376523678.2,81648,o
P04,S02,27,down,KeyP,1791376523750.6,81649,p
P04,S02,27,up,KeyP,1791376523853.2,81649,p
P04,S02,27,down,KeyI,1791376523933,81650,i
P04,S02,27,up,KeyI,1791376524013.9,81650,i
P04,S02,27,down,KeyC,1791376524060,81651,c
P04,S02,27,up,KeyC,1791376524207.4,81651,c
P04,S02,27,down,Space,1791376524225.3,81652, 
P04,S02,27,up,Space,1791376524333.4,81652, 
P04,S02,27,down,KeyB,1791376524688.9,81653,b
P04,S02,27,up,KeyB,1791376524792,81653,b
P04,S02,27,down,KeyI,1791376524963.6,81654,i
P04,S02,27,up,KeyI,1791376525018,81654,i
P04,S02,27,down,Backspace,1791376525442.9,81655,Backspace
P04,S02,27,up,Backspace,1791376525562.7,81655,Backspace
P04,S02,27,down,KeyU,1791376525783.4,81656,u
P04,S02,27,up,KeyU,1791376525890.2,81656,u
P04,S02,27,down,KeyT,1791376525927,81657,t
P04,S02,27,down,Space,1791376526022.8,81658, 
P04,S02,27,up,KeyT,1791376526055.7,81657,t
P04,S02,27,up,Space,1791376526125.6,81658, 
P04,S02,27,down,KeyT,1791376526295.5,81659,t
P04,S02,27,down,KeyH,1791376526302.2,81660,h
P04,S02,27,up,KeyH,1791376526361.5,81660,h
P04,S02,27,up,KeyT,1791376526436.8,81659,t
P04,S02,27,down,KeyA,1791376526837,81661,a
P04,S02,27,up,KeyA,1791376526951.8,81661,a
P04,S02,27,down,KeyT,1791376527130.3,81662,t
P04,S02,27,up,KeyT,1791376527266.1,81662,t
P04,S02,27,down,Space,1791376527311.1,81663, 
P04,S02,27,up,Space,1791376527403.1,81663, 
P04,S02,27,down,KeyB,1791376527468,81664,b
P04,S02,27,up,KeyB,1791376527559.2,81664,b
P04,S02,27,down,KeyO,1791376527708.8,81665,o
P04,S02,27,up,KeyO,1791376527822.3,81665,o
P04,S02,27,down,KeyO,1791376527871.7,81666,o
P04,S02,27,up,KeyO,1791376527981.7,81666,o
P04,S02,27,down,KeyK,1791376528058.5,81667,k
P04,S02,27,up,KeyK,1791376528151.3,81667,k
P04,S02,27,down,Space,1791376528233.4,81668, 
P04,S02,27,up,Space,1791376528320.7,81668, 
P04,S02,27,down,KeyI,1791376528433.6,81669,i
P04,S02,27,up,KeyI,1791376528509.4,81669,i
P04,S02,27,down,KeyS,1791376528579.1,81670,s
P04,S02,27,up,KeyS,1791376528757.2,81670,s
P04,S02,27,down,Space,1791376528762,81671, 
P04,S02,27,up,Space,1791376528855.8,81671, 
P04,S02,27,down,KeyV,1791376528977.5,81672,v
P04,S02,27,up,KeyV,1791376529079.2,81672,v
P04,S02,27,down,KeyE,1791376529096.6,81673,e
P04,S02,27,up,KeyE,1791376529215.8,81673,e
P04,S02,27,down,KeyR,1791376529317.1,81674,r
P04,S02,27,up,KeyR,1791376529457.5,81674,r
P04,S02,27,down,KeyZ,1791376529671.6,81675,y
P04,S02,27,up,KeyZ,1791376529861.2,81675,y
P04,S02,27,down,Space,1791376530079.5,81676, 
P04,S02,27,up,Space,1791376530194.1,81676, 
P04,S02,27,down,KeyI,1791376530593.6,81677,i
P04,S02,27,up,KeyI,1791376530681.7,81677,i
P04,S02,27,down,KeyN,1791376530784.3,81678,n
P04,S02,27,up,KeyN,1791376530903.1,81678,n
P04,S02,27,down,KeyE,1791376531220.9,81679,e
P04,S02,27,up,KeyE,1791376531408.4,81679,e
P04,S02,27,down,KeyR,1791376531527.3,81680,r
P04,S02,27,up,KeyR,1791376531647.1,81680,r
P04,S02,27,down,KeyE,1791376531712.6,81681,e
P04,S02,27,up,KeyE,1791376531832,81681,e
P04,S02,27,down,KeyS,1791376532000.8,81682,s
P04,S02,27,up,KeyS,1791376532152.4,81682,s
P04,S02,27,down,KeyT,1791376532320.8,81683,t
P04,S02,27,up,KeyT,1791376532473.8,81683,t
P04,S02,27,down,KeyI,1791376532489,81684,i
P04,S02,27,up,KeyI,1791376532587,81684,i
P04,S02,27,down,KeyN,1791376532705.4,81685,n
P04,S02,27,up,KeyN,1791376532825.6,81685,n
P04,S02,27,down,KeyG,1791376532938.5,81686,g
P04,S02,27,up,KeyG,1791376533085,81686,g
P04,S02,27,down,Space,1791376533117.4,81687, 
P04,S02,27,up,Space,1791376533225.1,81687, 
P04,S02,27,down,KeyF,1791376533638,81688,f
P04,S02,27,up,KeyF,1791376533807,81688,f
P04,S02,27,down,KeyO,1791376533987.3,81689,o
P04,S02,27,up,KeyO,1791376534099.9,81689,o
P04,S02,27,down,KeyR,1791376534146.7,81690,r
P04,S02,27,down,Space,1791376534276.6,81691, 
P04,S02,27,up,KeyR,1791376534297.4,81690,r
P04,S02,27,up,Space,1791376534379.1,81691, 
P04,S02,27,down,KeyM,1791376534476.3,81692,m
P04,S02,27,up,KeyM,1791376534568.3,81692,m
P04,S02,27,down,KeyE,1791376534616.3,81693,e
P04,S02,27,up,KeyE,1791376534805.6,81693,e
P04,S02,27,down,Enter,1791376534830.5,81694,Enter
P04,S02,27,up,Enter,1791376534975.5,81694,Enter
P04,S02,28,down,KeyI,1791376545250.7,81695,i
P04,S02,28,up,KeyI,1791376545328.7,81695,i
P04,S02,28,down,Space,1791376545486.8,81696, 
P04,S02,28,up,Space,1791376545589.3,81696, 
P04,S02,28,down,KeyD,1791376545647.4,81697,d
P04,S02,28,up,KeyD,1791376545782.1,81697,d
P04,S02,28,down,KeyO,1791376545799.4,81698,o
P04,S02,28,up,KeyO,1791376545885.9,81698,o
P04,S02,28,down,KeyN,1791376546023.8,81699,n
P04,S02,28,up,KeyN,1791376546131.3,81699,n
P04,S02,28,down,KeyT,1791376546212.7,81700,t
P04,S02,28,up,KeyT,1791376546342.3,81700,t
P04,S02,28,down,Space,1791376546363,81701, 
P04,S02,28,up,Space,1791376546462.2,81701, 
P04,S02,28,down,KeyR,1791376546692.5,81702,r
P04,S02,28,up,KeyR,1791376546804.8,81702,r
P04,S02,28,down,KeyE,1791376546875.9,81703,e
P04,S02,28,up,KeyE,1791376547001.3,81703,e
P04,S02,28,down,KeyM,1791376547020.5,81704,m
P04,S02,28,down,KeyE,1791376547155.3,81705,e
P04,S02,28,up,KeyM,1791376547156.3,81704,m
P04,S02,28,up,KeyE,1791376547289.5,81705,e
P04,S02,28,down,KeyM,1791376547778,81706,m
P04,S02,28,up,KeyM,1791376547869.7,81706,m
P04,S02,28,down,KeyB,1791376548282,81707,b
P04,S02,28,down,KeyE,1791376548395.8,81708,e
P04,S02,28,up,KeyB,1791376548407.1,81707,b
P04,S02,28,up,KeyE,1791376548520,81708,e
P04,S02,28,down,KeyR,1791376548595.6,81709,r
P04,S02,28,down,Space,1791376548703.9,81710, 
P04,S02,28,up,KeyR,1791376548719.7,81709,r
P04,S02,28,up,Space,1791376548815.4,81710, 
P04,S02,28,down,KeyB,1791376549170.3,81711,b
P04,S02,28,up,KeyB,1791376549272.3,81711,b
P04,S02,28,down,KeyU,1791376549405.6,81712,u
P04,S02,28,up,KeyU,1791376549508.3,81712,u
P04,S02,28,down,KeyT,1791376549574.4,81713,t
P04,S02,28,up,KeyT,1791376549704,81713,t
P04,S02,28,down,Space,1791376549745.6,81714, 
P04,S02,28,up,Space,1791376549853.8,81714, 
P04,S02,28,down,KeyI,1791376549997.2,81715,i
P04,S02,28,up,KeyI,1791376550124.5,81715,i
P04,S02,28,down,KeyT,1791376550394.9,81716,t
P04,S02,28,up,KeyT,1791376550519.4,81716,t
P04,S02,28,down,KeyS,1791376550695.8,81717,s
P04,S02,28,down,Space,1791376550840.2,81718, 
P04,S02,28,up,KeyS,1791376550853.5,81717,s
P04,S02,28,up,Space,1791376550964.7,81718, 
P04,S02,28,down,KeyA,1791376551120.2,81719,a
P04,S02,28,down,KeyB,1791376551249.8,81720,b
P04,S02,28,up,KeyA,1791376551313.9,81719,a
P04,S02,28,up,KeyB,1791376551341.2,81720,b
P04,S02,28,down,KeyO,1791376551491.2,81721,o
P04,S02,28,up,KeyO,1791376551594.2,81721,o
P04,S02,28,down,KeyU,1791376551694.3,81722,u
P04,S02,28,up,KeyU,1791376551770.9,81722,u
P04,S02,28,down,KeyT,1791376551870.3,81723,t
P04,S02,28,down,Space,1791376551998,81724, 
P04,S02,28,up,KeyT,1791376552014.9,81723,t
P04,S02,28,up,Space,1791376552112.4,81724, 
P04,S02,28,down,KeyB,1791376552305.6,81725,b
P04,S02,28,up,KeyB,1791376552413.2,81725,b
P04,S02,28,down,KeyU,1791376552667.2,81726,u
P04,S02,28,up,KeyU,1791376552770.5,81726,u
P04,S02,28,down,KeyI,1791376552841,81727,i
P04,S02,28,up,KeyI,1791376552928.9,81727,i
P04,S02,28,down,KeyL,1791376553142.5,81728,l
P04,S02,28,up,KeyL,1791376553257.5,81728,l
P04,S02,28,down,KeyD,1791376553802.1,81729,d
P04,S02,28,up,KeyD,1791376553937.9,81729,d
P04,S02,28,down,KeyI,1791376553942.6,81730,i
P04,S02,28,up,KeyI,1791376554039.1,81730,i
P04,S02,28,down,KeyN,1791376554186,81731,n
P04,S02,28,up,KeyN,1791376554300.3,81731,n
P04,S02,28,down,KeyG,1791376554735.8,81732,g
P04,S02,28,up,KeyG,1791376554929.4,81732,g
P04,S02,28,down,Space,1791376555537,81733, 
P04,S02,28,up,Space,1791376555635.7,81733, 
P04,S02,28,down,KeyS,1791376555790.4,81734,s
P04,S02,28,up,KeyS,1791376555922.5,81734,s
P04,S02,28,down,KeyP,1791376556012.4,81735,p
P04,S02,28,up,KeyP,1791376556142.4,81735,p
P04,S02,28,down,KeyA,1791376556299.2,81736,a
P04,S02,28,up,KeyA,1791376556461.6,81736,a
P04,S02,28,down,KeyC,1791376556553.2,81737,c
P04,S02,28,up,KeyC,1791376556682.1,81737,c
P04,S02,28,down,KeyE,1791376556726.6,81738,e
P04,S02,28,up,KeyE,1791376556845.8,81738,e
P04,S02,28,down,KeyX,1791376557029.5,81739,x
P04,S02,28,up,KeyX,1791376557198,81739,x
P04,S02,28,down,Space,1791376557548.4,81740, 
P04,S02,28,up,Space,1791376557649.2,81740, 
P04,S02,28,down,KeyF,1791376558095.6,81741,f
P04,S02,28,up,KeyF,1791376558214.8,81741,f
P04,S02,28,down,KeyR,1791376558295.3,81742,r
P04,S02,28,up,KeyR,1791376558425.4,81742,r
P04,S02,28,down,KeyO,1791376558434.5,81743,o
P04,S02,28,up,KeyO,1791376558511.7,81743,o
P04,S02,28,down,KeyM,1791376558655.1,81744,m
P04,S02,28,up,KeyM,1791376558734.9,81744,m
P04,S02,28,down,Space,1791376558815.2,81745, 
P04,S02,28,up,Space,1791376558913.2,81745, 
P04,S02,28,down,KeyT,1791376558979.2,81746,t
P04,S02,28,up,KeyT,1791376559109.8,81746,t
P04,S02,28,down,KeyH,1791376559128.1,81747,h
P04,S02,28,up,KeyH,1791376559214.1,81747,h
P04,S02,28,down,KeyI,1791376559328.9,81748,i
P04,S02,28,up,KeyI,1791376559463.8,81748,i
P04,S02,28,down,KeyE,1791376559495.6,81749,e
P04,S02,28,up,KeyE,1791376559657.3,81749,e
P04,S02,28,down,Space,1791376559795.5,81750, 
P04,S02,28,up,Space,1791376559904,81750, 
P04,S02,28,down,Backspace,1791376560311.2,81751,Backspace
P04,S02,28,up,Backspace,1791376560445.7,81751,Backspace
P04,S02,28,down,KeyR,1791376560465.7,81752,r
P04,S02,28,up,KeyR,1791376560617,81752,r
P04,S02,28,down,Space,1791376560685.4,81753, 
P04,S02,28,up,Space,1791376560795.3,81753, 
P04,S02,28,down,KeyE,1791376561225.9,81754,e
P04,S02,28,up,KeyE,1791376561350,81754,e
P04,S02,28,down,KeyA,1791376561632.7,81755,a
P04,S02,28,up,KeyA,1791376561795.1,81755,a
P04,S02,28,down,KeyR,1791376561905.2,81756,r
P04,S02,28,up,KeyR,1791376562040.2,81756,r
P04,S02,28,down,KeyL,1791376562163.7,81757,l
P04,S02,28,up,KeyL,1791376562251.9,81757,l
P04,S02,28,down,KeyZ,1791376562507.3,81758,y
P04,S02,28,up,KeyZ,1791376562625.9,81758,y
P04,S02,28,down,Space,1791376563095.4,81759, 
P04,S02,28,up,Space,1791376563235.9,81759, 
P04,S02,28,down,KeyA,1791376563805.6,81760,a
P04,S02,28,up,KeyA,1791376563979.2,81760,a
P04,S02,28,down,KeyG,1791376564000,81761,g
P04,S02,28,up,KeyG,1791376564114.1,81761,g
P04,S02,28,down,KeyE,1791376564184.6,81762,e
P04,S02,28,up,KeyE,1791376564251.2,81762,e
P04,S02,28,down,KeyS,1791376564389.2,81763,s
P04,S02,28,down,Enter,1791376564576.8,81764,Enter
P04,S02,28,up,KeyS,1791376564582.9,81763,s
P04,S02,28,up,Enter,1791376564685.3,81764,Enter
P04,S02,29,down,KeyW,1791376574257.7,81765,w
P04,S02,29,down,KeyH,1791376574364.8,81766,h
P04,S02,29,up,KeyW,1791376574397.9,81765,w
P04,S02,29,up,KeyH,1791376574479.2,81766,h
P04,S02,29,down,KeyA,1791376574532.2,81767,a
P04,S02,29,down,KeyT,1791376574687.8,81768,t
P04,S02,29,up,KeyT,1791376574790.9,81768,t
P04,S02,29,up,KeyA,1791376574796.3,81767,a
P04,S02,29,down,Space,1791376575094.9,81769, 
P04,S02,29,up,Space,1791376575181.7,81769, 
P04,S02,29,down,KeyL,1791376575471.4,81770,l
P04,S02,29,up,KeyL,1791376575640.2,81770,l
P04,S02,29,down,KeyA,1791376575882.1,81771,a
P04,S02,29,up,KeyA,1791376576056.1,81771,a
P04,S02,29,down,KeyN,1791376576118.5,81772,n
P04,S02,29,up,KeyN,1791376576230.4,81772,n
P04,S02,29,down,KeyG,1791376576637,81773,g
P04,S02,29,up,KeyG,1791376576760.6,81773,g
P04,S02,29,down,KeyU,1791376577085.4,81774,u
P04,S02,29,up,KeyU,1791376577256.7,81774,u
P04,S02,29,down,KeyA,1791376577395.1,81775,a
P04,S02,29,down,KeyG,1791376577545.2,81776,g
P04,S02,29,up,KeyA,1791376577555.9,81775,a
P04,S02,29,up,KeyG,1791376577675.5,81776,g
P04,S02,29,down,KeyE,1791376577701.4,81777,e
P04,S02,29,up,KeyE,1791376577852,81777,e
P04,S02,29,down,Space,1791376577867.2,81778, 
P04,S02,29,up,Space,1791376577986.5,81778, 
P04,S02,29,down,KeyS,1791376578091.8,81779,s
P04,S02,29,up,KeyS,1791376578255.8,81779,s
P04,S02,29,down,KeyH,1791376578263.9,81780,h
P04,S02,29,up,KeyH,1791376578367,81780,h
P04,S02,29,down,KeyO,1791376578491.7,81781,o
P04,S02,29,up,KeyO,1791376578637.5,81781,o
P04,S02,29,down,KeyU,1791376578839.4,81782,u
P04,S02,29,up,KeyU,1791376578932.6,81782,u
P04,S02,29,down,KeyL,1791376579082.8,81783,l
P04,S02,29,up,KeyL,1791376579213.1,81783,l
P04,S02,29,down,Space,1791376579698.1,81784, 
P04,S02,29,up,Space,1791376579802.1,81784, 
P04,S02,29,down,KeyI,1791376580080.7,81785,i
P04,S02,29,up,KeyI,1791376580178.4,81785,i
P04,S02,29,down,Space,1791376580304.4,81786, 
P04,S02,29,up,Space,1791376580418.7,81786, 
P04,S02,29,down,KeyS,1791376580452.1,81787,s
P04,S02,29,up,KeyS,1791376580561.5,81787,s
P04,S02,29,down,KeyT,1791376580717.7,81788,t
P04,S02,29,up,KeyT,1791376580847.2,81788,t
P04,S02,29,down,KeyU,1791376580871.3,81789,u
P04,S02,29,up,KeyU,1791376580990.6,81789,u
P04,S02,29,down,KeyD,1791376581241.6,81790,d
P04,S02,29,up,KeyD,1791376581383.8,81790,d
P04,S02,29,down,KeyZ,1791376581549.9,81791,y
P04,S02,29,up,KeyZ,1791376581743.8,81791,y
P04,S02,29,down,Enter,1791376582080,81792,Enter
P04,S02,29,up,Enter,1791376582220.6,81792,Enter
P04,S02,30,down,KeyA,1791376589781.3,81793,a
P04,S02,30,down,KeyH,1791376589921.3,81794,h
P04,S02,30,up,KeyA,1791376589965.4,81793,a
P04,S02,30,up,KeyH,1791376590035.7,81794,h
P04,S02,30,down,KeyA,1791376590096.4,81795,a
P04,S02,30,up,KeyA,1791376590254.5,81795,a
P04,S02,30,down,KeyH,1791376590269,81796,h
P04,S02,30,up,KeyH,1791376590387,81796,h
P04,S02,30,down,KeyA,1791376590427.8,81797,a
P04,S02,30,up,KeyA,1791376590585.2,81797,a
P04,S02,30,down,KeyH,1791376590612.3,81798,h
P04,S02,30,up,KeyH,1791376590709.2,81798,h
P04,S02,30,down,KeyA,1791376590751.5,81799,a
P04,S02,30,up,KeyA,1791376590924.4,81799,a
P04,S02,30,down,KeyH,1791376590946,81800,h
P04,S02,30,up,KeyH,1791376591070.2,81800,h
P04,S02,30,down,KeyA,1791376591070.5,81801,a
P04,S02,30,up,KeyA,1791376591212.1,81801,a
P04,S02,30,down,Space,1791376591361.6,81802, 
P04,S02,30,up,Space,1791376591438.1,81802, 
P04,S02,30,down,KeyN,1791376591614.9,81803,n
P04,S02,30,up,KeyN,1791376591693.6,81803,n
P04,S02,30,down,KeyO,1791376591854,81804,o
P04,S02,30,up,KeyO,1791376591962,81804,o
P04,S02,30,down,KeyT,1791376592086.1,81805,t
P04,S02,30,up,KeyT,1791376592249.9,81805,t
P04,S02,30,down,Space,1791376592317,81806, 
P04,S02,30,up,Space,1791376592414.1,81806, 
P04,S02,30,down,KeyT,1791376592691.3,81807,t
P04,S02,30,down,KeyH,1791376592803.9,81808,h
P04,S02,30,up,KeyT,1791376592825.5,81807,t
P04,S02,30,up,KeyH,1791376592905.8,81808,h
P04,S02,30,down,KeyE,1791376592989.8,81809,e
P04,S02,30,down,Space,1791376593183.6,81810, 
P04,S02,30,up,KeyE,1791376593184.3,81809,e
P04,S02,30,up,Space,1791376593295.7,81810, 
P04,S02,30,down,KeyP,1791376594556.4,81811,p
P04,S02,30,up,KeyP,1791376594714.6,81811,p
P04,S02,30,down,KeyR,1791376594822.3,81812,r
P04,S02,30,up,KeyR,1791376594941.9,81812,r
P04,S02,30,down,KeyO,1791376594986,81813,o
P04,S02,30,up,KeyO,1791376595158.4,81813,o
P04,S02,30,down,KeyG,1791376595563.3,81814,g
P04,S02,30,up,KeyG,1791376595665.4,81814,g
P04,S02,30,down,KeyR,1791376596778.8,81815,r
P04,S02,30,up,KeyR,1791376596922.2,81815,r
P04,S02,30,down,KeyA,1791376597178.1,81816,a
P04,S02,30,up,KeyA,1791376597367.5,81816,a
P04,S02,30,down,KeyM,1791376597408.7,81817,m
P04,S02,30,up,KeyM,1791376597506.7,81817,m
P04,S02,30,down,KeyM,1791376597550.5,81818,m
P04,S02,30,up,KeyM,1791376597691.1,81818,m
P04,S02,30,down,KeyI,1791376597781.2,81819,i
P04,S02,30,up,KeyI,1791376597895.5,81819,i
P04,S02,30,down,KeyN,1791376598022.6,81820,n
P04,S02,30,up,KeyN,1791376598146.6,81820,n
P04,S02,30,down,KeyF,1791376598480.4,81821,f
P04,S02,30,up,KeyF,1791376598686.6,81821,f
P04,S02,30,down,Backspace,1791376599019.4,81822,Backspace
P04,S02,30,up,Backspace,1791376599161.3,81822,Backspace
P04,S02,30,down,KeyG,1791376599208,81823,g
P04,S02,30,up,KeyG,1791376599352.4,81823,g
P04,S02,30,down,Space,1791376599467.1,81824, 
P04,S02,30,up,Space,1791376599570.3,81824, 
P04,S02,30,down,KeyB,1791376599676.1,81825,b
P04,S02,30,up,KeyB,1791376599773,81825,b
P04,S02,30,down,KeyU,1791376599832.8,81826,u
P04,S02,30,up,KeyU,1791376599974.7,81826,u
P04,S02,30,down,KeyT,1791376600056.5,81827,t
P04,S02,30,up,KeyT,1791376600256.1,81827,t
P04,S02,30,down,Space,1791376600631.6,81828, 
P04,S02,30,up,Space,1791376600720,81828, 
P04,S02,30,down,KeyL,1791376604221.6,81829,l
P04,S02,30,down,KeyA,1791376604374.4,81830,a
P04,S02,30,up,KeyL,1791376604375.9,81829,l
P04,S02,30,up,KeyA,1791376604552,81830,a
P04,S02,30,down,KeyN,1791376604701.4,81831,n
P04,S02,30,up,KeyN,1791376604815.5,81831,n
P04,S02,30,down,KeyG,1791376605082.4,81832,g
P04,S02,30,up,KeyG,1791376605191.3,81832,g
P04,S02,30,down,KeyU,1791376605304.6,81833,u
P04,S02,30,up,KeyU,1791376605419.1,81833,u
P04,S02,30,down,KeyA,1791376605464,81834,a
P04,S02,30,up,KeyA,1791376605627,81834,a
P04,S02,30,down,KeyG,1791376605648.5,81835,g
P04,S02,30,up,KeyG,1791376605751.7,81835,g
P04,S02,30,down,KeyE,1791376605807.1,81836,e
P04,S02,30,down,Space,1791376605952,81837, 
P04,S02,30,up,KeyE,1791376605954.7,81836,e
P04,S02,30,up,Space,1791376606055.5,81837, 
P04,S02,30,down,KeyN,1791376606421.7,81838,n
P04,S02,30,up,KeyN,1791376606524.1,81838,n
P04,S02,30,down,KeyO,1791376606642.6,81839,o
P04,S02,30,up,KeyO,1791376606788.5,81839,o
P04,S02,30,down,KeyR,1791376607202.1,81840,r
P04,S02,30,up,KeyR,1791376607293,81840,r
P04,S02,30,down,KeyM,1791376607415.4,81841,m
P04,S02,30,up,KeyM,1791376607534.3,81841,m
P04,S02,30,down,KeyA,1791376607617,81842,a
P04,S02,30,up,KeyA,1791376607778.3,81842,a
P04,S02,30,down,KeyL,1791376607855.5,81843,l
P04,S02,30,up,KeyL,1791376607975.1,81843,l
P04,S02,30,down,Space,1791376608111.7,81844, 
P04,S02,30,up,Space,1791376608253.6,81844, 
P04,S02,30,down,Enter,1791376608571.4,81845,Enter
P04,S02,30,up,Enter,1791376608722.2,81845,Enter
P04,S02,31,down,KeyI,1791376610618.4,81846,i
P04,S02,31,up,KeyI,1791376610739.5,81846,i
P04,S02,31,down,Space,1791376610896.6,81847, 
P04,S02,31,up,Space,1791376611005,81847, 
P04,S02,31,down,KeyS,1791376611143.3,81848,s
P04,S02,31,up,KeyS,1791376611267.8,81848,s
P04,S02,31,down,KeyP,1791376611317.2,81849,p
P04,S02,31,down,KeyE,1791376611402.1,81850,e
P04,S02,31,up,KeyP,1791376611463,81849,p
P04,S02,31,up,KeyE,1791376611505.3,81850,e
P04,S02,31,down,KeyA,1791376611612.2,81851,a
P04,S02,31,up,KeyA,1791376611793.4,81851,a
P04,S02,31,down,KeyK,1791376612093.1,81852,k
P04,S02,31,up,KeyK,1791376612180.7,81852,k
P04,S02,31,down,Space,1791376612305.1,81853, 
P04,S02,31,up,Space,1791376612412.6,81853, 
P04,S02,31,down,KeyS,1791376612512,81854,s
P04,S02,31,down,KeyL,1791376612592.8,81855,l
P04,S02,31,up,KeyS,1791376612646.8,81854,s
P04,S02,31,up,KeyL,1791376612721.5,81855,l
P04,S02,31,down,KeyO,1791376612746.8,81856,o
P04,S02,31,up,KeyO,1791376612860.9,81856,o
P04,S02,31,down,KeyV,1791376613205.1,81857,v
P04,S02,31,up,KeyV,1791376613319.4,81857,v
P04,S02,31,down,KeyA,1791376613350.4,81858,a
P04,S02,31,down,KeyK,1791376613512.6,81859,k
P04,S02,31,up,KeyA,1791376613579.3,81858,a
P04,S02,31,up,KeyK,1791376613638.4,81859,k
P04,S02,31,down,Space,1791376613812.4,81860, 
P04,S02,31,up,Space,1791376613928.7,81860, 
P04,S02,31,down,KeyC,1791376614542.1,81861,c
P04,S02,31,down,KeyH,1791376614671.8,81862,h
P04,S02,31,up,KeyC,1791376614687.9,81861,c
P04,S02,31,up,KeyH,1791376614812.5,81862,h
P04,S02,31,down,KeyE,1791376614949.7,81863,e
P04,S02,31,up,KeyE,1791376615097.2,81863,e
P04,S02,31,down,Backspace,1791376616248.8,81864,Backspace
P04,S02,31,up,Backspace,1791376616433.2,81864,Backspace
P04,S02,31,down,KeyY,1791376616906.7,81865,z
P04,S02,31,up,KeyY,1791376617031.5,81865,z
P04,S02,31,down,KeyE,1791376617197.3,81866,e
P04,S02,31,up,KeyE,1791376617360.9,81866,e
P04,S02,31,down,KeyC,1791376617636.2,81867,c
P04,S02,31,up,KeyC,1791376617814.2,81867,c
P04,S02,31,down,KeyH,1791376617985.7,81868,h
P04,S02,31,up,KeyH,1791376618100.7,81868,h
P04,S02,31,down,Space,1791376618366.9,81869, 
P04,S02,31,up,Space,1791376618482.4,81869, 
P04,S02,31,down,KeyE,1791376620407.5,81870,e
P04,S02,31,up,KeyE,1791376620563.9,81870,e
P04,S02,31,down,KeyN,1791376620920.6,81871,n
P04,S02,31,up,KeyN,1791376621046.9,81871,n
P04,S02,31,down,KeyG,1791376621202.1,81872,g
P04,S02,31,up,KeyG,1791376621289.6,81872,g
P04,S02,31,down,KeyL,1791376621518.6,81873,l
P04,S02,31,up,KeyL,1791376621591.5,81873,l
P04,S02,31,down,KeyI,1791376622041.1,81874,i
P04,S02,31,up,KeyI,1791376622134,81874,i
P04,S02,31,down,KeyS,1791376622241.3,81875,s
P04,S02,31,up,KeyS,1791376622365.8,81875,s
P04,S02,31,down,KeyH,1791376622394.6,81876,h
P04,S02,31,up,KeyH,1791376622491.5,81876,h
P04,S02,31,down,Space,1791376622618.2,81877, 
P04,S02,31,up,Space,1791376622724.3,81877, 
P04,S02,31,down,KeyR,1791376622851.8,81878,r
P04,S02,31,up,KeyR,1791376622980.5,81878,r
P04,S02,31,down,KeyU,1791376623050.7,81879,u
P04,S02,31,up,KeyU,1791376623169.6,81879,u
P04,S02,31,down,KeyS,1791376623236.6,81880,s
P04,S02,31,up,KeyS,1791376623377.4,81880,s
P04,S02,31,down,KeyS,1791376623426.7,81881,s
P04,S02,31,up,KeyS,1791376623534.9,81881,s
P04,S02,31,down,KeyA,1791376623672.3,81882,a
P04,S02,31,down,KeyI,1791376623795.7,81883,i
P04,S02,31,up,KeyA,1791376623823.7,81882,a
P04,S02,31,up,KeyI,1791376623922.6,81883,i
P04,S02,31,down,Backspace,1791376624261.2,81884,Backspace
P04,S02,31,up,Backspace,1791376624390.4,81884,Backspace
P04,S02,31,down,Backspace,1791376625372.3,81885,Backspace
P04,S02,31,up,Backspace,1791376625495.4,81885,Backspace
P04,S02,31,down,KeyI,1791376625674.7,81886,i
P04,S02,31,up,KeyI,1791376625797.4,81886,i
P04,S02,31,down,KeyA,1791376625853.5,81887,a
P04,S02,31,up,KeyA,1791376625974.2,81887,a
P04,S02,31,down,KeyN,1791376626000,81888,n
P04,S02,31,up,KeyN,1791376626087.2,81888,n
P04,S02,31,down,Space,1791376626159.6,81889, 
P04,S02,31,up,Space,1791376626252,81889, 
P04,S02,31,down,KeyA,1791376626443.1,81890,a
P04,S02,31,down,KeyN,1791376626572.9,81891,n
P04,S02,31,up,KeyA,1791376626579.6,81890,a
P04,S02,31,up,KeyN,1791376626680.5,81891,n
P04,S02,31,down,KeyD,1791376626769,81892,d
P04,S02,31,up,KeyD,1791376626967.6,81892,d
P04,S02,31,down,Space,1791376627518.2,81893, 
P04,S02,31,up,Space,1791376627607,81893, 
P04,S02,31,down,KeyR,1791376627820.3,81894,r
P04,S02,31,up,KeyR,1791376627965.1,81894,r
P04,S02,31,down,Backspace,1791376628407,81895,Backspace
P04,S02,31,up,Backspace,1791376628552.5,81895,Backspace
P04,S02,31,down,KeyF,1791376628556.6,81896,f
P04,S02,31,up,KeyF,1791376628671.2,81896,f
P04,S02,31,down,KeyR,1791376628969,81897,r
P04,S02,31,up,KeyR,1791376629076.1,81897,r
P04,S02,31,down,KeyE,1791376629145.7,81898,e
P04,S02,31,up,KeyE,1791376629280.5,81898,e
P04,S02,31,down,KeyN,1791376629312.8,81899,n
P04,S02,31,up,KeyN,1791376629448.3,81899,n
P04,S02,31,down,KeyC,1791376629490.9,81900,c
P04,S02,31,down,KeyH,1791376629630.8,81901,h
P04,S02,31,up,KeyC,1791376629647.5,81900,c
P04,S02,31,up,KeyH,1791376629708.3,81901,h
P04,S02,31,down,Enter,1791376629885.5,81902,Enter
P04,S02,31,up,Enter,1791376630035.9,81902,Enter
P04,S02,32,down,KeyB,1791376638463.3,81903,b
P04,S02,32,up,KeyB,1791376638571.3,81903,b
P04,S02,32,down,KeyU,1791376638672.1,81904,u
P04,S02,32,up,KeyU,1791376638801.6,81904,u
P04,S02,32,down,KeyT,1791376638990.7,81905,t
P04,S02,32,down,Space,1791376639125.8,81906, 
P04,S02,32,up,KeyT,1791376639146.7,81905,t
P04,S02,32,up,Space,1791376639237.6,81906, 
P04,S02,32,down,KeyI,1791376639395.6,81907,i
P04,S02,32,up,KeyI,1791376639525.2,81907,i
P04,S02,32,down,Space,1791376639647.8,81908, 
P04,S02,32,up,Space,1791376639762.5,81908, 
P04,S02,32,down,KeyF,1791376639821.2,81909,f
P04,S02,32,up,KeyF,1791376639936.6,81909,f
P04,S02,32,down,KeyE,1791376640026.3,81910,e
P04,S02,32,up,KeyE,1791376640150.7,81910,e
P04,S02,32,down,KeyE,1791376640220.8,81911,e
P04,S02,32,up,KeyE,1791376640335.7,81911,e
P04,S02,32,down,KeyL,1791376640356.8,81912,l
P04,S02,32,up,KeyL,1791376640480.9,81912,l
P04,S02,32,down,Space,1791376640595,81913, 
P04,S02,32,up,Space,1791376640705.2,81913, 
P04,S02,32,down,KeyL,1791376640835.1,81914,l
P04,S02,32,up,KeyL,1791376640938.8,81914,l
P04,S02,32,down,KeyI,1791376641011.3,81915,i
P04,S02,32,up,KeyI,1791376641130,81915,i
P04,S02,32,down,KeyK,1791376641205.5,81916,k
P04,S02,32,up,KeyK,1791376641334.8,81916,k
P04,S02,32,down,KeyE,1791376641352,81917,e
P04,S02,32,down,Space,1791376641454.1,81918, 
P04,S02,32,up,KeyE,1791376641465.9,81917,e
P04,S02,32,up,Space,1791376641590.5,81918, 
P04,S02,32,down,KeyI,1791376641681.9,81919,i
P04,S02,32,up,KeyI,1791376641802.2,81919,i
P04,S02,32,down,Space,1791376641896.3,81920, 
P04,S02,32,up,Space,1791376642012.3,81920, 
P04,S02,32,down,KeyD,1791376642087.7,81921,d
P04,S02,32,down,KeyO,1791376642157.9,81922,o
P04,S02,32,up,KeyD,1791376642233.9,81921,d
P04,S02,32,up,KeyO,1791376642293.9,81922,o
P04,S02,32,down,KeyN,1791376642397.4,81923,n
P04,S02,32,up,KeyN,1791376642521,81923,n
P04,S02,32,down,KeyT,1791376642562.7,81924,t
P04,S02,32,down,Space,1791376642710.2,81925, 
P04,S02,32,up,KeyT,1791376642737.5,81924,t
P04,S02,32,up,Space,1791376642812.2,81925, 
P04,S02,32,down,KeyL,1791376642946.4,81926,l
P04,S02,32,up,KeyL,1791376643076.2,81926,l
P04,S02,32,down,KeyI,1791376643137.2,81927,i
P04,S02,32,up,KeyI,1791376643246.4,81927,i
P04,S02,32,down,KeyK,1791376643324.1,81928,k
P04,S02,32,up,KeyK,1791376643453.9,81928,k
P04,S02,32,down,KeyE,1791376643474.1,81929,e
P04,S02,32,up,KeyE,1791376643609.5,81929,e
P04,S02,32,down,Space,1791376643655.4,81930, 
P04,S02,32,up,Space,1791376643735.9,81930, 
P04,S02,32,down,KeyG,1791376644263.9,81931,g
P04,S02,32,up,KeyG,1791376644379.1,81931,g
P04,S02,32,down,KeyE,1791376644580.6,81932,e
P04,S02,32,up,KeyE,1791376644706.4,81932,e
P04,S02,32,down,KeyR,1791376644802.5,81933,r
P04,S02,32,up,KeyR,1791376644895.3,81933,r
P04,S02,32,down,KeyM,1791376645028.1,81934,m
P04,S02,32,up,KeyM,1791376645172.4,81934,m
P04,S02,32,down,KeyA,1791376645189.6,81935,a
P04,S02,32,down,KeyN,1791376645324.5,81936,n
P04,S02,32,up,KeyA,1791376645352,81935,a
P04,S02,32,up,KeyN,1791376645418.8,81936,n
P04,S02,32,down,Space,1791376645496.4,81937, 
P04,S02,32,up,Space,1791376645587.2,81937, 
P04,S02,32,down,KeyL,1791376645752.4,81938,l
P04,S02,32,up,KeyL,1791376645903.2,81938,l
P04,S02,32,down,KeyA,1791376645945.6,81939,a
P04,S02,32,up,KeyA,1791376646087.2,81939,a
P04,S02,32,down,KeyN,1791376646158.7,81940,n
P04,S02,32,up,KeyN,1791376646274.2,81940,n
P04,S02,32,down,KeyG,1791376646607.3,81941,g
P04,S02,32,up,KeyG,1791376646699.8,81941,g
P04,S02,32,down,KeyU,1791376646807.5,81942,u
P04,S02,32,up,KeyU,1791376646936.4,81942,u
P04,S02,32,down,KeyA,1791376646954.5,81943,a
P04,S02,32,down,KeyG,1791376647079.2,81944,g
P04,S02,32,up,KeyA,1791376647101,81943,a
P04,S02,32,up,KeyG,1791376647214.2,81944,g
P04,S02,32,down,KeyE,1791376647317.8,81945,e
P04,S02,32,up,KeyE,1791376647476,81945,e
P04,S02,32,down,Space,1791376648225.5,81946, 
P04,S02,32,up,Space,1791376648303.1,81946, 
P04,S02,32,down,KeyE,1791376648807.3,81947,e
P04,S02,32,up,KeyE,1791376648895.1,81947,e
P04,S02,32,down,KeyH,1791376648957.1,81948,h
P04,S02,32,down,KeyA,1791376649047,81949,a
P04,S02,32,up,KeyH,1791376649058.7,81948,h
P04,S02,32,up,KeyA,1791376649214.5,81949,a
P04,S02,32,down,KeyT,1791376649392.4,81950,t
P04,S02,32,up,KeyT,1791376649512.5,81950,t
P04,S02,32,down,Space,1791376649572.3,81951, 
P04,S02,32,up,Space,1791376649702.4,81951, 
P04,S02,32,down,KeyE,1791376649896,81952,e
P04,S02,32,up,KeyE,1791376650047.6,81952,e
P04,S02,32,down,KeyL,1791376650268.1,81953,l
P04,S02,32,down,KeyS,1791376650419.5,81954,s
P04,S02,32,up,KeyL,1791376650421.4,81953,l
P04,S02,32,up,KeyS,1791376650575,81954,s
P04,S02,32,down,KeyE,1791376650636.8,81955,e
P04,S02,32,down,Space,1791376650724.7,81956, 
P04,S02,32,up,KeyE,1791376650771.7,81955,e
P04,S02,32,up,Space,1791376650831.5,81956, 
P04,S02,32,down,KeyI,1791376650933.2,81957,i
P04,S02,32,up,KeyI,1791376651046.4,81957,i
P04,S02,32,down,Space,1791376651185.1,81958, 
P04,S02,32,up,Space,1791376651320.2,81958, 
P04,S02,32,down,KeyC,1791376651422.7,81959,c
P04,S02,32,up,KeyC,1791376651535.5,81959,c
P04,S02,32,down,KeyA,1791376651653.7,81960,a
P04,S02,32,down,KeyN,1791376651782.1,81961,n
P04,S02,32,up,KeyA,1791376651830.9,81960,a
P04,S02,32,up,KeyN,1791376651885,81961,n
P04,S02,32,down,Space,1791376651947.3,81962, 
P04,S02,32,up,Space,1791376652071.8,81962, 
P04,S02,32,down,KeyS,1791376652094.6,81963,s
P04,S02,32,up,KeyS,1791376652218.8,81963,s
P04,S02,32,down,KeyT,1791376652394.4,81964,t
P04,S02,32,up,KeyT,1791376652542.8,81964,t
P04,S02,32,down,KeyU,1791376652564.2,81965,u
P04,S02,32,up,KeyU,1791376652699.6,81965,u
P04,S02,32,down,KeyD,1791376652954.1,81966,d
P04,S02,32,up,KeyD,1791376653116,81966,d
P04,S02,32,down,KeyY,1791376653493.9,81967,z
P04,S02,32,up,KeyY,1791376653646.2,81967,z
P04,S02,32,down,Backspace,1791376654172.4,81968,Backspace
P04,S02,32,up,Backspace,1791376654335.6,81968,Backspace
P04,S02,32,down,KeyZ,1791376654409.5,81969,y
P04,S02,32,down,Enter,1791376654555.5,81970,Enter
P04,S02,32,up,KeyZ,1791376654604.5,81969,y
P04,S02,32,up,Enter,1791376654711.7,81970,Enter
P04,S02,33,down,KeyS,1791376660195.3,81971,s
P04,S02,33,up,KeyS,1791376660324.6,81971,s
P04,S02,33,down,KeyP,1791376660362.5,81972,p
P04,S02,33,up,KeyP,1791376660481,81972,p
P04,S02,33,down,KeyA,1791376660500.7,81973,a
P04,S02,33,up,KeyA,1791376660652.3,81973,a
P04,S02,33,down,KeyN,1791376660719.8,81974,n
P04,S02,33,up,KeyN,1791376660811.8,81974,n
P04,S02,33,down,KeyI,1791376660976.8,81975,i
P04,S02,33,up,KeyI,1791376661080,81975,i
P04,S02,33,down,KeyS,1791376661159.1,81976,s
P04,S02,33,up,KeyS,1791376661266.4,81976,s
P04,S02,33,down,KeyH,1791376661346.1,81977,h
P04,S02,33,up,KeyH,1791376661439.2,81977,h
P04,S02,33,down,Space,1791376661558.5,81978, 
P04,S02,33,up,Space,1791376661635.7,81978, 
P04,S02,33,down,KeyI,1791376661744.9,81979,i
P04,S02,33,up,KeyI,1791376661862.1,81979,i
P04,S02,33,down,KeyS,1791376661882.1,81980,s
P04,S02,33,down,Space,1791376662001,81981, 
P04,S02,33,up,KeyS,1791376662045.7,81980,s
P04,S02,33,up,Space,1791376662105.9,81981, 
P04,S02,33,down,KeyN,1791376662298,81982,n
P04,S02,33,up,KeyN,1791376662390.6,81982,n
P04,S02,33,down,KeyO,1791376662513.7,81983,o
P04,S02,33,up,KeyO,1791376662643.6,81983,o
P04,S02,33,down,KeyT,1791376662735.9,81984,t
P04,S02,33,up,KeyT,1791376662850.1,81984,t
P04,S02,33,down,Space,1791376662854.6,81985, 
P04,S02,33,up,Space,1791376662968.3,81985, 
P04,S02,33,down,KeyF,1791376663202.4,81986,f
P04,S02,33,down,KeyO,1791376663273.2,81987,o
P04,S02,33,up,KeyF,1791376663345.3,81986,f
P04,S02,33,up,KeyO,1791376663413.6,81987,o
P04,S02,33,down,KeyR,1791376663466.4,81988,r
P04,S02,33,down,Space,1791376663596.4,81989, 
P04,S02,33,up,KeyR,1791376663598.2,81988,r
P04,S02,33,up,Space,1791376663699.3,81989, 
P04,S02,33,down,KeyM,1791376663772.6,81990,m
P04,S02,33,up,KeyM,1791376663891.7,81990,m
P04,S02,33,down,KeyE,1791376663911.7,81991,e
P04,S02,33,down,Space,1791376664022.9,81992, 
P04,S02,33,up,KeyE,1791376664029.8,81991,e
P04,S02,33,up,Space,1791376664137.1,81992, 
P04,S02,33,down,KeyT,1791376664223.5,81993,t
P04,S02,33,up,KeyT,1791376664337,81993,t
P04,S02,33,down,KeyO,1791376664363.3,81994,o
P04,S02,33,up,KeyO,1791376664471.5,81994,o
P04,S02,33,down,KeyO,1791376664526.6,81995,o
P04,S02,33,up,KeyO,1791376664633.8,81995,o
P04,S02,33,down,Space,1791376665092.5,81996, 
P04,S02,33,up,Space,1791376665205.9,81996, 
P04,S02,33,down,KeyA,1791376665275.7,81997,a
P04,S02,33,up,KeyA,1791376665420.9,81997,a
P04,S02,33,down,KeyN,1791376665425.3,81998,n
P04,S02,33,up,KeyN,1791376665523.1,81998,n
P04,S02,33,down,KeyF,1791376665722.2,81999,f
P04,S02,33,up,KeyF,1791376665860,81999,f
P04,S02,33,down,Backspace,1791376666249,82000,Backspace
P04,S02,33,up,Backspace,1791376666390.9,82000,Backspace
P04,S02,33,down,KeyD,1791376666453.6,82001,d
P04,S02,33,up,KeyD,1791376666588.8,82001,d
P04,S02,33,down,Space,1791376666672.8,82002, 
P04,S02,33,up,Space,1791376666798.2,82002, 
P04,S02,33,down,KeyJ,1791376667320,82003,j
P04,S02,33,up,KeyJ,1791376667439.6,82003,j
P04,S02,33,down,KeyA,1791376667487.3,82004,a
P04,S02,33,up,KeyA,1791376667648.7,82004,a
P04,S02,33,down,KeyP,1791376668024.1,82005,p
P04,S02,33,up,KeyP,1791376668166.7,82005,p
P04,S02,33,down,KeyA,1791376668319.6,82006,a
P04,S02,33,up,KeyA,1791376668527.4,82006,a
P04,S02,33,down,KeyN,1791376669322.3,82007,n
P04,S02,33,up,KeyN,1791376669419.4,82007,n
P04,S02,33,down,KeyE,1791376669498.5,82008,e
P04,S02,33,up,KeyE,1791376669635.2,82008,e
P04,S02,33,down,KeyS,1791376669732.9,82009,s
P04,S02,33,up,KeyS,1791376669851.8,82009,s
P04,S02,33,down,KeyE,1791376669926.7,82010,e
P04,S02,33,up,KeyE,1791376670018.4,82010,e
P04,S02,33,down,Space,1791376670064.6,82011, 
P04,S02,33,up,Space,1791376670195.8,82011, 
P04,S02,33,down,KeyA,1791376670251.7,82012,a
P04,S02,33,down,KeyN,1791376670390.4,82013,n
P04,S02,33,up,KeyA,1791376670414.1,82012,a
P04,S02,33,up,KeyN,1791376670510.6,82013,n
P04,S02,33,down,KeyD,1791376670736.8,82014,d
P04,S02,33,up,KeyD,1791376670829.6,82014,d
P04,S02,33,down,Space,1791376671040.4,82015, 
P04,S02,33,up,Space,1791376671183.3,82015, 
P04,S02,33,down,KeyC,1791376671429.1,82016,c
P04,S02,33,down,KeyH,1791376671531.7,82017,h
P04,S02,33,up,KeyC,1791376671546.4,82016,c
P04,S02,33,up,KeyH,1791376671640.2,82017,h
P04,S02,33,down,KeyI,1791376671775.8,82018,i
P04,S02,33,up,KeyI,1791376671906,82018,i
P04,S02,33,down,KeyN,1791376672246.3,82019,n
P04,S02,33,up,KeyN,1791376672381.2,82019,n
P04,S02,33,down,KeyE,1791376672473.3,82020,e
P04,S02,33,up,KeyE,1791376672608.6,82020,e
P04,S02,33,down,KeyS,1791376672703.6,82021,s
P04,S02,33,up,KeyS,1791376672840.9,82021,s
P04,S02,33,down,KeyE,1791376672896.8,82022,e
P04,S02,33,up,KeyE,1791376673011.8,82022,e
P04,S02,33,down,Space,1791376673014.7,82023, 
P04,S02,33,up,Space,1791376673134.4,82023, 
P04,S02,33,down,KeyT,1791376673252.1,82024,t
P04,S02,33,up,KeyT,1791376673419.5,82024,t
P04,S02,33,down,KeyO,1791376673445.6,82025,o
P04,S02,33,up,KeyO,1791376673549,82025,o
P04,S02,33,down,KeyO,1791376673585.4,82026,o
P04,S02,33,up,KeyO,1791376673678.7,82026,o
P04,S02,33,down,Enter,1791376673860.9,82027,Enter
P04,S02,33,up,Enter,1791376673948.6,82027,Enter
P04,S02,34,down,KeyH,1791376683573.3,82028,h
P04,S02,34,up,KeyH,1791376683688.1,82028,h
P04,S02,34,down,KeyZ,1791376683852.3,82029,y
P04,S02,34,up,KeyZ,1791376684010.2,82029,y
P04,S02,34,down,Space,1791376684291.2,82030, 
P04,S02,34,up,Space,1791376684438,82030, 
P04,S02,34,down,KeyS,1791376684793.5,82031,s
P04,S02,34,down,KeyH,1791376684953.7,82032,h
P04,S02,34,up,KeyS,1791376684987.2,82031,s
P04,S02,34,up,KeyH,1791376685052.6,82032,h
P04,S02,34,down,KeyO,1791376685167.2,82033,o
P04,S02,34,up,KeyO,1791376685289.3,82033,o
P04,S02,34,down,KeyU,1791376685380.2,82034,u
P04,S02,34,up,KeyU,1791376685484.1,82034,u
P04,S02,34,down,KeyL,1791376685643.6,82035,l
P04,S02,34,up,KeyL,1791376685814.9,82035,l
P04,S02,34,down,KeyD,1791376685926.6,82036,d
P04,S02,34,up,KeyD,1791376686062.3,82036,d
P04,S02,34,down,Space,1791376686065.8,82037, 
P04,S02,34,up,Space,1791376686195.8,82037, 
P04,S02,34,down,KeyI,1791376686367.7,82038,i
P04,S02,34,up,KeyI,1791376686492.8,82038,i
P04,S02,34,down,Space,1791376686645.4,82039, 
P04,S02,34,up,Space,1791376686769.4,82039, 
P04,S02,34,down,KeyS,1791376687110.8,82040,s
P04,S02,34,up,KeyS,1791376687175.7,82040,s
P04,S02,34,down,KeyT,1791376687621.2,82041,t
P04,S02,34,up,KeyT,1791376687778.4,82041,t
P04,S02,34,down,KeyU,1791376687872,82042,u
P04,S02,34,up,KeyU,1791376688035.2,82042,u
P04,S02,34,down,KeyD,1791376688159.4,82043,d
P04,S02,34,up,KeyD,1791376688301.4,82043,d
P04,S02,34,down,KeyZ,1791376688510.4,82044,y
P04,S02,34,up,KeyZ,1791376688694.5,82044,y
P04,S02,34,down,Space,1791376688915.2,82045, 
P04,S02,34,up,Space,1791376689077.8,82045, 
P04,S02,34,down,KeyT,1791376689353.9,82046,t
P04,S02,34,up,KeyT,1791376689520.8,82046,t
P04,S02,34,down,KeyU,1791376689622.5,82047,u
P04,S02,34,up,KeyU,1791376689752.2,82047,u
P04,S02,34,down,KeyR,1791376689802.5,82048,r
P04,S02,34,up,KeyR,1791376689972.1,82048,r
P04,S02,34,down,KeyK,1791376689981,82049,k
P04,S02,34,up,KeyK,1791376690104.7,82049,k
P04,S02,34,down,KeyI,1791376690157.1,82050,i
P04,S02,34,up,KeyI,1791376690282.9,82050,i
P04,S02,34,down,KeyS,1791376690395.3,82051,s
P04,S02,34,down,KeyH,1791376690546.8,82052,h
P04,S02,34,up,KeyS,1791376690548.8,82051,s
P04,S02,34,up,KeyH,1791376690652,82052,h
P04,S02,34,down,Space,1791376690780,82053, 
P04,S02,34,up,Space,1791376690898,82053, 
P04,S02,34,down,KeyY,1791376691389.6,82054,z
P04,S02,34,down,KeyO,1791376691463.1,82055,o
P04,S02,34,up,KeyY,1791376691518.9,82054,z
P04,S02,34,up,KeyO,1791376691601.1,82055,o
P04,S02,34,down,KeyU,1791376691701.7,82056,u
P04,S02,34,up,KeyU,1791376691830.3,82056,u
P04,S02,34,down,Backspace,1791376692280.2,82057,Backspace
P04,S02,34,up,Backspace,1791376692432.5,82057,Backspace
P04,S02,34,down,Backspace,1791376692495.8,82058,Backspace
P04,S02,34,up,Backspace,1791376692593.3,82058,Backspace
P04,S02,34,down,Backspace,1791376692655.1,82059,Backspace
P04,S02,34,up,Backspace,1791376692753.9,82059,Backspace
P04,S02,34,down,KeyZ,1791376692991.6,82060,y
P04,S02,34,down,KeyO,1791376693152.1,82061,o
P04,S02,34,up,KeyZ,1791376693185.1,82060,y
P04,S02,34,up,KeyO,1791376693270.1,82061,o
P04,S02,34,down,KeyU,1791376693362.6,82062,u
P04,S02,34,up,KeyU,1791376693449.7,82062,u
P04,S02,34,down,Space,1791376693564,82063, 
P04,S02,34,up,Space,1791376693678.4,82063, 
P04,S02,34,down,KeyT,1791376693735.2,82064,t
P04,S02,34,down,KeyH,1791376693830.1,82065,h
P04,S02,34,up,KeyT,1791376693875,82064,t
P04,S02,34,up,KeyH,1791376693933.7,82065,h
P04,S02,34,down,KeyI,1791376693998.2,82066,i
P04,S02,34,up,KeyI,1791376694096.7,82066,i
P04,S02,34,down,KeyN,1791376694237.4,82067,n
P04,S02,34,up,KeyN,1791376694325.5,82067,n
P04,S02,34,down,KeyK,1791376694403.5,82068,k
P04,S02,34,up,KeyK,1791376694507,82068,k
P04,S02,34,down,Space,1791376694607.7,82069, 
P04,S02,34,up,Space,1791376694711.2,82069, 
P04,S02,34,down,KeyT,1791376695182.5,82070,t
P04,S02,34,up,KeyT,1791376695300.8,82070,t
P04,S02,34,down,KeyH,1791376695357.5,82071,h
P04,S02,34,up,KeyH,1791376695509.6,82071,h
P04,S02,34,down,KeyE,1791376695519.5,82072,e
P04,S02,34,up,KeyE,1791376695638.1,82072,e
P04,S02,34,down,KeyR,1791376695665.3,82073,r
P04,S02,34,up,KeyR,1791376695779.7,82073,r
P04,S02,34,down,KeyE,1791376695803.7,82074,e
P04,S02,34,up,KeyE,1791376695891.1,82074,e
P04,S02,34,down,KeyS,1791376696425.9,82075,s
P04,S02,34,up,KeyS,1791376696549.6,82075,s
P04,S02,34,down,Space,1791376696575.8,82076, 
P04,S02,34,up,Space,1791376696679,82076, 
P04,S02,34,down,KeyA,1791376696809.6,82077,a
P04,S02,34,up,KeyA,1791376696951.7,82077,a
P04,S02,34,down,KeyN,1791376697022.3,82078,n
P04,S02,34,up,KeyN,1791376697152.1,82078,n
P04,S02,34,down,KeyY,1791376697348.4,82079,z
P04,S02,34,up,KeyY,1791376697441.6,82079,z
P04,S02,34,down,Backspace,1791376698110.2,82080,Backspace
P04,S02,34,up,Backspace,1791376698214,82080,Backspace
P04,S02,34,down,KeyZ,1791376698258.1,82081,y
P04,S02,34,up,KeyZ,1791376698414.8,82081,y
P04,S02,34,down,Space,1791376698445.6,82082, 
P04,S02,34,up,Space,1791376698564.1,82082, 
P04,S02,34,down,KeyI,1791376698913.9,82083,i
P04,S02,34,up,KeyI,1791376699024.1,82083,i
P04,S02,34,down,KeyS,1791376699095.4,82084,s
P04,S02,34,up,KeyS,1791376699216.1,82084,s
P04,S02,34,down,Backspace,1791376699529.4,82085,Backspace
P04,S02,34,down,KeyD,1791376699648.6,82086,d
P04,S02,34,up,Backspace,1791376699650.3,82085,Backspace
P04,S02,34,up,KeyD,1791376699766.9,82086,d
P04,S02,34,down,KeyE,1791376699848,82087,e
P04,S02,34,up,KeyE,1791376699957.1,82087,e
P04,S02,34,down,KeyA,1791376700100.8,82088,a
P04,S02,34,up,KeyA,1791376700245.9,82088,a
P04,S02,34,down,KeyS,1791376700324.7,82089,s
P04,S02,34,up,KeyS,1791376700463.7,82089,s
P04,S02,34,down,Enter,1791376700526.2,82090,Enter
P04,S02,34,up,Enter,1791376700629.9,82090,Enter
P04,S02,35,down,KeyR,1791376705595.8,82091,r
P04,S02,35,up,KeyR,1791376705695.8,82091,r
P04,S02,35,down,KeyA,1791376705751.6,82092,a
P04,S02,35,up,KeyA,1791376705904.8,82092,a
P04,S02,35,down,KeyM,1791376706025.5,82093,m
P04,S02,35,up,KeyM,1791376706114.6,82093,m
P04,S02,35,down,KeyM,1791376706138.7,82094,m
P04,S02,35,up,KeyM,1791376706236.6,82094,m
P04,S02,35,down,KeyA,1791376706253.8,82095,a
P04,S02,35,up,KeyA,1791376706383.2,82095,a
P04,S02,35,down,KeyR,1791376706498.7,82096,r
P04,S02,35,up,KeyR,1791376706634.9,82096,r
P04,S02,35,down,Space,1791376706655.3,82097, 
P04,S02,35,up,Space,1791376706763.9,82097, 
P04,S02,35,down,KeyI,1791376707016.6,82098,i
P04,S02,35,up,KeyI,1791376707124.9,82098,i
P04,S02,35,down,KeyS,1791376707208.9,82099,s
P04,S02,35,down,Space,1791376707316.8,82100, 
P04,S02,35,up,KeyS,1791376707362.5,82099,s
P04,S02,35,up,Space,1791376707420,82100, 
P04,S02,35,down,KeyN,1791376707488.9,82101,n
P04,S02,35,up,KeyN,1791376707575.7,82101,n
P04,S02,35,down,KeyI,1791376707666.4,82102,i
P04,S02,35,up,KeyI,1791376707786.1,82102,i
P04,S02,35,down,KeyC,1791376708081.5,82103,c
P04,S02,35,up,KeyC,1791376708172,82103,c
P04,S02,35,down,KeyE,1791376708238.9,82104,e
P04,S02,35,down,Space,1791376708356.3,82105, 
P04,S02,35,up,KeyE,1791376708382.8,82104,e
P04,S02,35,up,Space,1791376708481,82105, 
P04,S02,35,down,KeyY,1791376708801,82106,z
P04,S02,35,down,KeyO,1791376708877.9,82107,o
P04,S02,35,up,KeyY,1791376708952.9,82106,z
P04,S02,35,up,KeyO,1791376709002,82107,o
P04,S02,35,down,KeyU,1791376709091.6,82108,u
P04,S02,35,up,KeyU,1791376709202.9,82108,u
P04,S02,35,down,KeyR,1791376709276.3,82109,r
P04,S02,35,up,KeyR,1791376709412.1,82109,r
P04,S02,35,down,KeyE,1791376709481.2,82110,e
P04,S02,35,down,Space,1791376709578.9,82111, 
P04,S02,35,up,KeyE,1791376709611.5,82110,e
P04,S02,35,up,Space,1791376709702.4,82111, 
P04,S02,35,down,KeyR,1791376709860.2,82112,r
P04,S02,35,up,KeyR,1791376710033.8,82112,r
P04,S02,35,down,KeyI,1791376710079.2,82113,i
P04,S02,35,up,KeyI,1791376710209.6,82113,i
P04,S02,35,down,KeyG,1791376710509,82114,g
P04,S02,35,up,KeyG,1791376710639.1,82114,g
P04,S02,35,down,KeyH,1791376710760.8,82115,h
P04,S02,35,up,KeyH,1791376710878.3,82115,h
P04,S02,35,down,KeyT,1791376710982.8,82116,t
P04,S02,35,up,KeyT,1791376711118.6,82116,t
P04,S02,35,down,Enter,1791376711252.8,82117,Enter
P04,S02,35,up,Enter,1791376711339.7,82117,Enter
