participant_id,session_id,sample_id,event,key_code,timestamp_ms,press_id,key
P01,S01,1,down,72,1791211120532.3,1,h
P01,S01,1,down,79,1791211120622.5,2,o
P01,S01,1,up,72,1791211120675,1,h
P01,S01,1,up,79,1791211120696.9,2,o
P01,S01,1,down,76,1791211120800.2,3,l
P01,S01,1,down,65,1791211120868.2,4,a
P01,S01,1,up,76,1791211120904.1,3,l
P01,S01,1,up,65,1791211120965.7,4,a
P01,S01,1,down,32,1791211120998.9,5, 
P01,S01,1,up,32,1791211121086.4,5, 
P01,S01,1,down,67,1791211121110.4,6,c
P01,S01,1,down,79,1791211121173.8,7,o
P01,S01,1,up,67,1791211121201.2,6,c
P01,S01,1,down,77,1791211121256.8,8,m
P01,S01,1,up,79,1791211121273.2,7,o
P01,S01,1,down,79,1791211121357.6,9,o
P01,S01,1,up,77,1791211121405.3,8,m
P01,S01,1,down,32,1791211121417.1,10, 
P01,S01,1,up,79,1791211121460.9,9,o
P01,S01,1,up,32,1791211121489,10, 
P01,S01,1,down,69,1791211121622.6,11,e
P01,S01,1,up,69,1791211121694.9,11,e
P01,S01,1,down,83,1791211121792.9,12,s
P01,S01,1,down,84,1791211121860.3,13,t
P01,S01,1,up,83,1791211121867.7,12,s
P01,S01,1,up,84,1791211121940.6,13,t
P01,S01,1,down,65,1791211121970.5,14,a
P01,S01,1,up,65,1791211122022.6,14,a
P01,S01,1,down,83,1791211122116.3,15,s
P01,S01,1,up,83,1791211122191.5,15,s
P01,S01,1,down,13,1791211122206,16,Enter
P01,S01,1,up,13,1791211122293.7,16,Enter
P01,S01,2,down,190,1791211507491.7,10001,.
P01,S01,2,up,190,1791211507599.5,10001,.
P01,S01,2,down,84,1791211508390.3,10002,t
P01,S01,2,down,73,1791211508437.3,10003,i
P01,S01,2,up,84,1791211508457.2,10002,t
P01,S01,2,up,73,1791211508549.8,10003,i
P01,S01,2,down,69,1791211508654.7,10004,e
P01,S01,2,up,69,1791211508767,10004,e
P01,S01,2,down,53,1791211509690.1,10005,5
P01,S01,2,up,53,1791211509794.1,10005,5
P01,S01,2,down,20,1791211511342,10006,CapsLock
P01,S01,2,down,82,1791211511533.8,10007,R
P01,S01,2,up,82,1791211511604.1,10007,R
P01,S01,2,up,20,1791211511778.9,10006,CapsLock
P01,S01,2,down,79,1791211511918.2,10008,o
P01,S01,2,up,79,1791211511990.1,10008,o
P01,S01,2,down,65,1791211512049,10009,a
P01,S01,2,down,78,1791211512149.2,10010,n
P01,S01,2,up,65,1791211512165.3,10009,a
P01,S01,2,down,76,1791211512269.8,10011,l
P01,S01,2,up,78,1791211512337.5,10010,n
P01,S01,2,up,76,1791211512402,10011,l
P01,S01,2,down,13,1791211512789.5,10012,Enter
P01,S01,2,up,13,1791211512889.3,10012,Enter
P01,S01,3,down,190,1791211513327.7,10013,.
P01,S01,3,up,190,1791211513427.4,10013,.
P01,S01,3,down,84,1791211513702.9,10014,t
P01,S01,3,up,84,1791211513816.2,10014,t
P01,S01,3,down,73,1791211513827.3,10015,i
P01,S01,3,up,73,1791211513938.8,10015,i
P01,S01,3,down,69,1791211513950.7,10016,e
P01,S01,3,up,69,1791211514035.4,10016,e
P01,S01,3,down,53,1791211514858.9,10017,5
P01,S01,3,up,53,1791211514983.4,10017,5
P01,S01,3,down,20,1791211515673.7,10018,CapsLock
P01,S01,3,down,82,1791211515935.7,10019,R
P01,S01,3,up,82,1791211516027.6,10019,R
P01,S01,3,up,20,1791211516241.6,10018,CapsLock
P01,S01,3,down,79,1791211516336.1,10020,o
P01,S01,3,up,79,1791211516436.7,10020,o
P01,S01,3,down,65,1791211516501.2,10021,a
P01,S01,3,down,78,1791211516601.1,10022,n
P01,S01,3,up,65,1791211516607.6,10021,a
P01,S01,3,down,76,1791211516739.1,10023,l
P01,S01,3,up,78,1791211516787,10022,n
P01,S01,3,up,76,1791211516855.3,10023,l
P01,S01,3,down,13,1791211538967.7,10024,Enter
P01,S01,3,up,13,1791211539137.3,10024,Enter
P01,S01,4,down,190,1791211544810.5,10025,.
P01,S01,4,up,190,1791211544927.8,10025,.
P01,S01,4,down,84,1791211545017.6,10026,t
P01,S01,4,down,73,1791211545121.7,10027,i
P01,S01,4,up,84,1791211545125.3,10026,t
P01,S01,4,up,73,1791211545269.7,10027,i
P01,S01,4,down,69,1791211545277.4,10028,e
P01,S01,4,up,69,1791211545378.1,10028,e
P01,S01,4,down,53,1791211546267.3,10029,5
P01,S01,4,up,53,1791211546388.9,10029,5
P01,S01,4,down,16,1791211547089.2,10030,Shift
P01,S01,4,down,82,1791211547201.2,10031,R
P01,S01,4,up,82,1791211547292.2,10031,R
P01,S01,4,up,16,1791211547367.5,10030,Shift
P01,S01,4,down,79,1791211547500.9,10032,o
P01,S01,4,down,65,1791211547657,10033,a
P01,S01,4,up,79,1791211547660.2,10032,o
P01,S01,4,down,78,1791211547708.1,10034,n
P01,S01,4,up,65,1791211547760.5,10033,a
P01,S01,4,down,76,1791211547820.4,10035,l
P01,S01,4,up,78,1791211547900.8,10034,n
P01,S01,4,up,76,1791211547989.2,10035,l
P01,S01,4,down,13,1791211552522.1,10036,Enter
P01,S01,4,up,13,1791211552683.9,10036,Enter
P01,S01,5,down,190,1791211560271.1,10037,.
P01,S01,5,up,190,1791211560376.7,10037,.
P01,S01,5,down,84,1791211560566.7,10038,t
P01,S01,5,down,73,1791211560690.4,10039,i
P01,S01,5,up,84,1791211560691.1,10038,t
P01,S01,5,up,73,1791211560834.1,10039,i
P01,S01,5,down,69,1791211560876.7,10040,e
P01,S01,5,up,69,1791211560953.1,10040,e
P01,S01,5,down,53,1791211561692.7,10041,5
P01,S01,5,up,53,1791211561836.4,10041,5
P01,S01,5,down,20,1791211562332.8,10042,CapsLock
P01,S01,5,down,82,1791211563185.4,10043,R
P01,S01,5,up,82,1791211563321.8,10043,R
P01,S01,5,up,20,1791211563568.6,10042,CapsLock
P01,S01,5,down,79,1791211563700.1,10044,o
P01,S01,5,up,79,1791211563832.8,10044,o
P01,S01,5,down,65,1791211563894.5,10045,a
P01,S01,5,up,65,1791211564006.2,10045,a
P01,S01,5,down,78,1791211564017.3,10046,n
P01,S01,5,down,76,1791211564150.9,10047,l
P01,S01,5,up,78,1791211564200.9,10046,n
P01,S01,5,up,76,1791211564284.2,10047,l
P01,S01,5,down,13,1791211582773.8,10048,Enter
P01,S01,5,up,13,1791211582943,10048,Enter
P01,S01,6,down,190,1791211584667.6,10049,.
P01,S01,6,up,190,1791211584782.1,10049,.
P01,S01,6,down,84,1791211584901,10050,t
P01,S01,6,down,73,1791211585004,10051,i
P01,S01,6,up,84,1791211585004.9,10050,t
P01,S01,6,up,73,1791211585100.9,10051,i
P01,S01,6,down,69,1791211585128.2,10052,e
P01,S01,6,up,69,1791211585208.1,10052,e
P01,S01,6,down,53,1791211585339.6,10053,5
P01,S01,6,up,53,1791211585455.8,10053,5
P01,S01,6,down,16,1791211585857.7,10054,Shift
P01,S01,6,down,82,1791211586069.2,10055,R
P01,S01,6,up,16,1791211586225.2,10054,Shift
P01,S01,6,up,82,1791211586250.5,10055,R
P01,S01,6,down,79,1791211586634.2,10056,o
P01,S01,6,up,79,1791211586753.8,10056,o
P01,S01,6,down,65,1791211586765.8,10057,a
P01,S01,6,down,78,1791211586884.4,10058,n
P01,S01,6,up,65,1791211586894.2,10057,a
P01,S01,6,down,76,1791211587025.8,10059,l
P01,S01,6,up,78,1791211587061.9,10058,n
P01,S01,6,up,76,1791211587174.2,10059,l
P01,S01,6,down,13,1791211613741.8,10060,Enter
P01,S01,6,up,13,1791211613893.6,10060,Enter
P01,S01,7,down,91,1791211626290.2,10061,Meta
P01,S01,7,down,86,1791211626576.7,10062,v
P01,S01,7,up,86,1791211626781.4,10062,v
P01,S01,7,up,91,1791211626800.2,10061,Meta
P01,S01,7,down,8,1791211629767.5,10063,Backspace
P01,S01,7,up,8,1791211629858.4,10063,Backspace
P01,S01,7,down,190,1791211630092.7,10064,.
P01,S01,7,up,190,1791211630260.6,10064,.
P01,S01,7,down,84,1791211630276.9,10065,t
P01,S01,7,down,73,1791211630405.3,10066,i
P01,S01,7,up,84,1791211630406,10065,t
P01,S01,7,up,73,1791211630533.5,10066,i
P01,S01,7,down,69,1791211630548.8,10067,e
P01,S01,7,up,69,1791211630633.6,10067,e
P01,S01,7,down,53,1791211632958.5,10068,5
P01,S01,7,up,53,1791211633074.6,10068,5
P01,S01,7,down,16,1791211633621.6,10069,Shift
P01,S01,7,down,82,1791211633825.5,10070,R
P01,S01,7,up,82,1791211633961.5,10070,R
P01,S01,7,up,16,1791211633985.9,10069,Shift
P01,S01,7,down,79,1791211634032.7,10071,o
P01,S01,7,up,79,1791211634124.4,10071,o
P01,S01,7,down,65,1791211634184.4,10072,a
P01,S01,7,down,78,1791211634252.2,10073,n
P01,S01,7,up,65,1791211634299.7,10072,a
P01,S01,7,down,76,1791211634352.5,10074,l
P01,S01,7,up,78,1791211634387.5,10073,n
P01,S01,7,up,76,1791211634488.6,10074,l
P01,S01,7,down,13,1791211634606.4,10075,Enter
P01,S01,7,up,13,1791211634748.8,10075,Enter
P01,S01,8,down,190,1791211649619.4,10076,.
P01,S01,8,up,190,1791211649727.3,10076,.
P01,S01,8,down,84,1791211649778.1,10077,t
P01,S01,8,down,73,1791211649848.9,10078,i
P01,S01,8,up,84,1791211649849,10077,t
P01,S01,8,down,69,1791211649970.6,10079,e
P01,S01,8,up,73,1791211649973.9,10078,i
P01,S01,8,up,69,1791211650054.7,10079,e
P01,S01,8,down,53,1791211650570.4,10080,5
P01,S01,8,up,53,1791211650680.9,10080,5
P01,S01,8,down,16,1791211651042.5,10081,Shift
P01,S01,8,down,82,1791211651386.7,10082,R
P01,S01,8,up,82,1791211651538.7,10082,R
P01,S01,8,up,16,1791211651565.8,10081,Shift
P01,S01,8,down,79,1791211651666.6,10083,o
P01,S01,8,up,79,1791211651766.9,10083,o
P01,S01,8,down,65,1791211651794.2,10084,a
P01,S01,8,down,78,1791211651890.4,10085,n
P01,S01,8,up,65,1791211651922.3,10084,a
P01,S01,8,down,76,1791211651982.5,10086,l
P01,S01,8,up,78,1791211652026.2,10085,n
P01,S01,8,up,76,1791211652122.6,10086,l
P01,S01,8,down,13,1791211652240.9,10087,Enter
P01,S01,8,up,13,1791211652365.6,10087,Enter
P01,S01,9,down,190,1791211653467.5,10088,.
P01,S01,9,up,190,1791211653548.9,10088,.
P01,S01,9,down,84,1791211653676,10089,t
P01,S01,9,down,73,1791211653767,10090,i
P01,S01,9,up,84,1791211653779.9,10089,t
P01,S01,9,up,73,1791211653892.2,10090,i
P01,S01,9,down,69,1791211653916.9,10091,e
P01,S01,9,up,69,1791211654000.2,10091,e
P01,S01,9,down,16,1791211654404.3,10092,Shift
P01,S01,9,down,53,1791211655334.3,10093,%
P01,S01,9,up,53,1791211655476.6,10093,%
P01,S01,9,up,16,1791211655488.4,10092,Shift
P01,S01,9,down,16,1791211656034.2,10094,Shift
P01,S01,9,down,82,1791211656224.7,10095,R
P01,S01,9,up,82,1791211656383.1,10095,R
P01,S01,9,up,16,1791211656385.1,10094,Shift
P01,S01,9,down,8,1791211656827.2,10096,Backspace
P01,S01,9,up,8,1791211656911.8,10096,Backspace
P01,S01,9,down,8,1791211657035.3,10097,Backspace
P01,S01,9,up,8,1791211657143.5,10097,Backspace
P01,S01,9,down,53,1791211657756.7,10098,5
P01,S01,9,up,53,1791211657850.7,10098,5
P01,S01,9,down,16,1791211658640.8,10099,Shift
P01,S01,9,down,82,1791211658850.8,10100,R
P01,S01,9,up,82,1791211658959.9,10100,R
P01,S01,9,up,16,1791211658998.9,10099,Shift
P01,S01,9,down,79,1791211659164.5,10101,o
P01,S01,9,up,79,1791211659257.1,10101,o
P01,S01,9,down,65,1791211659332.9,10102,a
P01,S01,9,up,65,1791211659422.8,10102,a
P01,S01,9,down,78,1791211659426.1,10103,n
P01,S01,9,down,76,1791211659554.8,10104,l
P01,S01,9,up,78,1791211659616.1,10103,n
P01,S01,9,up,76,1791211659710.9,10104,l
P01,S01,9,down,13,1791211667120,10105,Enter
P01,S01,9,up,13,1791211667245.1,10105,Enter
P01,S01,10,down,190,1791211678315.9,10106,.
P01,S01,10,up,190,1791211678418.1,10106,.
P01,S01,10,down,84,1791211679351.4,10107,t
P01,S01,10,up,84,1791211679499.1,10107,t
P01,S01,10,down,73,1791211679503.6,10108,i
P01,S01,10,up,73,1791211679603.1,10108,i
P01,S01,10,down,69,1791211679649.2,10109,e
P01,S01,10,up,69,1791211679738.2,10109,e
P01,S01,10,down,53,1791211680117.4,10110,5
P01,S01,10,up,53,1791211680209.1,10110,5
P01,S01,10,down,16,1791211680408.4,10111,Shift
P01,S01,10,down,82,1791211680599.7,10112,R
P01,S01,10,up,82,1791211680736.6,10112,R
P01,S01,10,up,16,1791211680740.8,10111,Shift
P01,S01,10,down,79,1791211680805.2,10113,o
P01,S01,10,up,79,1791211680901.6,10113,o
P01,S01,10,down,65,1791211680969.5,10114,a
P01,S01,10,down,78,1791211681066,10115,n
P01,S01,10,up,65,1791211681068.6,10114,a
P01,S01,10,down,76,1791211681157.1,10116,l
P01,S01,10,up,78,1791211681193,10115,n
P01,S01,10,up,76,1791211681299.3,10116,l
P01,S01,10,down,13,1791211681522.4,10117,Enter
P01,S01,10,up,13,1791211681648.9,10117,Enter
P01,S01,11,down,191,1791211692515.6,10118,/
P01,S01,11,up,191,1791211692608.7,10118,/
P01,S01,11,down,8,1791211693532.1,10119,Backspace
P01,S01,11,up,8,1791211693625.7,10119,Backspace
P01,S01,11,down,190,1791211694122.9,10120,.
P01,S01,11,up,190,1791211694242.8,10120,.
P01,S01,11,down,84,1791211694449.7,10121,t
P01,S01,11,down,73,1791211694532.5,10122,i
P01,S01,11,up,84,1791211694549.1,10121,t
P01,S01,11,up,73,1791211694632.3,10122,i
P01,S01,11,down,69,1791211694673.8,10123,e
P01,S01,11,up,69,1791211694774.1,10123,e
P01,S01,11,down,53,1791211695186.1,10124,5
P01,S01,11,up,53,1791211695286.1,10124,5
P01,S01,11,down,16,1791211695483.5,10125,Shift
P01,S01,11,down,82,1791211695651.1,10126,R
P01,S01,11,up,82,1791211695795,10126,R
P01,S01,11,up,16,1791211695799.4,10125,Shift
P01,S01,11,down,79,1791211695845,10127,o
P01,S01,11,up,79,1791211695917.1,10127,o
P01,S01,11,down,65,1791211695982.4,10128,a
P01,S01,11,down,78,1791211696092.7,10129,n
P01,S01,11,up,65,1791211696124.6,10128,a
P01,S01,11,down,76,1791211696168.8,10130,l
P01,S01,11,up,78,1791211696220.6,10129,n
P01,S01,11,up,76,1791211696309.1,10130,l
P01,S01,11,down,13,1791211696499.3,10131,Enter
P01,S01,11,up,13,1791211696605.3,10131,Enter
P01,S01,12,down,73,1791211698417.4,10132,i
P01,S01,12,up,73,1791211698541.2,10132,i
P01,S01,12,down,32,1791211698590.5,10133, 
P01,S01,12,up,32,1791211698707,10133, 
P01,S01,12,down,87,1791211698945.1,10134,w
P01,S01,12,up,87,1791211699008.7,10134,w
P01,S01,12,down,65,1791211699124.9,10135,a
P01,S01,12,up,65,1791211699176.8,10135,a
P01,S01,12,down,83,1791211699269.5,10136,s
P01,S01,12,down,32,1791211699351,10137, 
P01,S01,12,up,83,1791211699351.1,10136,s
P01,S01,12,up,32,1791211699450.6,10137, 
P01,S01,12,down,84,1791211699517,10138,t
P01,S01,12,up,84,1791211699586.1,10138,t
P01,S01,12,down,82,1791211699684.1,10139,r
P01,S01,12,up,82,1791211699770.8,10139,r
P01,S01,12,down,89,1791211699798,10140,y
P01,S01,12,up,89,1791211699901.2,10140,y
P01,S01,12,down,73,1791211699908.8,10141,i
P01,S01,12,down,78,1791211700037.9,10142,n
P01,S01,12,down,71,1791211700101,10143,g
P01,S01,12,up,73,1791211700105.4,10141,i
P01,S01,12,up,78,1791211700150.5,10142,n
P01,S01,12,up,71,1791211700165.4,10143,g
P01,S01,12,down,32,1791211700282.2,10144, 
P01,S01,12,up,32,1791211700352.6,10144, 
P01,S01,12,down,83,1791211700474.2,10145,s
P01,S01,12,down,79,1791211700506.3,10146,o
P01,S01,12,up,83,1791211700567.4,10145,s
P01,S01,12,down,77,1791211700634.8,10147,m
P01,S01,12,up,79,1791211700658.3,10146,o
P01,S01,12,down,69,1791211700726.5,10148,e
P01,S01,12,up,77,1791211700733.4,10147,m
P01,S01,12,up,69,1791211700774.5,10148,e
P01,S01,12,down,32,1791211701100.9,10149, 
P01,S01,12,up,32,1791211701187.9,10149, 
P01,S01,12,down,84,1791211701287.8,10150,t
P01,S01,12,down,72,1791211701371.5,10151,h
P01,S01,12,up,84,1791211701390.9,10150,t
P01,S01,12,down,73,1791211701459.6,10152,i
P01,S01,12,up,72,1791211701472.1,10151,h
P01,S01,12,down,78,1791211701582.7,10153,n
P01,S01,12,up,73,1791211701611.5,10152,i
P01,S01,12,down,71,1791211701659.4,10154,g
P01,S01,12,up,78,1791211701682.7,10153,n
P01,S01,12,up,71,1791211701711.6,10154,g
P01,S01,12,down,32,1791211701823.2,10155, 
P01,S01,12,up,32,1791211701895,10155, 
P01,S01,12,down,70,1791211702017.6,10156,f
P01,S01,12,up,70,1791211702084.7,10156,f
P01,S01,12,down,79,1791211702092.1,10157,o
P01,S01,12,up,79,1791211702168.5,10157,o
P01,S01,12,down,82,1791211702200.8,10158,r
P01,S01,12,down,32,1791211702268.2,10159, 
P01,S01,12,up,82,1791211702275.4,10158,r
P01,S01,12,up,32,1791211702368.1,10159, 
P01,S01,12,down,84,1791211702437.1,10160,t
P01,S01,12,up,84,1791211702549.6,10160,t
P01,S01,12,down,8,1791211702856.4,10161,Backspace
P01,S01,12,up,8,1791211703004.9,10161,Backspace
P01,S01,12,down,65,1791211703090.4,10162,a
P01,S01,12,up,65,1791211703206.2,10162,a
P01,S01,12,down,32,1791211703278.4,10163, 
P01,S01,12,up,32,1791211703406.8,10163, 
P01,S01,12,down,80,1791211705738,10164,p
P01,S01,12,up,80,1791211705837.9,10164,p
P01,S01,12,down,82,1791211705926.5,10165,r
P01,S01,12,down,79,1791211705999.1,10166,o
P01,S01,12,up,82,1791211706049.4,10165,r
P01,S01,12,down,89,1791211706115.6,10167,y
P01,S01,12,up,79,1791211706181.9,10166,o
P01,S01,12,down,69,1791211706206.3,10168,e
P01,S01,12,up,89,1791211706249.7,10167,y
P01,S01,12,up,69,1791211706270.4,10168,e
P01,S01,12,down,67,1791211706358.9,10169,c
P01,S01,12,up,67,1791211706422.7,10169,c
P01,S01,12,down,84,1791211706543.4,10170,t
P01,S01,12,up,84,1791211706619.6,10170,t
P01,S01,12,down,32,1791211706620.7,10171, 
P01,S01,12,up,32,1791211706715.4,10171, 
P01,S01,12,down,8,1791211707049.2,10172,Backspace
P01,S01,12,up,8,1791211707149.1,10172,Backspace
P01,S01,12,down,8,1791211707239.7,10173,Backspace
P01,S01,12,up,8,1791211707311.9,10173,Backspace
P01,S01,12,down,8,1791211707415.7,10174,Backspace
P01,S01,12,up,8,1791211707500,10174,Backspace
P01,S01,12,down,67,1791211708423.7,10175,c
P01,S01,12,down,84,1791211708507.3,10176,t
P01,S01,12,up,67,1791211708519.3,10175,c
P01,S01,12,up,84,1791211708599,10176,t
P01,S01,12,down,32,1791211708633.5,10177, 
P01,S01,12,up,32,1791211708693.4,10177, 
P01,S01,12,down,83,1791211708825.6,10178,s
P01,S01,12,down,79,1791211708873.2,10179,o
P01,S01,12,up,83,1791211708889.1,10178,s
P01,S01,12,up,79,1791211708990.1,10179,o
P01,S01,12,down,82,1791211709010.7,10180,r
P01,S01,12,up,82,1791211709066.3,10180,r
P01,S01,12,down,82,1791211709157.7,10181,r
P01,S01,12,down,89,1791211709232.4,10182,y
P01,S01,12,up,82,1791211709249.6,10181,r
P01,S01,12,up,89,1791211709325.5,10182,y
P01,S01,12,down,13,1791211709794.7,10183,Enter
P01,S01,12,up,13,1791211709910.4,10183,Enter
P01,S01,13,down,17,1791211722890.7,10184,Control
P01,S01,13,up,17,1791211723182.4,10184,Control
P01,S01,13,down,17,1791211723399.4,10185,Control
P01,S01,13,down,72,1791211723833.6,10186,h
P01,S01,13,up,72,1791211723933.2,10186,h
P01,S01,13,up,17,1791211724009.8,10185,Control
P01,S01,13,down,16,1791211724687,10187,Shift
P01,S01,13,down,72,1791211724782.9,10188,H
P01,S01,13,up,72,1791211724898.7,10188,H
P01,S01,13,up,16,1791211724974.1,10187,Shift
P01,S01,13,down,69,1791211725316,10189,e
P01,S01,13,up,69,1791211725400.5,10189,e
P01,S01,13,down,76,1791211725408.2,10190,l
P01,S01,13,up,76,1791211725468.7,10190,l
P01,S01,13,down,76,1791211725561.8,10191,l
P01,S01,13,up,76,1791211725633.7,10191,l
P01,S01,13,down,79,1791211725741.4,10192,o
P01,S01,13,up,79,1791211725832.4,10192,o
P01,S01,13,down,16,1791211726139.5,10193,Shift
P01,S01,13,down,49,1791211726682.6,10194,!
P01,S01,13,up,49,1791211726799.3,10194,!
P01,S01,13,up,16,1791211726803.5,10193,Shift
P01,S01,13,down,32,1791211726949.1,10195, 
P01,S01,13,up,32,1791211727042.3,10195, 
P01,S01,13,down,16,1791211727088.4,10196,Shift
P01,S01,13,down,73,1791211727184.5,10197,I
P01,S01,13,up,73,1791211727316.7,10197,I
P01,S01,13,up,16,1791211727333.2,10196,Shift
P01,S01,13,down,32,1791211727782.7,10198, 
P01,S01,13,up,32,1791211727855.3,10198, 
P01,S01,13,down,65,1791211727982.6,10199,a
P01,S01,13,up,65,1791211728039.4,10199,a
P01,S01,13,down,77,1791211728056.2,10200,m
P01,S01,13,up,77,1791211728172.1,10200,m
P01,S01,13,down,32,1791211728176.1,10201, 
P01,S01,13,up,32,1791211728233,10201, 
P01,S01,13,down,68,1791211728342.2,10202,d
P01,S01,13,down,79,1791211728365.9,10203,o
P01,S01,13,up,68,1791211728401.8,10202,d
P01,S01,13,down,73,1791211728470.3,10204,i
P01,S01,13,up,79,1791211728526.7,10203,o
P01,S01,13,down,78,1791211728534,10205,n
P01,S01,13,up,73,1791211728626.1,10204,i
P01,S01,13,up,78,1791211728665.5,10205,n
P01,S01,13,down,71,1791211728690.2,10206,g
P01,S01,13,up,71,1791211728782.8,10206,g
P01,S01,13,down,32,1791211728794.4,10207, 
P01,S01,13,up,32,1791211728882.7,10207, 
P01,S01,13,down,65,1791211728959.6,10208,a
P01,S01,13,down,32,1791211729007.1,10209, 
P01,S01,13,up,65,1791211729059.4,10208,a
P01,S01,13,up,32,1791211729098.7,10209, 
P01,S01,13,down,85,1791211729127.5,10210,u
P01,S01,13,down,78,1791211729215.7,10211,n
P01,S01,13,up,85,1791211729323.3,10210,u
P01,S01,13,down,73,1791211729339,10212,i
P01,S01,13,up,78,1791211729383.4,10211,n
P01,S01,13,down,86,1791211729449.2,10213,v
P01,S01,13,up,73,1791211729459.1,10212,i
P01,S01,13,up,86,1791211729523.5,10213,v
P01,S01,13,down,69,1791211729625.5,10214,e
P01,S01,13,up,69,1791211729689.3,10214,e
P01,S01,13,down,82,1791211729782.7,10215,r
P01,S01,13,up,82,1791211729843.6,10215,r
P01,S01,13,down,83,1791211729939.4,10216,s
P01,S01,13,down,73,1791211729999,10217,i
P01,S01,13,up,83,1791211729999.4,10216,s
P01,S01,13,up,73,1791211730120,10217,i
P01,S01,13,down,84,1791211730142.8,10218,t
P01,S01,13,up,84,1791211730234.4,10218,t
P01,S01,13,down,89,1791211730253.7,10219,y
P01,S01,13,up,89,1791211730337.2,10219,y
P01,S01,13,down,32,1791211730366.9,10220, 
P01,S01,13,up,32,1791211730464.7,10220, 
P01,S01,13,down,80,1791211730501.4,10221,p
P01,S01,13,up,80,1791211730615.7,10221,p
P01,S01,13,down,82,1791211730681.9,10222,r
P01,S01,13,down,79,1791211730743.2,10223,o
P01,S01,13,up,82,1791211730783.2,10222,r
P01,S01,13,down,89,1791211730865.6,10224,y
P01,S01,13,up,79,1791211730939.3,10223,o
P01,S01,13,down,69,1791211730951.4,10225,e
P01,S01,13,up,69,1791211731011.3,10225,e
P01,S01,13,up,89,1791211731018.8,10224,y
P01,S01,13,down,67,1791211731109.5,10226,c
P01,S01,13,up,67,1791211731185.7,10226,c
P01,S01,13,down,84,1791211731343.3,10227,t
P01,S01,13,down,32,1791211731399.4,10228, 
P01,S01,13,up,84,1791211731433.2,10227,t
P01,S01,13,up,32,1791211731483.6,10228, 
P01,S01,13,down,79,1791211731517.2,10229,o
P01,S01,13,down,78,1791211731605.2,10230,n
P01,S01,13,up,79,1791211731673.1,10229,o
P01,S01,13,down,32,1791211731689.1,10231, 
P01,S01,13,up,78,1791211731716.1,10230,n
P01,S01,13,up,32,1791211731749.4,10231, 
P01,S01,13,down,75,1791211731849,10232,k
P01,S01,13,down,69,1791211731938.2,10233,e
P01,S01,13,up,75,1791211731954.3,10232,k
P01,S01,13,up,69,1791211732054.7,10233,e
P01,S01,13,down,89,1791211732095.2,10234,y
P01,S01,13,up,89,1791211732191.4,10234,y
P01,S01,13,down,83,1791211732361.3,10235,s
P01,S01,13,up,83,1791211732421.3,10235,s
P01,S01,13,down,84,1791211732558.4,10236,t
P01,S01,13,up,84,1791211732632.1,10236,t
P01,S01,13,down,82,1791211732720.8,10237,r
P01,S01,13,down,79,1791211732736.9,10238,o
P01,S01,13,down,75,1791211732815.8,10239,k
P01,S01,13,up,82,1791211732824,10237,r
P01,S01,13,up,79,1791211732887.8,10238,o
P01,S01,13,up,75,1791211732988.8,10239,k
P01,S01,13,down,69,1791211733043.4,10240,e
P01,S01,13,up,69,1791211733155.5,10240,e
P01,S01,13,down,32,1791211733194.5,10241, 
P01,S01,13,up,32,1791211733294.6,10241, 
P01,S01,13,down,68,1791211733461.6,10242,d
P01,S01,13,down,89,1791211733565.2,10243,y
P01,S01,13,up,68,1791211733572.7,10242,d
P01,S01,13,up,89,1791211733677.4,10243,y
P01,S01,13,down,66,1791211733684.9,10244,b
P01,S01,13,up,66,1791211733861.5,10244,b
P01,S01,13,down,65,1791211733905.5,10245,a
P01,S01,13,up,65,1791211734009.5,10245,a
P01,S01,13,down,77,1791211734025.2,10246,m
P01,S01,13,down,73,1791211734125.1,10247,i
P01,S01,13,up,77,1791211734205.2,10246,m
P01,S01,13,down,67,1791211734232.5,10248,c
P01,S01,13,up,73,1791211734285,10247,i
P01,S01,13,up,67,1791211734288.8,10248,c
P01,S01,13,down,83,1791211734399,10249,s
P01,S01,13,down,32,1791211734428.1,10250, 
P01,S01,13,up,83,1791211734483.7,10249,s
P01,S01,13,up,32,1791211734520.7,10250, 
P01,S01,13,down,65,1791211734585.7,10251,a
P01,S01,13,down,78,1791211734624.4,10252,n
P01,S01,13,up,65,1791211734648.7,10251,a
P01,S01,13,up,78,1791211734699.5,10252,n
P01,S01,13,down,68,1791211734753.1,10253,d
P01,S01,13,up,68,1791211734821.2,10253,d
P01,S01,13,down,32,1791211734916,10254, 
P01,S01,13,down,77,1791211734983.4,10255,m
P01,S01,13,up,32,1791211734995.4,10254, 
P01,S01,13,up,77,1791211735091.6,10255,m
P01,S01,13,down,65,1791211735133.1,10256,a
P01,S01,13,up,65,1791211735183.8,10256,a
P01,S01,13,down,67,1791211735300.1,10257,c
P01,S01,13,up,67,1791211735384,10257,c
P01,S01,13,down,74,1791211735387.4,10258,j
P01,S01,13,up,74,1791211735533,10258,j
P01,S01,13,down,8,1791211735806.2,10259,Backspace
P01,S01,13,up,8,1791211735922.6,10259,Backspace
P01,S01,13,down,72,1791211736319.5,10260,h
P01,S01,13,down,73,1791211736443.3,10261,i
P01,S01,13,up,72,1791211736459.1,10260,h
P01,S01,13,down,78,1791211736599.8,10262,n
P01,S01,13,up,73,1791211736667.3,10261,i
P01,S01,13,down,69,1791211736703.5,10263,e
P01,S01,13,up,78,1791211736734.1,10262,n
P01,S01,13,up,69,1791211736750.1,10263,e
P01,S01,13,down,32,1791211736882.4,10264, 
P01,S01,13,up,32,1791211736957.4,10264, 
P01,S01,13,down,76,1791211736987.3,10265,l
P01,S01,13,up,76,1791211737083.6,10265,l
P01,S01,13,down,69,1791211737099.4,10266,e
P01,S01,13,up,69,1791211737131.1,10266,e
P01,S01,13,down,65,1791211737273.9,10267,a
P01,S01,13,up,65,1791211737393.2,10267,a
P01,S01,13,down,78,1791211738141.9,10268,n
P01,S01,13,down,73,1791211738278.2,10269,i
P01,S01,13,up,78,1791211738285.8,10268,n
P01,S01,13,up,73,1791211738357.9,10269,i
P01,S01,13,down,8,1791211738620.8,10270,Backspace
P01,S01,13,up,8,1791211738698.9,10270,Backspace
P01,S01,13,down,8,1791211738815.8,10271,Backspace
P01,S01,13,up,8,1791211738893.3,10271,Backspace
P01,S01,13,down,82,1791211738950.4,10272,r
P01,S01,13,up,82,1791211739083,10272,r
P01,S01,13,down,78,1791211739098.6,10273,n
P01,S01,13,down,73,1791211739186.1,10274,i
P01,S01,13,up,78,1791211739189.6,10273,n
P01,S01,13,down,78,1791211739286.3,10275,n
P01,S01,13,up,73,1791211739337.9,10274,i
P01,S01,13,down,71,1791211739370.3,10276,g
P01,S01,13,up,78,1791211739399.7,10275,n
P01,S01,13,up,71,1791211739458.2,10276,g
P01,S01,13,down,190,1791211739754.5,10277,.
P01,S01,13,up,190,1791211739865.8,10277,.
P01,S01,13,down,32,1791211740039.4,10278, 
P01,S01,13,up,32,1791211740119.3,10278, 
P01,S01,13,down,16,1791211740309.5,10279,Shift
P01,S01,13,down,73,1791211740399,10280,I
P01,S01,13,up,16,1791211740473.2,10279,Shift
P01,S01,13,up,73,1791211740520.6,10280,I
P01,S01,13,down,32,1791211740610.8,10281, 
P01,S01,13,up,32,1791211740674.8,10281, 
P01,S01,13,down,78,1791211740723.3,10282,n
P01,S01,13,up,78,1791211740799.6,10282,n
P01,S01,13,down,69,1791211740832.5,10283,e
P01,S01,13,up,69,1791211740874.2,10283,e
P01,S01,13,down,69,1791211741005.5,10284,e
P01,S01,13,up,69,1791211741077.6,10284,e
P01,S01,13,down,68,1791211741167.4,10285,d
P01,S01,13,up,68,1791211741242.8,10285,d
P01,S01,13,down,32,1791211741255,10286, 
P01,S01,13,up,32,1791211741327.3,10286, 
P01,S01,13,down,84,1791211741392,10287,t
P01,S01,13,down,79,1791211741456,10288,o
P01,S01,13,up,84,1791211741482.7,10287,t
P01,S01,13,up,79,1791211741568.6,10288,o
P01,S01,13,down,32,1791211741615.6,10289, 
P01,S01,13,up,32,1791211741674.7,10289, 
P01,S01,13,down,84,1791211741832.8,10290,t
P01,S01,13,up,84,1791211741936.2,10290,t
P01,S01,13,down,89,1791211742035.4,10291,y
P01,S01,13,up,89,1791211742123.1,10291,y
P01,S01,13,down,80,1791211742138.8,10292,p
P01,S01,13,up,80,1791211742251.6,10292,p
P01,S01,13,down,69,1791211742293.8,10293,e
P01,S01,13,down,32,1791211742366,10294, 
P01,S01,13,up,69,1791211742373.6,10293,e
P01,S01,13,up,32,1791211742466.5,10294, 
P01,S01,13,down,70,1791211742487.7,10295,f
P01,S01,13,down,79,1791211742582.2,10296,o
P01,S01,13,up,70,1791211742600.1,10295,f
P01,S01,13,up,79,1791211742682.6,10296,o
P01,S01,13,down,82,1791211742682.6,10297,r
P01,S01,13,up,82,1791211742752.6,10297,r
P01,S01,13,down,32,1791211742805.2,10298, 
P01,S01,13,up,32,1791211742909.3,10298, 
P01,S01,13,down,65,1791211742949.5,10299,a
P01,S01,13,up,65,1791211743041,10299,a
P01,S01,13,down,66,1791211743042.1,10300,b
P01,S01,13,down,79,1791211743092.4,10301,o
P01,S01,13,down,85,1791211743182.7,10302,u
P01,S01,13,up,66,1791211743204.9,10300,b
P01,S01,13,up,79,1791211743240.6,10301,o
P01,S01,13,up,85,1791211743321.8,10302,u
P01,S01,13,down,32,1791211743433.5,10303, 
P01,S01,13,up,32,1791211743533.5,10303, 
P01,S01,13,down,49,1791211743594.3,10304,1
P01,S01,13,up,49,1791211743682.6,10304,1
P01,S01,13,down,53,1791211743875.1,10305,5
P01,S01,13,down,32,1791211743948.7,10306, 
P01,S01,13,up,53,1791211743984.1,10305,5
P01,S01,13,up,32,1791211744035.4,10306, 
P01,S01,13,down,77,1791211744137.4,10307,m
P01,S01,13,down,73,1791211744215.8,10308,i
P01,S01,13,up,77,1791211744252.9,10307,m
P01,S01,13,up,73,1791211744341.8,10308,i
P01,S01,13,down,78,1791211744357,10309,n
P01,S01,13,down,85,1791211744461.1,10310,u
P01,S01,13,up,78,1791211744509,10309,n
P01,S01,13,down,84,1791211744525,10311,t
P01,S01,13,up,85,1791211744582.7,10310,u
P01,S01,13,up,84,1791211744621.2,10311,t
P01,S01,13,down,69,1791211744733.4,10312,e
P01,S01,13,up,69,1791211744769.1,10312,e
P01,S01,13,down,83,1791211744888.6,10313,s
P01,S01,13,down,32,1791211744965.7,10314, 
P01,S01,13,up,83,1791211744968,10313,s
P01,S01,13,up,32,1791211745065.4,10314, 
P01,S01,13,down,84,1791211745099,10315,t
P01,S01,13,down,79,1791211745133.9,10316,o
P01,S01,13,up,84,1791211745188,10315,t
P01,S01,13,down,32,1791211745239.8,10317, 
P01,S01,13,up,79,1791211745243.6,10316,o
P01,S01,13,down,71,1791211745320.1,10318,g
P01,S01,13,up,32,1791211745344.2,10317, 
P01,S01,13,up,71,1791211745400.3,10318,g
P01,S01,13,down,69,1791211745527.2,10319,e
P01,S01,13,down,78,1791211745595.1,10320,n
P01,S01,13,up,69,1791211745606.8,10319,e
P01,S01,13,up,78,1791211745682.5,10320,n
P01,S01,13,down,69,1791211745704.2,10321,e
P01,S01,13,up,69,1791211745776,10321,e
P01,S01,13,down,82,1791211745848.9,10322,r
P01,S01,13,up,82,1791211745916,10322,r
P01,S01,13,down,65,1791211746022.1,10323,a
P01,S01,13,up,65,1791211746106.2,10323,a
P01,S01,13,down,84,1791211746234.3,10324,t
P01,S01,13,up,84,1791211746299.8,10324,t
P01,S01,13,down,69,1791211746420.1,10325,e
P01,S01,13,up,69,1791211746472.4,10325,e
P01,S01,13,down,32,1791211746507.1,10326, 
P01,S01,13,up,32,1791211746583.9,10326, 
P01,S01,13,down,65,1791211746615,10327,a
P01,S01,13,up,65,1791211746685.8,10327,a
P01,S01,13,down,32,1791211746693.5,10328, 
P01,S01,13,up,32,1791211746765.1,10328, 
P01,S01,13,down,68,1791211746806,10329,d
P01,S01,13,up,68,1791211746865.6,10329,d
P01,S01,13,down,65,1791211746985.3,10330,a
P01,S01,13,down,84,1791211747049.7,10331,t
P01,S01,13,up,65,1791211747052.3,10330,a
P01,S01,13,up,84,1791211747132.5,10331,t
P01,S01,13,down,65,1791211747161.2,10332,a
P01,S01,13,up,65,1791211747248.9,10332,a
P01,S01,13,down,83,1791211747573.4,10333,s
P01,S01,13,up,83,1791211747653.3,10333,s
P01,S01,13,down,69,1791211747770.3,10334,e
P01,S01,13,up,69,1791211747849,10334,e
P01,S01,13,down,84,1791211747982.4,10335,t
P01,S01,13,up,84,1791211748051.4,10335,t
P01,S01,13,down,32,1791211748069,10336, 
P01,S01,13,down,79,1791211748176.7,10337,o
P01,S01,13,up,32,1791211748231.6,10336, 
P01,S01,13,down,70,1791211748309.2,10338,f
P01,S01,13,up,79,1791211748316.7,10337,o
P01,S01,13,up,70,1791211748433.5,10338,f
P01,S01,13,down,32,1791211748516.3,10339, 
P01,S01,13,up,32,1791211748616.4,10339, 
P01,S01,13,down,77,1791211748809.1,10340,m
P01,S01,13,up,77,1791211748914.3,10340,m
P01,S01,13,down,89,1791211748933.5,10341,y
P01,S01,13,up,89,1791211749025.8,10341,y
P01,S01,13,down,32,1791211749069.6,10342, 
P01,S01,13,up,32,1791211749145.2,10342, 
P01,S01,13,down,84,1791211749152.8,10343,t
P01,S01,13,up,84,1791211749257.4,10343,t
P01,S01,13,down,72,1791211749388.1,10344,h
P01,S01,13,up,72,1791211749585.4,10344,h
P01,S01,13,down,8,1791211749982.8,10345,Backspace
P01,S01,13,up,8,1791211750088.1,10345,Backspace
P01,S01,13,down,89,1791211750103.9,10346,y
P01,S01,13,up,89,1791211750236.3,10346,y
P01,S01,13,down,80,1791211750259.2,10347,p
P01,S01,13,up,80,1791211750382.4,10347,p
P01,S01,13,down,73,1791211750833.9,10348,i
P01,S01,13,down,78,1791211750932.3,10349,n
P01,S01,13,up,73,1791211751025.8,10348,i
P01,S01,13,up,78,1791211751073.6,10349,n
P01,S01,13,down,71,1791211751082.1,10350,g
P01,S01,13,up,71,1791211751153.8,10350,g
P01,S01,13,down,32,1791211751191.4,10351, 
P01,S01,13,up,32,1791211751268.3,10351, 
P01,S01,13,down,82,1791211751482.7,10352,r
P01,S01,13,up,82,1791211751549.3,10352,r
P01,S01,13,down,72,1791211751552.3,10353,h
P01,S01,13,up,72,1791211751699.2,10353,h
P01,S01,13,down,89,1791211751700.9,10354,y
P01,S01,13,up,89,1791211751793.1,10354,y
P01,S01,13,down,84,1791211751901.1,10355,t
P01,S01,13,up,84,1791211751988.9,10355,t
P01,S01,13,down,77,1791211751999,10356,m
P01,S01,13,up,77,1791211752121.1,10356,m
P01,S01,13,down,190,1791211752452.2,10357,.
P01,S01,13,down,32,1791211752568.1,10358, 
P01,S01,13,up,190,1791211752571.6,10357,.
P01,S01,13,up,32,1791211752639.6,10358, 
P01,S01,13,down,16,1791211752949.2,10359,Shift
P01,S01,13,down,67,1791211753559.9,10360,C
P01,S01,13,up,67,1791211753687.2,10360,C
P01,S01,13,up,16,1791211753699.1,10359,Shift
P01,S01,13,down,65,1791211753844,10361,a
P01,S01,13,up,65,1791211753916.5,10361,a
P01,S01,13,down,78,1791211753951.9,10362,n
P01,S01,13,down,32,1791211754059.6,10363, 
P01,S01,13,up,78,1791211754075.5,10362,n
P01,S01,13,up,32,1791211754111.8,10363, 
P01,S01,13,down,87,1791211754234.2,10364,w
P01,S01,13,up,87,1791211754310.2,10364,w
P01,S01,13,down,69,1791211754415.9,10365,e
P01,S01,13,down,32,1791211754467.8,10366, 
P01,S01,13,up,69,1791211754499.4,10365,e
P01,S01,13,down,72,1791211754567.8,10367,h
P01,S01,13,up,32,1791211754632.4,10366, 
P01,S01,13,down,65,1791211754692,10368,a
P01,S01,13,up,72,1791211754699.7,10367,h
P01,S01,13,up,65,1791211754816.5,10368,a
P01,S01,13,down,8,1791211755211.1,10369,Backspace
P01,S01,13,up,8,1791211755327.3,10369,Backspace
P01,S01,13,down,8,1791211755425.2,10370,Backspace
P01,S01,13,up,8,1791211755498.3,10370,Backspace
P01,S01,13,down,74,1791211755682.3,10371,j
P01,S01,13,up,74,1791211755707.5,10371,j
P01,S01,13,down,85,1791211755815.8,10372,u
P01,S01,13,up,85,1791211755932,10372,u
P01,S01,13,down,83,1791211755954.8,10373,s
P01,S01,13,up,83,1791211756035.2,10373,s
P01,S01,13,down,84,1791211756199.4,10374,t
P01,S01,13,up,84,1791211756283,10374,t
P01,S01,13,down,32,1791211756283,10375, 
P01,S01,13,down,72,1791211756366.9,10376,h
P01,S01,13,up,32,1791211756416,10375, 
P01,S01,13,down,65,1791211756483.1,10377,a
P01,S01,13,up,72,1791211756498.7,10376,h
P01,S01,13,up,65,1791211756532.5,10377,a
P01,S01,13,down,86,1791211756682.5,10378,v
P01,S01,13,up,86,1791211756755.7,10378,v
P01,S01,13,down,69,1791211756887,10379,e
P01,S01,13,up,69,1791211756958.7,10379,e
P01,S01,13,down,32,1791211756975.4,10380, 
P01,S01,13,up,32,1791211757051.7,10380, 
P01,S01,13,down,65,1791211757083.5,10381,a
P01,S01,13,up,65,1791211757143.7,10381,a
P01,S01,13,down,32,1791211757144.6,10382, 
P01,S01,13,down,67,1791211757259.6,10383,c
P01,S01,13,up,32,1791211757260.1,10382, 
P01,S01,13,up,67,1791211757323.3,10383,c
P01,S01,13,down,65,1791211757432.6,10384,a
P01,S01,13,up,65,1791211757488.7,10384,a
P01,S01,13,down,83,1791211757568.2,10385,s
P01,S01,13,down,85,1791211757633,10386,u
P01,S01,13,up,83,1791211757643.8,10385,s
P01,S01,13,up,85,1791211757728.3,10386,u
P01,S01,13,down,65,1791211757748.4,10387,a
P01,S01,13,down,76,1791211757809.3,10388,l
P01,S01,13,up,65,1791211757814.4,10387,a
P01,S01,13,up,76,1791211757918,10388,l
P01,S01,13,down,32,1791211757921.4,10389, 
P01,S01,13,up,32,1791211757978.2,10389, 
P01,S01,13,down,67,1791211758089.1,10390,c
P01,S01,13,down,79,1791211758245.2,10391,o
P01,S01,13,up,67,1791211758249,10390,c
P01,S01,13,down,78,1791211758320.8,10392,n
P01,S01,13,up,79,1791211758382.4,10391,o
P01,S01,13,down,86,1791211758408.5,10393,v
P01,S01,13,up,78,1791211758468.7,10392,n
P01,S01,13,up,86,1791211758476.7,10393,v
P01,S01,13,down,69,1791211758587.8,10394,e
P01,S01,13,up,69,1791211758652,10394,e
P01,S01,13,down,82,1791211758749.3,10395,r
P01,S01,13,up,82,1791211758823.6,10395,r
P01,S01,13,down,83,1791211758935.1,10396,s
P01,S01,13,up,83,1791211758986.9,10396,s
P01,S01,13,down,65,1791211759092.3,10397,a
P01,S01,13,up,65,1791211759148.8,10397,a
P01,S01,13,down,84,1791211759298.8,10398,t
P01,S01,13,down,73,1791211759338.1,10399,i
P01,S01,13,up,84,1791211759370.3,10398,t
P01,S01,13,down,79,1791211759378,10400,o
P01,S01,13,up,73,1791211759454.3,10399,i
P01,S01,13,down,78,1791211759466,10401,n
P01,S01,13,up,79,1791211759538.4,10400,o
P01,S01,13,up,78,1791211759570.7,10401,n
P01,S01,13,down,16,1791211759664.8,10402,Shift
P01,S01,13,down,191,1791211759749.1,10403,?
P01,S01,13,up,191,1791211759932.4,10403,?
P01,S01,13,up,16,1791211759965.8,10402,Shift
P01,S01,13,down,32,1791211760741.9,10404, 
P01,S01,13,up,32,1791211760832.2,10404, 
P01,S01,13,down,16,1791211761085.1,10405,Shift
P01,S01,13,down,89,1791211761185.1,10406,Y
P01,S01,13,up,89,1791211761276.7,10406,Y
P01,S01,13,up,16,1791211761333,10405,Shift
P01,S01,13,down,79,1791211761344.8,10407,o
P01,S01,13,down,85,1791211761416.9,10408,u
P01,S01,13,up,79,1791211761460.8,10407,o
P01,S01,13,down,32,1791211761517.3,10409, 
P01,S01,13,up,85,1791211761557,10408,u
P01,S01,13,up,32,1791211761576.8,10409, 
P01,S01,13,down,67,1791211761692.9,10410,c
P01,S01,13,up,67,1791211761757,10410,c
P01,S01,13,down,65,1791211761882.4,10411,a
P01,S01,13,up,65,1791211761965.8,10411,a
P01,S01,13,down,78,1791211761984.7,10412,n
P01,S01,13,up,78,1791211762100.6,10412,n
P01,S01,13,down,32,1791211762108.4,10413, 
P01,S01,13,up,32,1791211762169,10413, 
P01,S01,13,down,65,1791211762294.7,10414,a
P01,S01,13,up,65,1791211762358.7,10414,a
P01,S01,13,down,83,1791211762454,10415,s
P01,S01,13,up,83,1791211762554.2,10415,s
P01,S01,13,down,77,1791211762583.7,10416,m
P01,S01,13,up,77,1791211762668.1,10416,m
P01,S01,13,down,8,1791211763450.8,10417,Backspace
P01,S01,13,up,8,1791211763543.7,10417,Backspace
P01,S01,13,down,75,1791211763689.2,10418,k
P01,S01,13,down,32,1791211763776.6,10419, 
P01,S01,13,up,75,1791211763799.9,10418,k
P01,S01,13,up,32,1791211763876.8,10419, 
P01,S01,13,down,77,1791211763907.6,10420,m
P01,S01,13,up,77,1791211764003.8,10420,m
P01,S01,13,down,69,1791211764033.7,10421,e
P01,S01,13,up,69,1791211764101.9,10421,e
P01,S01,13,down,32,1791211764116.6,10422, 
P01,S01,13,up,32,1791211764204.7,10422, 
P01,S01,13,down,81,1791211764269,10423,q
P01,S01,13,down,85,1791211764333,10424,u
P01,S01,13,up,81,1791211764340.2,10423,q
P01,S01,13,up,85,1791211764421.1,10424,u
P01,S01,13,down,69,1791211764455.6,10425,e
P01,S01,13,up,69,1791211764532.2,10425,e
P01,S01,13,down,83,1791211764632.7,10426,s
P01,S01,13,up,83,1791211764677,10426,s
P01,S01,13,down,84,1791211764823.1,10427,t
P01,S01,13,down,73,1791211764867.7,10428,i
P01,S01,13,up,84,1791211764923.3,10427,t
P01,S01,13,down,79,1791211764954.4,10429,o
P01,S01,13,up,73,1791211765014.2,10428,i
P01,S01,13,down,78,1791211765026.2,10430,n
P01,S01,13,up,79,1791211765115.6,10429,o
P01,S01,13,down,32,1791211765142.7,10431, 
P01,S01,13,up,78,1791211765186.3,10430,n
P01,S01,13,up,32,1791211765202.7,10431, 
P01,S01,13,down,65,1791211765335.9,10432,a
P01,S01,13,down,66,1791211765391.7,10433,b
P01,S01,13,up,65,1791211765423.6,10432,a
P01,S01,13,down,79,1791211765482,10434,o
P01,S01,13,down,85,1791211765527.6,10435,u
P01,S01,13,up,66,1791211765543.1,10433,b
P01,S01,13,up,79,1791211765583.5,10434,o
P01,S01,13,up,85,1791211765665.7,10435,u
P01,S01,13,down,84,1791211765668,10436,t
P01,S01,13,up,84,1791211765752.1,10436,t
P01,S01,13,down,32,1791211765771.3,10437, 
P01,S01,13,up,32,1791211765855.7,10437, 
P01,S01,13,down,77,1791211766450.1,10438,m
P01,S01,13,up,77,1791211766548.7,10438,m
P01,S01,13,down,89,1791211766666.3,10439,y
P01,S01,13,down,32,1791211766737.7,10440, 
P01,S01,13,up,89,1791211766793.6,10439,y
P01,S01,13,up,32,1791211766831.5,10440, 
P01,S01,13,down,68,1791211766948.9,10441,d
P01,S01,13,up,68,1791211767024.8,10441,d
P01,S01,13,down,65,1791211767150,10442,a
P01,S01,13,down,89,1791211767237.5,10443,y
P01,S01,13,up,65,1791211767257.8,10442,a
P01,S01,13,up,89,1791211767315.4,10443,y
P01,S01,13,down,188,1791211767598.8,10444,","
P01,S01,13,up,188,1791211767726,10444,","
P01,S01,13,down,32,1791211767749.6,10445, 
P01,S01,13,up,32,1791211767850.1,10445, 
P01,S01,13,down,77,1791211767902.9,10446,m
P01,S01,13,up,77,1791211768015.8,10446,m
P01,S01,13,down,89,1791211768242.7,10447,y
P01,S01,13,up,89,1791211768459.1,10447,y
P01,S01,13,down,32,1791211768510.7,10448, 
P01,S01,13,up,32,1791211768587,10448, 
P01,S01,13,down,72,1791211769083.2,10449,h
P01,S01,13,down,79,1791211769233.8,10450,o
P01,S01,13,up,72,1791211769299.5,10449,h
P01,S01,13,up,79,1791211769382.6,10450,o
P01,S01,13,down,66,1791211769432.5,10451,b
P01,S01,13,up,66,1791211769499,10451,b
P01,S01,13,down,66,1791211769608.1,10452,b
P01,S01,13,down,73,1791211769703.5,10453,i
P01,S01,13,up,66,1791211769731.7,10452,b
P01,S01,13,up,73,1791211769820.1,10453,i
P01,S01,13,down,69,1791211769842.3,10454,e
P01,S01,13,up,69,1791211769915.5,10454,e
P01,S01,13,down,83,1791211770032.7,10455,s
P01,S01,13,up,83,1791211770100,10455,s
P01,S01,13,down,188,1791211770102.5,10456,","
P01,S01,13,up,188,1791211770238.7,10456,","
P01,S01,13,down,32,1791211770271.5,10457, 
P01,S01,13,up,32,1791211770359.4,10457, 
P01,S01,13,down,79,1791211770367.1,10458,o
P01,S01,13,up,79,1791211770491.4,10458,o
P01,S01,13,down,82,1791211770536.6,10459,r
P01,S01,13,up,82,1791211770616.2,10459,r
P01,S01,13,down,32,1791211770616.8,10460, 
P01,S01,13,up,32,1791211770699.5,10460, 
P01,S01,13,down,65,1791211770744.4,10461,a
P01,S01,13,down,78,1791211770815.7,10462,n
P01,S01,13,up,65,1791211770836.5,10461,a
P01,S01,13,down,89,1791211770940.6,10463,y
P01,S01,13,up,78,1791211770984.2,10462,n
P01,S01,13,up,89,1791211771061,10463,y
P01,S01,13,down,84,1791211771103.7,10464,t
P01,S01,13,down,72,1791211771167.5,10465,h
P01,S01,13,up,84,1791211771195.5,10464,t
P01,S01,13,down,73,1791211771243.5,10466,i
P01,S01,13,up,72,1791211771265.8,10465,h
P01,S01,13,down,78,1791211771375.8,10467,n
P01,S01,13,up,73,1791211771427.7,10466,i
P01,S01,13,down,71,1791211771443.6,10468,g
P01,S01,13,up,78,1791211771487.4,10467,n
P01,S01,13,up,71,1791211771500,10468,g
P01,S01,13,down,32,1791211771606.7,10469, 
P01,S01,13,down,89,1791211771699,10470,y
P01,S01,13,up,32,1791211771709.8,10469, 
P01,S01,13,up,89,1791211771818.7,10470,y
P01,S01,13,down,79,1791211771843.4,10471,o
P01,S01,13,down,85,1791211771959.6,10472,u
P01,S01,13,up,79,1791211772039.3,10471,o
P01,S01,13,down,32,1791211772082.3,10473, 
P01,S01,13,up,85,1791211772091.4,10472,u
P01,S01,13,up,32,1791211772151.7,10473, 
P01,S01,13,down,76,1791211772205.3,10474,l
P01,S01,13,down,73,1791211772309.4,10475,i
P01,S01,13,up,76,1791211772365.3,10474,l
P01,S01,13,up,73,1791211772402,10475,i
P01,S01,13,down,75,1791211772509.6,10476,k
P01,S01,13,up,75,1791211772602,10476,k
P01,S01,13,down,69,1791211772621.5,10477,e
P01,S01,13,up,69,1791211772705.4,10477,e
P01,S01,13,down,188,1791211773483.2,10478,","
P01,S01,13,down,32,1791211773566,10479, 
P01,S01,13,up,188,1791211773574.2,10478,","
P01,S01,13,up,32,1791211773650.8,10479, 
P01,S01,13,down,65,1791211773793,10480,a
P01,S01,13,down,78,1791211773876.3,10481,n
P01,S01,13,up,65,1791211773888.1,10480,a
P01,S01,13,up,78,1791211773972.5,10481,n
P01,S01,13,down,68,1791211774011.8,10482,d
P01,S01,13,up,68,1791211774091.4,10482,d
P01,S01,13,down,32,1791211774095.2,10483, 
P01,S01,13,up,32,1791211774171.6,10483, 
P01,S01,13,down,16,1791211774240.9,10484,Shift
P01,S01,13,down,73,1791211774315.8,10485,I
P01,S01,13,up,73,1791211774404.4,10485,I
P01,S01,13,up,16,1791211774437,10484,Shift
P01,S01,13,down,32,1791211775102.9,10486, 
P01,S01,13,up,32,1791211775186.7,10486, 
P01,S01,13,down,87,1791211775249.4,10487,w
P01,S01,13,up,87,1791211775332.6,10487,w
P01,S01,13,down,73,1791211775343.5,10488,i
P01,S01,13,down,76,1791211775508,10489,l
P01,S01,13,up,73,1791211775551,10488,i
P01,S01,13,up,76,1791211775582.7,10489,l
P01,S01,13,down,76,1791211775675.5,10490,l
P01,S01,13,down,32,1791211775759.4,10491, 
P01,S01,13,up,76,1791211775765,10490,l
P01,S01,13,up,32,1791211775827.9,10491, 
P01,S01,13,down,65,1791211775967.8,10492,a
P01,S01,13,up,65,1791211776033.3,10492,a
P01,S01,13,down,78,1791211776066,10493,n
P01,S01,13,down,83,1791211776150.2,10494,s
P01,S01,13,up,78,1791211776161.8,10493,n
P01,S01,13,up,83,1791211776206.2,10494,s
P01,S01,13,down,87,1791211776316.8,10495,w
P01,S01,13,up,87,1791211776392.4,10495,w
P01,S01,13,down,69,1791211776472.8,10496,e
P01,S01,13,up,69,1791211776572.7,10496,e
P01,S01,13,down,82,1791211776650.7,10497,r
P01,S01,13,down,32,1791211776718.6,10498, 
P01,S01,13,up,82,1791211776741.5,10497,r
P01,S01,13,up,32,1791211776822.5,10498, 
P01,S01,13,down,84,1791211776837.5,10499,t
P01,S01,13,down,72,1791211776905.1,10500,h
P01,S01,13,up,84,1791211776932.6,10499,t
P01,S01,13,up,72,1791211776981.3,10500,h
P01,S01,13,down,69,1791211777049.1,10501,e
P01,S01,13,up,69,1791211777135.6,10501,e
P01,S01,13,down,77,1791211777143.1,10502,m
P01,S01,13,up,77,1791211777251.7,10502,m
P01,S01,13,down,13,1791211777372.3,10503,Enter
P01,S01,13,up,13,1791211777515.1,10503,Enter
P01,S01,14,down,16,1791211825249.5,10504,Shift
P01,S01,14,down,82,1791211825382.4,10505,R
P01,S01,14,up,82,1791211825488.4,10505,R
P01,S01,14,up,16,1791211825584.9,10504,Shift
P01,S01,14,down,79,1791211825661,10506,o
P01,S01,14,down,32,1791211825815.8,10507, 
P01,S01,14,up,79,1791211825824.8,10506,o
P01,S01,14,up,32,1791211825901.1,10507, 
P01,S01,14,down,83,1791211826142.2,10508,s
P01,S01,14,up,83,1791211826218.7,10508,s
P01,S01,14,down,8,1791211826628.1,10509,Backspace
P01,S01,14,up,8,1791211826740,10509,Backspace
P01,S01,14,down,8,1791211826840.7,10510,Backspace
P01,S01,14,up,8,1791211826921.1,10510,Backspace
P01,S01,14,down,8,1791211827018,10511,Backspace
P01,S01,14,up,8,1791211827094.2,10511,Backspace
P01,S01,14,down,8,1791211827200.4,10512,Backspace
P01,S01,14,up,8,1791211827303.7,10512,Backspace
P01,S01,14,down,16,1791211827524.3,10513,Shift
P01,S01,14,down,84,1791211827698,10514,T
P01,S01,14,up,84,1791211827787.4,10514,T
P01,S01,14,up,16,1791211827904,10513,Shift
P01,S01,14,down,79,1791211827933.7,10515,o
P01,S01,14,up,79,1791211828078.2,10515,o
P01,S01,14,down,32,1791211828092.6,10516, 
P01,S01,14,up,32,1791211828144.8,10516, 
P01,S01,14,down,83,1791211828266.8,10517,s
P01,S01,14,up,83,1791211828366.9,10517,s
P01,S01,14,down,84,1791211828374.6,10518,t
P01,S01,14,up,84,1791211828511.3,10518,t
P01,S01,14,down,65,1791211828525.6,10519,a
P01,S01,14,down,82,1791211828589.5,10520,r
P01,S01,14,up,65,1791211828605.4,10519,a
P01,S01,14,down,84,1791211828649.6,10521,t
P01,S01,14,up,82,1791211828717.2,10520,r
P01,S01,14,up,84,1791211828757.7,10521,t
P01,S01,14,down,188,1791211828984,10522,","
P01,S01,14,down,32,1791211829135.9,10523, 
P01,S01,14,up,188,1791211829151.8,10522,","
P01,S01,14,up,32,1791211829216.3,10523, 
P01,S01,14,down,16,1791211829350.2,10524,Shift
P01,S01,14,down,73,1791211829415.7,10525,I
P01,S01,14,up,16,1791211829502,10524,Shift
P01,S01,14,up,73,1791211829558.1,10525,I
P01,S01,14,down,32,1791211829625.6,10526, 
P01,S01,14,up,32,1791211829694.1,10526, 
P01,S01,14,down,67,1791211829800.8,10527,c
P01,S01,14,up,67,1791211829861.1,10527,c
P01,S01,14,down,65,1791211829995.1,10528,a
P01,S01,14,up,65,1791211830066.8,10528,a
P01,S01,14,down,78,1791211830074.4,10529,n
P01,S01,14,down,32,1791211830199.2,10530, 
P01,S01,14,up,78,1791211830215.4,10529,n
P01,S01,14,up,32,1791211830270.9,10530, 
P01,S01,14,down,84,1791211830435.9,10531,t
P01,S01,14,up,84,1791211830536,10531,t
P01,S01,14,down,69,1791211830665.7,10532,e
P01,S01,14,up,69,1791211830771.5,10532,e
P01,S01,14,down,76,1791211830782.5,10533,l
P01,S01,14,up,76,1791211830835.4,10533,l
P01,S01,14,down,76,1791211830939.2,10534,l
P01,S01,14,up,76,1791211831027.2,10534,l
P01,S01,14,down,32,1791211831082.6,10535, 
P01,S01,14,up,32,1791211831165.8,10535, 
P01,S01,14,down,89,1791211831273.8,10536,y
P01,S01,14,up,89,1791211831402.3,10536,y
P01,S01,14,down,79,1791211831422.7,10537,o
P01,S01,14,down,85,1791211831526.7,10538,u
P01,S01,14,up,79,1791211831598.8,10537,o
P01,S01,14,down,32,1791211831622.4,10539, 
P01,S01,14,up,85,1791211831666.6,10538,u
P01,S01,14,up,32,1791211831686.9,10539, 
P01,S01,14,down,65,1791211831816.2,10540,a
P01,S01,14,down,32,1791211831831.2,10541, 
P01,S01,14,up,65,1791211831911.3,10540,a
P01,S01,14,up,32,1791211831915.4,10541, 
P01,S01,14,down,66,1791211832026.8,10542,b
P01,S01,14,down,73,1791211832083.1,10543,i
P01,S01,14,up,66,1791211832126.6,10542,b
P01,S01,14,up,73,1791211832195.1,10543,i
P01,S01,14,down,84,1791211832209.4,10544,t
P01,S01,14,up,84,1791211832286,10544,t
P01,S01,14,down,32,1791211832304.6,10545, 
P01,S01,14,up,32,1791211832398.9,10545, 
P01,S01,14,down,65,1791211832476.6,10546,a
P01,S01,14,down,66,1791211832533,10547,b
P01,S01,14,up,65,1791211832576.5,10546,a
P01,S01,14,down,79,1791211832598.4,10548,o
P01,S01,14,up,66,1791211832688.4,10547,b
P01,S01,14,down,85,1791211832689.1,10549,u
P01,S01,14,up,79,1791211832749.2,10548,o
P01,S01,14,up,85,1791211832801.5,10549,u
P01,S01,14,down,84,1791211832815.4,10550,t
P01,S01,14,up,84,1791211832898.5,10550,t
P01,S01,14,down,32,1791211832914.6,10551, 
P01,S01,14,up,32,1791211833009.5,10551, 
P01,S01,14,down,77,1791211833282.5,10552,m
P01,S01,14,up,77,1791211833387,10552,m
P01,S01,14,down,89,1791211833473.1,10553,y
P01,S01,14,up,89,1791211833584.5,10553,y
P01,S01,14,down,83,1791211833598.7,10554,s
P01,S01,14,up,83,1791211833666.4,10554,s
P01,S01,14,down,69,1791211833785,10555,e
P01,S01,14,down,76,1791211833849.7,10556,l
P01,S01,14,up,69,1791211833865.5,10555,e
P01,S01,14,up,76,1791211834001.2,10556,l
P01,S01,14,down,70,1791211834072,10557,f
P01,S01,14,up,70,1791211834200.7,10557,f
P01,S01,14,down,190,1791211835091.1,10558,.
P01,S01,14,down,32,1791211835190.6,10559, 
P01,S01,14,up,190,1791211835209.6,10558,.
P01,S01,14,up,32,1791211835274.4,10559, 
P01,S01,14,down,16,1791211835505.2,10560,Shift
P01,S01,14,down,73,1791211835644.8,10561,I
P01,S01,14,up,73,1791211835752.8,10561,I
P01,S01,14,up,16,1791211835821.3,10560,Shift
P01,S01,14,down,32,1791211835885,10562, 
P01,S01,14,up,32,1791211836017.1,10562, 
P01,S01,14,down,65,1791211836070.9,10563,a
P01,S01,14,up,65,1791211836174.4,10563,a
P01,S01,14,down,77,1791211836191.3,10564,m
P01,S01,14,up,77,1791211836298.9,10564,m
P01,S01,14,down,32,1791211836367,10565, 
P01,S01,14,up,32,1791211836454.7,10565, 
P01,S01,14,down,83,1791211837188.2,10566,s
P01,S01,14,up,83,1791211837248.4,10566,s
P01,S01,14,down,84,1791211837421.6,10567,t
P01,S01,14,up,84,1791211837518,10567,t
P01,S01,14,down,85,1791211837532.7,10568,u
P01,S01,14,up,85,1791211837616.7,10568,u
P01,S01,14,down,68,1791211837649.8,10569,d
P01,S01,14,up,68,1791211837715.4,10569,d
P01,S01,14,down,69,1791211837820.8,10570,e
P01,S01,14,up,69,1791211837889.2,10570,e
P01,S01,14,down,78,1791211837906.2,10571,n
P01,S01,14,up,78,1791211838002.9,10571,n
P01,S01,14,down,84,1791211838026.1,10572,t
P01,S01,14,up,84,1791211838106.6,10572,t
P01,S01,14,down,32,1791211838152.8,10573, 
P01,S01,14,up,32,1791211838260.8,10573, 
P01,S01,14,down,73,1791211838392.6,10574,i
P01,S01,14,down,78,1791211838465.7,10575,n
P01,S01,14,up,73,1791211838532.3,10574,i
P01,S01,14,down,32,1791211838576.4,10576, 
P01,S01,14,up,78,1791211838604.3,10575,n
P01,S01,14,up,32,1791211838624.1,10576, 
P01,S01,14,down,16,1791211838909.6,10577,Shift
P01,S01,14,down,70,1791211839149.8,10578,F
P01,S01,14,up,70,1791211839257.6,10578,F
P01,S01,14,up,16,1791211839348.9,10577,Shift
P01,S01,14,down,82,1791211839376.4,10579,r
P01,S01,14,up,82,1791211839476.8,10579,r
P01,S01,14,down,65,1791211839551.9,10580,a
P01,S01,14,up,65,1791211839643.8,10580,a
P01,S01,14,down,78,1791211839690.7,10581,n
P01,S01,14,down,67,1791211839799.2,10582,c
P01,S01,14,up,78,1791211839818.4,10581,n
P01,S01,14,up,67,1791211839854.5,10582,c
P01,S01,14,down,69,1791211839986.8,10583,e
P01,S01,14,up,69,1791211840065.8,10583,e
P01,S01,14,down,188,1791211840119.7,10584,","
P01,S01,14,up,188,1791211840203.4,10584,","
P01,S01,14,down,32,1791211840656.7,10585, 
P01,S01,14,up,32,1791211840740.3,10585, 
P01,S01,14,down,65,1791211840866.9,10586,a
P01,S01,14,up,65,1791211840934.9,10586,a
P01,S01,14,down,84,1791211841084.7,10587,t
P01,S01,14,up,84,1791211841168.9,10587,t
P01,S01,14,down,32,1791211841202.4,10588, 
P01,S01,14,up,32,1791211841286.8,10588, 
P01,S01,14,down,16,1791211841451.9,10589,Shift
P01,S01,14,down,73,1791211841559.6,10590,I
P01,S01,14,up,73,1791211841683.4,10590,I
P01,S01,14,down,78,1791211842151.8,10591,N
P01,S01,14,up,78,1791211842251.5,10591,N
P01,S01,14,down,83,1791211842567.7,10592,S
P01,S01,14,up,83,1791211842682.5,10592,S
P01,S01,14,down,65,1791211842787.4,10593,A
P01,S01,14,up,65,1791211842916,10593,A
P01,S01,14,up,16,1791211842992.3,10589,Shift
P01,S01,14,down,32,1791211843735.7,10594, 
P01,S01,14,up,32,1791211843819.3,10594, 
P01,S01,14,down,16,1791211845404.6,10595,Shift
P01,S01,14,down,76,1791211845536.8,10596,L
P01,S01,14,up,16,1791211845672.4,10595,Shift
P01,S01,14,up,76,1791211845676.6,10596,L
P01,S01,14,down,89,1791211845941.8,10597,y
P01,S01,14,up,89,1791211846071,10597,y
P01,S01,14,down,79,1791211846108.8,10598,o
P01,S01,14,down,78,1791211846203.9,10599,n
P01,S01,14,up,79,1791211846251.1,10598,o
P01,S01,14,up,78,1791211846319.9,10599,n
P01,S01,14,down,190,1791211846473.2,10600,.
P01,S01,14,up,190,1791211846601.6,10600,.
P01,S01,14,down,32,1791211846605.1,10601, 
P01,S01,14,up,32,1791211846661.6,10601, 
P01,S01,14,down,16,1791211846890.8,10602,Shift
P01,S01,14,down,82,1791211847058.6,10603,R
P01,S01,14,up,82,1791211847190.6,10603,R
P01,S01,14,up,16,1791211847282.8,10602,Shift
P01,S01,14,down,73,1791211847352.7,10604,i
P01,S01,14,down,71,1791211847515.3,10605,g
P01,S01,14,up,73,1791211847549.1,10604,i
P01,S01,14,down,72,1791211847616.7,10606,h
P01,S01,14,up,71,1791211847676.1,10605,g
P01,S01,14,down,84,1791211847716.6,10607,t
P01,S01,14,up,72,1791211847756.4,10606,h
P01,S01,14,up,84,1791211847792.3,10607,t
P01,S01,14,down,32,1791211847932.7,10608, 
P01,S01,14,up,32,1791211847993.5,10608, 
P01,S01,14,down,78,1791211848010,10609,n
P01,S01,14,down,79,1791211848090,10610,o
P01,S01,14,up,78,1791211848133.3,10609,n
P01,S01,14,up,79,1791211848234.5,10610,o
P01,S01,14,down,87,1791211848238.8,10611,w
P01,S01,14,up,87,1791211848322.2,10611,w
P01,S01,14,down,188,1791211848392.3,10612,","
P01,S01,14,up,188,1791211848527.9,10612,","
P01,S01,14,down,32,1791211848532.3,10613, 
P01,S01,14,up,32,1791211848592.6,10613, 
P01,S01,14,down,16,1791211848909.5,10614,Shift
P01,S01,14,down,73,1791211849002.6,10615,I
P01,S01,14,up,73,1791211849089.3,10615,I
P01,S01,14,up,16,1791211849154,10614,Shift
P01,S01,14,down,32,1791211849189.8,10616, 
P01,S01,14,up,32,1791211849282.7,10616, 
P01,S01,14,down,65,1791211849328.3,10617,a
P01,S01,14,up,65,1791211849400.4,10617,a
P01,S01,14,down,77,1791211849403.7,10618,m
P01,S01,14,up,77,1791211849498.9,10618,m
P01,S01,14,down,32,1791211849539.2,10619, 
P01,S01,14,up,32,1791211849607,10619, 
P01,S01,14,down,84,1791211849768.2,10620,t
P01,S01,14,up,84,1791211849852.2,10620,t
P01,S01,14,down,65,1791211849977.8,10621,a
P01,S01,14,down,75,1791211850018.4,10622,k
P01,S01,14,up,65,1791211850070.1,10621,a
P01,S01,14,up,75,1791211850086.2,10622,k
P01,S01,14,down,73,1791211850232.5,10623,i
P01,S01,14,down,78,1791211850293,10624,n
P01,S01,14,up,73,1791211850405.3,10623,i
P01,S01,14,down,71,1791211850469.7,10625,g
P01,S01,14,up,78,1791211850470.9,10624,n
P01,S01,14,up,71,1791211850565.3,10625,g
P01,S01,14,down,32,1791211850598.9,10626, 
P01,S01,14,up,32,1791211850682,10626, 
P01,S01,14,down,65,1791211850751.2,10627,a
P01,S01,14,up,65,1791211850799.6,10627,a
P01,S01,14,down,32,1791211850800.3,10628, 
P01,S01,14,up,32,1791211850887.5,10628, 
P01,S01,14,down,67,1791211850932.7,10629,c
P01,S01,14,up,67,1791211851038.7,10629,c
P01,S01,14,down,79,1791211851182.3,10630,o
P01,S01,14,down,85,1791211851308.7,10631,u
P01,S01,14,up,79,1791211851324,10630,o
P01,S01,14,up,85,1791211851436.9,10631,u
P01,S01,14,down,82,1791211851471.7,10632,r
P01,S01,14,up,82,1791211851565.8,10632,r
P01,S01,14,down,83,1791211851703.6,10633,s
P01,S01,14,up,83,1791211851743.3,10633,s
P01,S01,14,down,69,1791211851860.5,10634,e
P01,S01,14,down,32,1791211851908,10635, 
P01,S01,14,up,69,1791211851960,10634,e
P01,S01,14,up,32,1791211852000.5,10635, 
P01,S01,14,down,73,1791211852032.5,10636,i
P01,S01,14,down,78,1791211852115.8,10637,n
P01,S01,14,up,73,1791211852156,10636,i
P01,S01,14,down,32,1791211852167.9,10638, 
P01,S01,14,up,32,1791211852220.1,10638, 
P01,S01,14,up,78,1791211852236.1,10637,n
P01,S01,14,down,16,1791211852405.5,10639,Shift
P01,S01,14,down,68,1791211852632.2,10640,D
P01,S01,14,up,16,1791211852766.4,10639,Shift
P01,S01,14,up,68,1791211852767.5,10640,D
P01,S01,14,down,65,1791211852915.7,10641,a
P01,S01,14,down,84,1791211853016.7,10642,t
P01,S01,14,up,65,1791211853027.9,10641,a
P01,S01,14,up,84,1791211853088,10642,t
P01,S01,14,down,65,1791211853127.5,10643,a
P01,S01,14,down,32,1791211853171.3,10644, 
P01,S01,14,up,65,1791211853219.3,10643,a
P01,S01,14,up,32,1791211853275.5,10644, 
P01,S01,14,down,16,1791211853415.8,10645,Shift
P01,S01,14,down,77,1791211853502.5,10646,M
P01,S01,14,up,77,1791211853626.2,10646,M
P01,S01,14,up,16,1791211853710,10645,Shift
P01,S01,14,down,73,1791211853710.7,10647,i
P01,S01,14,down,78,1791211853818.6,10648,n
P01,S01,14,up,73,1791211853846.3,10647,i
P01,S01,14,up,78,1791211853926.6,10648,n
P01,S01,14,down,73,1791211853948.7,10649,i
P01,S01,14,down,78,1791211854039.2,10650,n
P01,S01,14,up,73,1791211854099.4,10649,i
P01,S01,14,down,71,1791211854135.6,10651,g
P01,S01,14,up,78,1791211854159.1,10650,n
P01,S01,14,up,71,1791211854259.8,10651,g
P01,S01,14,down,190,1791211854332.8,10652,.
P01,S01,14,down,32,1791211854448.9,10653, 
P01,S01,14,up,190,1791211854483.4,10652,.
P01,S01,14,up,32,1791211854527.4,10653, 
P01,S01,14,down,16,1791211854737.9,10654,Shift
P01,S01,14,down,87,1791211855002.6,10655,W
P01,S01,14,up,16,1791211855190.4,10654,Shift
P01,S01,14,up,87,1791211855194.1,10655,W
P01,S01,14,down,69,1791211855399,10656,e
P01,S01,14,up,69,1791211855523.5,10656,e
P01,S01,14,down,32,1791211855575.2,10657, 
P01,S01,14,up,32,1791211855671.4,10657, 
P01,S01,14,down,65,1791211855686.4,10658,a
P01,S01,14,up,65,1791211855749.3,10658,a
P01,S01,14,down,82,1791211855866.8,10659,r
P01,S01,14,up,82,1791211855948.6,10659,r
P01,S01,14,down,69,1791211856032,10660,e
P01,S01,14,up,69,1791211856103.4,10660,e
P01,S01,14,down,32,1791211856104.4,10661, 
P01,S01,14,up,32,1791211856211.8,10661, 
P01,S01,14,down,84,1791211856275.8,10662,t
P01,S01,14,up,84,1791211856352.6,10662,t
P01,S01,14,down,82,1791211856449,10663,r
P01,S01,14,down,89,1791211856516.4,10664,y
P01,S01,14,up,82,1791211856536.2,10663,r
P01,S01,14,down,73,1791211856620.1,10665,i
P01,S01,14,up,89,1791211856632.3,10664,y
P01,S01,14,down,78,1791211856744.2,10666,n
P01,S01,14,up,73,1791211856820.2,10665,i
P01,S01,14,down,71,1791211856859.8,10667,g
P01,S01,14,up,78,1791211856860.8,10666,n
P01,S01,14,up,71,1791211856948.9,10667,g
P01,S01,14,down,32,1791211856974,10668, 
P01,S01,14,up,32,1791211857065.5,10668, 
P01,S01,14,down,84,1791211857125.4,10669,t
P01,S01,14,up,84,1791211857253.4,10669,t
P01,S01,14,down,79,1791211857309.3,10670,o
P01,S01,14,up,79,1791211857449.9,10670,o
P01,S01,14,down,32,1791211857660.9,10671, 
P01,S01,14,up,32,1791211857768.7,10671, 
P01,S01,14,down,70,1791211858152.2,10672,f
P01,S01,14,down,73,1791211858260,10673,i
P01,S01,14,up,70,1791211858291.3,10672,f
P01,S01,14,up,73,1791211858397.7,10673,i
P01,S01,14,down,71,1791211858425.8,10674,g
P01,S01,14,up,71,1791211858558.6,10674,g
P01,S01,14,down,85,1791211858577.9,10675,u
P01,S01,14,down,82,1791211858698.8,10676,r
P01,S01,14,up,85,1791211858734.4,10675,u
P01,S01,14,up,82,1791211858778.5,10676,r
P01,S01,14,down,69,1791211858876.2,10677,e
P01,S01,14,down,32,1791211858919.8,10678, 
P01,S01,14,up,69,1791211858972.2,10677,e
P01,S01,14,down,79,1791211859036.2,10679,o
P01,S01,14,up,32,1791211859044.2,10678, 
P01,S01,14,down,85,1791211859160.2,10680,u
P01,S01,14,up,79,1791211859223.7,10679,o
P01,S01,14,down,84,1791211859281.7,10681,t
P01,S01,14,up,85,1791211859291.6,10680,u
P01,S01,14,up,84,1791211859388.7,10681,t
P01,S01,14,down,32,1791211859807.3,10682, 
P01,S01,14,up,32,1791211859919.6,10682, 
P01,S01,14,down,73,1791211860298.9,10683,i
P01,S01,14,down,70,1791211860402.3,10684,f
P01,S01,14,up,73,1791211860405.7,10683,i
P01,S01,14,down,32,1791211860489.8,10685, 
P01,S01,14,up,70,1791211860509.6,10684,f
P01,S01,14,up,32,1791211860573.7,10685, 
P01,S01,14,down,89,1791211860716,10686,y
P01,S01,14,down,79,1791211860839.7,10687,o
P01,S01,14,up,89,1791211860843.5,10686,y
P01,S01,14,down,85,1791211860968.5,10688,u
P01,S01,14,up,79,1791211861024,10687,o
P01,S01,14,down,32,1791211861027.2,10689, 
P01,S01,14,up,32,1791211861103.8,10689, 
P01,S01,14,up,85,1791211861115.9,10688,u
P01,S01,14,down,67,1791211861203.4,10690,c
P01,S01,14,up,67,1791211861291.2,10690,c
P01,S01,14,down,65,1791211861415.8,10691,a
P01,S01,14,up,65,1791211861482.6,10691,a
P01,S01,14,down,78,1791211861493.9,10692,n
P01,S01,14,down,32,1791211861589.9,10693, 
P01,S01,14,up,78,1791211861598.5,10692,n
P01,S01,14,up,32,1791211861666.3,10693, 
P01,S01,14,down,82,1791211861788.9,10694,r
P01,S01,14,up,82,1791211861872.8,10694,r
P01,S01,14,down,69,1791211861954.9,10695,e
P01,S01,14,up,69,1791211862011.3,10695,e
P01,S01,14,down,67,1791211862094.2,10696,c
P01,S01,14,down,79,1791211862134.3,10697,o
P01,S01,14,up,67,1791211862173.7,10696,c
P01,S01,14,up,79,1791211862226.1,10697,o
P01,S01,14,down,71,1791211862276.2,10698,g
P01,S01,14,down,78,1791211862335.9,10699,n
P01,S01,14,up,71,1791211862366.9,10698,g
P01,S01,14,down,73,1791211862451.6,10700,i
P01,S01,14,up,78,1791211862486.1,10699,n
P01,S01,14,down,90,1791211862520,10701,z
P01,S01,14,up,73,1791211862567.7,10700,i
P01,S01,14,up,90,1791211862599.6,10701,z
P01,S01,14,down,69,1791211862717.5,10702,e
P01,S01,14,up,69,1791211862806.4,10702,e
P01,S01,14,down,32,1791211862821.9,10703, 
P01,S01,14,up,32,1791211862958.2,10703, 
P01,S01,14,down,65,1791211863015.6,10704,a
P01,S01,14,up,65,1791211863128.3,10704,a
P01,S01,14,down,32,1791211863132.6,10705, 
P01,S01,14,down,80,1791211863219.9,10706,p
P01,S01,14,up,32,1791211863271.7,10705, 
P01,S01,14,down,69,1791211863340.2,10707,e
P01,S01,14,up,80,1791211863367.1,10706,p
P01,S01,14,up,69,1791211863404,10707,e
P01,S01,14,down,82,1791211863493,10708,r
P01,S01,14,up,82,1791211863572.9,10708,r
P01,S01,14,down,79,1791211863682.7,10709,o
P01,S01,14,down,83,1791211863682.8,10710,s
P01,S01,14,up,83,1791211863749.7,10710,s
P01,S01,14,down,78,1791211863765.5,10711,n
P01,S01,14,up,79,1791211863810.7,10709,o
P01,S01,14,up,78,1791211863842.8,10711,n
P01,S01,14,down,32,1791211863878.3,10712, 
P01,S01,14,down,74,1791211863950.5,10713,j
P01,S01,14,up,32,1791211863957.9,10712, 
P01,S01,14,up,74,1791211864032.3,10713,j
P01,S01,14,down,85,1791211864120.3,10714,u
P01,S01,14,down,83,1791211864183,10715,s
P01,S01,14,up,85,1791211864217.7,10714,u
P01,S01,14,up,83,1791211864248.7,10715,s
P01,S01,14,down,84,1791211864402.4,10716,t
P01,S01,14,up,84,1791211864506.2,10716,t
P01,S01,14,down,32,1791211864517.9,10717, 
P01,S01,14,up,32,1791211864582.9,10717, 
P01,S01,14,down,66,1791211864704.4,10718,b
P01,S01,14,down,89,1791211864788,10719,y
P01,S01,14,up,66,1791211864833.7,10718,b
P01,S01,14,down,32,1791211864843.7,10720, 
P01,S01,14,up,89,1791211864907.7,10719,y
P01,S01,14,up,32,1791211864920.2,10720, 
P01,S01,14,down,84,1791211865071.3,10721,t
P01,S01,14,up,84,1791211865158.9,10721,t
P01,S01,14,down,72,1791211865165.3,10722,h
P01,S01,14,up,72,1791211865243.3,10722,h
P01,S01,14,down,69,1791211865282.3,10723,e
P01,S01,14,down,32,1791211865353.1,10724, 
P01,S01,14,up,69,1791211865376.4,10723,e
P01,S01,14,up,32,1791211865440.8,10724, 
P01,S01,14,down,87,1791211866175.5,10725,w
P01,S01,14,up,87,1791211866232.2,10725,w
P01,S01,14,down,65,1791211866340.2,10726,a
P01,S01,14,up,65,1791211866399.6,10726,a
P01,S01,14,down,89,1791211866399.7,10727,y
P01,S01,14,up,89,1791211866482.4,10727,y
P01,S01,14,down,32,1791211866515.5,10728, 
P01,S01,14,up,32,1791211866575.2,10728, 
P01,S01,14,down,84,1791211866719.4,10729,t
P01,S01,14,up,84,1791211866787.5,10729,t
P01,S01,14,down,72,1791211866809.4,10730,h
P01,S01,14,down,69,1791211866901.1,10731,e
P01,S01,14,up,72,1791211866916.8,10730,h
P01,S01,14,up,69,1791211866965.5,10731,e
P01,S01,14,down,89,1791211867643.2,10732,y
P01,S01,14,up,89,1791211867749,10732,y
P01,S01,14,down,32,1791211867772.2,10733, 
P01,S01,14,up,32,1791211867865.8,10733, 
P01,S01,14,down,84,1791211868365.9,10734,t
P01,S01,14,up,84,1791211868465.9,10734,t
P01,S01,14,down,89,1791211868585.3,10735,y
P01,S01,14,up,89,1791211868666,10735,y
P01,S01,14,down,80,1791211868686.8,10736,p
P01,S01,14,up,80,1791211868811.5,10736,p
P01,S01,14,down,69,1791211868865.9,10737,e
P01,S01,14,up,69,1791211868982.5,10737,e
P01,S01,14,down,32,1791211868982.9,10738, 
P01,S01,14,up,32,1791211869087.1,10738, 
P01,S01,14,down,79,1791211869371,10739,o
P01,S01,14,down,78,1791211869470.9,10740,n
P01,S01,14,down,32,1791211869538.5,10741, 
P01,S01,14,up,79,1791211869542.2,10739,o
P01,S01,14,up,78,1791211869602.8,10740,n
P01,S01,14,up,32,1791211869622.8,10741, 
P01,S01,14,down,84,1791211869777.3,10742,t
P01,S01,14,down,72,1791211869836.9,10743,h
P01,S01,14,up,84,1791211869852.9,10742,t
P01,S01,14,up,72,1791211869937.3,10743,h
P01,S01,14,down,69,1791211869982.6,10744,e
P01,S01,14,up,69,1791211870058,10744,e
P01,S01,14,down,73,1791211870072.5,10745,i
P01,S01,14,up,73,1791211870189,10745,i
P01,S01,14,down,82,1791211870206.7,10746,r
P01,S01,14,down,32,1791211870275.5,10747, 
P01,S01,14,up,82,1791211870294.8,10746,r
P01,S01,14,up,32,1791211870387.5,10747, 
P01,S01,14,down,75,1791211870593.5,10748,k
P01,S01,14,up,75,1791211870717,10748,k
P01,S01,14,down,69,1791211870733.2,10749,e
P01,S01,14,up,69,1791211870835.3,10749,e
P01,S01,14,down,89,1791211870853.2,10750,y
P01,S01,14,down,66,1791211870969.2,10751,b
P01,S01,14,up,89,1791211870993.5,10750,y
P01,S01,14,down,79,1791211871121.2,10752,o
P01,S01,14,down,65,1791211871161.4,10753,a
P01,S01,14,up,66,1791211871173.2,10751,b
P01,S01,14,up,65,1791211871241.5,10753,a
P01,S01,14,up,79,1791211871266.7,10752,o
P01,S01,14,down,82,1791211871382.4,10754,r
P01,S01,14,up,82,1791211871461.1,10754,r
P01,S01,14,down,68,1791211871569.2,10755,d
P01,S01,14,up,68,1791211871644.9,10755,d
P01,S01,14,down,190,1791211871664.2,10756,.
P01,S01,14,up,190,1791211871784.5,10756,.
P01,S01,14,down,32,1791211871792.3,10757, 
P01,S01,14,up,32,1791211871860.9,10757, 
P01,S01,14,down,16,1791211872069.5,10758,Shift
P01,S01,14,down,69,1791211872416,10759,E
P01,S01,14,up,69,1791211872508.9,10759,E
P01,S01,14,up,16,1791211872569.5,10758,Shift
P01,S01,14,down,86,1791211873052.3,10760,v
P01,S01,14,down,69,1791211873152.2,10761,e
P01,S01,14,up,86,1791211873165.4,10760,v
P01,S01,14,up,69,1791211873259.7,10761,e
P01,S01,14,down,82,1791211873337.2,10762,r
P01,S01,14,up,82,1791211873441,10762,r
P01,S01,14,down,89,1791211873442.1,10763,y
P01,S01,14,up,89,1791211873533.5,10763,y
P01,S01,14,down,32,1791211873602.1,10764, 
P01,S01,14,up,32,1791211873667.6,10764, 
P01,S01,14,down,80,1791211873699.4,10765,p
P01,S01,14,down,69,1791211873817.1,10766,e
P01,S01,14,up,69,1791211873868.1,10766,e
P01,S01,14,up,80,1791211873872.5,10765,p
P01,S01,14,down,82,1791211873973.1,10767,r
P01,S01,14,up,82,1791211874041,10767,r
P01,S01,14,down,83,1791211874141.7,10768,s
P01,S01,14,down,79,1791211874157.6,10769,o
P01,S01,14,up,83,1791211874216.1,10768,s
P01,S01,14,down,78,1791211874237.6,10770,n
P01,S01,14,up,79,1791211874289.5,10769,o
P01,S01,14,down,32,1791211874337.8,10771, 
P01,S01,14,up,78,1791211874341.5,10770,n
P01,S01,14,up,32,1791211874405.4,10771, 
P01,S01,14,down,72,1791211874416.2,10772,h
P01,S01,14,down,65,1791211874566,10773,a
P01,S01,14,up,72,1791211874566,10772,h
P01,S01,14,up,65,1791211874600.5,10773,a
P01,S01,14,down,83,1791211874702.2,10774,s
P01,S01,14,down,32,1791211874757.6,10775, 
P01,S01,14,up,83,1791211874766.4,10774,s
P01,S01,14,up,32,1791211874874.2,10775, 
P01,S01,14,down,65,1791211874928,10776,a
P01,S01,14,up,65,1791211875060.3,10776,a
P01,S01,14,down,32,1791211875107.9,10777, 
P01,S01,14,up,32,1791211875211.2,10777, 
P01,S01,14,down,85,1791211875315.6,10778,u
P01,S01,14,down,78,1791211875402.5,10779,n
P01,S01,14,down,73,1791211875502.4,10780,i
P01,S01,14,up,85,1791211875502.5,10778,u
P01,S01,14,up,78,1791211875542.1,10779,n
P01,S01,14,down,81,1791211875601.5,10781,q
P01,S01,14,up,73,1791211875610.1,10780,i
P01,S01,14,up,81,1791211875690.7,10781,q
P01,S01,14,down,85,1791211875717.7,10782,u
P01,S01,14,up,85,1791211875784.7,10782,u
P01,S01,14,down,69,1791211875818.9,10783,e
P01,S01,14,down,32,1791211875904.2,10784, 
P01,S01,14,up,69,1791211875917.3,10783,e
P01,S01,14,up,32,1791211876009,10784, 
P01,S01,14,down,82,1791211876668.2,10785,r
P01,S01,14,up,82,1791211876799.3,10785,r
P01,S01,14,down,72,1791211876799.9,10786,h
P01,S01,14,up,72,1791211876928.3,10786,h
P01,S01,14,down,89,1791211876960.7,10787,y
P01,S01,14,up,89,1791211877049.8,10787,y
P01,S01,14,down,84,1791211877134,10788,t
P01,S01,14,up,84,1791211877225.8,10788,t
P01,S01,14,down,188,1791211877267.5,10789,","
P01,S01,14,up,188,1791211877387.3,10789,","
P01,S01,14,down,8,1791211878741.8,10790,Backspace
P01,S01,14,up,8,1791211878849.8,10790,Backspace
P01,S01,14,down,77,1791211879124.6,10791,m
P01,S01,14,up,77,1791211879204.9,10791,m
P01,S01,14,down,188,1791211879301.9,10792,","
P01,S01,14,up,188,1791211879418.3,10792,","
P01,S01,14,down,32,1791211879432.8,10793, 
P01,S01,14,up,32,1791211879520.8,10793, 
P01,S01,14,down,76,1791211879543.3,10794,l
P01,S01,14,down,73,1791211879632,10795,i
P01,S01,14,up,76,1791211879683.2,10794,l
P01,S01,14,up,73,1791211879723.9,10795,i
P01,S01,14,down,75,1791211879843.8,10796,k
P01,S01,14,up,75,1791211879952.1,10796,k
P01,S01,14,down,69,1791211880002.8,10797,e
P01,S01,14,up,69,1791211880089.3,10797,e
P01,S01,14,down,32,1791211880090,10798, 
P01,S01,14,up,32,1791211880190,10798, 
P01,S01,14,down,84,1791211880285.8,10799,t
P01,S01,14,down,72,1791211880373.7,10800,h
P01,S01,14,up,84,1791211880411.5,10799,t
P01,S01,14,up,72,1791211880467.7,10800,h
P01,S01,14,down,69,1791211880519.1,10801,e
P01,S01,14,down,32,1791211880559,10802, 
P01,S01,14,up,69,1791211880607.1,10801,e
P01,S01,14,up,32,1791211880651.3,10802, 
P01,S01,14,down,84,1791211880711,10803,t
P01,S01,14,down,73,1791211880759.3,10804,i
P01,S01,14,up,84,1791211880803.4,10803,t
P01,S01,14,down,77,1791211880827.5,10805,m
P01,S01,14,up,73,1791211880898.6,10804,i
P01,S01,14,down,69,1791211880924.3,10806,e
P01,S01,14,up,77,1791211880959.7,10805,m
P01,S01,14,up,69,1791211881016.1,10806,e
P01,S01,14,down,32,1791211881066.2,10807, 
P01,S01,14,up,32,1791211881136.7,10807, 
P01,S01,14,down,84,1791211881151.5,10808,t
P01,S01,14,down,72,1791211881227.8,10809,h
P01,S01,14,up,84,1791211881255.6,10808,t
P01,S01,14,up,72,1791211881344.2,10809,h
P01,S01,14,down,69,1791211881369,10810,e
P01,S01,14,up,69,1791211881420.6,10810,e
P01,S01,14,down,89,1791211881453.4,10811,y
P01,S01,14,up,89,1791211881503.1,10811,y
P01,S01,14,down,32,1791211881555.5,10812, 
P01,S01,14,up,32,1791211881611.8,10812, 
P01,S01,14,down,72,1791211881802.9,10813,h
P01,S01,14,down,79,1791211881943.1,10814,o
P01,S01,14,up,72,1791211881999.2,10813,h
P01,S01,14,up,79,1791211882049.5,10814,o
P01,S01,14,down,76,1791211882148.3,10815,l
P01,S01,14,down,68,1791211882241.6,10816,d
P01,S01,14,up,76,1791211882249.4,10815,l
P01,S01,14,up,68,1791211882333.4,10816,d
P01,S01,14,down,32,1791211882337.2,10817, 
P01,S01,14,up,32,1791211882431.9,10817, 
P01,S01,14,down,68,1791211882471.8,10818,d
P01,S01,14,down,79,1791211882549.1,10819,o
P01,S01,14,up,68,1791211882567.4,10818,d
P01,S01,14,up,79,1791211882639.9,10819,o
P01,S01,14,down,87,1791211882691,10820,w
P01,S01,14,up,87,1791211882754.7,10820,w
P01,S01,14,down,78,1791211882766,10821,n
P01,S01,14,up,78,1791211882882.7,10821,n
P01,S01,14,down,32,1791211882921.8,10822, 
P01,S01,14,up,32,1791211883014.8,10822, 
P01,S01,14,down,65,1791211883543.7,10823,a
P01,S01,14,down,32,1791211883643.8,10824, 
P01,S01,14,up,65,1791211883651.2,10823,a
P01,S01,14,up,32,1791211883739.8,10824, 
P01,S01,14,down,75,1791211883892,10825,k
P01,S01,14,up,75,1791211884035.9,10825,k
P01,S01,14,down,69,1791211884065.6,10826,e
P01,S01,14,up,69,1791211884143.9,10826,e
P01,S01,14,down,89,1791211884186.8,10827,y
P01,S01,14,up,89,1791211884275,10827,y
P01,S01,14,down,188,1791211884533.2,10828,","
P01,S01,14,down,32,1791211884652.6,10829, 
P01,S01,14,up,188,1791211884672.5,10828,","
P01,S01,14,up,32,1791211884733.1,10829, 
P01,S01,14,down,79,1791211884787.1,10830,o
P01,S01,14,up,79,1791211884892.2,10830,o
P01,S01,14,down,82,1791211884935.7,10831,r
P01,S01,14,down,32,1791211885028,10832, 
P01,S01,14,up,82,1791211885047.2,10831,r
P01,S01,14,up,32,1791211885115.6,10832, 
P01,S01,14,down,84,1791211885157.1,10833,t
P01,S01,14,down,72,1791211885221,10834,h
P01,S01,14,up,84,1791211885237.5,10833,t
P01,S01,14,up,72,1791211885315.7,10834,h
P01,S01,14,down,69,1791211885374.8,10835,e
P01,S01,14,down,32,1791211885418.4,10836, 
P01,S01,14,up,69,1791211885434.2,10835,e
P01,S01,14,up,32,1791211885506.7,10836, 
P01,S01,14,down,77,1791211885682.5,10837,m
P01,S01,14,down,73,1791211885815.9,10838,i
P01,S01,14,up,77,1791211885899,10837,m
P01,S01,14,up,73,1791211885953.9,10838,i
P01,S01,14,down,76,1791211885985.7,10839,l
P01,S01,14,up,76,1791211886073.6,10839,l
P01,S01,14,down,76,1791211886210.9,10840,l
P01,S01,14,down,73,1791211886322.3,10841,i
P01,S01,14,up,76,1791211886385.9,10840,l
P01,S01,14,up,73,1791211886450.6,10841,i
P01,S01,14,down,83,1791211886485.4,10842,s
P01,S01,14,up,83,1791211886582.9,10842,s
P01,S01,14,down,69,1791211886666.5,10843,e
P01,S01,14,up,69,1791211886725.7,10843,e
P01,S01,14,down,67,1791211886836.5,10844,c
P01,S01,14,down,79,1791211886885,10845,o
P01,S01,14,up,67,1791211886933.9,10844,c
P01,S01,14,down,78,1791211886999.2,10846,n
P01,S01,14,up,79,1791211887076.4,10845,o
P01,S01,14,up,78,1791211887172.6,10846,n
P01,S01,14,down,68,1791211887258.9,10847,d
P01,S01,14,up,68,1791211887314.1,10847,d
P01,S01,14,down,83,1791211887426.3,10848,s
P01,S01,14,down,32,1791211887466.3,10849, 
P01,S01,14,up,83,1791211887531.4,10848,s
P01,S01,14,down,73,1791211887626.6,10850,i
P01,S01,14,up,32,1791211887649,10849, 
P01,S01,14,up,73,1791211887738.7,10850,i
P01,S01,14,down,84,1791211887750.8,10851,t
P01,S01,14,up,84,1791211887838.7,10851,t
P01,S01,14,down,32,1791211887855.7,10852, 
P01,S01,14,down,84,1791211887943.6,10853,t
P01,S01,14,up,32,1791211887948.9,10852, 
P01,S01,14,up,84,1791211888028,10853,t
P01,S01,14,down,65,1791211888172.4,10854,a
P01,S01,14,down,75,1791211888233,10855,k
P01,S01,14,up,65,1791211888256.7,10854,a
P01,S01,14,down,69,1791211888357.1,10856,e
P01,S01,14,up,75,1791211888360.3,10855,k
P01,S01,14,up,69,1791211888424.4,10856,e
P01,S01,14,down,83,1791211888517,10857,s
P01,S01,14,down,32,1791211888551,10858, 
P01,S01,14,up,83,1791211888588.6,10857,s
P01,S01,14,up,32,1791211888661.2,10858, 
P01,S01,14,down,84,1791211888749.1,10859,t
P01,S01,14,down,79,1791211888815.8,10860,o
P01,S01,14,up,84,1791211888822.3,10859,t
P01,S01,14,up,79,1791211888915.5,10860,o
P01,S01,14,down,32,1791211888949.3,10861, 
P01,S01,14,down,77,1791211889025.4,10862,m
P01,S01,14,up,32,1791211889037.4,10861, 
P01,S01,14,down,79,1791211889109.2,10863,o
P01,S01,14,up,77,1791211889153.6,10862,m
P01,S01,14,down,86,1791211889169,10864,v
P01,S01,14,up,86,1791211889225,10864,v
P01,S01,14,up,79,1791211889231,10863,o
P01,S01,14,down,69,1791211889366.1,10865,e
P01,S01,14,down,32,1791211889437.4,10866, 
P01,S01,14,up,69,1791211889469.7,10865,e
P01,S01,14,up,32,1791211889537.9,10866, 
P01,S01,14,down,70,1791211889567.9,10867,f
P01,S01,14,up,70,1791211889648.7,10867,f
P01,S01,14,down,82,1791211889737.8,10868,r
P01,S01,14,down,79,1791211889777.7,10869,o
P01,S01,14,up,82,1791211889825.4,10868,r
P01,S01,14,down,77,1791211889865.7,10870,m
P01,S01,14,up,79,1791211889905.4,10869,o
P01,S01,14,down,32,1791211889953.5,10871, 
P01,S01,14,up,77,1791211889978.2,10870,m
P01,S01,14,up,32,1791211890032,10871, 
P01,S01,14,down,79,1791211890051.6,10872,o
P01,S01,14,down,78,1791211890211.1,10873,n
P01,S01,14,up,79,1791211890287.4,10872,o
P01,S01,14,up,78,1791211890352.1,10873,n
P01,S01,14,down,69,1791211890399.1,10874,e
P01,S01,14,up,69,1791211890483.2,10874,e
P01,S01,14,down,32,1791211890484.4,10875, 
P01,S01,14,down,75,1791211890632.8,10876,k
P01,S01,14,up,32,1791211890682.9,10875, 
P01,S01,14,down,69,1791211890794.7,10877,e
P01,S01,14,up,75,1791211890810.5,10876,k
P01,S01,14,up,69,1791211890865.4,10877,e
P01,S01,14,down,89,1791211890877.6,10878,y
P01,S01,14,up,89,1791211890969.7,10878,y
P01,S01,14,down,32,1791211890985.4,10879, 
P01,S01,14,up,32,1791211891053.7,10879, 
P01,S01,14,down,84,1791211891187.9,10880,t
P01,S01,14,down,79,1791211891250,10881,o
P01,S01,14,up,84,1791211891258.7,10880,t
P01,S01,14,up,79,1791211891291.2,10881,o
P01,S01,14,down,32,1791211891299.1,10882, 
P01,S01,14,up,32,1791211891399.7,10882, 
P01,S01,14,down,65,1791211891459.6,10883,a
P01,S01,14,up,65,1791211891555.5,10883,a
P01,S01,14,down,78,1791211891556.3,10884,n
P01,S01,14,down,79,1791211891635.5,10885,o
P01,S01,14,up,78,1791211891699.4,10884,n
P01,S01,14,up,79,1791211891765.8,10885,o
P01,S01,14,down,84,1791211891790.5,10886,t
P01,S01,14,down,72,1791211891901.9,10887,h
P01,S01,14,up,84,1791211891905.3,10886,t
P01,S01,14,down,69,1791211892033.8,10888,e
P01,S01,14,up,72,1791211892037.6,10887,h
P01,S01,14,up,69,1791211892094,10888,e
P01,S01,14,down,82,1791211892189,10889,r
P01,S01,14,up,82,1791211892284.4,10889,r
P01,S01,14,down,190,1791211892298.2,10890,.
P01,S01,14,down,32,1791211892416.8,10891, 
P01,S01,14,up,190,1791211892420.2,10890,.
P01,S01,14,up,32,1791211892492.6,10891, 
P01,S01,14,down,13,1791211892985.5,10892,Enter
P01,S01,14,up,13,1791211893093.8,10892,Enter
P01,S01,15,down,16,1791211893967.7,10893,Shift
P01,S01,15,down,84,1791211894338.9,10894,T
P01,S01,15,up,84,1791211894426,10894,T
P01,S01,15,up,16,1791211894499.7,10893,Shift
P01,S01,15,down,79,1791211894540.9,10895,o
P01,S01,15,down,68,1791211894656.9,10896,d
P01,S01,15,up,79,1791211894704.2,10895,o
P01,S01,15,up,68,1791211894736.8,10896,d
P01,S01,15,down,65,1791211894851.6,10897,a
P01,S01,15,up,65,1791211894916.4,10897,a
P01,S01,15,down,89,1791211894934.1,10898,y
P01,S01,15,up,89,1791211895032.2,10898,y
P01,S01,15,down,32,1791211895053.1,10899, 
P01,S01,15,up,32,1791211895101.2,10899, 
P01,S01,15,down,84,1791211895342.2,10900,t
P01,S01,15,up,84,1791211895438.9,10900,t
P01,S01,15,down,72,1791211895504.6,10901,h
P01,S01,15,up,72,1791211895617.2,10901,h
P01,S01,15,down,69,1791211895640.2,10902,e
P01,S01,15,down,32,1791211895739.9,10903, 
P01,S01,15,up,69,1791211895750.3,10902,e
P01,S01,15,up,32,1791211895867.1,10903, 
P01,S01,15,down,87,1791211904289,10904,w
P01,S01,15,up,87,1791211904383.8,10904,w
P01,S01,15,down,69,1791211904496.1,10905,e
P01,S01,15,up,69,1791211904592.2,10905,e
P01,S01,15,down,65,1791211904754,10906,a
P01,S01,15,up,65,1791211904834.4,10906,a
P01,S01,15,down,84,1791211905001.3,10907,t
P01,S01,15,up,84,1791211905109.2,10907,t
P01,S01,15,down,72,1791211905154.7,10908,h
P01,S01,15,down,69,1791211905250.6,10909,e
P01,S01,15,up,72,1791211905263,10908,h
P01,S01,15,up,69,1791211905316.6,10909,e
P01,S01,15,down,82,1791211905420.9,10910,r
P01,S01,15,up,82,1791211905517,10910,r
P01,S01,15,down,32,1791211905533,10911, 
P01,S01,15,up,32,1791211905650.4,10911, 
P01,S01,15,down,72,1791211905738.8,10912,h
P01,S01,15,down,69,1791211905858.8,10913,e
P01,S01,15,up,72,1791211905886.4,10912,h
P01,S01,15,up,69,1791211905910.9,10913,e
P01,S01,15,down,82,1791211906022.5,10914,r
P01,S01,15,up,82,1791211906103.4,10914,r
P01,S01,15,down,69,1791211906200.3,10915,e
P01,S01,15,down,32,1791211906267.3,10916, 
P01,S01,15,up,69,1791211906301.2,10915,e
P01,S01,15,down,73,1791211906382.5,10917,i
P01,S01,15,up,32,1791211906415.8,10916, 
P01,S01,15,down,83,1791211906449.6,10918,s
P01,S01,15,up,73,1791211906503.1,10917,i
P01,S01,15,up,83,1791211906551.6,10918,s
P01,S01,15,down,32,1791211906603.2,10919, 
P01,S01,15,down,65,1791211906711,10920,a
P01,S01,15,up,32,1791211906739.2,10919, 
P01,S01,15,up,65,1791211906784.1,10920,a
P01,S01,15,down,67,1791211906908.8,10921,c
P01,S01,15,up,67,1791211906969,10921,c
P01,S01,15,down,84,1791211907125.4,10922,t
P01,S01,15,up,84,1791211907221,10922,t
P01,S01,15,down,85,1791211907241.9,10923,u
P01,S01,15,up,85,1791211907349.9,10923,u
P01,S01,15,down,65,1791211907423.7,10924,a
P01,S01,15,down,76,1791211907467.7,10925,l
P01,S01,15,up,65,1791211907483.2,10924,a
P01,S01,15,up,76,1791211907543.9,10925,l
P01,S01,15,down,76,1791211907636.8,10926,l
P01,S01,15,down,89,1791211907788.3,10927,y
P01,S01,15,up,76,1791211907849.8,10926,l
P01,S01,15,down,32,1791211907909.1,10928, 
P01,S01,15,up,89,1791211907940.5,10927,y
P01,S01,15,up,32,1791211907969.1,10928, 
P01,S01,15,down,81,1791211908130.3,10929,q
P01,S01,15,down,85,1791211908201.6,10930,u
P01,S01,15,up,81,1791211908209.4,10929,q
P01,S01,15,down,73,1791211908285.7,10931,i
P01,S01,15,up,85,1791211908369.9,10930,u
P01,S01,15,down,84,1791211908417.4,10932,t
P01,S01,15,up,73,1791211908465.6,10931,i
P01,S01,15,up,84,1791211908510,10932,t
P01,S01,15,down,69,1791211908626.7,10933,e
P01,S01,15,up,69,1791211908722.7,10933,e
P01,S01,15,down,32,1791211908726.1,10934, 
P01,S01,15,up,32,1791211908834.2,10934, 
P01,S01,15,down,78,1791211910231.9,10935,n
P01,S01,15,down,73,1791211910368.3,10936,i
P01,S01,15,up,78,1791211910416.6,10935,n
P01,S01,15,down,67,1791211910480.6,10937,c
P01,S01,15,up,73,1791211910515.9,10936,i
P01,S01,15,up,67,1791211910580.8,10937,c
P01,S01,15,down,69,1791211910736.4,10938,e
P01,S01,15,up,69,1791211910800.3,10938,e
P01,S01,15,down,188,1791211915922.2,10939,","
P01,S01,15,up,188,1791211916065.7,10939,","
P01,S01,15,down,32,1791211916071.4,10940, 
P01,S01,15,up,32,1791211916144.1,10940, 
P01,S01,15,down,84,1791211916282.4,10941,t
P01,S01,15,down,72,1791211916320.9,10942,h
P01,S01,15,up,84,1791211916382.7,10941,t
P01,S01,15,up,72,1791211916445,10942,h
P01,S01,15,down,79,1791211916449.2,10943,o
P01,S01,15,down,85,1791211916556.8,10944,u
P01,S01,15,down,71,1791211916608.6,10945,g
P01,S01,15,up,79,1791211916628.4,10943,o
P01,S01,15,up,85,1791211916704.7,10944,u
P01,S01,15,up,71,1791211916708.9,10945,g
P01,S01,15,down,72,1791211916801.9,10946,h
P01,S01,15,up,72,1791211916894.2,10946,h
P01,S01,15,down,32,1791211917006.6,10947, 
P01,S01,15,up,32,1791211917139.5,10947, 
P01,S01,15,down,73,1791211921823.3,10948,i
P01,S01,15,up,73,1791211921960.6,10948,i
P01,S01,15,down,84,1791211921961.4,10949,t
P01,S01,15,up,84,1791211922073.8,10949,t
P01,S01,15,down,32,1791211922087.9,10950, 
P01,S01,15,down,67,1791211922200.3,10951,c
P01,S01,15,up,32,1791211922201.5,10950, 
P01,S01,15,up,67,1791211922284.5,10951,c
P01,S01,15,down,65,1791211922409,10952,a
P01,S01,15,down,78,1791211922466.4,10953,n
P01,S01,15,up,65,1791211922476.9,10952,a
P01,S01,15,down,32,1791211922585.4,10954, 
P01,S01,15,up,78,1791211922599,10953,n
P01,S01,15,up,32,1791211922653.3,10954, 
P01,S01,15,down,71,1791211922793.2,10955,g
P01,S01,15,up,71,1791211922861,10955,g
P01,S01,15,down,69,1791211922982.3,10956,e
P01,S01,15,up,69,1791211923049.4,10956,e
P01,S01,15,down,84,1791211923166.2,10957,t
P01,S01,15,down,32,1791211923242.9,10958, 
P01,S01,15,up,84,1791211923270.8,10957,t
P01,S01,15,down,79,1791211923358.9,10959,o
P01,S01,15,up,79,1791211923422.4,10959,o
P01,S01,15,up,32,1791211923432.5,10958, 
P01,S01,15,down,8,1791211923749.2,10960,Backspace
P01,S01,15,up,8,1791211923849.3,10960,Backspace
P01,S01,15,down,67,1791211923871,10961,c
P01,S01,15,up,67,1791211923967.1,10961,c
P01,S01,15,down,79,1791211924057.5,10962,o
P01,S01,15,up,79,1791211924149.3,10962,o
P01,S01,15,down,76,1791211924252.8,10963,l
P01,S01,15,up,76,1791211924356.9,10963,l
P01,S01,15,down,68,1791211924371.7,10964,d
P01,S01,15,down,32,1791211924423.6,10965, 
P01,S01,15,up,68,1791211924435.6,10964,d
P01,S01,15,up,32,1791211924516.2,10965, 
P01,S01,15,down,73,1791211924587.3,10966,i
P01,S01,15,down,78,1791211924635.1,10967,n
P01,S01,15,up,73,1791211924671.1,10966,i
P01,S01,15,down,32,1791211924687.2,10968, 
P01,S01,15,up,32,1791211924751,10968, 
P01,S01,15,up,78,1791211924758.9,10967,n
P01,S01,15,down,84,1791211924872.6,10969,t
P01,S01,15,down,72,1791211924932.6,10970,h
P01,S01,15,up,84,1791211924959.6,10969,t
P01,S01,15,up,72,1791211925028.5,10970,h
P01,S01,15,down,69,1791211925074,10971,e
P01,S01,15,down,32,1791211925133.9,10972, 
P01,S01,15,up,69,1791211925145.9,10971,e
P01,S01,15,up,32,1791211925225.8,10972, 
P01,S01,15,down,69,1791211925237.9,10973,e
P01,S01,15,up,69,1791211925299.2,10973,e
P01,S01,15,down,86,1791211925407.2,10974,v
P01,S01,15,up,86,1791211925475.2,10974,v
P01,S01,15,down,69,1791211925582.2,10975,e
P01,S01,15,down,78,1791211925636.2,10976,n
P01,S01,15,up,69,1791211925672.2,10975,e
P01,S01,15,down,73,1791211925699,10977,i
P01,S01,15,up,78,1791211925707.6,10976,n
P01,S01,15,down,78,1791211925792.2,10978,n
P01,S01,15,up,73,1791211925851.3,10977,i
P01,S01,15,down,71,1791211925885.6,10979,g
P01,S01,15,up,78,1791211925907.3,10978,n
P01,S01,15,up,71,1791211925960,10979,g
P01,S01,15,down,83,1791211926091.9,10980,s
P01,S01,15,up,83,1791211926168.2,10980,s
P01,S01,15,down,190,1791211926215.7,10981,.
P01,S01,15,up,190,1791211926318.3,10981,.
P01,S01,15,down,32,1791211926351.2,10982, 
P01,S01,15,up,32,1791211926415.9,10982, 
P01,S01,15,down,16,1791211926616.1,10983,Shift
P01,S01,15,down,79,1791211926682.9,10984,O
P01,S01,15,down,78,1791211926822.1,10985,N
P01,S01,15,up,16,1791211926825.9,10983,Shift
P01,S01,15,up,79,1791211926837.8,10984,O
P01,S01,15,up,78,1791211926958.5,10985,N
P01,S01,15,down,32,1791211926970.2,10986, 
P01,S01,15,up,32,1791211927021.9,10986, 
P01,S01,15,down,87,1791211927185.4,10987,w
P01,S01,15,up,87,1791211927249.7,10987,w
P01,S01,15,down,8,1791211927452.3,10988,Backspace
P01,S01,15,up,8,1791211927565.6,10988,Backspace
P01,S01,15,down,8,1791211927665.7,10989,Backspace
P01,S01,15,up,8,1791211927775.1,10989,Backspace
P01,S01,15,down,8,1791211927857.4,10990,Backspace
P01,S01,15,up,8,1791211927985.4,10990,Backspace
P01,S01,15,down,78,1791211928171.4,10991,n
P01,S01,15,down,32,1791211928275,10992, 
P01,S01,15,up,78,1791211928290.8,10991,n
P01,S01,15,up,32,1791211928319.6,10992, 
P01,S01,15,down,87,1791211928474.3,10993,w
P01,S01,15,up,87,1791211928526,10993,w
P01,S01,15,down,69,1791211928649,10994,e
P01,S01,15,up,69,1791211928717.3,10994,e
P01,S01,15,down,69,1791211928820.2,10995,e
P01,S01,15,down,75,1791211928875.7,10996,k
P01,S01,15,up,69,1791211928899.6,10995,e
P01,S01,15,up,75,1791211928976.2,10996,k
P01,S01,15,down,69,1791211929017.8,10997,e
P01,S01,15,up,69,1791211929093.8,10997,e
P01,S01,15,down,78,1791211929098,10998,n
P01,S01,15,up,78,1791211929194.5,10998,n
P01,S01,15,down,68,1791211929216.3,10999,d
P01,S01,15,up,68,1791211929292.3,10999,d
P01,S01,15,down,83,1791211929418.3,11000,s
P01,S01,15,up,83,1791211929490.2,11000,s
P01,S01,15,down,188,1791211929775.2,11001,","
P01,S01,15,down,32,1791211929854.8,11002, 
P01,S01,15,up,188,1791211929865.5,11001,","
P01,S01,15,up,32,1791211929931.6,11002, 
P01,S01,15,down,16,1791211930127.6,11003,Shift
P01,S01,15,down,73,1791211930203.6,11004,I
P01,S01,15,up,16,1791211930304.2,11003,Shift
P01,S01,15,up,73,1791211930328.5,11004,I
P01,S01,15,down,32,1791211930401.3,11005, 
P01,S01,15,up,32,1791211930485.3,11005, 
P01,S01,15,down,82,1791211930632.5,11006,r
P01,S01,15,up,82,1791211930706.1,11006,r
P01,S01,15,down,69,1791211930805.9,11007,e
P01,S01,15,up,69,1791211930870.5,11007,e
P01,S01,15,down,65,1791211930977.8,11008,a
P01,S01,15,down,76,1791211931037.8,11009,l
P01,S01,15,up,65,1791211931061.6,11008,a
P01,S01,15,up,76,1791211931105.9,11009,l
P01,S01,15,down,76,1791211931206.7,11010,l
P01,S01,15,down,89,1791211931332.3,11011,y
P01,S01,15,up,76,1791211931350.5,11010,l
P01,S01,15,up,89,1791211931436.8,11011,y
P01,S01,15,down,32,1791211931438.8,11012, 
P01,S01,15,up,32,1791211931502.5,11012, 
P01,S01,15,down,69,1791211931639.8,11013,e
P01,S01,15,up,69,1791211931708.1,11013,e
P01,S01,15,down,78,1791211931722.2,11014,n
P01,S01,15,down,74,1791211931842.9,11015,j
P01,S01,15,up,78,1791211931910.3,11014,n
P01,S01,15,down,79,1791211931974.8,11016,o
P01,S01,15,up,74,1791211931994.7,11015,j
P01,S01,15,down,89,1791211932159,11017,y
P01,S01,15,up,79,1791211932200.2,11016,o
P01,S01,15,up,89,1791211932239,11017,y
P01,S01,15,down,32,1791211934838.5,11018, 
P01,S01,15,up,32,1791211934938.2,11018, 
P01,S01,15,down,72,1791211935038.2,11019,h
P01,S01,15,down,65,1791211935121.7,11020,a
P01,S01,15,up,72,1791211935133.7,11019,h
P01,S01,15,up,65,1791211935202.2,11020,a
P01,S01,15,down,78,1791211935250.1,11021,n
P01,S01,15,up,78,1791211935426,11021,n
P01,S01,15,down,71,1791211935456.5,11022,g
P01,S01,15,down,73,1791211935549.3,11023,i
P01,S01,15,up,71,1791211935572.9,11022,g
P01,S01,15,down,78,1791211935653,11024,n
P01,S01,15,up,73,1791211935716.3,11023,i
P01,S01,15,down,71,1791211935732.3,11025,g
P01,S01,15,up,78,1791211935789.1,11024,n
P01,S01,15,up,71,1791211935808.7,11025,g
P01,S01,15,down,32,1791211935922.5,11026, 
P01,S01,15,up,32,1791211936023.1,11026, 
P01,S01,15,down,79,1791211937657.8,11027,o
P01,S01,15,down,85,1791211937773.9,11028,u
P01,S01,15,up,79,1791211937817.2,11027,o
P01,S01,15,up,85,1791211937902,11028,u
P01,S01,15,down,84,1791211937909.5,11029,t
P01,S01,15,up,84,1791211937999,11029,t
P01,S01,15,down,32,1791211938015.3,11030, 
P01,S01,15,up,32,1791211938061.1,11030, 
P01,S01,15,down,87,1791211938158.9,11031,w
P01,S01,15,down,73,1791211938202.7,11032,i
P01,S01,15,up,87,1791211938218.7,11031,w
P01,S01,15,up,73,1791211938375.7,11032,i
P01,S01,15,down,84,1791211938417.9,11033,t
P01,S01,15,up,84,1791211938494.3,11033,t
P01,S01,15,down,72,1791211938532.5,11034,h
P01,S01,15,up,72,1791211938607.6,11034,h
P01,S01,15,down,32,1791211938611.3,11035, 
P01,S01,15,up,32,1791211938708,11035, 
P01,S01,15,down,77,1791211938734.7,11036,m
P01,S01,15,up,77,1791211938827.2,11036,m
P01,S01,15,down,89,1791211938954,11037,y
P01,S01,15,down,32,1791211939025.6,11038, 
P01,S01,15,up,89,1791211939037.3,11037,y
P01,S01,15,up,32,1791211939085.8,11038, 
P01,S01,15,down,70,1791211939194.1,11039,f
P01,S01,15,up,70,1791211939265.8,11039,f
P01,S01,15,down,82,1791211939360.8,11040,r
P01,S01,15,down,73,1791211939437.1,11041,i
P01,S01,15,up,82,1791211939456.7,11040,r
P01,S01,15,up,73,1791211939532.1,11041,i
P01,S01,15,down,69,1791211939554.8,11042,e
P01,S01,15,down,78,1791211939622.2,11043,n
P01,S01,15,up,69,1791211939634.6,11042,e
P01,S01,15,down,68,1791211939738.4,11044,d
P01,S01,15,up,78,1791211939766.4,11043,n
P01,S01,15,up,68,1791211939814.8,11044,d
P01,S01,15,down,83,1791211939937,11045,s
P01,S01,15,up,83,1791211940017.1,11045,s
P01,S01,15,down,188,1791211940341.3,11046,","
P01,S01,15,down,32,1791211940420.6,11047, 
P01,S01,15,up,188,1791211940450.1,11046,","
P01,S01,15,up,32,1791211940515.1,11047, 
P01,S01,15,down,77,1791211940545.2,11048,m
P01,S01,15,down,65,1791211940676.8,11049,a
P01,S01,15,up,77,1791211940682.6,11048,m
P01,S01,15,up,65,1791211940769,11049,a
P01,S01,15,down,89,1791211940831.2,11050,y
P01,S01,15,down,66,1791211940918,11051,b
P01,S01,15,up,89,1791211940986,11050,y
P01,S01,15,down,69,1791211941021.8,11052,e
P01,S01,15,up,66,1791211941033.4,11051,b
P01,S01,15,up,69,1791211941085.9,11052,e
P01,S01,15,down,32,1791211941136,11053, 
P01,S01,15,up,32,1791211941224.1,11053, 
P01,S01,15,down,71,1791211941356.3,11054,g
P01,S01,15,down,79,1791211941423.5,11055,o
P01,S01,15,up,71,1791211941455.6,11054,g
P01,S01,15,down,73,1791211941487.5,11056,i
P01,S01,15,up,79,1791211941571.9,11055,o
P01,S01,15,down,78,1791211941583.4,11057,n
P01,S01,15,up,73,1791211941665,11056,i
P01,S01,15,down,71,1791211941719.8,11058,g
P01,S01,15,up,78,1791211941723.5,11057,n
P01,S01,15,up,71,1791211941915.6,11058,g
P01,S01,15,down,32,1791211941999.4,11059, 
P01,S01,15,up,32,1791211942082.4,11059, 
P01,S01,15,down,84,1791211942149.3,11060,t
P01,S01,15,up,84,1791211942211.8,11060,t
P01,S01,15,down,79,1791211942222.8,11061,o
P01,S01,15,up,79,1791211942315.6,11061,o
P01,S01,15,down,32,1791211942344.4,11062, 
P01,S01,15,up,32,1791211942417,11062, 
P01,S01,15,down,65,1791211942555.5,11063,a
P01,S01,15,up,65,1791211942619.8,11063,a
P01,S01,15,down,32,1791211942635.4,11064, 
P01,S01,15,up,32,1791211942748.7,11064, 
P01,S01,15,down,67,1791211942755.7,11065,c
P01,S01,15,up,67,1791211942800.6,11065,c
P01,S01,15,down,65,1791211942935.5,11066,a
P01,S01,15,up,65,1791211942999.7,11066,a
P01,S01,15,down,70,1791211943132.8,11067,f
P01,S01,15,up,70,1791211943199,11067,f
P01,S01,15,down,69,1791211943303.8,11068,e
P01,S01,15,down,32,1791211943382.5,11069, 
P01,S01,15,up,69,1791211943391.5,11068,e
P01,S01,15,down,79,1791211943459.5,11070,o
P01,S01,15,up,32,1791211943487.4,11069, 
P01,S01,15,up,79,1791211943576,11070,o
P01,S01,15,down,82,1791211943587.6,11071,r
P01,S01,15,down,32,1791211943682.1,11072, 
P01,S01,15,up,82,1791211943691.3,11071,r
P01,S01,15,up,32,1791211943784.1,11072, 
P01,S01,15,down,74,1791211943857.1,11073,j
P01,S01,15,up,74,1791211943968.9,11073,j
P01,S01,15,down,85,1791211944054,11074,u
P01,S01,15,down,83,1791211944074,11075,s
P01,S01,15,up,83,1791211944151.2,11075,s
P01,S01,15,up,85,1791211944152,11074,u
P01,S01,15,down,84,1791211944320.1,11076,t
P01,S01,15,up,84,1791211944399.9,11076,t
P01,S01,15,down,32,1791211944420.5,11077, 
P01,S01,15,up,32,1791211944508.9,11077, 
P01,S01,15,down,82,1791211944532.9,11078,r
P01,S01,15,up,82,1791211944632.4,11078,r
P01,S01,15,down,69,1791211944738.1,11079,e
P01,S01,15,up,69,1791211944866.4,11079,e
P01,S01,15,down,76,1791211944915.7,11080,l
P01,S01,15,up,76,1791211945036.9,11080,l
P01,S01,15,down,65,1791211945055.3,11081,a
P01,S01,15,up,65,1791211945123.8,11081,a
P01,S01,15,down,88,1791211945241.9,11082,x
P01,S01,15,down,73,1791211945315.9,11083,i
P01,S01,15,up,88,1791211945337.8,11082,x
P01,S01,15,down,78,1791211945382.2,11084,n
P01,S01,15,up,73,1791211945437.6,11083,i
P01,S01,15,up,78,1791211945518.2,11084,n
P01,S01,15,down,71,1791211945533.2,11085,g
P01,S01,15,up,71,1791211945648.9,11085,g
P01,S01,15,down,32,1791211946178,11086, 
P01,S01,15,up,32,1791211946273.8,11086, 
P01,S01,15,down,65,1791211946340.2,11087,a
P01,S01,15,up,65,1791211946407.6,11087,a
P01,S01,15,down,84,1791211946570.6,11088,t
P01,S01,15,down,32,1791211946653.7,11089, 
P01,S01,15,up,84,1791211946677.4,11088,t
P01,S01,15,down,72,1791211946741.6,11090,h
P01,S01,15,up,32,1791211946799.4,11089, 
P01,S01,15,down,79,1791211946849.9,11091,o
P01,S01,15,up,72,1791211946873.5,11090,h
P01,S01,15,down,77,1791211947033.9,11092,m
P01,S01,15,up,79,1791211947082.8,11091,o
P01,S01,15,down,69,1791211947109.5,11093,e
P01,S01,15,up,69,1791211947149.8,11093,e
P01,S01,15,up,77,1791211947153.1,11092,m
P01,S01,15,down,32,1791211947282.4,11094, 
P01,S01,15,up,32,1791211947348.9,11094, 
P01,S01,15,down,65,1791211947484.9,11095,a
P01,S01,15,down,78,1791211947544.7,11096,n
P01,S01,15,up,65,1791211947560.9,11095,a
P01,S01,15,up,78,1791211947669.2,11096,n
P01,S01,15,down,68,1791211947685.8,11097,d
P01,S01,15,up,68,1791211947761.8,11097,d
P01,S01,15,down,32,1791211947773.3,11098, 
P01,S01,15,up,32,1791211947878.2,11098, 
P01,S01,15,down,87,1791211947905.5,11099,w
P01,S01,15,up,87,1791211947970.1,11099,w
P01,S01,15,down,65,1791211948157.8,11100,a
P01,S01,15,up,65,1791211948249.9,11100,a
P01,S01,15,down,84,1791211948405.5,11101,t
P01,S01,15,up,84,1791211948489.6,11101,t
P01,S01,15,down,72,1791211948515.7,11102,h
P01,S01,15,up,72,1791211948602,11102,h
P01,S01,15,down,67,1791211948641.7,11103,c
P01,S01,15,up,67,1791211948754.1,11103,c
P01,S01,15,down,73,1791211948945.1,11104,i
P01,S01,15,down,78,1791211949045,11105,n
P01,S01,15,up,73,1791211949115.7,11104,i
P01,S01,15,up,78,1791211949176.5,11105,n
P01,S01,15,down,71,1791211949184.4,11106,g
P01,S01,15,up,71,1791211949269.1,11106,g
P01,S01,15,down,32,1791211949298.6,11107, 
P01,S01,15,up,32,1791211949359.9,11107, 
P01,S01,15,down,83,1791211949425.5,11108,s
P01,S01,15,down,79,1791211949448.9,11109,o
P01,S01,15,up,83,1791211949484.9,11108,s
P01,S01,15,down,77,1791211949505.1,11110,m
P01,S01,15,up,79,1791211949588.8,11109,o
P01,S01,15,up,77,1791211949625.6,11110,m
P01,S01,15,down,69,1791211949633.7,11111,e
P01,S01,15,up,69,1791211949686.7,11111,e
P01,S01,15,down,32,1791211949715.6,11112, 
P01,S01,15,down,83,1791211949807.6,11113,s
P01,S01,15,up,32,1791211949815.5,11112, 
P01,S01,15,up,83,1791211949867.9,11113,s
P01,S01,15,down,69,1791211949982.5,11114,e
P01,S01,15,up,69,1791211950033.1,11114,e
P01,S01,15,down,82,1791211950115.4,11115,r
P01,S01,15,down,73,1791211950177.8,11116,i
P01,S01,15,up,82,1791211950221.6,11115,r
P01,S01,15,up,73,1791211950299.3,11116,i
P01,S01,15,down,69,1791211950334.6,11117,e
P01,S01,15,up,69,1791211950394.8,11117,e
P01,S01,15,down,83,1791211950500,11118,s
P01,S01,15,up,83,1791211950599.9,11118,s
P01,S01,15,down,190,1791211950689.6,11119,.
P01,S01,15,up,190,1791211950842,11119,.
P01,S01,15,down,32,1791211950865.4,11120, 
P01,S01,15,up,32,1791211950933.1,11120, 
P01,S01,15,down,16,1791211951842.3,11121,Shift
P01,S01,15,down,87,1791211952815.8,11122,W
P01,S01,15,down,72,1791211952909.1,11123,H
P01,S01,15,up,16,1791211952916.6,11121,Shift
P01,S01,15,up,87,1791211952920.4,11122,W
P01,S01,15,up,72,1791211952985.5,11123,H
P01,S01,15,down,65,1791211953031.8,11124,a
P01,S01,15,up,65,1791211953116.6,11124,a
P01,S01,15,down,84,1791211953127.2,11125,t
P01,S01,15,up,84,1791211953223.6,11125,t
P01,S01,15,down,32,1791211953266,11126, 
P01,S01,15,up,32,1791211953317.2,11126, 
P01,S01,15,down,65,1791211953432.3,11127,a
P01,S01,15,down,66,1791211953504.3,11128,b
P01,S01,15,up,65,1791211953524.2,11127,a
P01,S01,15,down,79,1791211953660.6,11129,o
P01,S01,15,up,66,1791211953748.9,11128,b
P01,S01,15,down,85,1791211953782.3,11130,u
P01,S01,15,up,79,1791211953844.5,11129,o
P01,S01,15,up,85,1791211953915.7,11130,u
P01,S01,15,down,32,1791211953999.4,11131, 
P01,S01,15,up,32,1791211954136,11131, 
P01,S01,15,down,89,1791211955184.1,11132,y
P01,S01,15,up,89,1791211955305.9,11132,y
P01,S01,15,down,79,1791211955336.7,11133,o
P01,S01,15,down,85,1791211955461.1,11134,u
P01,S01,15,up,79,1791211955489.1,11133,o
P01,S01,15,up,85,1791211955525.1,11134,u
P01,S01,15,down,16,1791211955702.8,11135,Shift
P01,S01,15,down,191,1791211955894.8,11136,?
P01,S01,15,up,16,1791211956127.1,11135,Shift
P01,S01,15,up,191,1791211956128,11136,?
P01,S01,15,down,32,1791211956305.2,11137, 
P01,S01,15,up,32,1791211956369.8,11137, 
P01,S01,15,down,16,1791211956519.9,11138,Shift
P01,S01,15,down,73,1791211956587.5,11139,I
P01,S01,15,up,16,1791211956686.8,11138,Shift
P01,S01,15,up,73,1791211956711,11139,I
P01,S01,15,down,70,1791211956815.6,11140,f
P01,S01,15,down,32,1791211956843.8,11141, 
P01,S01,15,up,70,1791211956890.8,11140,f
P01,S01,15,up,32,1791211956907.4,11141, 
P01,S01,15,down,89,1791211957026,11142,y
P01,S01,15,down,79,1791211957101.7,11143,o
P01,S01,15,up,89,1791211957141,11142,y
P01,S01,15,up,79,1791211957299.5,11143,o
P01,S01,15,down,32,1791211957366.3,11144, 
P01,S01,15,up,32,1791211957442.6,11144, 
P01,S01,15,down,87,1791211958167.2,11145,w
P01,S01,15,up,87,1791211958299.5,11145,w
P01,S01,15,down,69,1791211958466.5,11146,e
P01,S01,15,up,69,1791211958538.5,11146,e
P01,S01,15,down,82,1791211958659.7,11147,r
P01,S01,15,up,82,1791211958719.6,11147,r
P01,S01,15,down,69,1791211958832.5,11148,e
P01,S01,15,down,32,1791211958905.2,11149, 
P01,S01,15,up,69,1791211958933.5,11148,e
P01,S01,15,up,32,1791211959015.7,11149, 
P01,S01,15,down,65,1791211959068.7,11150,a
P01,S01,15,down,32,1791211959117.5,11151, 
P01,S01,15,up,65,1791211959172.2,11150,a
P01,S01,15,up,32,1791211959220.9,11151, 
P01,S01,15,down,66,1791211959383.1,11152,b
P01,S01,15,down,89,1791211959538.4,11153,y
P01,S01,15,up,66,1791211959557.9,11152,b
P01,S01,15,up,89,1791211959626.3,11153,y
P01,S01,15,down,77,1791211959803.7,11154,m
P01,S01,15,up,77,1791211959927.5,11154,m
P01,S01,15,down,65,1791211959949.8,11155,a
P01,S01,15,down,78,1791211960044.9,11156,n
P01,S01,15,up,65,1791211960052.5,11155,a
P01,S01,15,up,78,1791211960125.5,11156,n
P01,S01,15,down,188,1791211960410.6,11157,","
P01,S01,15,down,32,1791211960526.3,11158, 
P01,S01,15,up,188,1791211960527.5,11157,","
P01,S01,15,up,32,1791211960622.1,11158, 
P01,S01,15,down,87,1791211968175.1,11159,w
P01,S01,15,down,72,1791211968244.9,11160,h
P01,S01,15,up,87,1791211968252.5,11159,w
P01,S01,15,down,65,1791211968356.9,11161,a
P01,S01,15,up,72,1791211968365.5,11160,h
P01,S01,15,up,65,1791211968421,11161,a
P01,S01,15,down,84,1791211968566.4,11162,t
P01,S01,15,down,32,1791211968621.5,11163, 
P01,S01,15,up,84,1791211968661.9,11162,t
P01,S01,15,down,75,1791211968778,11164,k
P01,S01,15,up,32,1791211968817.5,11163, 
P01,S01,15,up,75,1791211968878.5,11164,k
P01,S01,15,down,73,1791211968969.1,11165,i
P01,S01,15,down,78,1791211969066,11166,n
P01,S01,15,up,73,1791211969132.8,11165,i
P01,S01,15,down,68,1791211969172.8,11167,d
P01,S01,15,up,78,1791211969182.8,11166,n
P01,S01,15,up,68,1791211969256.5,11167,d
P01,S01,15,down,32,1791211969281.3,11168, 
P01,S01,15,down,79,1791211969393.2,11169,o
P01,S01,15,up,32,1791211969420.8,11168, 
P01,S01,15,down,70,1791211969501,11170,f
P01,S01,15,up,79,1791211969508.8,11169,o
P01,S01,15,down,32,1791211969582.6,11171, 
P01,S01,15,up,70,1791211969600.5,11170,f
P01,S01,15,down,72,1791211969708.9,11172,h
P01,S01,15,up,32,1791211969732.8,11171, 
P01,S01,15,down,79,1791211970057,11173,o
P01,S01,15,up,72,1791211970072.6,11172,h
P01,S01,15,up,79,1791211970298.1,11173,o
P01,S01,15,down,66,1791211970318.5,11174,b
P01,S01,15,up,66,1791211970387,11174,b
P01,S01,15,down,66,1791211970491.9,11175,b
P01,S01,15,down,73,1791211970628,11176,i
P01,S01,15,up,66,1791211970668,11175,b
P01,S01,15,down,69,1791211970736,11177,e
P01,S01,15,up,73,1791211970737.2,11176,i
P01,S01,15,up,69,1791211970800.3,11177,e
P01,S01,15,down,83,1791211970910.1,11178,s
P01,S01,15,down,32,1791211970966.6,11179, 
P01,S01,15,up,83,1791211971001,11178,s
P01,S01,15,up,32,1791211971057.8,11179, 
P01,S01,15,down,68,1791211971121.1,11180,d
P01,S01,15,down,79,1791211971186.3,11181,o
P01,S01,15,up,68,1791211971204.6,11180,d
P01,S01,15,up,79,1791211971284.4,11181,o
P01,S01,15,down,32,1791211971317.9,11182, 
P01,S01,15,up,32,1791211971393.4,11182, 
P01,S01,15,down,89,1791211971408.1,11183,y
P01,S01,15,up,89,1791211971520.7,11183,y
P01,S01,15,down,79,1791211971532.4,11184,o
P01,S01,15,down,85,1791211971640.8,11185,u
P01,S01,15,up,79,1791211971698.6,11184,o
P01,S01,15,down,32,1791211971724.7,11186, 
P01,S01,15,up,85,1791211971756.6,11185,u
P01,S01,15,up,32,1791211971801.1,11186, 
P01,S01,15,down,84,1791211971966.2,11187,t
P01,S01,15,down,72,1791211972016.8,11188,h
P01,S01,15,up,84,1791211972088.8,11187,t
P01,S01,15,down,73,1791211972121.2,11189,i
P01,S01,15,up,72,1791211972148.8,11188,h
P01,S01,15,down,78,1791211972237.9,11190,n
P01,S01,15,up,73,1791211972286.2,11189,i
P01,S01,15,down,71,1791211972321.5,11191,g
P01,S01,15,up,78,1791211972385.3,11190,n
P01,S01,15,up,71,1791211972417.7,11191,g
P01,S01,15,down,32,1791211972549.1,11192, 
P01,S01,15,up,32,1791211972633,11192, 
P01,S01,15,down,89,1791211973338.3,11193,y
P01,S01,15,up,89,1791211973482.8,11193,y
P01,S01,15,down,79,1791211973490.6,11194,o
P01,S01,15,down,85,1791211973607.2,11195,u
P01,S01,15,up,79,1791211973674.5,11194,o
P01,S01,15,down,32,1791211973718.9,11196, 
P01,S01,15,up,85,1791211973734.4,11195,u
P01,S01,15,up,32,1791211973783.1,11196, 
P01,S01,15,down,87,1791211973936.1,11197,w
P01,S01,15,down,79,1791211974003.9,11198,o
P01,S01,15,up,87,1791211974023.1,11197,w
P01,S01,15,up,79,1791211974159.7,11198,o
P01,S01,15,down,85,1791211974161,11199,u
P01,S01,15,down,76,1791211974407.6,11200,l
P01,S01,15,up,85,1791211974471.9,11199,u
P01,S01,15,down,68,1791211974532.2,11201,d
P01,S01,15,up,76,1791211974555.6,11200,l
P01,S01,15,up,68,1791211974599.7,11201,d
P01,S01,15,down,32,1791211974611.6,11202, 
P01,S01,15,up,32,1791211974699.6,11202, 
P01,S01,15,down,69,1791211974719.9,11203,e
P01,S01,15,down,78,1791211974816,11204,n
P01,S01,15,up,69,1791211974831.7,11203,e
P01,S01,15,down,74,1791211974927.8,11205,j
P01,S01,15,up,78,1791211974987.6,11204,n
P01,S01,15,up,74,1791211975084,11205,j
P01,S01,15,down,79,1791211975087.8,11206,o
P01,S01,15,down,89,1791211975220.1,11207,y
P01,S01,15,up,79,1791211975271.4,11206,o
P01,S01,15,down,32,1791211975287.6,11208, 
P01,S01,15,up,89,1791211975307.3,11207,y
P01,S01,15,up,32,1791211975335.4,11208, 
P01,S01,15,down,84,1791211975472.4,11209,t
P01,S01,15,down,72,1791211975532.7,11210,h
P01,S01,15,up,84,1791211975560.4,11209,t
P01,S01,15,up,72,1791211975641,11210,h
P01,S01,15,down,69,1791211975682.3,11211,e
P01,S01,15,down,32,1791211975722.3,11212, 
P01,S01,15,up,69,1791211975770.7,11211,e
P01,S01,15,up,32,1791211975803,11212, 
P01,S01,15,down,77,1791211975932.5,11213,m
P01,S01,15,down,79,1791211976033.9,11214,o
P01,S01,15,down,83,1791211976083.2,11215,s
P01,S01,15,up,77,1791211976097,11213,m
P01,S01,15,up,83,1791211976134.2,11215,s
P01,S01,15,up,79,1791211976166.2,11214,o
P01,S01,15,down,84,1791211976273.1,11216,t
P01,S01,15,up,84,1791211976349.6,11216,t
P01,S01,15,down,16,1791211976533.6,11217,Shift
P01,S01,15,down,191,1791211976589.2,11218,?
P01,S01,15,up,191,1791211976685.9,11218,?
P01,S01,15,up,16,1791211976709.9,11217,Shift
P01,S01,15,down,13,1791211976849,11219,Enter
P01,S01,15,up,13,1791211976917.5,11219,Enter
P01,S01,16,down,16,1791212011459.9,11220,Shift
P01,S01,16,down,65,1791212011760,11221,A
P01,S01,16,up,65,1791212011821.1,11221,A
P01,S01,16,up,16,1791212011859.9,11220,Shift
P01,S01,16,down,16,1791212011978,11222,Shift
P01,S01,16,up,16,1791212012031.8,11222,Shift
P01,S01,16,down,76,1791212012614.3,11223,l
P01,S01,16,up,76,1791212012724.6,11223,l
P01,S01,16,down,83,1791212012776.9,11224,s
P01,S01,16,down,79,1791212012853.1,11225,o
P01,S01,16,up,83,1791212012904.8,11224,s
P01,S01,16,up,79,1791212013001.6,11225,o
P01,S01,16,down,188,1791212013208.7,11226,","
P01,S01,16,down,32,1791212013339.9,11227, 
P01,S01,16,up,188,1791212013349.3,11226,","
P01,S01,16,up,32,1791212013416.3,11227, 
P01,S01,16,down,16,1791212013587.2,11228,Shift
P01,S01,16,down,89,1791212013658.9,11229,Y
P01,S01,16,up,16,1791212013738.6,11228,Shift
P01,S01,16,up,89,1791212013754.5,11229,Y
P01,S01,16,down,32,1791212013877,11230, 
P01,S01,16,up,32,1791212013985.4,11230, 
P01,S01,16,down,8,1791212014274.1,11231,Backspace
P01,S01,16,up,8,1791212014341.9,11231,Backspace
P01,S01,16,down,8,1791212014441.1,11232,Backspace
P01,S01,16,up,8,1791212014508.8,11232,Backspace
P01,S01,16,down,16,1791212014833.3,11233,Shift
P01,S01,16,down,79,1791212014937.2,11234,O
P01,S01,16,up,16,1791212015000.8,11233,Shift
P01,S01,16,up,79,1791212015008.7,11234,O
P01,S01,16,down,73,1791212015075.2,11235,i
P01,S01,16,up,73,1791212015139,11235,i
P01,S01,16,down,8,1791212015403.9,11236,Backspace
P01,S01,16,up,8,1791212015482.3,11236,Backspace
P01,S01,16,down,8,1791212015582.7,11237,Backspace
P01,S01,16,up,8,1791212015702.5,11237,Backspace
P01,S01,16,down,16,1791212015752.2,11238,Shift
P01,S01,16,down,73,1791212015859.8,11239,I
P01,S01,16,up,16,1791212015998.4,11238,Shift
P01,S01,16,up,73,1791212016024.3,11239,I
P01,S01,16,down,32,1791212016140.6,11240, 
P01,S01,16,up,32,1791212016207.9,11240, 
P01,S01,16,down,82,1791212016389,11241,r
P01,S01,16,up,82,1791212016485.4,11241,r
P01,S01,16,down,69,1791212016585.3,11242,e
P01,S01,16,up,69,1791212016669.4,11242,e
P01,S01,16,down,65,1791212016804.1,11243,a
P01,S01,16,up,65,1791212016855.5,11243,a
P01,S01,16,down,76,1791212016867.8,11244,l
P01,S01,16,up,76,1791212016923.8,11244,l
P01,S01,16,down,76,1791212017033.1,11245,l
P01,S01,16,up,76,1791212017121.3,11245,l
P01,S01,16,down,89,1791212017642.8,11246,y
P01,S01,16,up,89,1791212017798.8,11246,y
P01,S01,16,down,32,1791212017837.1,11247, 
P01,S01,16,up,32,1791212017932.7,11247, 
P01,S01,16,down,76,1791212018266.2,11248,l
P01,S01,16,down,73,1791212018438.3,11249,i
P01,S01,16,up,76,1791212018470,11248,l
P01,S01,16,up,73,1791212018570.6,11249,i
P01,S01,16,down,75,1791212043532.5,11250,k
P01,S01,16,up,75,1791212043682.8,11250,k
P01,S01,16,down,69,1791212043769.1,11251,e
P01,S01,16,up,69,1791212043905.2,11251,e
P01,S01,16,down,32,1791212044085.1,11252, 
P01,S01,16,up,32,1791212044217.3,11252, 
P01,S01,16,down,84,1791212044909.5,11253,t
P01,S01,16,up,84,1791212044985.3,11253,t
P01,S01,16,down,82,1791212045082.4,11254,r
P01,S01,16,up,82,1791212045166.2,11254,r
P01,S01,16,down,65,1791212045306.2,11255,a
P01,S01,16,up,65,1791212045366.5,11255,a
P01,S01,16,down,86,1791212045490,11256,v
P01,S01,16,up,86,1791212045582.3,11256,v
P01,S01,16,down,69,1791212045686.1,11257,e
P01,S01,16,down,76,1791212045750.2,11258,l
P01,S01,16,up,69,1791212045793.8,11257,e
P01,S01,16,down,73,1791212045815.6,11259,i
P01,S01,16,down,78,1791212045894.1,11260,n
P01,S01,16,up,76,1791212045901.5,11258,l
P01,S01,16,up,73,1791212045977.3,11259,i
P01,S01,16,down,71,1791212046048.1,11261,g
P01,S01,16,up,78,1791212046053.5,11260,n
P01,S01,16,up,71,1791212046148.7,11261,g
P01,S01,16,down,190,1791212046506,11262,.
P01,S01,16,down,32,1791212046605.7,11263, 
P01,S01,16,up,190,1791212046633,11262,.
P01,S01,16,up,32,1791212046670,11263, 
P01,S01,16,down,16,1791212046849,11264,Shift
P01,S01,16,down,76,1791212046921.2,11265,L
P01,S01,16,up,16,1791212046999.4,11264,Shift
P01,S01,16,up,76,1791212047064.7,11265,L
P01,S01,16,down,65,1791212047119.2,11266,a
P01,S01,16,up,65,1791212047188.1,11266,a
P01,S01,16,down,83,1791212047276.8,11267,s
P01,S01,16,up,83,1791212047361.2,11267,s
P01,S01,16,down,84,1791212047492,11268,t
P01,S01,16,down,32,1791212047575.6,11269, 
P01,S01,16,up,84,1791212047582.9,11268,t
P01,S01,16,up,32,1791212047651.7,11269, 
P01,S01,16,down,83,1791212047704.7,11270,s
P01,S01,16,up,83,1791212047776.9,11270,s
P01,S01,16,down,85,1791212048216.3,11271,u
P01,S01,16,up,85,1791212048316.5,11271,u
P01,S01,16,down,77,1791212048415.7,11272,m
P01,S01,16,up,77,1791212048493.9,11272,m
P01,S01,16,down,77,1791212048566.1,11273,m
P01,S01,16,down,69,1791212048653.8,11274,e
P01,S01,16,up,77,1791212048654.7,11273,m
P01,S01,16,up,69,1791212048732.7,11274,e
P01,S01,16,down,82,1791212048815.7,11275,r
P01,S01,16,down,188,1791212048876.3,11276,","
P01,S01,16,up,82,1791212048899.2,11275,r
P01,S01,16,down,32,1791212048999,11277, 
P01,S01,16,up,188,1791212049004.4,11276,","
P01,S01,16,up,32,1791212049077.1,11277, 
P01,S01,16,down,16,1791212049215.4,11278,Shift
P01,S01,16,down,73,1791212049300.6,11279,I
P01,S01,16,up,73,1791212049381.1,11279,I
P01,S01,16,up,16,1791212049415,11278,Shift
P01,S01,16,down,32,1791212049438.4,11280, 
P01,S01,16,up,32,1791212049565.6,11280, 
P01,S01,16,down,87,1791212049566.4,11281,w
P01,S01,16,up,87,1791212049651,11281,w
P01,S01,16,down,69,1791212049749.3,11282,e
P01,S01,16,up,69,1791212049833,11282,e
P01,S01,16,down,78,1791212049840.6,11283,n
P01,S01,16,up,78,1791212049973.2,11283,n
P01,S01,16,down,84,1791212050542.3,11284,t
P01,S01,16,down,32,1791212050593.7,11285, 
P01,S01,16,up,84,1791212050625,11284,t
P01,S01,16,up,32,1791212050689.6,11285, 
P01,S01,16,down,84,1791212050725.5,11286,t
P01,S01,16,down,79,1791212050753.7,11287,o
P01,S01,16,up,84,1791212050801.3,11286,t
P01,S01,16,up,79,1791212050886.2,11287,o
P01,S01,16,down,32,1791212051044.9,11288, 
P01,S01,16,up,32,1791212051165.6,11288, 
P01,S01,16,down,65,1791212051187.9,11289,a
P01,S01,16,up,65,1791212051284.1,11289,a
P01,S01,16,down,32,1791212051301.9,11290, 
P01,S01,16,up,32,1791212051418.5,11290, 
P01,S01,16,down,70,1791212051488.3,11291,f
P01,S01,16,up,70,1791212051573.1,11291,f
P01,S01,16,down,69,1791212051694.6,11292,e
P01,S01,16,up,69,1791212051767.1,11292,e
P01,S01,16,down,87,1791212051871.7,11293,w
P01,S01,16,up,87,1791212051982.5,11293,w
P01,S01,16,down,32,1791212051983.7,11294, 
P01,S01,16,down,80,1791212052099.9,11295,p
P01,S01,16,up,32,1791212052107.4,11294, 
P01,S01,16,down,76,1791212052271.7,11296,l
P01,S01,16,down,65,1791212052335.6,11297,a
P01,S01,16,up,80,1791212052343.4,11295,p
P01,S01,16,up,65,1791212052391.2,11297,a
P01,S01,16,up,76,1791212052428,11296,l
P01,S01,16,down,67,1791212052507.5,11298,c
P01,S01,16,up,67,1791212052565.6,11298,c
P01,S01,16,down,69,1791212052683.4,11299,e
P01,S01,16,up,69,1791212052739.4,11299,e
P01,S01,16,down,83,1791212052840.9,11300,s
P01,S01,16,up,83,1791212052908.7,11300,s
P01,S01,16,down,32,1791212053005.1,11301, 
P01,S01,16,up,32,1791212053082.5,11301, 
P01,S01,16,down,87,1791212053202.3,11302,w
P01,S01,16,down,73,1791212053274,11303,i
P01,S01,16,up,87,1791212053281.9,11302,w
P01,S01,16,up,73,1791212053382.8,11303,i
P01,S01,16,down,84,1791212053403.4,11304,t
P01,S01,16,up,84,1791212053507.4,11304,t
P01,S01,16,down,72,1791212053516,11305,h
P01,S01,16,up,72,1791212053591.6,11305,h
P01,S01,16,down,32,1791212053655.6,11306, 
P01,S01,16,up,32,1791212053751.3,11306, 
P01,S01,16,down,78,1791212053754.9,11307,n
P01,S01,16,up,78,1791212053960.2,11307,n
P01,S01,16,down,8,1791212054390.9,11308,Backspace
P01,S01,16,up,8,1791212054487.1,11308,Backspace
P01,S01,16,down,77,1791212054575.7,11309,m
P01,S01,16,up,77,1791212054692.3,11309,m
P01,S01,16,down,89,1791212054734.9,11310,y
P01,S01,16,up,89,1791212054834.2,11310,y
P01,S01,16,down,32,1791212054835.2,11311, 
P01,S01,16,up,32,1791212054890.5,11311, 
P01,S01,16,down,70,1791212055007.8,11312,f
P01,S01,16,up,70,1791212055059.7,11312,f
P01,S01,16,down,65,1791212055182.2,11313,a
P01,S01,16,down,77,1791212055190.7,11314,m
P01,S01,16,down,73,1791212055274.5,11315,i
P01,S01,16,up,65,1791212055282.3,11313,a
P01,S01,16,down,76,1791212055354.3,11316,l
P01,S01,16,up,77,1791212055365,11314,m
P01,S01,16,up,73,1791212055399.5,11315,i
P01,S01,16,down,73,1791212055526.7,11317,i
P01,S01,16,up,76,1791212055574.3,11316,l
P01,S01,16,up,73,1791212055665.8,11317,i
P01,S01,16,down,8,1791212056649.2,11318,Backspace
P01,S01,16,up,8,1791212056769.2,11318,Backspace
P01,S01,16,down,84,1791212056878,11319,t
P01,S01,16,up,84,1791212056982.4,11319,t
P01,S01,16,down,188,1791212057855.9,11320,","
P01,S01,16,down,32,1791212057927.7,11321, 
P01,S01,16,up,188,1791212057959.5,11320,","
P01,S01,16,up,32,1791212057995.8,11321, 
P01,S01,16,down,16,1791212058142.8,11322,Shift
P01,S01,16,down,73,1791212058226.9,11323,I
P01,S01,16,up,16,1791212058342.5,11322,Shift
P01,S01,16,up,73,1791212058366.9,11323,I
P01,S01,16,down,84,1791212058502.5,11324,t
P01,S01,16,up,84,1791212058599.4,11324,t
P01,S01,16,down,32,1791212058618.7,11325, 
P01,S01,16,down,73,1791212058782.3,11326,i
P01,S01,16,up,32,1791212058810.5,11325, 
P01,S01,16,up,73,1791212058926.7,11326,i
P01,S01,16,down,83,1791212058943,11327,s
P01,S01,16,up,83,1791212059059.5,11327,s
P01,S01,16,down,32,1791212059067.3,11328, 
P01,S01,16,up,32,1791212059183.9,11328, 
P01,S01,16,down,65,1791212060048.4,11329,a
P01,S01,16,down,76,1791212060132.2,11330,l
P01,S01,16,up,65,1791212060160.6,11329,a
P01,S01,16,down,87,1791212060257.3,11331,w
P01,S01,16,up,76,1791212060269,11330,l
P01,S01,16,up,87,1791212060314.7,11331,w
P01,S01,16,down,65,1791212060416.8,11332,a
P01,S01,16,up,65,1791212060515.7,11332,a
P01,S01,16,down,89,1791212060516.5,11333,y
P01,S01,16,up,89,1791212060633.1,11333,y
P01,S01,16,down,83,1791212060650.7,11334,s
P01,S01,16,up,83,1791212060732.3,11334,s
P01,S01,16,down,32,1791212060770.4,11335, 
P01,S01,16,up,32,1791212060886.9,11335, 
P01,S01,16,down,71,1791212060949,11336,g
P01,S01,16,up,71,1791212061036.1,11336,g
P01,S01,16,down,82,1791212061155.3,11337,r
P01,S01,16,up,82,1791212061248.4,11337,r
P01,S01,16,down,69,1791212061337.8,11338,e
P01,S01,16,up,69,1791212061384.2,11338,e
P01,S01,16,down,65,1791212061502.8,11339,a
P01,S01,16,up,65,1791212061583,11339,a
P01,S01,16,down,84,1791212061599,11340,t
P01,S01,16,up,84,1791212061665.7,11340,t
P01,S01,16,down,32,1791212061715.6,11341, 
P01,S01,16,up,32,1791212061783.3,11341, 
P01,S01,16,down,84,1791212061934.5,11342,t
P01,S01,16,down,79,1791212061994.5,11343,o
P01,S01,16,up,84,1791212062014.5,11342,t
P01,S01,16,down,32,1791212062082.7,11344, 
P01,S01,16,up,79,1791212062126.5,11343,o
P01,S01,16,down,68,1791212062166.4,11345,d
P01,S01,16,up,32,1791212062201.9,11344, 
P01,S01,16,up,68,1791212062306.3,11345,d
P01,S01,16,down,73,1791212062320.8,11346,i
P01,S01,16,down,83,1791212062415.9,11347,s
P01,S01,16,up,73,1791212062433.8,11346,i
P01,S01,16,up,83,1791212062473.3,11347,s
P01,S01,16,down,67,1791212062587.6,11348,c
P01,S01,16,down,79,1791212062655.1,11349,o
P01,S01,16,up,67,1791212062665.4,11348,c
P01,S01,16,down,86,1791212062759.5,11350,v
P01,S01,16,up,79,1791212062765,11349,o
P01,S01,16,up,86,1791212062832,11350,v
P01,S01,16,down,69,1791212062944.9,11351,e
P01,S01,16,up,69,1791212063000.6,11351,e
P01,S01,16,down,82,1791212063098.7,11352,r
P01,S01,16,down,32,1791212063183.7,11353, 
P01,S01,16,up,82,1791212063188.5,11352,r
P01,S01,16,up,32,1791212063264.6,11353, 
P01,S01,16,down,78,1791212063421.8,11354,n
P01,S01,16,down,69,1791212063477.5,11355,e
P01,S01,16,up,78,1791212063499.4,11354,n
P01,S01,16,up,69,1791212063557.5,11355,e
P01,S01,16,down,87,1791212063657.9,11356,w
P01,S01,16,up,87,1791212063732.9,11356,w
P01,S01,16,down,32,1791212063756.3,11357, 
P01,S01,16,down,67,1791212063824.1,11358,c
P01,S01,16,up,32,1791212063824.7,11357, 
P01,S01,16,down,85,1791212063916.7,11359,u
P01,S01,16,up,67,1791212063919.9,11358,c
P01,S01,16,down,76,1791212063982.2,11360,l
P01,S01,16,up,85,1791212064032.9,11359,u
P01,S01,16,up,76,1791212064160.5,11360,l
P01,S01,16,down,84,1791212064161.7,11361,t
P01,S01,16,up,84,1791212064281.1,11361,t
P01,S01,16,down,85,1791212064295.1,11362,u
P01,S01,16,up,85,1791212064399.7,11362,u
P01,S01,16,down,82,1791212064403.1,11363,r
P01,S01,16,up,82,1791212064499.9,11363,r
P01,S01,16,down,69,1791212064592.9,11364,e
P01,S01,16,up,69,1791212064660.9,11364,e
P01,S01,16,down,83,1791212064776.7,11365,s
P01,S01,16,up,83,1791212064882.3,11365,s
P01,S01,16,down,188,1791212065257.7,11366,","
P01,S01,16,down,32,1791212065340.9,11367, 
P01,S01,16,up,188,1791212065382.1,11366,","
P01,S01,16,up,32,1791212065417.4,11367, 
P01,S01,16,down,84,1791212065549,11368,t
P01,S01,16,up,84,1791212065610.9,11368,t
P01,S01,16,down,82,1791212065702.7,11369,r
P01,S01,16,up,82,1791212065754.4,11369,r
P01,S01,16,down,89,1791212065766.1,11370,y
P01,S01,16,up,89,1791212065848.7,11370,y
P01,S01,16,down,32,1791212065870.3,11371, 
P01,S01,16,up,32,1791212065933.1,11371, 
P01,S01,16,down,68,1791212066035.6,11372,d
P01,S01,16,down,73,1791212066103.4,11373,i
P01,S01,16,up,68,1791212066107.1,11372,d
P01,S01,16,up,73,1791212066191.2,11373,i
P01,S01,16,down,70,1791212066194.5,11374,f
P01,S01,16,up,70,1791212066259.7,11374,f
P01,S01,16,down,70,1791212066348.6,11375,f
P01,S01,16,up,70,1791212066440.6,11375,f
P01,S01,16,down,69,1791212066532.9,11376,e
P01,S01,16,up,69,1791212066601.6,11376,e
P01,S01,16,down,82,1791212066682.4,11377,r
P01,S01,16,up,82,1791212066749,11377,r
P01,S01,16,down,69,1791212066836.7,11378,e
P01,S01,16,down,78,1791212066900.4,11379,n
P01,S01,16,up,69,1791212066912.4,11378,e
P01,S01,16,up,78,1791212066992.7,11379,n
P01,S01,16,down,84,1791212067031.9,11380,t
P01,S01,16,down,32,1791212067101.7,11381, 
P01,S01,16,up,84,1791212067105,11380,t
P01,S01,16,up,32,1791212067201.5,11381, 
P01,S01,16,down,84,1791212067209.1,11382,t
P01,S01,16,up,84,1791212067282.9,11382,t
P01,S01,16,down,89,1791212067389,11383,y
P01,S01,16,up,89,1791212067472.6,11383,y
P01,S01,16,down,80,1791212067485.1,11384,p
P01,S01,16,up,80,1791212067598.8,11384,p
P01,S01,16,down,69,1791212067621.3,11385,e
P01,S01,16,up,69,1791212067701.9,11385,e
P01,S01,16,down,83,1791212067799.8,11386,s
P01,S01,16,down,32,1791212067865.8,11387, 
P01,S01,16,up,83,1791212067887.4,11386,s
P01,S01,16,down,79,1791212067975.3,11388,o
P01,S01,16,up,32,1791212068019.4,11387, 
P01,S01,16,down,70,1791212068067.5,11389,f
P01,S01,16,up,79,1791212068103.2,11388,o
P01,S01,16,up,70,1791212068187.8,11389,f
P01,S01,16,down,32,1791212068240.8,11390, 
P01,S01,16,up,32,1791212068345,11390, 
P01,S01,16,down,70,1791212068481.4,11391,f
P01,S01,16,down,79,1791212068576.2,11392,o
P01,S01,16,up,70,1791212068599.8,11391,f
P01,S01,16,up,79,1791212068656.4,11392,o
P01,S01,16,down,79,1791212068737.7,11393,o
P01,S01,16,up,79,1791212068893.9,11393,o
P01,S01,16,down,68,1791212068938.6,11394,d
P01,S01,16,up,68,1791212069021.9,11394,d
P01,S01,16,down,32,1791212069266,11395, 
P01,S01,16,up,32,1791212069318,11395, 
P01,S01,16,down,8,1791212069791,11396,Backspace
P01,S01,16,up,8,1791212069894.9,11396,Backspace
P01,S01,16,down,188,1791212070024.8,11397,","
P01,S01,16,down,32,1791212070116.6,11398, 
P01,S01,16,up,188,1791212070166.6,11397,","
P01,S01,16,up,32,1791212070182,11398, 
P01,S01,16,down,65,1791212070332.4,11399,a
P01,S01,16,up,65,1791212070415.5,11399,a
P01,S01,16,down,78,1791212070415.6,11400,n
P01,S01,16,up,78,1791212070501.5,11400,n
P01,S01,16,down,68,1791212070532.9,11401,d
P01,S01,16,up,68,1791212070585.6,11401,d
P01,S01,16,down,32,1791212070682.4,11402, 
P01,S01,16,down,74,1791212070760.1,11403,j
P01,S01,16,up,32,1791212070761.2,11402, 
P01,S01,16,up,74,1791212070804.6,11403,j
P01,S01,16,down,85,1791212070936.1,11404,u
P01,S01,16,down,83,1791212071024.4,11405,s
P01,S01,16,up,85,1791212071039.9,11404,u
P01,S01,16,up,83,1791212071072.1,11405,s
P01,S01,16,down,84,1791212071237.7,11406,t
P01,S01,16,up,84,1791212071322.1,11406,t
P01,S01,16,down,32,1791212071365.6,11407, 
P01,S01,16,up,32,1791212071466.8,11407, 
P01,S01,16,down,68,1791212071632.1,11408,d
P01,S01,16,up,68,1791212071708.2,11408,d
P01,S01,16,down,73,1791212071716.4,11409,i
P01,S01,16,up,73,1791212071816.5,11409,i
P01,S01,16,down,83,1791212071832.3,11410,s
P01,S01,16,up,83,1791212071887.2,11410,s
P01,S01,16,down,67,1791212071990.6,11411,c
P01,S01,16,up,67,1791212072071.5,11411,c
P01,S01,16,down,79,1791212072736.9,11412,o
P01,S01,16,down,78,1791212072872.1,11413,n
P01,S01,16,up,79,1791212072883.5,11412,o
P01,S01,16,up,78,1791212072955.8,11413,n
P01,S01,16,down,78,1791212073039.6,11414,n
P01,S01,16,up,78,1791212073149.1,11414,n
P01,S01,16,down,69,1791212073166.2,11415,e
P01,S01,16,up,69,1791212073218.4,11415,e
P01,S01,16,down,67,1791212073332.1,11416,c
P01,S01,16,up,67,1791212073387.3,11416,c
P01,S01,16,down,84,1791212073504.6,11417,t
P01,S01,16,down,32,1791212073568.3,11418, 
P01,S01,16,up,84,1791212073571.3,11417,t
P01,S01,16,up,32,1791212073652.6,11418, 
P01,S01,16,down,70,1791212073674.2,11419,f
P01,S01,16,up,70,1791212073758.5,11419,f
P01,S01,16,down,82,1791212073841.6,11420,r
P01,S01,16,down,79,1791212073845,11421,o
P01,S01,16,up,82,1791212073916.7,11420,r
P01,S01,16,down,77,1791212073932.8,11422,m
P01,S01,16,up,79,1791212074005,11421,o
P01,S01,16,down,32,1791212074024.9,11423, 
P01,S01,16,up,77,1791212074073.2,11422,m
P01,S01,16,up,32,1791212074085.5,11423, 
P01,S01,16,down,83,1791212074215.5,11424,s
P01,S01,16,up,83,1791212074277.8,11424,s
P01,S01,16,down,84,1791212074416.7,11425,t
P01,S01,16,up,84,1791212074500.7,11425,t
P01,S01,16,down,85,1791212074553.6,11426,u
P01,S01,16,down,68,1791212074625,11427,d
P01,S01,16,up,85,1791212074631.8,11426,u
P01,S01,16,up,68,1791212074733.7,11427,d
P01,S01,16,down,89,1791212074883.5,11428,y
P01,S01,16,down,73,1791212074949,11429,i
P01,S01,16,up,89,1791212074974.8,11428,y
P01,S01,16,down,78,1791212075038.7,11430,n
P01,S01,16,up,73,1791212075135.5,11429,i
P01,S01,16,down,71,1791212075167.4,11431,g
P01,S01,16,up,78,1791212075191,11430,n
P01,S01,16,up,71,1791212075287.4,11431,g
P01,S01,16,down,32,1791212075365.9,11432, 
P01,S01,16,up,32,1791212075461.8,11432, 
P01,S01,16,down,70,1791212075857.4,11433,f
P01,S01,16,down,79,1791212075949,11434,o
P01,S01,16,up,70,1791212075968.6,11433,f
P01,S01,16,up,79,1791212076047.6,11434,o
P01,S01,16,down,82,1791212076076.9,11435,r
P01,S01,16,down,32,1791212076120.8,11436, 
P01,S01,16,up,82,1791212076166.2,11435,r
P01,S01,16,up,32,1791212076201.4,11436, 
P01,S01,16,down,65,1791212076284.2,11437,a
P01,S01,16,down,32,1791212076315.8,11438, 
P01,S01,16,up,65,1791212076368.1,11437,a
P01,S01,16,up,32,1791212076398.6,11438, 
P01,S01,16,down,87,1791212076505.6,11439,w
P01,S01,16,down,72,1791212076557,11440,h
P01,S01,16,up,87,1791212076584.8,11439,w
P01,S01,16,down,73,1791212076641.1,11441,i
P01,S01,16,down,76,1791212076769.6,11442,l
P01,S01,16,up,72,1791212076804.7,11440,h
P01,S01,16,up,73,1791212076840.8,11441,i
P01,S01,16,down,69,1791212076885.3,11443,e
P01,S01,16,up,76,1791212076898.6,11442,l
P01,S01,16,up,69,1791212076949.8,11443,e
P01,S01,16,down,190,1791212077007.4,11444,.
P01,S01,16,down,32,1791212077144.5,11445, 
P01,S01,16,up,190,1791212077148.9,11444,.
P01,S01,16,up,32,1791212077208.4,11445, 
P01,S01,16,down,16,1791212077361.7,11446,Shift
P01,S01,16,down,79,1791212077409.2,11447,O
P01,S01,16,down,78,1791212077525.2,11448,N
P01,S01,16,up,16,1791212077561.2,11446,Shift
P01,S01,16,up,79,1791212077598.8,11447,O
P01,S01,16,up,78,1791212077666.4,11448,N
P01,S01,16,down,69,1791212077682.6,11449,e
P01,S01,16,down,32,1791212077765.4,11450, 
P01,S01,16,up,69,1791212077781.6,11449,e
P01,S01,16,down,79,1791212077866.3,11451,o
P01,S01,16,up,32,1791212077894.1,11450, 
P01,S01,16,down,70,1791212077934.1,11452,f
P01,S01,16,up,79,1791212077970.3,11451,o
P01,S01,16,up,70,1791212078049.2,11452,f
P01,S01,16,down,32,1791212078053.3,11453, 
P01,S01,16,up,32,1791212078147.7,11453, 
P01,S01,16,down,77,1791212078304.6,11454,m
P01,S01,16,up,77,1791212078439.9,11454,m
P01,S01,16,down,89,1791212078585.1,11455,y
P01,S01,16,up,89,1791212078689.3,11455,y
P01,S01,16,down,32,1791212078782.5,11456, 
P01,S01,16,up,32,1791212078870.6,11456, 
P01,S01,16,down,70,1791212079482.3,11457,f
P01,S01,16,up,70,1791212079568.3,11457,f
P01,S01,16,down,65,1791212079685.5,11458,a
P01,S01,16,up,65,1791212079769.3,11458,a
P01,S01,16,down,86,1791212079772.8,11459,v
P01,S01,16,down,79,1791212079857,11460,o
P01,S01,16,up,86,1791212079893.1,11459,v
P01,S01,16,down,82,1791212079949.5,11461,r
P01,S01,16,up,79,1791212079977.8,11460,o
P01,S01,16,up,82,1791212080085.6,11461,r
P01,S01,16,down,73,1791212080115.6,11462,i
P01,S01,16,up,73,1791212080227.6,11462,i
P01,S01,16,down,84,1791212080251.2,11463,t
P01,S01,16,up,84,1791212080339.3,11463,t
P01,S01,16,down,69,1791212080450.3,11464,e
P01,S01,16,up,69,1791212080510,11464,e
P01,S01,16,down,32,1791212080521.7,11465, 
P01,S01,16,up,32,1791212080614.6,11465, 
P01,S01,16,down,70,1791212080658.6,11466,f
P01,S01,16,down,79,1791212080732.4,11467,o
P01,S01,16,up,70,1791212080767.2,11466,f
P01,S01,16,up,79,1791212080807.2,11467,o
P01,S01,16,down,79,1791212080906.6,11468,o
P01,S01,16,up,79,1791212081038.6,11468,o
P01,S01,16,down,68,1791212081204.5,11469,d
P01,S01,16,up,68,1791212081260.2,11469,d
P01,S01,16,down,83,1791212081391.4,11470,s
P01,S01,16,down,32,1791212081491.2,11471, 
P01,S01,16,up,83,1791212081494.5,11470,s
P01,S01,16,up,32,1791212081571,11471, 
P01,S01,16,down,73,1791212081631,11472,i
P01,S01,16,up,73,1791212081726.9,11472,i
P01,S01,16,down,83,1791212081733.8,11473,s
P01,S01,16,up,83,1791212081832,11473,s
P01,S01,16,down,32,1791212081837.9,11474, 
P01,S01,16,down,80,1791212081916.2,11475,p
P01,S01,16,up,32,1791212081950.7,11474, 
P01,S01,16,up,80,1791212082032,11475,p
P01,S01,16,down,82,1791212082065.6,11476,r
P01,S01,16,down,79,1791212082149.1,11477,o
P01,S01,16,up,82,1791212082149.3,11476,r
P01,S01,16,down,66,1791212082217,11478,b
P01,S01,16,up,79,1791212082266.2,11477,o
P01,S01,16,up,66,1791212082325.3,11478,b
P01,S01,16,down,65,1791212082339.9,11479,a
P01,S01,16,up,65,1791212082423.9,11479,a
P01,S01,16,down,66,1791212082432.4,11480,b
P01,S01,16,down,76,1791212082516.3,11481,l
P01,S01,16,up,66,1791212082523.9,11480,b
P01,S01,16,down,89,1791212082675.9,11482,y
P01,S01,16,up,76,1791212082699.4,11481,l
P01,S01,16,up,89,1791212082752.3,11482,y
P01,S01,16,down,32,1791212082798.9,11483, 
P01,S01,16,up,32,1791212082853.5,11483, 
P01,S01,16,down,80,1791212082877.1,11484,p
P01,S01,16,down,73,1791212082993.3,11485,i
P01,S01,16,up,80,1791212083073,11484,p
P01,S01,16,down,90,1791212083084.9,11486,z
P01,S01,16,up,90,1791212083125.6,11486,z
P01,S01,16,up,73,1791212083153.1,11485,i
P01,S01,16,down,90,1791212083258.4,11487,z
P01,S01,16,up,90,1791212083316.1,11487,z
P01,S01,16,down,65,1791212083436.4,11488,a
P01,S01,16,down,32,1791212083515.4,11489, 
P01,S01,16,up,65,1791212083532.2,11488,a
P01,S01,16,down,79,1791212083616.1,11490,o
P01,S01,16,up,32,1791212083668.1,11489, 
P01,S01,16,up,79,1791212083735.6,11490,o
P01,S01,16,down,82,1791212083739,11491,r
P01,S01,16,up,82,1791212083814.6,11491,r
P01,S01,16,down,32,1791212083838.4,11492, 
P01,S01,16,up,32,1791212083935.5,11492, 
P01,S01,16,down,65,1791212083955,11493,a
P01,S01,16,up,65,1791212084043,11493,a
P01,S01,16,down,32,1791212084048.6,11494, 
P01,S01,16,up,32,1791212084135.4,11494, 
P01,S01,16,down,71,1791212084449.1,11495,g
P01,S01,16,down,79,1791212084524.8,11496,o
P01,S01,16,up,71,1791212084544.7,11495,g
P01,S01,16,up,79,1791212084582.3,11496,o
P01,S01,16,down,79,1791212084677.4,11497,o
P01,S01,16,up,79,1791212084784.9,11497,o
P01,S01,16,down,68,1791212084797.2,11498,d
P01,S01,16,up,68,1791212084869.1,11498,d
P01,S01,16,down,32,1791212084891.3,11499, 
P01,S01,16,up,32,1791212084984.2,11499, 
P01,S01,16,down,80,1791212084998.7,11500,p
P01,S01,16,up,80,1791212085124.1,11500,p
P01,S01,16,down,65,1791212085132.3,11501,a
P01,S01,16,up,65,1791212085188.1,11501,a
P01,S01,16,down,83,1791212085299.4,11502,s
P01,S01,16,up,83,1791212085382.9,11502,s
P01,S01,16,down,84,1791212085403.2,11503,t
P01,S01,16,up,84,1791212085511.4,11503,t
P01,S01,16,down,65,1791212085519,11504,a
P01,S01,16,up,65,1791212085587.3,11504,a
P01,S01,16,down,32,1791212085615.8,11505, 
P01,S01,16,up,32,1791212085691.2,11505, 
P01,S01,16,down,68,1791212085726,11506,d
P01,S01,16,down,73,1791212085778.2,11507,i
P01,S01,16,up,68,1791212085801.9,11506,d
P01,S01,16,up,73,1791212085909.9,11507,i
P01,S01,16,down,83,1791212085913.9,11508,s
P01,S01,16,down,72,1791212085998.6,11509,h
P01,S01,16,up,83,1791212086026.2,11508,s
P01,S01,16,up,72,1791212086086.5,11509,h
P01,S01,16,down,188,1791212086466.5,11510,","
P01,S01,16,up,188,1791212086550.2,11510,","
P01,S01,16,down,32,1791212086565.5,11511, 
P01,S01,16,up,32,1791212086654.3,11511, 
P01,S01,16,down,66,1791212086720.1,11512,b
P01,S01,16,down,85,1791212086815.4,11513,u
P01,S01,16,up,66,1791212086864.7,11512,b
P01,S01,16,down,84,1791212086891.7,11514,t
P01,S01,16,up,85,1791212086935.5,11513,u
P01,S01,16,up,84,1791212086984,11514,t
P01,S01,16,down,32,1791212087015.2,11515, 
P01,S01,16,up,32,1791212087116.6,11515, 
P01,S01,16,down,16,1791212087660.3,11516,Shift
P01,S01,16,down,73,1791212087737.1,11517,I
P01,S01,16,up,73,1791212087835.9,11517,I
P01,S01,16,up,16,1791212087868.1,11516,Shift
P01,S01,16,down,32,1791212087898.5,11518, 
P01,S01,16,up,32,1791212087990.8,11518, 
P01,S01,16,down,65,1791212088010.9,11519,a
P01,S01,16,down,76,1791212088103.3,11520,l
P01,S01,16,up,65,1791212088110.9,11519,a
P01,S01,16,up,76,1791212088181.9,11520,l
P01,S01,16,down,83,1791212088215.5,11521,s
P01,S01,16,down,79,1791212088294.2,11522,o
P01,S01,16,up,83,1791212088301.6,11521,s
P01,S01,16,up,79,1791212088370.2,11522,o
P01,S01,16,down,32,1791212088419.3,11523, 
P01,S01,16,up,32,1791212088503.2,11523, 
P01,S01,16,down,76,1791212088510.8,11524,l
P01,S01,16,down,73,1791212088611.2,11525,i
P01,S01,16,up,76,1791212088667.2,11524,l
P01,S01,16,up,73,1791212088715.7,11525,i
P01,S01,16,down,75,1791212088804.3,11526,k
P01,S01,16,down,69,1791212088897.7,11527,e
P01,S01,16,up,75,1791212088919.2,11526,k
P01,S01,16,up,69,1791212088931.4,11527,e
P01,S01,16,down,32,1791212089040.3,11528, 
P01,S01,16,up,32,1791212089152.4,11528, 
P01,S01,16,down,89,1791212089186.1,11529,y
P01,S01,16,up,89,1791212089326.7,11529,y
P01,S01,16,down,82,1791212089383.3,11530,r
P01,S01,16,up,82,1791212089539.8,11530,r
P01,S01,16,down,8,1791212090439.8,11531,Backspace
P01,S01,16,up,8,1791212090511.3,11531,Backspace
P01,S01,16,down,8,1791212090622.8,11532,Backspace
P01,S01,16,down,84,1791212090675.2,11533,t
P01,S01,16,up,8,1791212090686.4,11532,Backspace
P01,S01,16,up,84,1791212090771.2,11533,t
P01,S01,16,down,82,1791212090869.3,11534,r
P01,S01,16,up,82,1791212090937.3,11534,r
P01,S01,16,down,89,1791212091043,11535,y
P01,S01,16,down,73,1791212091122.8,11536,i
P01,S01,16,up,89,1791212091150.5,11535,y
P01,S01,16,down,78,1791212091215.3,11537,n
P01,S01,16,up,73,1791212091290.7,11536,i
P01,S01,16,down,71,1791212091315.3,11538,g
P01,S01,16,up,78,1791212091339.2,11537,n
P01,S01,16,up,71,1791212091390.9,11538,g
P01,S01,16,down,32,1791212091444.1,11539, 
P01,S01,16,down,76,1791212091535.6,11540,l
P01,S01,16,up,32,1791212091571.5,11539, 
P01,S01,16,up,76,1791212091676.1,11540,l
P01,S01,16,down,79,1791212091776,11541,o
P01,S01,16,down,67,1791212091865.7,11542,c
P01,S01,16,up,79,1791212091868.2,11541,o
P01,S01,16,up,67,1791212091948.7,11542,c
P01,S01,16,down,65,1791212092065,11543,a
P01,S01,16,down,76,1791212092133.8,11544,l
P01,S01,16,up,65,1791212092137.2,11543,a
P01,S01,16,up,76,1791212092238.3,11544,l
P01,S01,16,down,32,1791212092292.9,11545, 
P01,S01,16,up,32,1791212092361.4,11545, 
P01,S01,16,down,80,1791212092389.8,11546,p
P01,S01,16,down,65,1791212092493.8,11547,a
P01,S01,16,up,80,1791212092521.4,11546,p
P01,S01,16,up,65,1791212092557.8,11547,a
P01,S01,16,down,83,1791212092670.2,11548,s
P01,S01,16,up,83,1791212092770.6,11548,s
P01,S01,16,down,84,1791212092893.2,11549,t
P01,S01,16,up,84,1791212092973.9,11549,t
P01,S01,16,down,82,1791212093075.5,11550,r
P01,S01,16,down,73,1791212093171.1,11551,i
P01,S01,16,up,82,1791212093194.9,11550,r
P01,S01,16,up,73,1791212093255.2,11551,i
P01,S01,16,down,69,1791212093292.9,11552,e
P01,S01,16,up,69,1791212093357.1,11552,e
P01,S01,16,down,83,1791212093439.3,11553,s
P01,S01,16,down,190,1791212093490.7,11554,.
P01,S01,16,up,83,1791212093518.7,11553,s
P01,S01,16,up,190,1791212093634.7,11554,.
P01,S01,16,down,32,1791212093647.9,11555, 
P01,S01,16,up,32,1791212093682.2,11555, 
P01,S01,16,down,16,1791212093950.4,11556,Shift
P01,S01,16,down,68,1791212094166.4,11557,D
P01,S01,16,up,16,1791212094237.7,11556,Shift
P01,S01,16,up,68,1791212094286.4,11557,D
P01,S01,16,down,79,1791212094437.2,11558,o
P01,S01,16,up,79,1791212094665.2,11558,o
P01,S01,16,down,32,1791212094842.3,11559, 
P01,S01,16,up,32,1791212094949,11559, 
P01,S01,16,down,89,1791212094969,11560,y
P01,S01,16,down,79,1791212095073,11561,o
P01,S01,16,up,89,1791212095073.9,11560,y
P01,S01,16,down,85,1791212095198.5,11562,u
P01,S01,16,up,79,1791212095301,11561,o
P01,S01,16,up,85,1791212095398.9,11562,u
P01,S01,16,down,32,1791212096069.3,11563, 
P01,S01,16,up,32,1791212096161.3,11563, 
P01,S01,16,down,72,1791212096202.9,11564,h
P01,S01,16,down,65,1791212096354.7,11565,a
P01,S01,16,up,72,1791212096365.9,11564,h
P01,S01,16,up,65,1791212096406.9,11565,a
P01,S01,16,down,86,1791212096575.1,11566,v
P01,S01,16,up,86,1791212096643.6,11566,v
P01,S01,16,down,69,1791212096826.8,11567,e
P01,S01,16,up,69,1791212096899.4,11567,e
P01,S01,16,down,32,1791212096926.5,11568, 
P01,S01,16,up,32,1791212097011.7,11568, 
P01,S01,16,down,65,1791212097059.7,11569,a
P01,S01,16,up,65,1791212097131.5,11569,a
P01,S01,16,down,78,1791212097132.1,11570,n
P01,S01,16,down,89,1791212097219.6,11571,y
P01,S01,16,up,78,1791212097271.2,11570,n
P01,S01,16,down,32,1791212097323.8,11572, 
P01,S01,16,up,89,1791212097352,11571,y
P01,S01,16,up,32,1791212097383.7,11572, 
P01,S01,16,down,71,1791212097949.2,11573,g
P01,S01,16,up,71,1791212098032.4,11573,g
P01,S01,16,down,79,1791212098033.6,11574,o
P01,S01,16,up,79,1791212098093.8,11574,o
P01,S01,16,down,79,1791212098203.4,11575,o
P01,S01,16,up,79,1791212098298.1,11575,o
P01,S01,16,down,68,1791212098322.5,11576,d
P01,S01,16,up,68,1791212098399.4,11576,d
P01,S01,16,down,32,1791212098433.1,11577, 
P01,S01,16,up,32,1791212098540.9,11577, 
P01,S01,16,down,82,1791212098559.6,11578,r
P01,S01,16,up,82,1791212098628.2,11578,r
P01,S01,16,down,69,1791212098717.1,11579,e
P01,S01,16,up,69,1791212098777.2,11579,e
P01,S01,16,down,67,1791212098868,11580,c
P01,S01,16,down,73,1791212098923.7,11581,i
P01,S01,16,up,67,1791212098967.5,11580,c
P01,S01,16,down,80,1791212099068.1,11582,p
P01,S01,16,up,73,1791212099136,11581,i
P01,S01,16,down,69,1791212099208.3,11583,e
P01,S01,16,up,80,1791212099215.6,11582,p
P01,S01,16,up,69,1791212099281.8,11583,e
P01,S01,16,down,83,1791212099406,11584,s
P01,S01,16,up,83,1791212099498.5,11584,s
P01,S01,16,down,32,1791212099518,11585, 
P01,S01,16,up,32,1791212099615,11585, 
P01,S01,16,down,70,1791212099678.2,11586,f
P01,S01,16,up,70,1791212099738,11586,f
P01,S01,16,down,79,1791212099761,11587,o
P01,S01,16,up,79,1791212099849.1,11587,o
P01,S01,16,down,82,1791212099860.4,11588,r
P01,S01,16,up,82,1791212099949.4,11588,r
P01,S01,16,down,32,1791212099985.7,11589, 
P01,S01,16,up,32,1791212100053.8,11589, 
P01,S01,16,down,67,1791212100061.8,11590,c
P01,S01,16,up,67,1791212100122.1,11590,c
P01,S01,16,down,79,1791212100160.9,11591,o
P01,S01,16,up,79,1791212100232.2,11591,o
P01,S01,16,down,79,1791212100335.5,11592,o
P01,S01,16,down,75,1791212100465.4,11593,k
P01,S01,16,up,79,1791212100479.4,11592,o
P01,S01,16,up,75,1791212100571.8,11593,k
P01,S01,16,down,73,1791212100643.3,11594,i
P01,S01,16,down,69,1791212100728,11595,e
P01,S01,16,up,73,1791212100732.2,11594,i
P01,S01,16,up,69,1791212100791.8,11595,e
P01,S01,16,down,83,1791212100884,11596,s
P01,S01,16,down,32,1791212100899.6,11597, 
P01,S01,16,up,83,1791212100967.3,11596,s
P01,S01,16,down,79,1791212101000.7,11598,o
P01,S01,16,up,32,1791212101038.8,11597, 
P01,S01,16,up,79,1791212101107,11598,o
P01,S01,16,down,82,1791212101107.5,11599,r
P01,S01,16,up,82,1791212101175.8,11599,r
P01,S01,16,down,32,1791212101190.5,11600, 
P01,S01,16,down,80,1791212101250.8,11601,p
P01,S01,16,up,32,1791212101289.8,11600, 
P01,S01,16,down,65,1791212101358.5,11602,a
P01,S01,16,up,80,1791212101374,11601,p
P01,S01,16,up,65,1791212101475.4,11602,a
P01,S01,16,down,78,1791212101505,11603,n
P01,S01,16,up,78,1791212101601,11603,n
P01,S01,16,down,67,1791212101615.1,11604,c
P01,S01,16,up,67,1791212101672.9,11604,c
P01,S01,16,down,65,1791212101782.5,11605,a
P01,S01,16,up,65,1791212101869,11605,a
P01,S01,16,down,75,1791212101870.1,11606,k
P01,S01,16,up,75,1791212101973.3,11606,k
P01,S01,16,down,69,1791212101993.7,11607,e
P01,S01,16,up,69,1791212102057.7,11607,e
P01,S01,16,down,83,1791212102166.8,11608,s
P01,S01,16,up,83,1791212102306.7,11608,s
P01,S01,16,down,32,1791212102586.2,11609, 
P01,S01,16,up,32,1791212102686.1,11609, 
P01,S01,16,down,84,1791212102765.8,11610,t
P01,S01,16,down,72,1791212102832.2,11611,h
P01,S01,16,up,84,1791212102853.9,11610,t
P01,S01,16,up,72,1791212102932.3,11611,h
P01,S01,16,down,65,1791212102995.1,11612,a
P01,S01,16,up,65,1791212103065.4,11612,a
P01,S01,16,down,84,1791212103066.6,11613,t
P01,S01,16,up,84,1791212103165.6,11613,t
P01,S01,16,down,32,1791212103177.9,11614, 
P01,S01,16,up,32,1791212103249.6,11614, 
P01,S01,16,down,65,1791212103384.3,11615,a
P01,S01,16,up,65,1791212103436.8,11615,a
P01,S01,16,down,82,1791212103565.7,11616,r
P01,S01,16,up,82,1791212103634.2,11616,r
P01,S01,16,down,69,1791212103732.3,11617,e
P01,S01,16,down,32,1791212103784.6,11618, 
P01,S01,16,up,69,1791212103804.9,11617,e
P01,S01,16,up,32,1791212103892.6,11618, 
P01,S01,16,down,69,1791212103898.3,11619,e
P01,S01,16,up,69,1791212103952.9,11619,e
P01,S01,16,down,65,1791212104065.7,11620,a
P01,S01,16,up,65,1791212104131.7,11620,a
P01,S01,16,down,83,1791212104215.7,11621,s
P01,S01,16,up,83,1791212104271.1,11621,s
P01,S01,16,down,89,1791212104291.4,11622,y
P01,S01,16,up,89,1791212104360,11622,y
P01,S01,16,down,32,1791212104399.1,11623, 
P01,S01,16,up,32,1791212104450.6,11623, 
P01,S01,16,down,84,1791212104604,11624,t
P01,S01,16,down,79,1791212104650.7,11625,o
P01,S01,16,up,84,1791212104667.4,11624,t
P01,S01,16,up,79,1791212104727.8,11625,o
P01,S01,16,down,32,1791212104787.8,11626, 
P01,S01,16,down,77,1791212104866.2,11627,m
P01,S01,16,up,32,1791212104867.4,11626, 
P01,S01,16,up,77,1791212104960.1,11627,m
P01,S01,16,down,65,1791212105016.9,11628,a
P01,S01,16,up,65,1791212105076.4,11628,a
P01,S01,16,down,75,1791212105084.1,11629,k
P01,S01,16,up,75,1791212105204.7,11629,k
P01,S01,16,down,69,1791212105215.3,11630,e
P01,S01,16,up,69,1791212105268.6,11630,e
P01,S01,16,down,16,1791212105458.4,11631,Shift
P01,S01,16,down,191,1791212105490,11632,?
P01,S01,16,up,16,1791212105635.1,11631,Shift
P01,S01,16,up,191,1791212105650.8,11632,?
P01,S01,16,down,32,1791212105753,11633, 
P01,S01,16,up,32,1791212105821,11633, 
P01,S01,16,down,16,1791212105976.1,11634,Shift
P01,S01,16,down,73,1791212106032.4,11635,I
P01,S01,16,up,16,1791212106103.8,11634,Shift
P01,S01,16,up,73,1791212106123.7,11635,I
P01,S01,16,down,32,1791212106209.7,11636, 
P01,S01,16,up,32,1791212106289.8,11636, 
P01,S01,16,down,77,1791212106334.9,11637,m
P01,S01,16,down,73,1791212106454.9,11638,i
P01,S01,16,down,71,1791212106505.8,11639,g
P01,S01,16,up,77,1791212106514.4,11637,m
P01,S01,16,up,73,1791212106570.3,11638,i
P01,S01,16,up,71,1791212106631.2,11639,g
P01,S01,16,down,72,1791212106716.6,11640,h
P01,S01,16,up,72,1791212106789.5,11640,h
P01,S01,16,down,84,1791212106883.1,11641,t
P01,S01,16,up,84,1791212106966.9,11641,t
P01,S01,16,down,32,1791212106981.9,11642, 
P01,S01,16,up,32,1791212107099.7,11642, 
P01,S01,16,down,87,1791212107128.4,11643,w
P01,S01,16,up,87,1791212107200.9,11643,w
P01,S01,16,down,65,1791212107316.5,11644,a
P01,S01,16,up,65,1791212107399.7,11644,a
P01,S01,16,down,78,1791212107411.9,11645,n
P01,S01,16,up,78,1791212107503.8,11645,n
P01,S01,16,down,84,1791212107543.4,11646,t
P01,S01,16,up,84,1791212107651.2,11646,t
P01,S01,16,down,32,1791212107655.1,11647, 
P01,S01,16,down,84,1791212107743.3,11648,t
P01,S01,16,up,32,1791212107751.1,11647, 
P01,S01,16,up,84,1791212107836,11648,t
P01,S01,16,down,79,1791212107852.7,11649,o
P01,S01,16,up,79,1791212107949.5,11649,o
P01,S01,16,down,32,1791212107966.3,11650, 
P01,S01,16,up,32,1791212108024.5,11650, 
P01,S01,16,down,84,1791212108154.9,11651,t
P01,S01,16,up,84,1791212108200.8,11651,t
P01,S01,16,down,82,1791212108324.1,11652,r
P01,S01,16,up,82,1791212108400,11652,r
P01,S01,16,down,89,1791212108418.7,11653,y
P01,S01,16,up,89,1791212108498.5,11653,y
P01,S01,16,down,32,1791212108538.5,11654, 
P01,S01,16,up,32,1791212108600.8,11654, 
P01,S01,16,down,66,1791212108610,11655,b
P01,S01,16,up,66,1791212108698.8,11655,b
P01,S01,16,down,65,1791212108735.6,11656,a
P01,S01,16,up,65,1791212108836.1,11656,a
P01,S01,16,down,75,1791212108856.7,11657,k
P01,S01,16,up,75,1791212108952.9,11657,k
P01,S01,16,down,73,1791212109049.4,11658,i
P01,S01,16,down,78,1791212109124.4,11659,n
P01,S01,16,up,73,1791212109156.6,11658,i
P01,S01,16,down,71,1791212109192.1,11660,g
P01,S01,16,up,78,1791212109208.4,11659,n
P01,S01,16,up,71,1791212109288.5,11660,g
P01,S01,16,down,32,1791212109300.7,11661, 
P01,S01,16,up,32,1791212109385.1,11661, 
P01,S01,16,down,84,1791212109415.6,11662,t
P01,S01,16,up,84,1791212109507,11662,t
P01,S01,16,down,72,1791212109524.2,11663,h
P01,S01,16,down,73,1791212109623.6,11664,i
P01,S01,16,up,72,1791212109639.2,11663,h
P01,S01,16,down,83,1791212109723,11665,s
P01,S01,16,up,73,1791212109726.5,11664,i
P01,S01,16,up,83,1791212109816,11665,s
P01,S01,16,down,32,1791212109823.4,11666, 
P01,S01,16,up,32,1791212109928.1,11666, 
P01,S01,16,down,87,1791212109951.7,11667,w
P01,S01,16,up,87,1791212110032.4,11667,w
P01,S01,16,down,69,1791212110139,11668,e
P01,S01,16,up,69,1791212110199.2,11668,e
P01,S01,16,down,69,1791212110307.1,11669,e
P01,S01,16,down,75,1791212110383.1,11670,k
P01,S01,16,up,69,1791212110394.6,11669,e
P01,S01,16,up,75,1791212110474.9,11670,k
P01,S01,16,down,69,1791212110504.7,11671,e
P01,S01,16,down,78,1791212110592.6,11672,n
P01,S01,16,up,69,1791212110598.2,11671,e
P01,S01,16,up,78,1791212110664.5,11672,n
P01,S01,16,down,68,1791212110694.2,11673,d
P01,S01,16,up,68,1791212110778,11673,d
P01,S01,16,down,32,1791212110797.4,11674, 
P01,S01,16,up,32,1791212110921.5,11674, 
P01,S01,16,down,73,1791212110947.8,11675,i
P01,S01,16,up,73,1791212111073.6,11675,i
P01,S01,16,down,70,1791212111077.2,11676,f
P01,S01,16,up,70,1791212111186.1,11676,f
P01,S01,16,down,32,1791212111210.1,11677, 
P01,S01,16,up,32,1791212111302,11677, 
P01,S01,16,down,16,1791212111385,11678,Shift
P01,S01,16,down,73,1791212111449.3,11679,I
P01,S01,16,up,73,1791212111552.8,11679,I
P01,S01,16,up,16,1791212111560.8,11678,Shift
P01,S01,16,down,32,1791212111693.5,11680, 
P01,S01,16,down,72,1791212111757.1,11681,h
P01,S01,16,up,32,1791212111760.3,11680, 
P01,S01,16,up,72,1791212111906.3,11681,h
P01,S01,16,down,65,1791212111920.7,11682,a
P01,S01,16,up,65,1791212112000.8,11682,a
P01,S01,16,down,86,1791212112004.3,11683,v
P01,S01,16,up,86,1791212112098.4,11683,v
P01,S01,16,down,69,1791212112142.7,11684,e
P01,S01,16,up,69,1791212112210.3,11684,e
P01,S01,16,down,32,1791212112217.8,11685, 
P01,S01,16,up,32,1791212112315.4,11685, 
P01,S01,16,down,83,1791212112332.1,11686,s
P01,S01,16,down,79,1791212112384.4,11687,o
P01,S01,16,up,83,1791212112422.5,11686,s
P01,S01,16,down,77,1791212112518.8,11688,m
P01,S01,16,up,79,1791212112590.5,11687,o
P01,S01,16,down,69,1791212112602.7,11689,e
P01,S01,16,up,77,1791212112622.2,11688,m
P01,S01,16,up,69,1791212112666.8,11689,e
P01,S01,16,down,32,1791212112725.5,11690, 
P01,S01,16,down,70,1791212112781.7,11691,f
P01,S01,16,up,32,1791212112816.9,11690, 
P01,S01,16,up,70,1791212112837.4,11691,f
P01,S01,16,down,82,1791212112935.8,11692,r
P01,S01,16,up,82,1791212113023.7,11692,r
P01,S01,16,down,69,1791212113103.8,11693,e
P01,S01,16,up,69,1791212113167.8,11693,e
P01,S01,16,down,69,1791212113259.7,11694,e
P01,S01,16,down,32,1791212113332.4,11695, 
P01,S01,16,up,69,1791212113340.2,11694,e
P01,S01,16,up,32,1791212113419.9,11695, 
P01,S01,16,down,84,1791212113499.6,11696,t
P01,S01,16,down,73,1791212113567.6,11697,i
P01,S01,16,up,84,1791212113579.1,11696,t
P01,S01,16,down,77,1791212113648.6,11698,m
P01,S01,16,up,73,1791212113699.8,11697,i
P01,S01,16,down,69,1791212113719.5,11699,e
P01,S01,16,up,77,1791212113766.6,11698,m
P01,S01,16,up,69,1791212113771.7,11699,e
P01,S01,16,down,190,1791212113852.3,11700,.
P01,S01,16,up,190,1791212113961.2,11700,.
P01,S01,16,down,13,1791212114110.7,11701,Enter
P01,S01,16,up,13,1791212114178.4,11701,Enter
P01,S01,17,down,16,1791212142474.3,11702,Shift
P01,S01,17,down,73,1791212142558.2,11703,I
P01,S01,17,up,73,1791212142666,11703,I
P01,S01,17,up,16,1791212142669.6,11702,Shift
P01,S01,17,down,32,1791212142693.2,11704, 
P01,S01,17,up,32,1791212142850.2,11704, 
P01,S01,17,down,65,1791212142867.8,11705,a
P01,S01,17,up,65,1791212143008.7,11705,a
P01,S01,17,down,76,1791212143019.9,11706,l
P01,S01,17,up,76,1791212143184.1,11706,l
P01,S01,17,down,83,1791212143217.8,11707,s
P01,S01,17,up,83,1791212143326.2,11707,s
P01,S01,17,down,79,1791212143340.9,11708,o
P01,S01,17,up,79,1791212143449.2,11708,o
P01,S01,17,down,32,1791212143452.8,11709, 
P01,S01,17,down,87,1791212143557,11710,w
P01,S01,17,up,32,1791212143576.8,11709, 
P01,S01,17,up,87,1791212143631.2,11710,w
P01,S01,17,down,65,1791212143719.4,11711,a
P01,S01,17,up,65,1791212143799.7,11711,a
P01,S01,17,down,78,1791212143802.5,11712,n
P01,S01,17,up,78,1791212143911.7,11712,n
P01,S01,17,down,84,1791212143936.3,11713,t
P01,S01,17,up,84,1791212144016.7,11713,t
P01,S01,17,down,32,1791212144032.3,11714, 
P01,S01,17,down,84,1791212144132.3,11715,t
P01,S01,17,up,32,1791212144133.1,11714, 
P01,S01,17,down,79,1791212144224.1,11716,o
P01,S01,17,up,84,1791212144232.3,11715,t
P01,S01,17,up,79,1791212144300.7,11716,o
P01,S01,17,down,32,1791212144399.5,11717, 
P01,S01,17,up,32,1791212144509,11717, 
P01,S01,17,down,75,1791212144588.5,11718,k
P01,S01,17,down,78,1791212144692.9,11719,n
P01,S01,17,up,75,1791212144736.8,11718,k
P01,S01,17,down,79,1791212144809.2,11720,o
P01,S01,17,up,78,1791212144861,11719,n
P01,S01,17,up,79,1791212144937.5,11720,o
P01,S01,17,down,87,1791212144940.9,11721,w
P01,S01,17,down,32,1791212145024.9,11722, 
P01,S01,17,up,87,1791212145044.9,11721,w
P01,S01,17,up,32,1791212145133.5,11722, 
P01,S01,17,down,72,1791212145606.6,11723,h
P01,S01,17,down,79,1791212145710.7,11724,o
P01,S01,17,up,72,1791212145770.8,11723,h
P01,S01,17,down,87,1791212145786.6,11725,w
P01,S01,17,up,79,1791212145833.7,11724,o
P01,S01,17,down,32,1791212145875.6,11726, 
P01,S01,17,up,87,1791212145882.8,11725,w
P01,S01,17,up,32,1791212146003.4,11726, 
P01,S01,17,down,89,1791212146149.1,11727,y
P01,S01,17,up,89,1791212146244.7,11727,y
P01,S01,17,down,79,1791212146258.8,11728,o
P01,S01,17,down,85,1791212146365.8,11729,u
P01,S01,17,up,79,1791212146390.4,11728,o
P01,S01,17,down,32,1791212146465.7,11730, 
P01,S01,17,up,85,1791212146470.7,11729,u
P01,S01,17,up,32,1791212146527.4,11730, 
P01,S01,17,down,87,1791212146692.7,11731,w
P01,S01,17,up,87,1791212146837.2,11731,w
P01,S01,17,down,79,1791212146849,11732,o
P01,S01,17,up,79,1791212146953.5,11732,o
P01,S01,17,down,82,1791212147005.6,11733,r
P01,S01,17,up,82,1791212147093,11733,r
P01,S01,17,down,75,1791212147104.9,11734,k
P01,S01,17,up,75,1791212147215.7,11734,k
P01,S01,17,down,32,1791212147224.7,11735, 
P01,S01,17,up,32,1791212147301,11735, 
P01,S01,17,down,85,1791212147334.6,11736,u
P01,S01,17,down,78,1791212147406.9,11737,n
P01,S01,17,up,85,1791212147458.8,11736,u
P01,S01,17,down,68,1791212147474.7,11738,d
P01,S01,17,up,68,1791212147534.6,11738,d
P01,S01,17,up,78,1791212147539.1,11737,n
P01,S01,17,down,69,1791212147634.2,11739,e
P01,S01,17,up,69,1791212147701.9,11739,e
P01,S01,17,down,82,1791212147801.4,11740,r
P01,S01,17,down,32,1791212147833.6,11741, 
P01,S01,17,up,82,1791212147866.1,11740,r
P01,S01,17,up,32,1791212147926.5,11741, 
P01,S01,17,down,84,1791212147987.3,11742,t
P01,S01,17,up,84,1791212148071.1,11742,t
P01,S01,17,down,72,1791212148083.3,11743,h
P01,S01,17,up,72,1791212148199.7,11743,h
P01,S01,17,down,69,1791212148252.2,11744,e
P01,S01,17,down,32,1791212148288,11745, 
P01,S01,17,up,69,1791212148300.3,11744,e
P01,S01,17,up,32,1791212148388.4,11745, 
P01,S01,17,down,72,1791212148922.5,11746,h
P01,S01,17,down,79,1791212149032.6,11747,o
P01,S01,17,up,72,1791212149067.3,11746,h
P01,S01,17,up,79,1791212149122.1,11747,o
P01,S01,17,down,79,1791212149209,11748,o
P01,S01,17,up,79,1791212149316,11748,o
P01,S01,17,down,68,1791212149356.9,11749,d
P01,S01,17,up,68,1791212149453.4,11749,d
P01,S01,17,down,190,1791212149594.1,11750,.
P01,S01,17,down,32,1791212149726.1,11751, 
P01,S01,17,up,190,1791212149741.8,11750,.
P01,S01,17,up,32,1791212149783.4,11751, 
P01,S01,17,down,16,1791212149971.7,11752,Shift
P01,S01,17,down,73,1791212150039.7,11753,I
P01,S01,17,up,16,1791212150115.5,11752,Shift
P01,S01,17,up,73,1791212150128.1,11753,I
P01,S01,17,down,32,1791212150240.4,11754, 
P01,S01,17,down,75,1791212150275.5,11755,k
P01,S01,17,up,32,1791212150315.8,11754, 
P01,S01,17,down,78,1791212150382.3,11756,n
P01,S01,17,up,75,1791212150419.8,11755,k
P01,S01,17,down,79,1791212150499,11757,o
P01,S01,17,up,78,1791212150551.5,11756,n
P01,S01,17,down,87,1791212150600.1,11758,w
P01,S01,17,up,79,1791212150623.7,11757,o
P01,S01,17,up,87,1791212150666.8,11758,w
P01,S01,17,down,32,1791212150666.9,11759, 
P01,S01,17,up,32,1791212150782.4,11759, 
P01,S01,17,down,89,1791212150944.2,11760,y
P01,S01,17,up,89,1791212151055.4,11760,y
P01,S01,17,down,79,1791212151090.3,11761,o
P01,S01,17,down,85,1791212151182.7,11762,u
P01,S01,17,up,79,1791212151266.2,11761,o
P01,S01,17,down,32,1791212151274.8,11763, 
P01,S01,17,up,85,1791212151333.2,11762,u
P01,S01,17,up,32,1791212151335.1,11763, 
P01,S01,17,down,65,1791212151499.3,11764,a
P01,S01,17,up,65,1791212151539.2,11764,a
P01,S01,17,down,82,1791212151701,11765,r
P01,S01,17,up,82,1791212151769.1,11765,r
P01,S01,17,down,69,1791212151882.6,11766,e
P01,S01,17,down,32,1791212151917.4,11767, 
P01,S01,17,up,69,1791212151950.5,11766,e
P01,S01,17,up,32,1791212152032.1,11767, 
P01,S01,17,down,65,1791212152086.5,11768,a
P01,S01,17,down,32,1791212152158.5,11769, 
P01,S01,17,up,65,1791212152186.4,11768,a
P01,S01,17,down,76,1791212152238.2,11770,l
P01,S01,17,up,32,1791212152284.1,11769, 
P01,S01,17,down,65,1791212152290.6,11771,a
P01,S01,17,up,65,1791212152367,11771,a
P01,S01,17,up,76,1791212152399.6,11770,l
P01,S01,17,down,82,1791212152503.1,11772,r
P01,S01,17,up,82,1791212152607.5,11772,r
P01,S01,17,down,71,1791212152637.9,11773,g
P01,S01,17,up,71,1791212152766.5,11773,g
P01,S01,17,down,69,1791212152817.2,11774,e
P01,S01,17,up,69,1791212152917.3,11774,e
P01,S01,17,down,32,1791212152932.9,11775, 
P01,S01,17,down,76,1791212153032.3,11776,l
P01,S01,17,up,32,1791212153068.3,11775, 
P01,S01,17,down,65,1791212153100.3,11777,a
P01,S01,17,up,76,1791212153159.4,11776,l
P01,S01,17,up,65,1791212153191.8,11777,a
P01,S01,17,down,78,1791212153206.5,11778,n
P01,S01,17,up,78,1791212153319.3,11778,n
P01,S01,17,down,71,1791212153368.2,11779,g
P01,S01,17,down,85,1791212153422.9,11780,u
P01,S01,17,up,71,1791212153449,11779,g
P01,S01,17,up,85,1791212153527.4,11780,u
P01,S01,17,down,65,1791212153607.6,11781,a
P01,S01,17,up,65,1791212153714.8,11781,a
P01,S01,17,down,71,1791212153726.9,11782,g
P01,S01,17,up,71,1791212153819.4,11782,g
P01,S01,17,down,69,1791212153860.7,11783,e
P01,S01,17,up,69,1791212153953.1,11783,e
P01,S01,17,down,32,1791212153956.6,11784, 
P01,S01,17,up,32,1791212154016.8,11784, 
P01,S01,17,down,77,1791212154191.6,11785,m
P01,S01,17,down,79,1791212154275.9,11786,o
P01,S01,17,up,77,1791212154328,11785,m
P01,S01,17,down,68,1791212154399.1,11787,d
P01,S01,17,up,79,1791212154404.2,11786,o
P01,S01,17,up,68,1791212154472.4,11787,d
P01,S01,17,down,69,1791212154586.2,11788,e
P01,S01,17,down,76,1791212154650.7,11789,l
P01,S01,17,up,69,1791212154673.6,11788,e
P01,S01,17,up,76,1791212154758,11789,l
P01,S01,17,down,188,1791212154884,11790,","
P01,S01,17,down,32,1791212154967.7,11791, 
P01,S01,17,up,188,1791212154982.5,11790,","
P01,S01,17,up,32,1791212155049.2,11791, 
P01,S01,17,down,66,1791212155124.2,11792,b
P01,S01,17,up,66,1791212155283.6,11792,b
P01,S01,17,down,84,1791212155341.6,11793,t
P01,S01,17,up,84,1791212155422.3,11793,t
P01,S01,17,down,8,1791212155777.4,11794,Backspace
P01,S01,17,up,8,1791212155882.6,11794,Backspace
P01,S01,17,down,85,1791212156015.9,11795,u
P01,S01,17,down,84,1791212156092.8,11796,t
P01,S01,17,up,85,1791212156115.1,11795,u
P01,S01,17,up,84,1791212156160.9,11796,t
P01,S01,17,down,32,1791212156282.6,11797, 
P01,S01,17,down,72,1791212156370.4,11798,h
P01,S01,17,up,32,1791212156374.2,11797, 
P01,S01,17,down,79,1791212156474.3,11799,o
P01,S01,17,up,72,1791212156503.2,11798,h
P01,S01,17,down,87,1791212156555.3,11800,w
P01,S01,17,up,79,1791212156574.6,11799,o
P01,S01,17,up,87,1791212156650.9,11800,w
P01,S01,17,down,32,1791212156658.6,11801, 
P01,S01,17,up,32,1791212156791,11801, 
P01,S01,17,down,68,1791212156845.2,11802,d
P01,S01,17,down,79,1791212156932.9,11803,o
P01,S01,17,up,68,1791212156944.7,11802,d
P01,S01,17,up,79,1791212157037.4,11803,o
P01,S01,17,down,32,1791212157085.2,11804, 
P01,S01,17,up,32,1791212157182.5,11804, 
P01,S01,17,down,89,1791212157223.3,11805,y
P01,S01,17,up,89,1791212157334.5,11805,y
P01,S01,17,down,79,1791212157366.7,11806,o
P01,S01,17,down,85,1791212157459.4,11807,u
P01,S01,17,up,79,1791212157500,11806,o
P01,S01,17,down,32,1791212157560.1,11808, 
P01,S01,17,up,85,1791212157567.8,11807,u
P01,S01,17,up,32,1791212157639.9,11808, 
P01,S01,17,down,80,1791212157687.9,11809,p
P01,S01,17,up,80,1791212157798.5,11809,p
P01,S01,17,down,82,1791212157803.5,11810,r
P01,S01,17,up,82,1791212157883,11810,r
P01,S01,17,down,79,1791212157900.7,11811,o
P01,S01,17,down,67,1791212157984.9,11812,c
P01,S01,17,up,79,1791212157992.7,11811,o
P01,S01,17,up,67,1791212158073.2,11812,c
P01,S01,17,down,69,1791212158166,11813,e
P01,S01,17,up,69,1791212158243.2,11813,e
P01,S01,17,down,83,1791212158326.7,11814,s
P01,S01,17,up,83,1791212158390.6,11814,s
P01,S01,17,down,83,1791212158474.6,11815,s
P01,S01,17,down,32,1791212158538.3,11816, 
P01,S01,17,up,83,1791212158542.1,11815,s
P01,S01,17,up,32,1791212158627.2,11816, 
P01,S01,17,down,84,1791212158683.2,11817,t
P01,S01,17,down,72,1791212158742.7,11818,h
P01,S01,17,up,84,1791212158750.4,11817,t
P01,S01,17,up,72,1791212158827.3,11818,h
P01,S01,17,down,69,1791212158858.9,11819,e
P01,S01,17,down,32,1791212158922.7,11820, 
P01,S01,17,up,69,1791212158958.6,11819,e
P01,S01,17,up,32,1791212159007,11820, 
P01,S01,17,down,67,1791212159066.3,11821,c
P01,S01,17,down,79,1791212159116.8,11822,o
P01,S01,17,up,67,1791212159157.3,11821,c
P01,S01,17,down,78,1791212159189.4,11823,n
P01,S01,17,up,79,1791212159266.6,11822,o
P01,S01,17,down,84,1791212159273.6,11824,t
P01,S01,17,up,78,1791212159325.7,11823,n
P01,S01,17,up,84,1791212159326.6,11824,t
P01,S01,17,down,69,1791212159432.2,11825,e
P01,S01,17,up,69,1791212159503.7,11825,e
P01,S01,17,down,88,1791212159606.9,11826,x
P01,S01,17,up,88,1791212159732.3,11826,x
P01,S01,17,down,84,1791212159984,11827,t
P01,S01,17,up,84,1791212160083.8,11827,t
P01,S01,17,down,32,1791212160137,11828, 
P01,S01,17,up,32,1791212160237.1,11828, 
P01,S01,17,down,79,1791212160651.4,11829,o
P01,S01,17,up,79,1791212160760.3,11829,o
P01,S01,17,down,70,1791212160819.1,11830,f
P01,S01,17,down,32,1791212160916.5,11831, 
P01,S01,17,up,70,1791212160923.5,11830,f
P01,S01,17,up,32,1791212161023,11831, 
P01,S01,17,down,65,1791212161071.1,11832,a
P01,S01,17,down,32,1791212161149.8,11833, 
P01,S01,17,up,65,1791212161183.9,11832,a
P01,S01,17,down,76,1791212161202.8,11834,l
P01,S01,17,up,32,1791212161226.5,11833, 
P01,S01,17,up,76,1791212161282,11834,l
P01,S01,17,down,79,1791212161386.3,11835,o
P01,S01,17,down,78,1791212161495.1,11836,n
P01,S01,17,up,79,1791212161515.4,11835,o
P01,S01,17,up,78,1791212161615.8,11836,n
P01,S01,17,down,71,1791212161632.9,11837,g
P01,S01,17,up,71,1791212161736.6,11837,g
P01,S01,17,down,32,1791212161756.2,11838, 
P01,S01,17,up,32,1791212161824.7,11838, 
P01,S01,17,down,67,1791212161895,11839,c
P01,S01,17,down,79,1791212161966.2,11840,o
P01,S01,17,up,67,1791212162000.7,11839,c
P01,S01,17,down,78,1791212162065.9,11841,n
P01,S01,17,up,79,1791212162122.7,11840,o
P01,S01,17,down,86,1791212162132.8,11842,v
P01,S01,17,up,78,1791212162194.7,11841,n
P01,S01,17,up,86,1791212162216,11842,v
P01,S01,17,down,69,1791212162332.6,11843,e
P01,S01,17,up,69,1791212162389.1,11843,e
P01,S01,17,down,82,1791212162482.1,11844,r
P01,S01,17,up,82,1791212162538.5,11844,r
P01,S01,17,down,83,1791212162655.4,11845,s
P01,S01,17,up,83,1791212162711.2,11845,s
P01,S01,17,down,65,1791212162819.2,11846,a
P01,S01,17,up,65,1791212162883.6,11846,a
P01,S01,17,down,84,1791212163055.2,11847,t
P01,S01,17,down,73,1791212163058.5,11848,i
P01,S01,17,up,84,1791212163126.8,11847,t
P01,S01,17,down,79,1791212163138.5,11849,o
P01,S01,17,up,73,1791212163186.4,11848,i
P01,S01,17,down,78,1791212163234.7,11850,n
P01,S01,17,up,79,1791212163284.6,11849,o
P01,S01,17,down,32,1791212163310.6,11851, 
P01,S01,17,up,78,1791212163354.6,11850,n
P01,S01,17,up,32,1791212163382.4,11851, 
P01,S01,17,down,76,1791212163425.7,11852,l
P01,S01,17,down,73,1791212163553.8,11853,i
P01,S01,17,up,76,1791212163609.6,11852,l
P01,S01,17,up,73,1791212163653.8,11853,i
P01,S01,17,down,75,1791212163755.3,11854,k
P01,S01,17,down,69,1791212163849.5,11855,e
P01,S01,17,up,75,1791212163850.4,11854,k
P01,S01,17,up,69,1791212163934.3,11855,e
P01,S01,17,down,32,1791212163937.8,11856, 
P01,S01,17,up,32,1791212164010.8,11856, 
P01,S01,17,down,84,1791212164090.2,11857,t
P01,S01,17,down,72,1791212164166.4,11858,h
P01,S01,17,up,84,1791212164177.3,11857,t
P01,S01,17,down,73,1791212164237.6,11859,i
P01,S01,17,up,72,1791212164293.4,11858,h
P01,S01,17,up,73,1791212164358.2,11859,i
P01,S01,17,down,83,1791212164366,11860,s
P01,S01,17,up,83,1791212164401.6,11860,s
P01,S01,17,down,32,1791212164532.5,11861, 
P01,S01,17,down,79,1791212164592,11862,o
P01,S01,17,up,32,1791212164599.5,11861, 
P01,S01,17,down,78,1791212164672.7,11863,n
P01,S01,17,up,79,1791212164752.8,11862,o
P01,S01,17,up,78,1791212164799,11863,n
P01,S01,17,down,69,1791212164826.8,11864,e
P01,S01,17,up,69,1791212164886.8,11864,e
P01,S01,17,down,32,1791212164920.2,11865, 
P01,S01,17,up,32,1791212164998.1,11865, 
P01,S01,17,down,87,1791212165076.9,11866,w
P01,S01,17,down,73,1791212165124.9,11867,i
P01,S01,17,up,87,1791212165156.1,11866,w
P01,S01,17,up,73,1791212165232.9,11867,i
P01,S01,17,down,84,1791212165358.5,11868,t
P01,S01,17,up,84,1791212165439.5,11868,t
P01,S01,17,down,72,1791212165449.2,11869,h
P01,S01,17,up,72,1791212165549.2,11869,h
P01,S01,17,down,79,1791212165554.9,11870,o
P01,S01,17,down,85,1791212165671,11871,u
P01,S01,17,up,79,1791212165734.6,11870,o
P01,S01,17,down,84,1791212165758.7,11872,t
P01,S01,17,up,85,1791212165786.2,11871,u
P01,S01,17,up,84,1791212165822.5,11872,t
P01,S01,17,down,32,1791212165870.4,11873, 
P01,S01,17,up,32,1791212165974.6,11873, 
P01,S01,17,down,70,1791212166082.4,11874,f
P01,S01,17,up,70,1791212166184.3,11874,f
P01,S01,17,down,79,1791212166415.9,11875,o
P01,S01,17,up,79,1791212166561,11875,o
P01,S01,17,down,82,1791212166850,11876,r
P01,S01,17,up,82,1791212166950.3,11876,r
P01,S01,17,down,71,1791212167056.7,11877,g
P01,S01,17,up,71,1791212167125.6,11877,g
P01,S01,17,down,69,1791212167238.1,11878,e
P01,S01,17,up,69,1791212167332.6,11878,e
P01,S01,17,down,84,1791212167434.9,11879,t
P01,S01,17,up,84,1791212167494.7,11879,t
P01,S01,17,down,84,1791212167607.5,11880,t
P01,S01,17,down,73,1791212167667.6,11881,i
P01,S01,17,up,84,1791212167683.4,11880,t
P01,S01,17,down,78,1791212167738.8,11882,n
P01,S01,17,up,73,1791212167799.2,11881,i
P01,S01,17,down,71,1791212167810.7,11883,g
P01,S01,17,up,78,1791212167855.8,11882,n
P01,S01,17,up,71,1791212167907.5,11883,g
P01,S01,17,down,32,1791212167973.9,11884, 
P01,S01,17,down,87,1791212168057.4,11885,w
P01,S01,17,up,32,1791212168061.1,11884, 
P01,S01,17,down,72,1791212168148.2,11886,h
P01,S01,17,up,87,1791212168156.7,11885,w
P01,S01,17,down,65,1791212168266.2,11887,a
P01,S01,17,up,72,1791212168277.6,11886,h
P01,S01,17,up,65,1791212168354.1,11887,a
P01,S01,17,down,84,1791212168504,11888,t
P01,S01,17,up,84,1791212168571.9,11888,t
P01,S01,17,down,32,1791212168615.9,11889, 
P01,S01,17,up,32,1791212168707.6,11889, 
P01,S01,17,down,87,1791212168726.8,11890,w
P01,S01,17,up,87,1791212168806.7,11890,w
P01,S01,17,down,69,1791212168904.9,11891,e
P01,S01,17,down,32,1791212168969.3,11892, 
P01,S01,17,up,69,1791212168982.7,11891,e
P01,S01,17,up,32,1791212169081.8,11892, 
P01,S01,17,down,84,1791212169259.9,11893,t
P01,S01,17,up,84,1791212169332.8,11893,t
P01,S01,17,down,65,1791212169470.8,11894,a
P01,S01,17,down,76,1791212169482.3,11895,l
P01,S01,17,up,65,1791212169549.7,11894,a
P01,S01,17,down,75,1791212169554,11896,k
P01,S01,17,up,76,1791212169638.3,11895,l
P01,S01,17,down,69,1791212169674.3,11897,e
P01,S01,17,up,75,1791212169717.3,11896,k
P01,S01,17,up,69,1791212169734.7,11897,e
P01,S01,17,down,68,1791212169832.1,11898,d
P01,S01,17,down,32,1791212169867.6,11899, 
P01,S01,17,up,68,1791212169906.4,11898,d
P01,S01,17,up,32,1791212169999.1,11899, 
P01,S01,17,down,65,1791212170049.3,11900,a
P01,S01,17,down,66,1791212170104.2,11901,b
P01,S01,17,up,65,1791212170155.6,11900,a
P01,S01,17,down,79,1791212170168.1,11902,o
P01,S01,17,up,66,1791212170252.3,11901,b
P01,S01,17,down,85,1791212170260.3,11903,u
P01,S01,17,up,79,1791212170336.6,11902,o
P01,S01,17,down,84,1791212170381.8,11904,t
P01,S01,17,up,85,1791212170381.8,11903,u
P01,S01,17,up,84,1791212170461,11904,t
P01,S01,17,down,32,1791212170482.9,11905, 
P01,S01,17,down,69,1791212170554.2,11906,e
P01,S01,17,up,32,1791212170586.5,11905, 
P01,S01,17,up,69,1791212170650.9,11906,e
P01,S01,17,down,65,1791212171034.3,11907,a
P01,S01,17,up,65,1791212171174.5,11907,a
P01,S01,17,down,82,1791212171332.4,11908,r
P01,S01,17,down,76,1791212171404.6,11909,l
P01,S01,17,up,82,1791212171420.6,11908,r
P01,S01,17,down,73,1791212171483.1,11910,i
P01,S01,17,up,76,1791212171552.7,11909,l
P01,S01,17,down,69,1791212171568.8,11911,e
P01,S01,17,up,69,1791212171628.4,11911,e
P01,S01,17,up,73,1791212171633.5,11910,i
P01,S01,17,down,82,1791212171799.8,11912,r
P01,S01,17,up,82,1791212171871.9,11912,r
P01,S01,17,down,16,1791212172117.8,11913,Shift
P01,S01,17,down,191,1791212172193,11914,?
P01,S01,17,up,16,1791212172301.1,11913,Shift
P01,S01,17,up,191,1791212172314,11914,?
P01,S01,17,down,32,1791212172470.7,11915, 
P01,S01,17,up,32,1791212172534.2,11915, 
P01,S01,17,down,16,1791212173627.9,11916,Shift
P01,S01,17,down,79,1791212173775.8,11917,O
P01,S01,17,up,16,1791212173855.4,11916,Shift
P01,S01,17,up,79,1791212173932.3,11917,O
P01,S01,17,down,84,1791212174084.9,11918,t
P01,S01,17,down,32,1791212174140.6,11919, 
P01,S01,17,up,84,1791212174183.9,11918,t
P01,S01,17,down,79,1791212174266,11920,o
P01,S01,17,up,32,1791212174268.4,11919, 
P01,S01,17,up,79,1791212174333.1,11920,o
P01,S01,17,down,83,1791212174344.6,11921,s
P01,S01,17,up,83,1791212174416.9,11921,s
P01,S01,17,down,8,1791212174688.2,11922,Backspace
P01,S01,17,up,8,1791212174784.7,11922,Backspace
P01,S01,17,down,8,1791212174882.6,11923,Backspace
P01,S01,17,up,8,1791212174966,11923,Backspace
P01,S01,17,down,8,1791212175049.3,11924,Backspace
P01,S01,17,up,8,1791212175127,11924,Backspace
P01,S01,17,down,8,1791212175214,11925,Backspace
P01,S01,17,up,8,1791212175285.3,11925,Backspace
P01,S01,17,down,8,1791212175382.2,11926,Backspace
P01,S01,17,up,8,1791212175483.1,11926,Backspace
P01,S01,17,down,16,1791212175533.8,11927,Shift
P01,S01,17,down,73,1791212175677.8,11928,I
P01,S01,17,up,16,1791212175788.6,11927,Shift
P01,S01,17,up,73,1791212175821.1,11928,I
P01,S01,17,down,84,1791212175982.5,11929,t
P01,S01,17,up,84,1791212176059.4,11929,t
P01,S01,17,down,32,1791212176067,11930, 
P01,S01,17,up,32,1791212176175.8,11930, 
P01,S01,17,down,73,1791212176199.7,11931,i
P01,S01,17,down,83,1791212176299.6,11932,s
P01,S01,17,up,73,1791212176299.6,11931,i
P01,S01,17,up,83,1791212176359.8,11932,s
P01,S01,17,down,32,1791212176409.6,11933, 
P01,S01,17,up,32,1791212176482.6,11933, 
P01,S01,17,down,82,1791212176485,11934,r
P01,S01,17,up,82,1791212176553.8,11934,r
P01,S01,17,down,69,1791212176657,11935,e
P01,S01,17,up,69,1791212176720.9,11935,e
P01,S01,17,down,65,1791212176850.2,11936,a
P01,S01,17,down,76,1791212176889.8,11937,l
P01,S01,17,up,65,1791212176938.2,11936,a
P01,S01,17,up,76,1791212176950.2,11937,l
P01,S01,17,down,76,1791212177072,11938,l
P01,S01,17,up,76,1791212177156.1,11938,l
P01,S01,17,down,89,1791212177188.7,11939,y
P01,S01,17,up,89,1791212177320.4,11939,y
P01,S01,17,down,32,1791212177365.8,11940, 
P01,S01,17,up,32,1791212177432.8,11940, 
P01,S01,17,down,70,1791212177948.4,11941,f
P01,S01,17,up,70,1791212178032.6,11941,f
P01,S01,17,down,65,1791212178205,11942,a
P01,S01,17,up,65,1791212178268.6,11942,a
P01,S01,17,down,83,1791212178372.9,11943,s
P01,S01,17,up,83,1791212178440.4,11943,s
P01,S01,17,down,67,1791212178551.6,11944,c
P01,S01,17,down,73,1791212178611.6,11945,i
P01,S01,17,up,67,1791212178639.6,11944,c
P01,S01,17,down,78,1791212178751.7,11946,n
P01,S01,17,up,73,1791212178819.1,11945,i
P01,S01,17,down,65,1791212178839.5,11947,a
P01,S01,17,up,65,1791212178903.5,11947,a
P01,S01,17,up,78,1791212178906.9,11946,n
P01,S01,17,down,84,1791212179087.9,11948,t
P01,S01,17,down,73,1791212179173,11949,i
P01,S01,17,up,84,1791212179199.4,11948,t
P01,S01,17,down,78,1791212179233.7,11950,n
P01,S01,17,up,73,1791212179324.1,11949,i
P01,S01,17,up,78,1791212179409,11950,n
P01,S01,17,down,71,1791212179443.5,11951,g
P01,S01,17,up,71,1791212179535.5,11951,g
P01,S01,17,down,32,1791212179549.2,11952, 
P01,S01,17,up,32,1791212179651.7,11952, 
P01,S01,17,down,72,1791212179724.3,11953,h
P01,S01,17,down,79,1791212179840.5,11954,o
P01,S01,17,up,72,1791212179916.7,11953,h
P01,S01,17,down,87,1791212179917.5,11955,w
P01,S01,17,up,87,1791212179972.1,11955,w
P01,S01,17,up,79,1791212180008.5,11954,o
P01,S01,17,down,32,1791212180036.3,11956, 
P01,S01,17,up,32,1791212180132.7,11956, 
P01,S01,17,down,16,1791212180231.1,11957,Shift
P01,S01,17,down,65,1791212180410.8,11958,A
P01,S01,17,down,73,1791212180586.6,11959,I
P01,S01,17,up,65,1791212180666.7,11958,A
P01,S01,17,up,16,1791212180686.6,11957,Shift
P01,S01,17,up,73,1791212180702.7,11959,I
P01,S01,17,down,32,1791212180793.7,11960, 
P01,S01,17,up,32,1791212180901.8,11960, 
P01,S01,17,down,72,1791212180970.3,11961,h
P01,S01,17,down,65,1791212181066,11962,a
P01,S01,17,up,72,1791212181106.3,11961,h
P01,S01,17,up,65,1791212181134.5,11962,a
P01,S01,17,down,83,1791212181231.9,11963,s
P01,S01,17,down,32,1791212181283,11964, 
P01,S01,17,up,83,1791212181310.7,11963,s
P01,S01,17,up,32,1791212181383.2,11964, 
P01,S01,17,down,69,1791212181435.4,11965,e
P01,S01,17,up,69,1791212181487.7,11965,e
P01,S01,17,down,86,1791212181616,11966,v
P01,S01,17,down,79,1791212181673.2,11967,o
P01,S01,17,up,86,1791212181708.4,11966,v
P01,S01,17,up,79,1791212181750,11967,o
P01,S01,17,down,76,1791212181854.6,11968,l
P01,S01,17,down,86,1791212181894.4,11969,v
P01,S01,17,up,86,1791212181966.7,11969,v
P01,S01,17,up,76,1791212181970.1,11968,l
P01,S01,17,down,69,1791212182075.8,11970,e
P01,S01,17,up,69,1791212182135.4,11970,e
P01,S01,17,down,68,1791212182247.5,11971,d
P01,S01,17,down,32,1791212182326.2,11972, 
P01,S01,17,up,68,1791212182349.9,11971,d
P01,S01,17,up,32,1791212182426.9,11972, 
P01,S01,17,down,83,1791212182532.5,11973,s
P01,S01,17,up,83,1791212182593,11973,s
P01,S01,17,down,79,1791212182619.3,11974,o
P01,S01,17,up,79,1791212182715.9,11974,o
P01,S01,17,down,32,1791212182723.1,11975, 
P01,S01,17,up,32,1791212182791.6,11975, 
P01,S01,17,down,81,1791212182974.5,11976,q
P01,S01,17,up,81,1791212183041.5,11976,q
P01,S01,17,down,85,1791212183049.4,11977,u
P01,S01,17,up,85,1791212183131.4,11977,u
P01,S01,17,down,73,1791212183233.6,11978,i
P01,S01,17,up,73,1791212183357.2,11978,i
P01,S01,17,down,67,1791212183436.2,11979,c
P01,S01,17,up,67,1791212183536.7,11979,c
P01,S01,17,down,75,1791212183549.1,11980,k
P01,S01,17,up,75,1791212183689.2,11980,k
P01,S01,17,down,76,1791212183716.7,11981,l
P01,S01,17,down,89,1791212183933.2,11982,y
P01,S01,17,up,76,1791212184008.2,11981,l
P01,S01,17,up,89,1791212184036.6,11982,y
P01,S01,17,down,32,1791212184089.8,11983, 
P01,S01,17,up,32,1791212184182.7,11983, 
P01,S01,17,down,73,1791212184198.8,11984,i
P01,S01,17,down,78,1791212184315.7,11985,n
P01,S01,17,up,73,1791212184336.2,11984,i
P01,S01,17,down,32,1791212184383,11986, 
P01,S01,17,up,78,1791212184415.1,11985,n
P01,S01,17,up,32,1791212184452.1,11986, 
P01,S01,17,down,74,1791212184495.1,11987,j
P01,S01,17,up,74,1791212184583.8,11987,j
P01,S01,17,down,85,1791212184682.8,11988,u
P01,S01,17,down,83,1791212184718.3,11989,s
P01,S01,17,up,83,1791212184767.3,11989,s
P01,S01,17,up,85,1791212184786.6,11988,u
P01,S01,17,down,84,1791212184940.4,11990,t
P01,S01,17,up,84,1791212185016.8,11990,t
P01,S01,17,down,32,1791212185050.3,11991, 
P01,S01,17,up,32,1791212185134.8,11991, 
P01,S01,17,down,65,1791212185171.7,11992,a
P01,S01,17,up,65,1791212185233.5,11992,a
P01,S01,17,down,32,1791212185249.7,11993, 
P01,S01,17,up,32,1791212185335.7,11993, 
P01,S01,17,down,70,1791212185418.2,11994,f
P01,S01,17,up,70,1791212185498.3,11994,f
P01,S01,17,down,69,1791212185624.1,11995,e
P01,S01,17,up,69,1791212185683.8,11995,e
P01,S01,17,down,87,1791212185794.4,11996,w
P01,S01,17,down,32,1791212185873.9,11997, 
P01,S01,17,up,87,1791212185877.5,11996,w
P01,S01,17,down,89,1791212185949.8,11998,y
P01,S01,17,up,32,1791212186006,11997, 
P01,S01,17,down,69,1791212186026.2,11999,e
P01,S01,17,up,89,1791212186057.7,11998,y
P01,S01,17,up,69,1791212186074.2,11999,e
P01,S01,17,down,65,1791212186182.3,12000,a
P01,S01,17,up,65,1791212186253.6,12000,a
P01,S01,17,down,82,1791212186388.8,12001,r
P01,S01,17,up,82,1791212186460.8,12001,r
P01,S01,17,down,83,1791212186564.4,12002,s
P01,S01,17,up,83,1791212186636.3,12002,s
P01,S01,17,down,190,1791212186682.4,12003,.
P01,S01,17,up,190,1791212186769.8,12003,.
P01,S01,17,down,32,1791212186832.5,12004, 
P01,S01,17,up,32,1791212186886.6,12004, 
P01,S01,17,down,16,1791212187142.4,12005,Shift
P01,S01,17,down,83,1791212187749.3,12006,S
P01,S01,17,up,83,1791212187854.5,12006,S
P01,S01,17,up,16,1791212187966,12005,Shift
P01,S01,17,down,79,1791212188116.2,12007,o
P01,S01,17,down,77,1791212188235.4,12008,m
P01,S01,17,up,79,1791212188351.4,12007,o
P01,S01,17,down,69,1791212188403.4,12009,e
P01,S01,17,up,77,1791212188411.1,12008,m
P01,S01,17,up,69,1791212188515.9,12009,e
P01,S01,17,down,84,1791212188649.1,12010,t
P01,S01,17,down,73,1791212188717.4,12011,i
P01,S01,17,up,84,1791212188741,12010,t
P01,S01,17,down,77,1791212188793.2,12012,m
P01,S01,17,up,73,1791212188852.7,12011,i
P01,S01,17,down,69,1791212188888.3,12013,e
P01,S01,17,up,77,1791212188914.3,12012,m
P01,S01,17,up,69,1791212188956.8,12013,e
P01,S01,17,down,83,1791212189065.8,12014,s
P01,S01,17,down,32,1791212189104.4,12015, 
P01,S01,17,up,83,1791212189136.1,12014,s
P01,S01,17,down,73,1791212189215.6,12016,i
P01,S01,17,up,32,1791212189251,12015, 
P01,S01,17,down,84,1791212189316,12017,t
P01,S01,17,up,73,1791212189320.3,12016,i
P01,S01,17,up,84,1791212189383.8,12017,t
P01,S01,17,down,32,1791212189416.3,12018, 
P01,S01,17,down,70,1791212189478.4,12019,f
P01,S01,17,up,32,1791212189493.9,12018, 
P01,S01,17,up,70,1791212189570.6,12019,f
P01,S01,17,down,69,1791212189672.8,12020,e
P01,S01,17,down,76,1791212189744.2,12021,l
P01,S01,17,up,69,1791212189752,12020,e
P01,S01,17,up,76,1791212189800.4,12021,l
P01,S01,17,down,76,1791212189909.8,12022,l
P01,S01,17,up,76,1791212190039,12022,l
P01,S01,17,down,8,1791212190543.4,12023,Backspace
P01,S01,17,up,8,1791212190655.6,12023,Backspace
P01,S01,17,down,8,1791212190987.7,12024,Backspace
P01,S01,17,up,8,1791212191084.1,12024,Backspace
P01,S01,17,down,69,1791212191099.3,12025,e
P01,S01,17,up,69,1791212191215.2,12025,e
P01,S01,17,down,76,1791212191282.3,12026,l
P01,S01,17,up,76,1791212191411.5,12026,l
P01,S01,17,down,83,1791212191416,12027,s
P01,S01,17,up,83,1791212191499.5,12027,s
P01,S01,17,down,32,1791212191535.3,12028, 
P01,S01,17,up,32,1791212191659.7,12028, 
P01,S01,17,down,76,1791212191693.2,12029,l
P01,S01,17,down,73,1791212191849.1,12030,i
P01,S01,17,up,76,1791212191893.3,12029,l
P01,S01,17,up,73,1791212191957.7,12030,i
P01,S01,17,down,75,1791212192085.7,12031,k
P01,S01,17,up,75,1791212192218.8,12031,k
P01,S01,17,down,69,1791212192299.2,12032,e
P01,S01,17,down,32,1791212192377,12033, 
P01,S01,17,up,69,1791212192392,12032,e
P01,S01,17,up,32,1791212192460.6,12033, 
P01,S01,17,down,16,1791212192666.9,12034,Shift
P01,S01,17,down,73,1791212192743.3,12035,I
P01,S01,17,up,73,1791212192855.7,12035,I
P01,S01,17,up,16,1791212192939.5,12034,Shift
P01,S01,17,down,32,1791212192940.2,12036, 
P01,S01,17,up,32,1791212193035.6,12036, 
P01,S01,17,down,65,1791212193107,12037,a
P01,S01,17,up,65,1791212193226.9,12037,a
P01,S01,17,down,77,1791212193231,12038,m
P01,S01,17,down,32,1791212193349.2,12039, 
P01,S01,17,up,77,1791212193359.1,12038,m
P01,S01,17,up,32,1791212193416.2,12039, 
P01,S01,17,down,84,1791212193556.8,12040,t
P01,S01,17,up,84,1791212193616.8,12040,t
P01,S01,17,down,65,1791212193774.1,12041,a
P01,S01,17,down,75,1791212193834.3,12042,k
P01,S01,17,up,65,1791212193870.2,12041,a
P01,S01,17,up,75,1791212193900.4,12042,k
P01,S01,17,down,73,1791212194005.5,12043,i
P01,S01,17,down,78,1791212194077.3,12044,n
P01,S01,17,up,73,1791212194132,12043,i
P01,S01,17,down,71,1791212194224.9,12045,g
P01,S01,17,up,78,1791212194231,12044,n
P01,S01,17,up,71,1791212194341.6,12045,g
P01,S01,17,down,32,1791212194649.1,12046, 
P01,S01,17,up,32,1791212194743.6,12046, 
P01,S01,17,down,84,1791212194841.3,12047,t
P01,S01,17,down,79,1791212194882.9,12048,o
P01,S01,17,up,84,1791212194924.9,12047,t
P01,S01,17,down,32,1791212194989.7,12049, 
P01,S01,17,up,79,1791212195001,12048,o
P01,S01,17,up,32,1791212195153.2,12049, 
P01,S01,17,down,65,1791212195239.6,12050,a
P01,S01,17,down,32,1791212195327.8,12051, 
P01,S01,17,up,65,1791212195332,12050,a
P01,S01,17,up,32,1791212195432.5,12051, 
P01,S01,17,down,82,1791212195467.3,12052,r
P01,S01,17,up,82,1791212195535.2,12052,r
P01,S01,17,down,69,1791212195632.7,12053,e
P01,S01,17,up,69,1791212195704.4,12053,e
P01,S01,17,down,65,1791212195815.7,12054,a
P01,S01,17,down,76,1791212195873.1,12055,l
P01,S01,17,up,65,1791212195876.5,12054,a
P01,S01,17,up,76,1791212195953.5,12055,l
P01,S01,17,down,32,1791212195999.6,12056, 
P01,S01,17,up,32,1791212196082.7,12056, 
P01,S01,17,down,219,1791212196123.3,12057,[
P01,S01,17,up,219,1791212196199.9,12057,[
P01,S01,17,down,69,1791212196215.2,12058,e
P01,S01,17,up,69,1791212196255.7,12058,e
P01,S01,17,down,8,1791212196834.2,12059,Backspace
P01,S01,17,up,8,1791212196894.5,12059,Backspace
P01,S01,17,down,8,1791212197015.9,12060,Backspace
P01,S01,17,up,8,1791212197083.7,12060,Backspace
P01,S01,17,down,80,1791212197266.4,12061,p
P01,S01,17,down,69,1791212197375.9,12062,e
P01,S01,17,up,80,1791212197428,12061,p
P01,S01,17,up,69,1791212197452.6,12062,e
P01,S01,17,down,82,1791212197560.6,12063,r
P01,S01,17,up,82,1791212197640.1,12063,r
P01,S01,17,down,83,1791212197771.5,12064,s
P01,S01,17,down,79,1791212197818.9,12065,o
P01,S01,17,up,83,1791212197854.7,12064,s
P01,S01,17,down,78,1791212197951.4,12066,n
P01,S01,17,up,79,1791212197982.8,12065,o
P01,S01,17,up,78,1791212198083,12066,n
P01,S01,17,down,32,1791212198083.2,12067, 
P01,S01,17,up,32,1791212198166,12067, 
P01,S01,17,down,8,1791212229684.1,12068,Backspace
P01,S01,17,up,8,1791212229778.1,12068,Backspace
P01,S01,17,down,188,1791212229857.2,12069,","
P01,S01,17,down,32,1791212229932.3,12070, 
P01,S01,17,up,188,1791212229982.2,12069,","
P01,S01,17,up,32,1791212230000.5,12070, 
P01,S01,17,down,69,1791212230087.1,12071,e
P01,S01,17,up,69,1791212230151.8,12071,e
P01,S01,17,down,86,1791212230251.8,12072,v
P01,S01,17,up,86,1791212230323.7,12072,v
P01,S01,17,down,69,1791212230403.9,12073,e
P01,S01,17,up,69,1791212230471.5,12073,e
P01,S01,17,down,78,1791212230475.2,12074,n
P01,S01,17,up,78,1791212230582.5,12074,n
P01,S01,17,down,32,1791212230582.6,12075, 
P01,S01,17,up,32,1791212230633.5,12075, 
P01,S01,17,down,84,1791212230759.5,12076,t
P01,S01,17,down,72,1791212230836.2,12077,h
P01,S01,17,up,84,1791212230847.9,12076,t
P01,S01,17,down,79,1791212230916.1,12078,o
P01,S01,17,up,72,1791212230932.1,12077,h
P01,S01,17,down,85,1791212231108.8,12079,u
P01,S01,17,up,79,1791212231184.7,12078,o
P01,S01,17,up,85,1791212231317.2,12079,u
P01,S01,17,down,71,1791212231374.7,12080,g
P01,S01,17,up,71,1791212231474.7,12080,g
P01,S01,17,down,72,1791212231582.4,12081,h
P01,S01,17,up,72,1791212231677.1,12081,h
P01,S01,17,down,32,1791212232260.7,12082, 
P01,S01,17,up,32,1791212232361,12082, 
P01,S01,17,down,16,1791212232556.4,12083,Shift
P01,S01,17,down,73,1791212232635.8,12084,I
P01,S01,17,up,73,1791212232715.9,12084,I
P01,S01,17,up,16,1791212232804.4,12083,Shift
P01,S01,17,down,32,1791212232841,12085, 
P01,S01,17,up,32,1791212233015.7,12085, 
P01,S01,17,down,75,1791212233020.5,12086,k
P01,S01,17,down,78,1791212233148.8,12087,n
P01,S01,17,up,75,1791212233216.8,12086,k
P01,S01,17,down,79,1791212233288,12088,o
P01,S01,17,up,78,1791212233339.7,12087,n
P01,S01,17,up,79,1791212233407.6,12088,o
P01,S01,17,down,87,1791212233407.9,12089,w
P01,S01,17,down,32,1791212233471.7,12090, 
P01,S01,17,up,87,1791212233508.5,12089,w
P01,S01,17,up,32,1791212233552.9,12090, 
P01,S01,17,down,73,1791212233627.9,12091,i
P01,S01,17,down,84,1791212233723.7,12092,t
P01,S01,17,up,73,1791212233727.1,12091,i
P01,S01,17,up,84,1791212233807.7,12092,t
P01,S01,17,down,32,1791212233849.4,12093, 
P01,S01,17,up,32,1791212233938.6,12093, 
P01,S01,17,down,73,1791212234082.9,12094,i
P01,S01,17,up,73,1791212234167.1,12094,i
P01,S01,17,down,83,1791212234183.4,12095,s
P01,S01,17,up,83,1791212234267.7,12095,s
P01,S01,17,down,32,1791212234268.9,12096, 
P01,S01,17,down,74,1791212234343.7,12097,j
P01,S01,17,up,32,1791212234354.6,12096, 
P01,S01,17,up,74,1791212234415.5,12097,j
P01,S01,17,down,83,1791212234498.5,12098,s
P01,S01,17,down,85,1791212234507.1,12099,u
P01,S01,17,up,83,1791212234566.5,12098,s
P01,S01,17,up,85,1791212234583.8,12099,u
P01,S01,17,down,84,1791212234715.8,12100,t
P01,S01,17,down,32,1791212234787.6,12101, 
P01,S01,17,up,84,1791212234798.9,12100,t
P01,S01,17,up,32,1791212234859.5,12101, 
P01,S01,17,down,77,1791212234982.4,12102,m
P01,S01,17,down,65,1791212235035.5,12103,a
P01,S01,17,up,77,1791212235066.3,12102,m
P01,S01,17,up,65,1791212235107.8,12103,a
P01,S01,17,down,84,1791212235282.7,12104,t
P01,S01,17,down,72,1791212235361.6,12105,h
P01,S01,17,up,84,1791212235365.9,12104,t
P01,S01,17,up,72,1791212235468.3,12105,h
P01,S01,17,down,32,1791212235472.2,12106, 
P01,S01,17,down,65,1791212235573.2,12107,a
P01,S01,17,up,32,1791212235615.5,12106, 
P01,S01,17,up,65,1791212235778.2,12107,a
P01,S01,17,down,78,1791212235807.6,12108,n
P01,S01,17,down,68,1791212235911.8,12109,d
P01,S01,17,up,78,1791212235915.8,12108,n
P01,S01,17,up,68,1791212235967.5,12109,d
P01,S01,17,down,32,1791212236082.4,12110, 
P01,S01,17,down,80,1791212236134.2,12111,p
P01,S01,17,up,32,1791212236151.2,12110, 
P01,S01,17,up,80,1791212236216.1,12111,p
P01,S01,17,down,82,1791212236285.6,12112,r
P01,S01,17,down,79,1791212236337.5,12113,o
P01,S01,17,up,82,1791212236361.5,12112,r
P01,S01,17,down,66,1791212236432.9,12114,b
P01,S01,17,up,79,1791212236448.9,12113,o
P01,S01,17,down,65,1791212236541.2,12115,a
P01,S01,17,up,66,1791212236544.6,12114,b
P01,S01,17,up,65,1791212236633.8,12115,a
P01,S01,17,down,66,1791212236641.2,12116,b
P01,S01,17,up,66,1791212236721.8,12116,b
P01,S01,17,down,73,1791212236799.9,12117,i
P01,S01,17,down,76,1791212236991.4,12118,l
P01,S01,17,up,73,1791212236999.1,12117,i
P01,S01,17,down,73,1791212237127.6,12119,i
P01,S01,17,up,76,1791212237183.7,12118,l
P01,S01,17,up,73,1791212237244,12119,i
P01,S01,17,down,84,1791212237258.3,12120,t
P01,S01,17,down,73,1791212237354.6,12121,i
P01,S01,17,up,84,1791212237355.9,12120,t
P01,S01,17,up,73,1791212237442.4,12121,i
P01,S01,17,down,69,1791212237454,12122,e
P01,S01,17,up,69,1791212237518.3,12122,e
P01,S01,17,down,83,1791212237616.2,12123,s
P01,S01,17,down,190,1791212237708.4,12124,.
P01,S01,17,up,83,1791212237715.4,12123,s
P01,S01,17,up,190,1791212237831.8,12124,.
P01,S01,17,down,13,1791212237915.8,12125,Enter
P01,S01,17,up,13,1791212237992.4,12125,Enter
P01,S01,18,down,16,1791212264903.7,12126,Shift
P01,S01,18,up,16,1791212264935.9,12126,Shift
P01,S01,18,down,16,1791212265758.9,12127,Shift
P01,S01,18,down,65,1791212266073.7,12128,A
P01,S01,18,up,16,1791212266202,12127,Shift
P01,S01,18,up,65,1791212266250.4,12128,A
P01,S01,18,down,78,1791212266301.1,12129,n
P01,S01,18,up,78,1791212266415.2,12129,n
P01,S01,18,down,89,1791212266473.5,12130,y
P01,S01,18,up,89,1791212266633.8,12130,y
P01,S01,18,down,87,1791212266659.3,12131,w
P01,S01,18,up,87,1791212266735.9,12131,w
P01,S01,18,down,65,1791212266844.9,12132,a
P01,S01,18,down,89,1791212266899.3,12133,y
P01,S01,18,up,65,1791212266941.2,12132,a
P01,S01,18,up,89,1791212266969.6,12133,y
P01,S01,18,down,188,1791212267141.1,12134,","
P01,S01,18,down,32,1791212267214.2,12135, 
P01,S01,18,up,32,1791212267277.1,12135, 
P01,S01,18,up,188,1791212267301.5,12134,","
P01,S01,18,down,84,1791212267407.4,12136,t
P01,S01,18,up,84,1791212267491.5,12136,t
P01,S01,18,down,69,1791212267599,12137,e
P01,S01,18,down,76,1791212267644.7,12138,l
P01,S01,18,up,69,1791212267699.6,12137,e
P01,S01,18,up,76,1791212267704.2,12138,l
P01,S01,18,down,76,1791212267808.5,12139,l
P01,S01,18,up,76,1791212267884.8,12139,l
P01,S01,18,down,32,1791212267937.4,12140, 
P01,S01,18,up,32,1791212268001.3,12140, 
P01,S01,18,down,77,1791212268015.1,12141,m
P01,S01,18,up,77,1791212268133.8,12141,m
P01,S01,18,down,69,1791212268172.9,12142,e
P01,S01,18,up,69,1791212268261.2,12142,e
P01,S01,18,down,32,1791212268280.4,12143, 
P01,S01,18,up,32,1791212268367.6,12143, 
P01,S01,18,down,65,1791212268389,12144,a
P01,S01,18,down,32,1791212268465.7,12145, 
P01,S01,18,up,65,1791212268480.4,12144,a
P01,S01,18,up,32,1791212268577.7,12145, 
P01,S01,18,down,82,1791212269331.2,12146,r
P01,S01,18,up,82,1791212269398.2,12146,r
P01,S01,18,down,65,1791212269602.5,12147,a
P01,S01,18,up,65,1791212269702.7,12147,a
P01,S01,18,down,78,1791212269719.5,12148,n
P01,S01,18,up,78,1791212269807,12148,n
P01,S01,18,down,68,1791212269815.3,12149,d
P01,S01,18,down,79,1791212269887.4,12150,o
P01,S01,18,up,68,1791212269910.8,12149,d
P01,S01,18,down,77,1791212269991.2,12151,m
P01,S01,18,up,79,1791212270083.2,12150,o
P01,S01,18,up,77,1791212270139.6,12151,m
P01,S01,18,down,32,1791212270205.7,12152, 
P01,S01,18,up,32,1791212270269.8,12152, 
P01,S01,18,down,70,1791212270688.7,12153,f
P01,S01,18,down,85,1791212270724.2,12154,u
P01,S01,18,up,70,1791212270752.8,12153,f
P01,S01,18,down,78,1791212270798.6,12155,n
P01,S01,18,up,85,1791212270860,12154,u
P01,S01,18,down,32,1791212270887.9,12156, 
P01,S01,18,up,78,1791212270936.2,12155,n
P01,S01,18,up,32,1791212270940.1,12156, 
P01,S01,18,down,70,1791212271061.2,12157,f
P01,S01,18,up,70,1791212271125.2,12157,f
P01,S01,18,down,65,1791212271251.6,12158,a
P01,S01,18,up,65,1791212271311.6,12158,a
P01,S01,18,down,67,1791212271439.3,12159,c
P01,S01,18,up,67,1791212271507.3,12159,c
P01,S01,18,down,84,1791212271510.9,12160,t
P01,S01,18,up,84,1791212271587.4,12160,t
P01,S01,18,down,32,1791212271718.1,12161, 
P01,S01,18,up,32,1791212271814.4,12161, 
P01,S01,18,down,65,1791212272075.7,12162,a
P01,S01,18,up,65,1791212272143.7,12162,a
P01,S01,18,down,66,1791212272165.3,12163,b
P01,S01,18,down,79,1791212272256.4,12164,o
P01,S01,18,up,66,1791212272320,12163,b
P01,S01,18,down,85,1791212272323.7,12165,u
P01,S01,18,up,79,1791212272397.7,12164,o
P01,S01,18,down,84,1791212272407.7,12166,t
P01,S01,18,up,85,1791212272439.4,12165,u
P01,S01,18,up,84,1791212272487.8,12166,t
P01,S01,18,down,32,1791212272533.9,12167, 
P01,S01,18,up,32,1791212272626.7,12167, 
P01,S01,18,down,84,1791212272887.1,12168,t
P01,S01,18,down,72,1791212272955.1,12169,h
P01,S01,18,up,84,1791212272983.8,12168,t
P01,S01,18,up,72,1791212273065.4,12169,h
P01,S01,18,down,69,1791212273093.2,12170,e
P01,S01,18,down,32,1791212273121.2,12171, 
P01,S01,18,up,69,1791212273198.2,12170,e
P01,S01,18,down,79,1791212273221,12172,o
P01,S01,18,up,32,1791212273268.8,12171, 
P01,S01,18,down,67,1791212273325.2,12173,c
P01,S01,18,up,79,1791212273377.4,12172,o
P01,S01,18,up,67,1791212273401.6,12173,c
P01,S01,18,down,69,1791212273503.1,12174,e
P01,S01,18,up,69,1791212273550.6,12174,e
P01,S01,18,down,65,1791212273656.6,12175,a
P01,S01,18,up,65,1791212273725.1,12175,a
P01,S01,18,down,78,1791212273740,12176,n
P01,S01,18,up,78,1791212273820.6,12176,n
P01,S01,18,down,32,1791212273836.2,12177, 
P01,S01,18,up,32,1791212273892.2,12177, 
P01,S01,18,down,79,1791212273898.6,12178,o
P01,S01,18,up,79,1791212273992.1,12178,o
P01,S01,18,down,82,1791212274022.2,12179,r
P01,S01,18,down,32,1791212274074.9,12180, 
P01,S01,18,up,82,1791212274094.6,12179,r
P01,S01,18,up,32,1791212274139.1,12180, 
P01,S01,18,down,65,1791212274206.3,12181,a
P01,S01,18,down,66,1791212274258.1,12182,b
P01,S01,18,up,65,1791212274285.9,12181,a
P01,S01,18,down,79,1791212274314.9,12183,o
P01,S01,18,up,66,1791212274382.3,12182,b
P01,S01,18,down,85,1791212274405.8,12184,u
P01,S01,18,up,79,1791212274466,12183,o
P01,S01,18,down,84,1791212274502.4,12185,t
P01,S01,18,up,85,1791212274533.8,12184,u
P01,S01,18,up,84,1791212274582,12185,t
P01,S01,18,down,32,1791212274632.3,12186, 
P01,S01,18,up,32,1791212274715.5,12186, 
P01,S01,18,down,83,1791212274724.9,12187,s
P01,S01,18,down,80,1791212274798.9,12188,p
P01,S01,18,up,83,1791212274801.1,12187,s
P01,S01,18,up,80,1791212274921.4,12188,p
P01,S01,18,down,65,1791212274936.9,12189,a
P01,S01,18,up,65,1791212274989,12189,a
P01,S01,18,down,67,1791212275115,12190,c
P01,S01,18,up,67,1791212275171.2,12190,c
P01,S01,18,down,69,1791212275282.6,12191,e
P01,S01,18,up,69,1791212275369.6,12191,e
P01,S01,18,down,190,1791212276102,12192,.
P01,S01,18,down,32,1791212276186.3,12193, 
P01,S01,18,up,32,1791212276238.1,12193, 
P01,S01,18,up,190,1791212276270.3,12192,.
P01,S01,18,down,16,1791212276438.8,12194,Shift
P01,S01,18,down,73,1791212276522.9,12195,I
P01,S01,18,up,73,1791212276622,12195,I
P01,S01,18,up,16,1791212276632,12194,Shift
P01,S01,18,down,32,1791212276766.4,12196, 
P01,S01,18,up,32,1791212276850.6,12196, 
P01,S01,18,down,76,1791212276865.6,12197,l
P01,S01,18,up,76,1791212276949.8,12197,l
P01,S01,18,down,79,1791212277023.2,12198,o
P01,S01,18,down,86,1791212277070.9,12199,v
P01,S01,18,up,79,1791212277132.2,12198,o
P01,S01,18,up,86,1791212277155.4,12199,v
P01,S01,18,down,69,1791212277317.4,12200,e
P01,S01,18,up,69,1791212277437.4,12200,e
P01,S01,18,down,32,1791212277535.4,12201, 
P01,S01,18,up,32,1791212277619.4,12201, 
P01,S01,18,down,76,1791212277749.6,12202,l
P01,S01,18,down,69,1791212277833.2,12203,e
P01,S01,18,up,76,1791212277867.3,12202,l
P01,S01,18,up,69,1791212277898.6,12203,e
P01,S01,18,down,65,1791212277999,12204,a
P01,S01,18,up,65,1791212278060.1,12204,a
P01,S01,18,down,82,1791212278190.1,12205,r
P01,S01,18,down,78,1791212278238,12206,n
P01,S01,18,down,73,1791212278310.1,12207,i
P01,S01,18,up,82,1791212278314.3,12205,r
P01,S01,18,up,78,1791212278325.6,12206,n
P01,S01,18,down,78,1791212278433.8,12208,n
P01,S01,18,up,73,1791212278502.2,12207,i
P01,S01,18,up,78,1791212278550.4,12208,n
P01,S01,18,down,71,1791212278553.7,12209,g
P01,S01,18,up,71,1791212278642.2,12209,g
P01,S01,18,down,32,1791212278667.2,12210, 
P01,S01,18,up,32,1791212278759.4,12210, 
P01,S01,18,down,70,1791212278865.6,12211,f
P01,S01,18,up,70,1791212278932.4,12211,f
P01,S01,18,down,8,1791212279142.3,12212,Backspace
P01,S01,18,down,82,1791212279249.5,12213,r
P01,S01,18,up,8,1791212279257.4,12212,Backspace
P01,S01,18,up,82,1791212279310.1,12213,r
P01,S01,18,down,65,1791212279441.2,12214,a
P01,S01,18,down,78,1791212279489.1,12215,n
P01,S01,18,up,65,1791212279524.5,12214,a
P01,S01,18,up,78,1791212279609.4,12215,n
P01,S01,18,down,68,1791212279640,12216,d
P01,S01,18,down,79,1791212279672,12217,o
P01,S01,18,up,68,1791212279715.7,12216,d
P01,S01,18,down,77,1791212279784.3,12218,m
P01,S01,18,down,32,1791212279843.9,12219, 
P01,S01,18,up,79,1791212279851.5,12217,o
P01,S01,18,up,32,1791212279916,12219, 
P01,S01,18,up,77,1791212279919.5,12218,m
P01,S01,18,down,84,1791212280411,12220,t
P01,S01,18,up,84,1791212280491.1,12220,t
P01,S01,18,down,82,1791212280584.8,12221,r
P01,S01,18,up,82,1791212280677.3,12221,r
P01,S01,18,down,73,1791212280691.8,12222,i
P01,S01,18,up,73,1791212280768.4,12222,i
P01,S01,18,down,86,1791212280790,12223,v
P01,S01,18,down,73,1791212280882.3,12224,i
P01,S01,18,up,86,1791212280882.4,12223,v
P01,S01,18,up,73,1791212280958.3,12224,i
P01,S01,18,down,65,1791212280987,12225,a
P01,S01,18,up,65,1791212281067.1,12225,a
P01,S01,18,down,32,1791212281070.4,12226, 
P01,S01,18,up,32,1791212281139,12226, 
P01,S01,18,down,84,1791212281200.2,12227,t
P01,S01,18,down,72,1791212281235.9,12228,h
P01,S01,18,up,84,1791212281281,12227,t
P01,S01,18,up,72,1791212281360.9,12228,h
P01,S01,18,down,65,1791212281426.8,12229,a
P01,S01,18,up,65,1791212281481.3,12229,a
P01,S01,18,down,84,1791212281615.7,12230,t
P01,S01,18,down,32,1791212281687.2,12231, 
P01,S01,18,up,84,1791212281690.9,12230,t
P01,S01,18,up,32,1791212281787.3,12231, 
P01,S01,18,down,16,1791212281883.5,12232,Shift
P01,S01,18,down,73,1791212281967.4,12233,I
P01,S01,18,up,73,1791212282055,12233,I
P01,S01,18,down,32,1791212282107.6,12234, 
P01,S01,18,up,16,1791212282126.9,12232,Shift
P01,S01,18,up,32,1791212282219.8,12234, 
P01,S01,18,down,67,1791212282259.2,12235,c
P01,S01,18,up,67,1791212282311.6,12235,c
P01,S01,18,down,65,1791212282422.6,12236,a
P01,S01,18,down,78,1791212282450.2,12237,n
P01,S01,18,up,65,1791212282469.6,12236,a
P01,S01,18,up,78,1791212282565.7,12237,n
P01,S01,18,down,32,1791212282577.6,12238, 
P01,S01,18,up,32,1791212282654,12238, 
P01,S01,18,down,83,1791212282768.2,12239,s
P01,S01,18,up,83,1791212282839.9,12239,s
P01,S01,18,down,72,1791212282843.6,12240,h
P01,S01,18,down,65,1791212282939.9,12241,a
P01,S01,18,up,72,1791212282948.6,12240,h
P01,S01,18,up,65,1791212283000.2,12241,a
P01,S01,18,down,82,1791212283138.6,12242,r
P01,S01,18,up,82,1791212283202.1,12242,r
P01,S01,18,down,69,1791212283299.1,12243,e
P01,S01,18,down,32,1791212283334.4,12244, 
P01,S01,18,up,69,1791212283373.7,12243,e
P01,S01,18,up,32,1791212283425.9,12244, 
P01,S01,18,down,87,1791212283467.2,12245,w
P01,S01,18,down,73,1791212283514.9,12246,i
P01,S01,18,up,87,1791212283532.2,12245,w
P01,S01,18,up,73,1791212283586.9,12246,i
P01,S01,18,down,84,1791212283655.6,12247,t
P01,S01,18,down,72,1791212283716,12248,h
P01,S01,18,up,84,1791212283719,12247,t
P01,S01,18,up,72,1791212283798.9,12248,h
P01,S01,18,down,32,1791212283839,12249, 
P01,S01,18,up,32,1791212283919.4,12249, 
P01,S01,18,down,77,1791212283948.9,12250,m
P01,S01,18,up,77,1791212284084.4,12250,m
P01,S01,18,down,89,1791212284128.3,12251,y
P01,S01,18,down,32,1791212284252,12252, 
P01,S01,18,up,89,1791212284279.9,12251,y
P01,S01,18,up,32,1791212284308,12252, 
P01,S01,18,down,70,1791212284421.3,12253,f
P01,S01,18,up,70,1791212284498.4,12253,f
P01,S01,18,down,82,1791212284593.6,12254,r
P01,S01,18,down,89,1791212284649.6,12255,y
P01,S01,18,up,82,1791212284685.4,12254,r
P01,S01,18,up,89,1791212284738.8,12255,y
P01,S01,18,down,69,1791212284774.1,12256,e
P01,S01,18,down,78,1791212284848.9,12257,n
P01,S01,18,up,69,1791212284866.2,12256,e
P01,S01,18,up,78,1791212284970.3,12257,n
P01,S01,18,down,68,1791212284982.5,12258,d
P01,S01,18,up,68,1791212285054,12258,d
P01,S01,18,down,83,1791212285357.1,12259,s
P01,S01,18,up,83,1791212285461.6,12259,s
P01,S01,18,down,32,1791212285499.1,12260, 
P01,S01,18,down,76,1791212285659.6,12261,l
P01,S01,18,up,32,1791212285660.5,12260, 
P01,S01,18,down,65,1791212285768.3,12262,a
P01,S01,18,up,76,1791212285771.6,12261,l
P01,S01,18,up,65,1791212285851.9,12262,a
P01,S01,18,down,89,1791212286566,12263,y
P01,S01,18,down,69,1791212286656.6,12264,e
P01,S01,18,up,89,1791212286672.3,12263,y
P01,S01,18,up,69,1791212286742.1,12264,e
P01,S01,18,down,82,1791212286865.7,12265,r
P01,S01,18,up,82,1791212286951.4,12265,r
P01,S01,18,down,13,1791212288766.4,12266,Enter
P01,S01,18,up,13,1791212288901.5,12266,Enter
P01,S01,19,down,16,1791212515132.4,20001,Shift
P01,S01,19,down,73,1791212515441.9,20002,I
P01,S01,19,up,73,1791212515557.1,20002,I
P01,S01,19,up,16,1791212515581.5,20001,Shift
P01,S01,19,down,32,1791212515666.3,20003, 
P01,S01,19,up,32,1791212515783.4,20003, 
P01,S01,19,down,87,1791212515807.4,20004,w
P01,S01,19,up,87,1791212515831.6,20004,w
P01,S01,19,down,87,1791212515850.3,20005,w
P01,S01,19,up,87,1791212515964.8,20005,w
P01,S01,19,down,65,1791212516071.8,20006,a
P01,S01,19,up,65,1791212516135.9,20006,a
P01,S01,19,down,68,1791212516234.6,20007,d
P01,S01,19,down,83,1791212516254,20008,s
P01,S01,19,up,83,1791212516318.1,20008,s
P01,S01,19,down,32,1791212516318.9,20009, 
P01,S01,19,up,68,1791212516330.6,20007,d
P01,S01,19,up,32,1791212516394.5,20009, 
P01,S01,19,down,8,1791212516708,20010,Backspace
P01,S01,19,up,8,1791212516791.6,20010,Backspace
P01,S01,19,down,8,1791212516891.3,20011,Backspace
P01,S01,19,up,8,1791212516971.7,20011,Backspace
P01,S01,19,down,8,1791212517072.8,20012,Backspace
P01,S01,19,up,8,1791212517182.3,20012,Backspace
P01,S01,19,down,8,1791212517292.1,20013,Backspace
P01,S01,19,up,8,1791212517408.5,20013,Backspace
P01,S01,19,down,8,1791212517519.8,20014,Backspace
P01,S01,19,up,8,1791212517623.8,20014,Backspace
P01,S01,19,down,65,1791212517704.8,20015,a
P01,S01,19,up,65,1791212517804.5,20015,a
P01,S01,19,down,83,1791212517900.5,20016,s
P01,S01,19,up,83,1791212517956.6,20016,s
P01,S01,19,down,32,1791212518061.3,20017, 
P01,S01,19,up,32,1791212518109.7,20017, 
P01,S01,19,down,84,1791212518240.8,20018,t
P01,S01,19,down,72,1791212518288,20019,h
P01,S01,19,up,84,1791212518339.7,20018,t
P01,S01,19,down,73,1791212518367.8,20020,i
P01,S01,19,up,72,1791212518387.6,20019,h
P01,S01,19,up,73,1791212518476.4,20020,i
P01,S01,19,down,78,1791212518504.9,20021,n
P01,S01,19,down,75,1791212518605.3,20022,k
P01,S01,19,up,78,1791212518653,20021,n
P01,S01,19,up,75,1791212518721.7,20022,k
P01,S01,19,down,73,1791212518824,20023,i
P01,S01,19,down,78,1791212518899.7,20024,n
P01,S01,19,up,73,1791212518951.4,20023,i
P01,S01,19,down,71,1791212518965.6,20025,g
P01,S01,19,up,78,1791212518999.1,20024,n
P01,S01,19,up,71,1791212519065.4,20025,g
P01,S01,19,down,32,1791212519090.2,20026, 
P01,S01,19,up,32,1791212519165.8,20026, 
P01,S01,19,down,65,1791212519211.6,20027,a
P01,S01,19,down,66,1791212519266.7,20028,b
P01,S01,19,up,65,1791212519306.7,20027,a
P01,S01,19,down,79,1791212519351.5,20029,o
P01,S01,19,up,66,1791212519406.9,20028,b
P01,S01,19,down,85,1791212519427,20030,u
P01,S01,19,up,79,1791212519499,20029,o
P01,S01,19,down,84,1791212519548.2,20031,t
P01,S01,19,up,85,1791212519550.7,20030,u
P01,S01,19,up,84,1791212519655.5,20031,t
P01,S01,19,down,32,1791212519667.2,20032, 
P01,S01,19,up,32,1791212519751.9,20032, 
P01,S01,19,down,77,1791212519899,20033,m
P01,S01,19,down,79,1791212519934.3,20034,o
P01,S01,19,up,77,1791212520043.1,20033,m
P01,S01,19,up,79,1791212520151.9,20034,o
P01,S01,19,down,86,1791212520538.5,20035,v
P01,S01,19,down,73,1791212520642.9,20036,i
P01,S01,19,up,86,1791212520658.8,20035,v
P01,S01,19,up,73,1791212520759.7,20036,i
P01,S01,19,down,69,1791212520783.4,20037,e
P01,S01,19,up,69,1791212520851.5,20037,e
P01,S01,19,down,83,1791212520949.6,20038,s
P01,S01,19,down,32,1791212520985.4,20039, 
P01,S01,19,up,83,1791212521022.4,20038,s
P01,S01,19,up,32,1791212521069.6,20039, 
P01,S01,19,down,69,1791212521132.1,20040,e
P01,S01,19,up,69,1791212521206.5,20040,e
P01,S01,19,down,65,1791212521318.6,20041,a
P01,S01,19,up,65,1791212521402.7,20041,a
P01,S01,19,down,82,1791212521515.7,20042,r
P01,S01,19,down,76,1791212521568,20043,l
P01,S01,19,up,82,1791212521599.8,20042,r
P01,S01,19,down,73,1791212521655.5,20044,i
P01,S01,19,up,76,1791212521700,20043,l
P01,S01,19,down,69,1791212521704,20045,e
P01,S01,19,up,73,1791212521731.7,20044,i
P01,S01,19,up,69,1791212521756,20045,e
P01,S01,19,down,82,1791212521840.4,20046,r
P01,S01,19,down,190,1791212521899.6,20047,.
P01,S01,19,up,82,1791212521920.4,20046,r
P01,S01,19,up,190,1791212522016.8,20047,.
P01,S01,19,down,32,1791212522037.4,20048, 
P01,S01,19,up,32,1791212522086,20048, 
P01,S01,19,down,16,1791212522270.7,20049,Shift
P01,S01,19,down,68,1791212522482.5,20050,D
P01,S01,19,up,16,1791212522566.3,20049,Shift
P01,S01,19,up,68,1791212522586.7,20050,D
P01,S01,19,down,79,1791212522720,20051,o
P01,S01,19,up,79,1791212522815.3,20051,o
P01,S01,19,down,32,1791212522842.2,20052, 
P01,S01,19,up,32,1791212522910.7,20052, 
P01,S01,19,down,89,1791212522954.5,20053,y
P01,S01,19,up,89,1791212523058.4,20053,y
P01,S01,19,down,79,1791212523066.1,20054,o
P01,S01,19,down,85,1791212523194.6,20055,u
P01,S01,19,up,79,1791212523270.5,20054,o
P01,S01,19,down,32,1791212523286.5,20056, 
P01,S01,19,up,85,1791212523309.8,20055,u
P01,S01,19,up,32,1791212523364.5,20056, 
P01,S01,19,down,72,1791212524221.7,20057,h
P01,S01,19,down,65,1791212524301.1,20058,a
P01,S01,19,up,72,1791212524361.3,20057,h
P01,S01,19,up,65,1791212524368.9,20058,a
P01,S01,19,down,86,1791212524503.2,20059,v
P01,S01,19,up,86,1791212524555.4,20059,v
P01,S01,19,down,69,1791212524682.8,20060,e
P01,S01,19,down,32,1791212524734.3,20061, 
P01,S01,19,up,69,1791212524761.6,20060,e
P01,S01,19,up,32,1791212524806.1,20061, 
P01,S01,19,down,65,1791212524875.2,20062,a
P01,S01,19,down,32,1791212524927.4,20063, 
P01,S01,19,up,65,1791212524938.7,20062,a
P01,S01,19,up,32,1791212524998.1,20063, 
P01,S01,19,down,70,1791212525059.2,20064,f
P01,S01,19,up,70,1791212525119.7,20064,f
P01,S01,19,down,65,1791212525231.8,20065,a
P01,S01,19,up,65,1791212525271.5,20065,a
P01,S01,19,down,86,1791212525387.8,20066,v
P01,S01,19,up,86,1791212525456.3,20066,v
P01,S01,19,down,79,1791212525465.4,20067,o
P01,S01,19,up,79,1791212525552,20067,o
P01,S01,19,down,82,1791212525555.9,20068,r
P01,S01,19,up,82,1791212525636.5,20068,r
P01,S01,19,down,73,1791212525653.2,20069,i
P01,S01,19,down,84,1791212525731.9,20070,t
P01,S01,19,up,73,1791212525752.9,20069,i
P01,S01,19,up,84,1791212525801.6,20070,t
P01,S01,19,down,69,1791212525894.4,20071,e
P01,S01,19,down,32,1791212525926.4,20072, 
P01,S01,19,up,69,1791212525961.7,20071,e
P01,S01,19,up,32,1791212526026.1,20072, 
P01,S01,19,down,71,1791212526083.9,20073,g
P01,S01,19,up,71,1791212526168.3,20073,g
P01,S01,19,down,82,1791212526269.1,20074,r
P01,S01,19,up,82,1791212526388.7,20074,r
P01,S01,19,down,78,1791212526397.3,20075,n
P01,S01,19,up,78,1791212526515.4,20075,n
P01,S01,19,down,69,1791212526594.6,20076,e
P01,S01,19,up,69,1791212526665.7,20076,e
P01,S01,19,down,8,1791212526868.5,20077,Backspace
P01,S01,19,up,8,1791212526956.6,20077,Backspace
P01,S01,19,down,8,1791212527052.6,20078,Backspace
P01,S01,19,up,8,1791212527150.5,20078,Backspace
P01,S01,19,down,8,1791212527234.4,20079,Backspace
P01,S01,19,up,8,1791212527321.9,20079,Backspace
P01,S01,19,down,8,1791212527409,20080,Backspace
P01,S01,19,up,8,1791212527517.8,20080,Backspace
P01,S01,19,down,77,1791212527842.4,20081,m
P01,S01,19,down,79,1791212527954.5,20082,o
P01,S01,19,up,77,1791212528022.1,20081,m
P01,S01,19,down,86,1791212528058.1,20083,v
P01,S01,19,up,79,1791212528078.2,20082,o
P01,S01,19,up,86,1791212528165.7,20083,v
P01,S01,19,down,73,1791212528182.2,20084,i
P01,S01,19,up,73,1791212528259,20084,i
P01,S01,19,down,69,1791212528289.3,20085,e
P01,S01,19,up,69,1791212528337.8,20085,e
P01,S01,19,down,32,1791212528350.1,20086, 
P01,S01,19,up,32,1791212528449.8,20086, 
P01,S01,19,down,71,1791212528457.7,20087,g
P01,S01,19,up,71,1791212528537.9,20087,g
P01,S01,19,down,69,1791212528815.8,20088,e
P01,S01,19,up,69,1791212528907.1,20088,e
P01,S01,19,down,78,1791212528910.8,20089,n
P01,S01,19,down,82,1791212528991,20090,r
P01,S01,19,up,78,1791212528994.9,20089,n
P01,S01,19,up,82,1791212529071.2,20090,r
P01,S01,19,down,69,1791212529148.9,20091,e
P01,S01,19,up,69,1791212529211.6,20091,e
P01,S01,19,down,16,1791212529416.7,20092,Shift
P01,S01,19,down,191,1791212529504.9,20093,?
P01,S01,19,up,191,1791212529605.6,20093,?
P01,S01,19,up,16,1791212529633.8,20092,Shift
P01,S01,19,down,32,1791212529758.3,20094, 
P01,S01,19,up,32,1791212529842.3,20094, 
P01,S01,19,down,16,1791212530060.3,20095,Shift
P01,S01,19,down,73,1791212530149,20096,I
P01,S01,19,up,73,1791212530288.3,20096,I
P01,S01,19,up,16,1791212530324.7,20095,Shift
P01,S01,19,down,32,1791212530374.5,20097, 
P01,S01,19,down,85,1791212530525.8,20098,u
P01,S01,19,up,32,1791212530526.6,20097, 
P01,S01,19,up,85,1791212530618.2,20098,u
P01,S01,19,down,83,1791212530635,20099,s
P01,S01,19,up,83,1791212530699.9,20099,s
P01,S01,19,down,85,1791212531015.6,20100,u
P01,S01,19,up,85,1791212531108.1,20100,u
P01,S01,19,down,65,1791212531115.3,20101,a
P01,S01,19,up,65,1791212531192.1,20101,a
P01,S01,19,down,76,1791212531215.2,20102,l
P01,S01,19,up,76,1791212531293,20102,l
P01,S01,19,down,76,1791212531393.1,20103,l
P01,S01,19,down,89,1791212531498.9,20104,y
P01,S01,19,up,76,1791212531501.4,20103,l
P01,S01,19,up,89,1791212531601,20104,y
P01,S01,19,down,32,1791212531624.9,20105, 
P01,S01,19,down,76,1791212531700.8,20106,l
P01,S01,19,up,32,1791212531715.5,20105, 
P01,S01,19,up,76,1791212531817.7,20106,l
P01,S01,19,down,69,1791212531840.4,20107,e
P01,S01,19,up,69,1791212531908.2,20107,e
P01,S01,19,down,65,1791212532036.4,20108,a
P01,S01,19,down,78,1791212532099.1,20109,n
P01,S01,19,up,65,1791212532149.5,20108,a
P01,S01,19,up,78,1791212532172.2,20109,n
P01,S01,19,down,32,1791212532265.7,20110, 
P01,S01,19,up,32,1791212532344.5,20110, 
P01,S01,19,down,84,1791212532485.4,20111,t
P01,S01,19,down,79,1791212532534,20112,o
P01,S01,19,up,84,1791212532567.7,20111,t
P01,S01,19,up,79,1791212532637.2,20112,o
P01,S01,19,down,87,1791212532708.7,20113,w
P01,S01,19,up,87,1791212532753.1,20113,w
P01,S01,19,down,65,1791212532870.5,20114,a
P01,S01,19,up,65,1791212532918.7,20114,a
P01,S01,19,down,82,1791212533038.6,20115,r
P01,S01,19,up,82,1791212533115.4,20115,r
P01,S01,19,down,68,1791212533216.2,20116,d
P01,S01,19,up,68,1791212533270.4,20116,d
P01,S01,19,down,83,1791212533393.3,20117,s
P01,S01,19,up,83,1791212533489.3,20117,s
P01,S01,19,down,32,1791212533565.3,20118, 
P01,S01,19,up,32,1791212533720,20118, 
P01,S01,19,down,83,1791212534007.7,20119,s
P01,S01,19,up,83,1791212534087.5,20119,s
P01,S01,19,down,67,1791212534202.1,20120,c
P01,S01,19,up,67,1791212534308.9,20120,c
P01,S01,19,down,73,1791212534317.1,20121,i
P01,S01,19,up,73,1791212534399.2,20121,i
P01,S01,19,down,69,1791212534419.1,20122,e
P01,S01,19,up,69,1791212534482.3,20122,e
P01,S01,19,down,78,1791212534499.8,20123,n
P01,S01,19,down,67,1791212534582.3,20124,c
P01,S01,19,up,78,1791212534595.9,20123,n
P01,S01,19,up,67,1791212534644.2,20124,c
P01,S01,19,down,69,1791212534742.4,20125,e
P01,S01,19,down,32,1791212534805.4,20126, 
P01,S01,19,up,69,1791212534809.4,20125,e
P01,S01,19,up,32,1791212534881.9,20126, 
P01,S01,19,down,70,1791212534903.9,20127,f
P01,S01,19,down,73,1791212534975.6,20128,i
P01,S01,19,up,70,1791212534983.6,20127,f
P01,S01,19,up,73,1791212535044.4,20128,i
P01,S01,19,down,67,1791212535082.2,20129,c
P01,S01,19,up,67,1791212535143.5,20129,c
P01,S01,19,down,73,1791212535255.5,20130,i
P01,S01,19,down,84,1791212535266.9,20131,t
P01,S01,19,up,84,1791212535348.3,20131,t
P01,S01,19,down,79,1791212535354.6,20132,o
P01,S01,19,up,73,1791212535415.6,20130,i
P01,S01,19,down,78,1791212535432.1,20133,n
P01,S01,19,up,79,1791212535486.8,20132,o
P01,S01,19,down,32,1791212535502.8,20134, 
P01,S01,19,up,78,1791212535550.8,20133,n
P01,S01,19,up,32,1791212535566,20134, 
P01,S01,19,down,79,1791212535617.1,20135,o
P01,S01,19,up,79,1791212535725.5,20135,o
P01,S01,19,down,82,1791212535770.9,20136,r
P01,S01,19,down,32,1791212535831.4,20137, 
P01,S01,19,up,82,1791212535870.7,20136,r
P01,S01,19,up,32,1791212535919.1,20137, 
P01,S01,19,down,77,1791212536040.4,20138,m
P01,S01,19,down,65,1791212536144.4,20139,a
P01,S01,19,up,77,1791212536164.1,20138,m
P01,S01,19,up,65,1791212536244.6,20139,a
P01,S01,19,down,89,1791212536288.1,20140,y
P01,S01,19,down,66,1791212536400.3,20141,b
P01,S01,19,up,89,1791212536449.7,20140,y
P01,S01,19,up,66,1791212536508.1,20141,b
P01,S01,19,down,69,1791212536520.1,20142,e
P01,S01,19,up,69,1791212536566.9,20142,e
P01,S01,19,down,32,1791212536605.7,20143, 
P01,S01,19,up,32,1791212536674.1,20143, 
P01,S01,19,down,83,1791212536698.9,20144,s
P01,S01,19,down,79,1791212536722.1,20145,o
P01,S01,19,up,83,1791212536773.6,20144,s
P01,S01,19,down,77,1791212536847.8,20146,m
P01,S01,19,up,79,1791212536914.3,20145,o
P01,S01,19,up,77,1791212536937.9,20146,m
P01,S01,19,down,69,1791212536952.6,20147,e
P01,S01,19,up,69,1791212537016,20147,e
P01,S01,19,down,32,1791212537037,20148, 
P01,S01,19,up,32,1791212537117.5,20148, 
P01,S01,19,down,71,1791212537204.5,20149,g
P01,S01,19,down,79,1791212537239.4,20150,o
P01,S01,19,up,71,1791212537271.4,20149,g
P01,S01,19,up,79,1791212537314,20150,o
P01,S01,19,down,79,1791212537408.5,20151,o
P01,S01,19,up,79,1791212537516.6,20151,o
P01,S01,19,down,68,1791212537550.2,20152,d
P01,S01,19,up,68,1791212537622.1,20152,d
P01,S01,19,down,32,1791212537625.9,20153, 
P01,S01,19,up,32,1791212537714.5,20153, 
P01,S01,19,down,77,1791212537823.7,20154,m
P01,S01,19,up,77,1791212537988.2,20154,m
P01,S01,19,down,89,1791212538015.4,20155,y
P01,S01,19,down,83,1791212538050.9,20156,s
P01,S01,19,up,89,1791212538084,20155,y
P01,S01,19,up,83,1791212538149.7,20156,s
P01,S01,19,down,84,1791212538549.6,20157,t
P01,S01,19,up,84,1791212538640.9,20157,t
P01,S01,19,down,69,1791212538649.2,20158,e
P01,S01,19,up,69,1791212538700.8,20158,e
P01,S01,19,down,82,1791212538799,20159,r
P01,S01,19,down,89,1791212538871.6,20160,y
P01,S01,19,up,82,1791212538883.5,20159,r
P01,S01,19,up,89,1791212538971.7,20160,y
P01,S01,19,down,32,1791212539022.5,20161, 
P01,S01,19,up,32,1791212539087.4,20161, 
P01,S01,19,down,84,1791212539286.3,20162,t
P01,S01,19,down,72,1791212539386.2,20163,h
P01,S01,19,up,84,1791212539387.1,20162,t
P01,S01,19,up,72,1791212539465,20163,h
P01,S01,19,down,82,1791212539794.1,20164,r
P01,S01,19,down,73,1791212539922,20165,i
P01,S01,19,up,82,1791212539925.8,20164,r
P01,S01,19,down,76,1791212540025.7,20166,l
P01,S01,19,up,73,1791212540105.8,20165,i
P01,S01,19,up,76,1791212540165.4,20166,l
P01,S01,19,down,76,1791212540244.1,20167,l
P01,S01,19,up,76,1791212540400.5,20167,l
P01,S01,19,down,69,1791212540421,20168,e
P01,S01,19,up,69,1791212540477.4,20168,e
P01,S01,19,down,82,1791212540603.3,20169,r
P01,S01,19,up,82,1791212540681.8,20169,r
P01,S01,19,down,83,1791212540833.7,20170,s
P01,S01,19,up,83,1791212540894.4,20170,s
P01,S01,19,down,190,1791212541108.3,20171,.
P01,S01,19,up,190,1791212541261.8,20171,.
P01,S01,19,down,32,1791212541289,20172, 
P01,S01,19,up,32,1791212541357.1,20172, 
P01,S01,19,down,16,1791212541549.1,20173,Shift
P01,S01,19,down,82,1791212541715.4,20174,R
P01,S01,19,up,82,1791212541815.8,20174,R
P01,S01,19,up,16,1791212541818.2,20173,Shift
P01,S01,19,down,69,1791212541953.2,20175,e
P01,S01,19,up,69,1791212541993.2,20175,e
P01,S01,19,down,67,1791212542087.2,20176,c
P01,S01,19,up,67,1791212542149.1,20176,c
P01,S01,19,down,69,1791212542241.6,20177,e
P01,S01,19,up,69,1791212542298.3,20177,e
P01,S01,19,down,78,1791212542310.3,20178,n
P01,S01,19,up,78,1791212542381.9,20178,n
P01,S01,19,down,84,1791212542415.6,20179,t
P01,S01,19,down,76,1791212542499.1,20180,l
P01,S01,19,up,84,1791212542523.7,20179,t
P01,S01,19,down,89,1791212542636.2,20181,y
P01,S01,19,up,76,1791212542640.1,20180,l
P01,S01,19,up,89,1791212542752.5,20181,y
P01,S01,19,down,188,1791212542823.1,20182,","
P01,S01,19,up,188,1791212542943.2,20182,","
P01,S01,19,down,32,1791212542959.7,20183, 
P01,S01,19,up,32,1791212543028.5,20183, 
P01,S01,19,down,16,1791212543288.5,20184,Shift
P01,S01,19,down,73,1791212543332.9,20185,I
P01,S01,19,up,73,1791212543417.3,20185,I
P01,S01,19,up,16,1791212543489.5,20184,Shift
P01,S01,19,down,32,1791212543492.8,20186, 
P01,S01,19,up,32,1791212543598.7,20186, 
P01,S01,19,down,87,1791212543608.8,20187,w
P01,S01,19,up,87,1791212543653.4,20187,w
P01,S01,19,down,65,1791212543765.3,20188,a
P01,S01,19,up,65,1791212543865.5,20188,a
P01,S01,19,down,84,1791212543987.3,20189,t
P01,S01,19,up,84,1791212544071.1,20189,t
P01,S01,19,down,67,1791212544177.2,20190,c
P01,S01,19,down,72,1791212544240.8,20191,h
P01,S01,19,up,67,1791212544256.6,20190,c
P01,S01,19,up,72,1791212544331.9,20191,h
P01,S01,19,down,69,1791212544355.1,20192,e
P01,S01,19,up,69,1791212544411.8,20192,e
P01,S01,19,down,68,1791212544506.5,20193,d
P01,S01,19,down,32,1791212544558.3,20194, 
P01,S01,19,up,68,1791212544583.2,20193,d
P01,S01,19,up,32,1791212544635.1,20194, 
P01,S01,19,down,65,1791212544716.2,20195,a
P01,S01,19,down,32,1791212544750.9,20196, 
P01,S01,19,up,65,1791212544788.7,20195,a
P01,S01,19,up,32,1791212544805.2,20196, 
P01,S01,19,down,77,1791212544941.1,20197,m
P01,S01,19,down,79,1791212545004.6,20198,o
P01,S01,19,up,77,1791212545060.8,20197,m
P01,S01,19,up,79,1791212545137,20198,o
P01,S01,19,down,86,1791212545138.2,20199,v
P01,S01,19,up,86,1791212545209,20199,v
P01,S01,19,down,73,1791212545233.9,20200,i
P01,S01,19,up,73,1791212545309.8,20200,i
P01,S01,19,down,69,1791212545332.2,20201,e
P01,S01,19,up,69,1791212545403.7,20201,e
P01,S01,19,down,32,1791212545431,20202, 
P01,S01,19,up,32,1791212545506,20202, 
P01,S01,19,down,65,1791212545518.5,20203,a
P01,S01,19,up,65,1791212545611,20203,a
P01,S01,19,down,66,1791212545615.9,20204,b
P01,S01,19,down,79,1791212545706.9,20205,o
P01,S01,19,up,66,1791212545770.9,20204,b
P01,S01,19,down,85,1791212545787,20206,u
P01,S01,19,up,79,1791212545848.7,20205,o
P01,S01,19,down,84,1791212545854.6,20207,t
P01,S01,19,up,85,1791212545899.6,20206,u
P01,S01,19,up,84,1791212545936,20207,t
P01,S01,19,down,32,1791212546010,20208, 
P01,S01,19,down,65,1791212546094,20209,a
P01,S01,19,up,32,1791212546109.6,20208, 
P01,S01,19,up,65,1791212546154,20209,a
P01,S01,19,down,82,1791212546301.1,20210,r
P01,S01,19,up,82,1791212546388.9,20210,r
P01,S01,19,down,84,1791212546487.5,20211,t
P01,S01,19,up,84,1791212546571.5,20211,t
P01,S01,19,down,73,1791212546583.9,20212,i
P01,S01,19,up,73,1791212546655.9,20212,i
P01,S01,19,down,68,1791212546699.6,20213,d
P01,S01,19,up,68,1791212546782.3,20213,d
P01,S01,19,down,73,1791212546782.9,20214,i
P01,S01,19,up,73,1791212546907.5,20214,i
P01,S01,19,down,8,1791212547333.2,20215,Backspace
P01,S01,19,up,8,1791212547417.2,20215,Backspace
P01,S01,19,down,8,1791212547519.5,20216,Backspace
P01,S01,19,up,8,1791212547620.1,20216,Backspace
P01,S01,19,down,70,1791212547740.2,20217,f
P01,S01,19,down,73,1791212547816.2,20218,i
P01,S01,19,up,70,1791212547855.9,20217,f
P01,S01,19,up,73,1791212547891.9,20218,i
P01,S01,19,down,67,1791212547973.9,20219,c
P01,S01,19,down,73,1791212548010,20220,i
P01,S01,19,up,67,1791212548032.2,20219,c
P01,S01,19,up,73,1791212548086,20220,i
P01,S01,19,down,65,1791212548182.5,20221,a
P01,S01,19,up,65,1791212548219,20221,a
P01,S01,19,down,76,1791212548233.9,20222,l
P01,S01,19,up,76,1791212548302,20222,l
P01,S01,19,down,32,1791212548337.7,20223, 
P01,S01,19,down,73,1791212548431.6,20224,i
P01,S01,19,up,32,1791212548431.7,20223, 
P01,S01,19,down,78,1791212548557.5,20225,n
P01,S01,19,up,73,1791212548617.5,20224,i
P01,S01,19,down,84,1791212548666.2,20226,t
P01,S01,19,up,78,1791212548694.1,20225,n
P01,S01,19,up,84,1791212548738,20226,t
P01,S01,19,down,69,1791212548851.4,20227,e
P01,S01,19,down,76,1791212548882.1,20228,l
P01,S01,19,up,69,1791212548919.4,20227,e
P01,S01,19,up,76,1791212548959.4,20228,l
P01,S01,19,down,76,1791212549088.3,20229,l
P01,S01,19,down,73,1791212549200.2,20230,i
P01,S01,19,up,76,1791212549271.7,20229,l
P01,S01,19,down,71,1791212549365.8,20231,g
P01,S01,19,up,73,1791212549375.7,20230,i
P01,S01,19,up,71,1791212549452.3,20231,g
P01,S01,19,down,69,1791212549590.7,20232,e
P01,S01,19,up,69,1791212549634.9,20232,e
P01,S01,19,down,78,1791212549688.7,20233,n
P01,S01,19,down,67,1791212549756.7,20234,c
P01,S01,19,up,78,1791212549760.2,20233,n
P01,S01,19,up,67,1791212549836.9,20234,c
P01,S01,19,down,69,1791212549973.3,20235,e
P01,S01,19,up,69,1791212550049,20235,e
P01,S01,19,down,188,1791212550303,20236,","
P01,S01,19,down,32,1791212550382.9,20237, 
P01,S01,19,up,188,1791212550402.2,20236,","
P01,S01,19,up,32,1791212550448,20237, 
P01,S01,19,down,65,1791212550583.9,20238,a
P01,S01,19,down,78,1791212550632.6,20239,n
P01,S01,19,up,65,1791212550639,20238,a
P01,S01,19,up,78,1791212550724.1,20239,n
P01,S01,19,down,68,1791212550766.9,20240,d
P01,S01,19,down,32,1791212550835,20241, 
P01,S01,19,up,68,1791212550838.4,20240,d
P01,S01,19,down,73,1791212550950.9,20242,i
P01,S01,19,up,32,1791212550958.7,20241, 
P01,S01,19,down,84,1791212551038.8,20243,t
P01,S01,19,up,73,1791212551055.7,20242,i
P01,S01,19,up,84,1791212551142.6,20243,t
P01,S01,19,down,32,1791212551148.6,20244, 
P01,S01,19,up,32,1791212551235.1,20244, 
P01,S01,19,down,77,1791212551359.9,20245,m
P01,S01,19,down,65,1791212551423.6,20246,a
P01,S01,19,up,77,1791212551471.8,20245,m
P01,S01,19,up,65,1791212551483.8,20246,a
P01,S01,19,down,68,1791212551595.2,20247,d
P01,S01,19,up,68,1791212551654.8,20247,d
P01,S01,19,down,69,1791212551765.6,20248,e
P01,S01,19,down,32,1791212551770,20249, 
P01,S01,19,up,69,1791212551841.5,20248,e
P01,S01,19,down,77,1791212551882.6,20250,m
P01,S01,19,up,32,1791212551941.4,20249, 
P01,S01,19,down,69,1791212551999.1,20251,e
P01,S01,19,up,77,1791212552013.6,20250,m
P01,S01,19,up,69,1791212552077.3,20251,e
P01,S01,19,down,32,1791212552089.5,20252, 
P01,S01,19,up,32,1791212552199.1,20252, 
P01,S01,19,down,87,1791212552249,20253,w
P01,S01,19,down,79,1791212552319.8,20254,o
P01,S01,19,up,87,1791212552335.6,20253,w
P01,S01,19,down,78,1791212552432.4,20255,n
P01,S01,19,up,79,1791212552482.4,20254,o
P01,S01,19,down,68,1791212552535.9,20256,d
P01,S01,19,up,78,1791212552571.9,20255,n
P01,S01,19,up,68,1791212552615.8,20256,d
P01,S01,19,down,69,1791212552723.3,20257,e
P01,S01,19,up,69,1791212552774.5,20257,e
P01,S01,19,down,82,1791212552878.2,20258,r
P01,S01,19,down,32,1791212552937.8,20259, 
P01,S01,19,up,82,1791212552949.7,20258,r
P01,S01,19,up,32,1791212553017.8,20259, 
P01,S01,19,down,65,1791212553082.4,20260,a
P01,S01,19,down,66,1791212553149.4,20261,b
P01,S01,19,up,65,1791212553173.4,20260,a
P01,S01,19,down,79,1791212553225.4,20262,o
P01,S01,19,up,66,1791212553289.6,20261,b
P01,S01,19,down,85,1791212553298.7,20263,u
P01,S01,19,up,79,1791212553377.8,20262,o
P01,S01,19,down,84,1791212553425.8,20264,t
P01,S01,19,up,85,1791212553427,20263,u
P01,S01,19,up,84,1791212553505.5,20264,t
P01,S01,19,down,32,1791212553509.4,20265, 
P01,S01,19,down,72,1791212553621.8,20266,h
P01,S01,19,up,32,1791212553633.4,20265, 
P01,S01,19,down,79,1791212553748.8,20267,o
P01,S01,19,up,72,1791212553805.5,20266,h
P01,S01,19,down,87,1791212553832.4,20268,w
P01,S01,19,up,79,1791212553877.8,20267,o
P01,S01,19,up,87,1791212553898.5,20268,w
P01,S01,19,down,32,1791212553934.8,20269, 
P01,S01,19,up,32,1791212554035.2,20269, 
P01,S01,19,down,84,1791212554092.6,20270,t
P01,S01,19,down,72,1791212554133.3,20271,h
P01,S01,19,up,84,1791212554167.1,20270,t
P01,S01,19,up,72,1791212554224.8,20271,h
P01,S01,19,down,69,1791212554290.7,20272,e
P01,S01,19,up,69,1791212554338.5,20272,e
P01,S01,19,down,32,1791212554339.1,20273, 
P01,S01,19,up,32,1791212554419.1,20273, 
P01,S01,19,down,70,1791212554449.1,20274,f
P01,S01,19,down,85,1791212554504.7,20275,u
P01,S01,19,up,70,1791212554533.5,20274,f
P01,S01,19,up,85,1791212554577,20275,u
P01,S01,19,down,84,1791212554632,20276,t
P01,S01,19,down,85,1791212554699.3,20277,u
P01,S01,19,up,84,1791212554726.7,20276,t
P01,S01,19,up,85,1791212554798.5,20277,u
P01,S01,19,down,82,1791212554815.3,20278,r
P01,S01,19,up,82,1791212554890.8,20278,r
P01,S01,19,down,69,1791212555000.9,20279,e
P01,S01,19,down,32,1791212555068.7,20280, 
P01,S01,19,up,69,1791212555088.6,20279,e
P01,S01,19,down,73,1791212555233.1,20281,i
P01,S01,19,up,32,1791212555234.4,20280, 
P01,S01,19,up,73,1791212555352.9,20281,i
P01,S01,19,down,83,1791212555354,20282,s
P01,S01,19,up,83,1791212555408.8,20282,s
P01,S01,19,down,32,1791212555455.4,20283, 
P01,S01,19,up,32,1791212555544.2,20283, 
P01,S01,19,down,71,1791212555748.9,20284,g
P01,S01,19,down,79,1791212555787.5,20285,o
P01,S01,19,up,71,1791212555855.3,20284,g
P01,S01,19,down,73,1791212555882.3,20286,i
P01,S01,19,up,79,1791212555935.8,20285,o
P01,S01,19,down,78,1791212555951.7,20287,n
P01,S01,19,up,73,1791212556007.3,20286,i
P01,S01,19,down,71,1791212556039.4,20288,g
P01,S01,19,up,78,1791212556066.1,20287,n
P01,S01,19,up,71,1791212556099.9,20288,g
P01,S01,19,down,32,1791212556149.1,20289, 
P01,S01,19,up,32,1791212556224.9,20289, 
P01,S01,19,down,84,1791212556244.9,20290,t
P01,S01,19,up,84,1791212556308.6,20290,t
P01,S01,19,down,79,1791212556315.7,20291,o
P01,S01,19,up,79,1791212556400.9,20291,o
P01,S01,19,down,32,1791212556449.1,20292, 
P01,S01,19,up,32,1791212556517.4,20292, 
P01,S01,19,down,76,1791212556561,20293,l
P01,S01,19,up,76,1791212556733,20293,l
P01,S01,19,down,79,1791212556854.1,20294,o
P01,S01,19,up,79,1791212556925.8,20294,o
P01,S01,19,down,79,1791212557032.3,20295,o
P01,S01,19,down,75,1791212557169.9,20296,k
P01,S01,19,up,79,1791212557201.9,20295,o
P01,S01,19,down,32,1791212557273.3,20297, 
P01,S01,19,up,75,1791212557293.5,20296,k
P01,S01,19,up,32,1791212557350,20297, 
P01,S01,19,down,73,1791212557428,20298,i
P01,S01,19,down,78,1791212557503.6,20299,n
P01,S01,19,up,73,1791212557571.4,20298,i
P01,S01,19,down,32,1791212557581.7,20300, 
P01,S01,19,up,32,1791212557659.4,20300, 
P01,S01,19,up,78,1791212557665.1,20299,n
P01,S01,19,down,84,1791212557991.9,20301,t
P01,S01,19,up,84,1791212558065.5,20301,t
P01,S01,19,down,87,1791212558194.4,20302,w
P01,S01,19,up,87,1791212558242.6,20302,w
P01,S01,19,down,69,1791212558356.1,20303,e
P01,S01,19,up,69,1791212558459.9,20303,e
P01,S01,19,down,78,1791212558520,20304,n
P01,S01,19,up,78,1791212558644.1,20304,n
P01,S01,19,down,84,1791212558736.9,20305,t
P01,S01,19,up,84,1791212558820.8,20305,t
P01,S01,19,down,89,1791212558837.6,20306,y
P01,S01,19,up,89,1791212558926.1,20306,y
P01,S01,19,down,32,1791212558991.8,20307, 
P01,S01,19,up,32,1791212559055.5,20307, 
P01,S01,19,down,89,1791212559192.1,20308,y
P01,S01,19,down,69,1791212559300,20309,e
P01,S01,19,up,89,1791212559303.2,20308,y
P01,S01,19,up,69,1791212559355.6,20309,e
P01,S01,19,down,65,1791212559474.8,20310,a
P01,S01,19,up,65,1791212559538.5,20310,a
P01,S01,19,down,82,1791212559675.7,20311,r
P01,S01,19,up,82,1791212559743.9,20311,r
P01,S01,19,down,83,1791212559849.1,20312,s
P01,S01,19,up,83,1791212559920.6,20312,s
P01,S01,19,down,190,1791212559932.8,20313,.
P01,S01,19,down,32,1791212560024.4,20314, 
P01,S01,19,up,190,1791212560040.4,20313,.
P01,S01,19,up,32,1791212560092.8,20314, 
P01,S01,19,down,16,1791212560258,20315,Shift
P01,S01,19,down,80,1791212560342,20316,P
P01,S01,19,up,16,1791212560409.5,20315,Shift
P01,S01,19,up,80,1791212560478.2,20316,P
P01,S01,19,down,69,1791212560545.1,20317,e
P01,S01,19,up,69,1791212560645,20317,e
P01,S01,19,down,82,1791212560740.7,20318,r
P01,S01,19,down,79,1791212560832.9,20319,o
P01,S01,19,up,82,1791212560836.1,20318,r
P01,S01,19,up,79,1791212560936.9,20319,o
P01,S01,19,down,8,1791212561610.6,20320,Backspace
P01,S01,19,up,8,1791212561682.4,20320,Backspace
P01,S01,19,down,8,1791212561765.5,20321,Backspace
P01,S01,19,up,8,1791212561840.7,20321,Backspace
P01,S01,19,down,79,1791212562015.5,20322,o
P01,S01,19,down,80,1791212562166,20323,p
P01,S01,19,up,79,1791212562173.3,20322,o
P01,S01,19,down,76,1791212562315.8,20324,l
P01,S01,19,up,80,1791212562389.1,20323,p
P01,S01,19,down,69,1791212562437.3,20325,e
P01,S01,19,up,76,1791212562449,20324,l
P01,S01,19,up,69,1791212562525.6,20325,e
P01,S01,19,down,32,1791212562576.6,20326, 
P01,S01,19,down,65,1791212562692.3,20327,a
P01,S01,19,up,32,1791212562716.2,20326, 
P01,S01,19,up,65,1791212562772.6,20327,a
P01,S01,19,down,82,1791212562903.9,20328,r
P01,S01,19,up,82,1791212562971.7,20328,r
P01,S01,19,down,69,1791212563073.7,20329,e
P01,S01,19,down,32,1791212563125.3,20330, 
P01,S01,19,up,69,1791212563166.5,20329,e
P01,S01,19,up,32,1791212563221.6,20330, 
P01,S01,19,down,65,1791212563503.8,20331,a
P01,S01,19,down,76,1791212563639.5,20332,l
P01,S01,19,up,65,1791212563648.7,20331,a
P01,S01,19,up,76,1791212563727.6,20332,l
P01,S01,19,down,87,1791212563739.3,20333,w
P01,S01,19,up,87,1791212563790.9,20333,w
P01,S01,19,down,65,1791212563882.3,20334,a
P01,S01,19,down,89,1791212563955.5,20335,y
P01,S01,19,up,65,1791212563967.4,20334,a
P01,S01,19,up,89,1791212564036,20335,y
P01,S01,19,down,83,1791212564073.9,20336,s
P01,S01,19,up,83,1791212564132.8,20336,s
P01,S01,19,down,32,1791212564133.5,20337, 
P01,S01,19,up,32,1791212564248.9,20337, 
P01,S01,19,down,87,1791212564407,20338,w
P01,S01,19,down,79,1791212564515.6,20339,o
P01,S01,19,up,87,1791212564518.3,20338,w
P01,S01,19,up,79,1791212564632.2,20339,o
P01,S01,19,down,82,1791212564649,20340,r
P01,S01,19,up,82,1791212564722.3,20340,r
P01,S01,19,down,82,1791212564807.8,20341,r
P01,S01,19,down,73,1791212564871.3,20342,i
P01,S01,19,up,82,1791212564900.1,20341,r
P01,S01,19,up,73,1791212564959.9,20342,i
P01,S01,19,down,69,1791212565000.5,20343,e
P01,S01,19,up,69,1791212565076.6,20343,e
P01,S01,19,down,68,1791212565173.8,20344,d
P01,S01,19,down,32,1791212565217.9,20345, 
P01,S01,19,up,68,1791212565250.8,20344,d
P01,S01,19,up,32,1791212565301.9,20345, 
P01,S01,19,down,65,1791212565382.1,20346,a
P01,S01,19,down,66,1791212565424.4,20347,b
P01,S01,19,up,65,1791212565436.3,20346,a
P01,S01,19,down,79,1791212565520.7,20348,o
P01,S01,19,up,66,1791212565576.4,20347,b
P01,S01,19,down,85,1791212565588.1,20349,u
P01,S01,19,up,79,1791212565648.5,20348,o
P01,S01,19,down,84,1791212565684.6,20350,t
P01,S01,19,up,85,1791212565708.2,20349,u
P01,S01,19,up,84,1791212565752.5,20350,t
P01,S01,19,down,32,1791212565811.8,20351, 
P01,S01,19,down,82,1791212565867.9,20352,r
P01,S01,19,up,32,1791212565868,20351, 
P01,S01,19,down,79,1791212565933.2,20353,o
P01,S01,19,up,82,1791212565955.5,20352,r
P01,S01,19,down,66,1791212566056.2,20354,b
P01,S01,19,up,79,1791212566075.5,20353,o
P01,S01,19,down,79,1791212566183.9,20355,o
P01,S01,19,up,66,1791212566207.6,20354,b
P01,S01,19,down,84,1791212566255.1,20356,t
P01,S01,19,up,79,1791212566319.6,20355,o
P01,S01,19,up,84,1791212566336,20356,t
P01,S01,19,down,83,1791212566577.5,20357,s
P01,S01,19,up,83,1791212566673.6,20357,s
P01,S01,19,down,32,1791212566870.7,20358, 
P01,S01,19,up,32,1791212566965.7,20358, 
P01,S01,19,down,84,1791212567038.8,20359,t
P01,S01,19,up,84,1791212567106.5,20359,t
P01,S01,19,down,65,1791212567298.4,20360,a
P01,S01,19,down,75,1791212567348,20361,k
P01,S01,19,up,65,1791212567387,20360,a
P01,S01,19,up,75,1791212567415.8,20361,k
P01,S01,19,down,73,1791212567502.7,20362,i
P01,S01,19,down,78,1791212567594.8,20363,n
P01,S01,19,up,73,1791212567665.9,20362,i
P01,S01,19,down,71,1791212567710.5,20364,g
P01,S01,19,up,78,1791212567726.4,20363,n
P01,S01,19,up,71,1791212567799,20364,g
P01,S01,19,down,32,1791212567844.7,20365, 
P01,S01,19,up,32,1791212567960.9,20365, 
P01,S01,19,down,79,1791212567987.6,20366,o
P01,S01,19,up,79,1791212568152,20366,o
P01,S01,19,down,86,1791212568490.9,20367,v
P01,S01,19,up,86,1791212568565.7,20367,v
P01,S01,19,down,69,1791212568685.7,20368,e
P01,S01,19,up,69,1791212568726.1,20368,e
P01,S01,19,down,82,1791212568848.9,20369,r
P01,S01,19,up,82,1791212568934.9,20369,r
P01,S01,19,down,32,1791212568949.7,20370, 
P01,S01,19,down,84,1791212569049.5,20371,t
P01,S01,19,up,32,1791212569052.7,20370, 
P01,S01,19,down,72,1791212569125.5,20372,h
P01,S01,19,up,84,1791212569137,20371,t
P01,S01,19,up,72,1791212569225.7,20372,h
P01,S01,19,down,69,1791212569248.5,20373,e
P01,S01,19,down,32,1791212569306.1,20374, 
P01,S01,19,up,69,1791212569316.2,20373,e
P01,S01,19,up,32,1791212569402.7,20374, 
P01,S01,19,down,87,1791212569449.2,20375,w
P01,S01,19,down,79,1791212569532.2,20376,o
P01,S01,19,up,87,1791212569539.2,20375,w
P01,S01,19,up,79,1791212569623.7,20376,o
P01,S01,19,down,82,1791212569682.3,20377,r
P01,S01,19,up,82,1791212569775.7,20377,r
P01,S01,19,down,76,1791212569810.5,20378,l
P01,S01,19,up,76,1791212569899,20378,l
P01,S01,19,down,68,1791212569906.3,20379,d
P01,S01,19,up,68,1791212569986.9,20379,d
P01,S01,19,down,188,1791212570299.1,20380,","
P01,S01,19,down,32,1791212570385.7,20381, 
P01,S01,19,up,188,1791212570409.4,20380,","
P01,S01,19,up,32,1791212570482.2,20381, 
P01,S01,19,down,66,1791212570558.8,20382,b
P01,S01,19,down,85,1791212570642.6,20383,u
P01,S01,19,up,66,1791212570710.4,20382,b
P01,S01,19,up,85,1791212570770.7,20383,u
P01,S01,19,down,84,1791212570782.7,20384,t
P01,S01,19,up,84,1791212570850.3,20384,t
P01,S01,19,down,32,1791212570869.4,20385, 
P01,S01,19,up,32,1791212570953.5,20385, 
P01,S01,19,down,16,1791212571283,20386,Shift
P01,S01,19,down,73,1791212571350.6,20387,I
P01,S01,19,up,16,1791212571466.9,20386,Shift
P01,S01,19,up,73,1791212571474.5,20387,I
P01,S01,19,down,32,1791212571577.8,20388, 
P01,S01,19,up,32,1791212571649.7,20388, 
P01,S01,19,down,84,1791212571782.3,20389,t
P01,S01,19,down,72,1791212571806.3,20390,h
P01,S01,19,up,84,1791212571866.4,20389,t
P01,S01,19,down,73,1791212571902.4,20391,i
P01,S01,19,up,72,1791212571926.3,20390,h
P01,S01,19,up,73,1791212572010.9,20391,i
P01,S01,19,down,78,1791212572036.6,20392,n
P01,S01,19,down,75,1791212572165.6,20393,k
P01,S01,19,up,78,1791212572216.8,20392,n
P01,S01,19,down,32,1791212572284.9,20394, 
P01,S01,19,up,75,1791212572300.1,20393,k
P01,S01,19,up,32,1791212572366.4,20394, 
P01,S01,19,down,84,1791212572888.4,20395,t
P01,S01,19,up,84,1791212572960.7,20395,t
P01,S01,19,down,69,1791212573082.8,20396,e
P01,S01,19,up,69,1791212573118.5,20396,e
P01,S01,19,down,67,1791212573238.8,20397,c
P01,S01,19,down,72,1791212573258.4,20398,h
P01,S01,19,up,67,1791212573333.6,20397,c
P01,S01,19,up,72,1791212573382,20398,h
P01,S01,19,down,78,1791212573499.1,20399,n
P01,S01,19,up,78,1791212573610,20399,n
P01,S01,19,down,79,1791212573751.6,20400,o
P01,S01,19,up,79,1791212573836.4,20400,o
P01,S01,19,down,76,1791212573953.7,20401,l
P01,S01,19,up,76,1791212574021.5,20401,l
P01,S01,19,down,79,1791212574110.5,20402,o
P01,S01,19,up,79,1791212574202.9,20402,o
P01,S01,19,down,71,1791212574217.8,20403,g
P01,S01,19,up,71,1791212574293.1,20403,g
P01,S01,19,down,89,1791212574315.6,20404,y
P01,S01,19,up,89,1791212574448.7,20404,y
P01,S01,19,down,32,1791212574488.3,20405, 
P01,S01,19,up,32,1791212574566.2,20405, 
P01,S01,19,down,87,1791212574888.9,20406,w
P01,S01,19,down,73,1791212574968.5,20407,i
P01,S01,19,up,87,1791212574976.3,20406,w
P01,S01,19,down,76,1791212575068.6,20408,l
P01,S01,19,up,73,1791212575124.6,20407,i
P01,S01,19,up,76,1791212575165.5,20408,l
P01,S01,19,down,76,1791212575253.6,20409,l
P01,S01,19,down,32,1791212575366,20410, 
P01,S01,19,up,76,1791212575369,20409,l
P01,S01,19,up,32,1791212575450.1,20410, 
P01,S01,19,down,77,1791212575555.6,20411,m
P01,S01,19,down,79,1791212575683.4,20412,o
P01,S01,19,up,77,1791212575751.2,20411,m
P01,S01,19,down,83,1791212575787.6,20413,s
P01,S01,19,up,79,1791212575807.5,20412,o
P01,S01,19,up,83,1791212575907.8,20413,s
P01,S01,19,down,84,1791212576237.7,20414,t
P01,S01,19,down,76,1791212576322.1,20415,l
P01,S01,19,up,84,1791212576358.2,20414,t
P01,S01,19,down,89,1791212576474.4,20416,y
P01,S01,19,up,76,1791212576522,20415,l
P01,S01,19,up,89,1791212576578.4,20416,y
P01,S01,19,down,32,1791212576592.5,20417, 
P01,S01,19,up,32,1791212576653.5,20417, 
P01,S01,19,down,74,1791212576919.7,20418,j
P01,S01,19,up,74,1791212577003.6,20418,j
P01,S01,19,down,85,1791212577082.3,20419,u
P01,S01,19,down,83,1791212577090.3,20420,s
P01,S01,19,up,83,1791212577149.5,20420,s
P01,S01,19,up,85,1791212577154.1,20419,u
P01,S01,19,down,84,1791212577282.4,20421,t
P01,S01,19,down,32,1791212577358,20422, 
P01,S01,19,up,84,1791212577378.2,20421,t
P01,S01,19,up,32,1791212577442.5,20422, 
P01,S01,19,down,77,1791212577560.3,20423,m
P01,S01,19,down,65,1791212577644.6,20424,a
P01,S01,19,up,77,1791212577656.3,20423,m
P01,S01,19,up,65,1791212577699.3,20424,a
P01,S01,19,down,75,1791212577720.9,20425,k
P01,S01,19,up,75,1791212577815.2,20425,k
P01,S01,19,down,69,1791212577832.1,20426,e
P01,S01,19,down,32,1791212577898.6,20427, 
P01,S01,19,up,69,1791212577916.3,20426,e
P01,S01,19,up,32,1791212577991.4,20427, 
P01,S01,19,down,79,1791212578020.2,20428,o
P01,S01,19,down,85,1791212578124.1,20429,u
P01,S01,19,up,79,1791212578182.2,20428,o
P01,S01,19,down,82,1791212578204,20430,r
P01,S01,19,up,85,1791212578240.1,20429,u
P01,S01,19,up,82,1791212578292.4,20430,r
P01,S01,19,down,32,1791212578318.7,20431, 
P01,S01,19,up,32,1791212578402.4,20431, 
P01,S01,19,down,68,1791212578415.4,20432,d
P01,S01,19,up,68,1791212578494.6,20432,d
P01,S01,19,down,65,1791212578603.6,20433,a
P01,S01,19,down,73,1791212578643.2,20434,i
P01,S01,19,up,65,1791212578727.3,20433,a
P01,S01,19,down,76,1791212578743.3,20435,l
P01,S01,19,up,73,1791212578807.1,20434,i
P01,S01,19,up,76,1791212578919.8,20435,l
P01,S01,19,down,89,1791212579008.7,20436,y
P01,S01,19,up,89,1791212579116.8,20436,y
P01,S01,19,down,32,1791212579148.9,20437, 
P01,S01,19,up,32,1791212579217.1,20437, 
P01,S01,19,down,76,1791212579273.7,20438,l
P01,S01,19,down,73,1791212579425.5,20439,i
P01,S01,19,up,76,1791212579477.2,20438,l
P01,S01,19,down,86,1791212579548.8,20440,v
P01,S01,19,up,73,1791212579577.4,20439,i
P01,S01,19,up,86,1791212579617.6,20440,v
P01,S01,19,down,69,1791212579749.1,20441,e
P01,S01,19,up,69,1791212579789,20441,e
P01,S01,19,down,83,1791212579922.8,20442,s
P01,S01,19,down,32,1791212579994.5,20443, 
P01,S01,19,up,83,1791212580006.2,20442,s
P01,S01,19,up,32,1791212580066.1,20443, 
P01,S01,19,down,69,1791212580103.3,20444,e
P01,S01,19,up,69,1791212580159.4,20444,e
P01,S01,19,down,65,1791212580258.9,20445,a
P01,S01,19,up,65,1791212580326.6,20445,a
P01,S01,19,down,83,1791212580415.4,20446,s
P01,S01,19,down,73,1791212580466.5,20447,i
P01,S01,19,up,83,1791212580488.8,20446,s
P01,S01,19,up,73,1791212580556.8,20447,i
P01,S01,19,down,69,1791212580598.6,20448,e
P01,S01,19,up,69,1791212580664.7,20448,e
P01,S01,19,down,82,1791212580758.5,20449,r
P01,S01,19,up,82,1791212580854.2,20449,r
P01,S01,19,down,190,1791212580894.2,20450,.
P01,S01,19,down,32,1791212581023.1,20451, 
P01,S01,19,up,190,1791212581032.3,20450,.
P01,S01,19,up,32,1791212581073.9,20451, 
P01,S01,19,down,16,1791212581274.5,20452,Shift
P01,S01,19,down,13,1791212581349.3,20453,Enter
P01,S01,19,up,13,1791212581442,20453,Enter
P01,S01,19,up,16,1791212581582.4,20452,Shift
P01,S01,19,down,66,1791212581627.1,20454,b
P01,S01,19,up,66,1791212581751.7,20454,b
P01,S01,19,down,69,1791212581999,20455,e
P01,S01,19,up,69,1791212582033.9,20455,e
P01,S01,19,down,8,1791212582323.6,20456,Backspace
P01,S01,19,up,8,1791212582371.3,20456,Backspace
P01,S01,19,down,8,1791212582486.5,20457,Backspace
P01,S01,19,up,8,1791212582533.6,20457,Backspace
P01,S01,19,down,16,1791212582538,20458,Shift
P01,S01,19,down,66,1791212582674.2,20459,B
P01,S01,19,up,16,1791212582778.1,20458,Shift
P01,S01,19,up,66,1791212582803.2,20459,B
P01,S01,19,down,69,1791212582908.4,20460,e
P01,S01,19,up,69,1791212582976.5,20460,e
P01,S01,19,down,83,1791212583084.6,20461,s
P01,S01,19,up,83,1791212583136.5,20461,s
P01,S01,19,down,73,1791212583423.6,20462,i
P01,S01,19,up,73,1791212583599.9,20462,i
P01,S01,19,down,68,1791212583968.2,20463,d
P01,S01,19,up,68,1791212584052.6,20463,d
P01,S01,19,down,69,1791212584158.3,20464,e
P01,S01,19,up,69,1791212584222.1,20464,e
P01,S01,19,down,83,1791212584348.9,20465,s
P01,S01,19,up,83,1791212584449.2,20465,s
P01,S01,19,down,32,1791212585474.3,20466, 
P01,S01,19,up,32,1791212585565.5,20466, 
P01,S01,19,down,87,1791212585732.2,20467,w
P01,S01,19,up,87,1791212585808.4,20467,w
P01,S01,19,down,65,1791212585942.2,20468,a
P01,S01,19,up,65,1791212586015.8,20468,a
P01,S01,19,down,84,1791212586482.4,20469,t
P01,S01,19,up,84,1791212586565.4,20469,t
P01,S01,19,down,67,1791212586687.5,20470,c
P01,S01,19,down,72,1791212586783.3,20471,h
P01,S01,19,up,67,1791212586798.6,20470,c
P01,S01,19,down,73,1791212586899.6,20472,i
P01,S01,19,up,72,1791212586949.9,20471,h
P01,S01,19,down,78,1791212587083.4,20473,n
P01,S01,19,up,73,1791212587139,20472,i
P01,S01,19,down,71,1791212587215.8,20474,g
P01,S01,19,up,78,1791212587216.7,20473,n
P01,S01,19,up,71,1791212587311.7,20474,g
P01,S01,19,down,32,1791212587415.8,20475, 
P01,S01,19,up,32,1791212587521.3,20475, 
P01,S01,19,down,77,1791212587740.6,20476,m
P01,S01,19,down,79,1791212587860.4,20477,o
P01,S01,19,up,77,1791212587923.9,20476,m
P01,S01,19,down,86,1791212587982.3,20478,v
P01,S01,19,up,79,1791212588000,20477,o
P01,S01,19,up,86,1791212588084.5,20478,v
P01,S01,19,down,73,1791212588117.1,20479,i
P01,S01,19,up,73,1791212588225.2,20479,i
P01,S01,19,down,69,1791212588261.2,20480,e
P01,S01,19,up,69,1791212588316.2,20480,e
P01,S01,19,down,83,1791212588444.3,20481,s
P01,S01,19,up,83,1791212588527.9,20481,s
P01,S01,19,down,188,1791212588532.4,20482,","
P01,S01,19,up,188,1791212588640.1,20482,","
P01,S01,19,down,32,1791212588665.1,20483, 
P01,S01,19,up,32,1791212588721.3,20483, 
P01,S01,19,down,16,1791212588916.1,20484,Shift
P01,S01,19,down,73,1791212588967.1,20485,I
P01,S01,19,up,73,1791212589071.1,20485,I
P01,S01,19,up,16,1791212589082.4,20484,Shift
P01,S01,19,down,32,1791212589125.1,20486, 
P01,S01,19,up,32,1791212589220.9,20486, 
P01,S01,19,down,87,1791212589231.9,20487,w
P01,S01,19,up,87,1791212589277,20487,w
P01,S01,19,down,65,1791212589394.3,20488,a
P01,S01,19,down,76,1791212589449.9,20489,l
P01,S01,19,up,65,1791212589458,20488,a
P01,S01,19,up,76,1791212589500.8,20489,l
P01,S01,19,down,83,1791212589568,20490,s
P01,S01,19,down,79,1791212589608,20491,o
P01,S01,19,up,83,1791212589611.7,20490,s
P01,S01,19,up,79,1791212589716.2,20491,o
P01,S01,19,down,32,1791212589731.2,20492, 
P01,S01,19,up,32,1791212589790.9,20492, 
P01,S01,19,down,84,1791212589943.3,20493,t
P01,S01,19,up,84,1791212590011.7,20493,t
P01,S01,19,down,82,1791212590108.3,20494,r
P01,S01,19,up,82,1791212590176.3,20494,r
P01,S01,19,down,89,1791212590199.8,20495,y
P01,S01,19,up,89,1791212590284.2,20495,y
P01,S01,19,down,32,1791212590302,20496, 
P01,S01,19,up,32,1791212590366.8,20496, 
P01,S01,19,down,84,1791212590526,20497,t
P01,S01,19,down,79,1791212590583,20498,o
P01,S01,19,up,84,1791212590601.7,20497,t
P01,S01,19,up,79,1791212590686.3,20498,o
P01,S01,19,down,32,1791212590687.3,20499, 
P01,S01,19,up,32,1791212590850.6,20499, 
P01,S01,19,down,82,1791212590985.5,20500,r
P01,S01,19,up,82,1791212591098.9,20500,r
P01,S01,19,down,69,1791212591206.4,20501,e
P01,S01,19,up,69,1791212591270.3,20501,e
P01,S01,19,down,65,1791212591407.6,20502,a
P01,S01,19,up,65,1791212591458.7,20502,a
P01,S01,19,down,68,1791212591570.4,20503,d
P01,S01,19,down,32,1791212591649.9,20504, 
P01,S01,19,up,68,1791212591654,20503,d
P01,S01,19,up,32,1791212591754.3,20504, 
P01,S01,19,down,65,1791212591792,20505,a
P01,S01,19,down,32,1791212591875.8,20506, 
P01,S01,19,up,65,1791212591881.6,20505,a
P01,S01,19,up,32,1791212591987.4,20506, 
P01,S01,19,down,70,1791212592269.5,20507,f
P01,S01,19,up,70,1791212592353.4,20507,f
P01,S01,19,down,69,1791212592467.2,20508,e
P01,S01,19,up,69,1791212592543.3,20508,e
P01,S01,19,down,87,1791212592655.3,20509,w
P01,S01,19,down,32,1791212592700.3,20510, 
P01,S01,19,up,87,1791212592734.6,20509,w
P01,S01,19,down,80,1791212592819.9,20511,p
P01,S01,19,up,32,1791212592875.5,20510, 
P01,S01,19,down,65,1791212592898.6,20512,a
P01,S01,19,up,80,1791212592934.5,20511,p
P01,S01,19,up,65,1791212592999.4,20512,a
P01,S01,19,down,71,1791212593053.2,20513,g
P01,S01,19,down,69,1791212593193.1,20514,e
P01,S01,19,up,71,1791212593200.6,20513,g
P01,S01,19,up,69,1791212593249.6,20514,e
P01,S01,19,down,83,1791212593354.8,20515,s
P01,S01,19,down,32,1791212593386.8,20516, 
P01,S01,19,up,83,1791212593426.3,20515,s
P01,S01,19,down,79,1791212593489.9,20517,o
P01,S01,19,up,32,1791212593525.8,20516, 
P01,S01,19,down,70,1791212593573.7,20518,f
P01,S01,19,up,79,1791212593600.2,20517,o
P01,S01,19,up,70,1791212593650,20518,f
P01,S01,19,down,32,1791212593671.1,20519, 
P01,S01,19,up,32,1791212593765.3,20519, 
P01,S01,19,down,65,1791212593787.7,20520,a
P01,S01,19,down,32,1791212593852.1,20521, 
P01,S01,19,up,65,1791212593875.5,20520,a
P01,S01,19,up,32,1791212593923.9,20521, 
P01,S01,19,down,66,1791212594037.4,20522,b
P01,S01,19,down,79,1791212594116,20523,o
P01,S01,19,up,66,1791212594145,20522,b
P01,S01,19,up,79,1791212594205.2,20523,o
P01,S01,19,down,79,1791212594317.4,20524,o
P01,S01,19,down,75,1791212594461.2,20525,k
P01,S01,19,up,79,1791212594516.2,20524,o
P01,S01,19,down,32,1791212594577.3,20526, 
P01,S01,19,up,75,1791212594592.5,20525,k
P01,S01,19,up,32,1791212594653.2,20526, 
P01,S01,19,down,66,1791212594783.5,20527,b
P01,S01,19,down,69,1791212594895.1,20528,e
P01,S01,19,up,66,1791212594906.8,20527,b
P01,S01,19,up,69,1791212594943.1,20528,e
P01,S01,19,down,70,1791212595055.4,20529,f
P01,S01,19,down,79,1791212595110.7,20530,o
P01,S01,19,up,70,1791212595139.2,20529,f
P01,S01,19,up,79,1791212595223.3,20530,o
P01,S01,19,down,82,1791212595253.2,20531,r
P01,S01,19,up,82,1791212595340.8,20531,r
P01,S01,19,down,69,1791212595449,20532,e
P01,S01,19,down,32,1791212595506.9,20533, 
P01,S01,19,up,69,1791212595543,20532,e
P01,S01,19,up,32,1791212595623.3,20533, 
P01,S01,19,down,71,1791212596415.8,20534,g
P01,S01,19,down,79,1791212596499.2,20535,o
P01,S01,19,up,71,1791212596542,20534,g
P01,S01,19,down,73,1791212596564.5,20536,i
P01,S01,19,down,78,1791212596654.5,20537,n
P01,S01,19,up,79,1791212596665.2,20535,o
P01,S01,19,up,73,1791212596738.7,20536,i
P01,S01,19,down,71,1791212596767.2,20538,g
P01,S01,19,up,78,1791212596782.9,20537,n
P01,S01,19,up,71,1791212596843,20538,g
P01,S01,19,down,32,1791212596883.8,20539, 
P01,S01,19,up,32,1791212596960.3,20539, 
P01,S01,19,down,84,1791212596985.1,20540,t
P01,S01,19,down,79,1791212597049.2,20541,o
P01,S01,19,up,84,1791212597052.5,20540,t
P01,S01,19,up,79,1791212597157.3,20541,o
P01,S01,19,down,32,1791212597186.5,20542, 
P01,S01,19,up,32,1791212597253.9,20542, 
P01,S01,19,down,83,1791212597386.2,20543,s
P01,S01,19,up,83,1791212597438.4,20543,s
P01,S01,19,down,76,1791212597460.7,20544,l
P01,S01,19,up,76,1791212597561,20544,l
P01,S01,19,down,69,1791212597572.7,20545,e
P01,S01,19,up,69,1791212597633.1,20545,e
P01,S01,19,down,69,1791212597749,20546,e
P01,S01,19,up,69,1791212597853.3,20546,e
P01,S01,19,down,80,1791212598121.3,20547,p
P01,S01,19,up,80,1791212598253.5,20547,p
P01,S01,19,down,190,1791212598656.1,20548,.
P01,S01,19,up,190,1791212598782.1,20548,.
P01,S01,19,down,32,1791212599167.3,20549, 
P01,S01,19,up,32,1791212599259.1,20549, 
P01,S01,19,down,16,1791212599328.2,20550,Shift
P01,S01,19,down,73,1791212599436.2,20551,I
P01,S01,19,up,73,1791212599560.2,20551,I
P01,S01,19,up,16,1791212599624.8,20550,Shift
P01,S01,19,down,32,1791212599653,20552, 
P01,S01,19,up,32,1791212599769.5,20552, 
P01,S01,19,down,70,1791212601316.3,20553,f
P01,S01,19,up,70,1791212601424.1,20553,f
P01,S01,19,down,69,1791212601532.2,20554,e
P01,S01,19,up,69,1791212601632.7,20554,e
P01,S01,19,down,69,1791212601843.2,20555,e
P01,S01,19,up,69,1791212601952.2,20555,e
P01,S01,19,down,76,1791212601984.8,20556,l
P01,S01,19,up,76,1791212602089.1,20556,l
P01,S01,19,down,32,1791212602149.4,20557, 
P01,S01,19,up,32,1791212602225,20557, 
P01,S01,19,down,76,1791212602248.9,20558,l
P01,S01,19,down,73,1791212602383.5,20559,i
P01,S01,19,up,76,1791212602416.7,20558,l
P01,S01,19,up,73,1791212602516.5,20559,i
P01,S01,19,down,75,1791212602622.9,20560,k
P01,S01,19,up,75,1791212602751.3,20560,k
P01,S01,19,down,69,1791212603474,20561,e
P01,S01,19,up,69,1791212603578,20561,e
P01,S01,19,down,32,1791212603582.6,20562, 
P01,S01,19,down,73,1791212603699,20563,i
P01,S01,19,up,32,1791212603726,20562, 
P01,S01,19,down,84,1791212603786,20564,t
P01,S01,19,up,73,1791212603798.9,20563,i
P01,S01,19,up,84,1791212603873.9,20564,t
P01,S01,19,down,32,1791212603898.9,20565, 
P01,S01,19,up,32,1791212604023.3,20565, 
P01,S01,19,down,72,1791212604111.2,20566,h
P01,S01,19,up,72,1791212604227,20566,h
P01,S01,19,down,69,1791212604249,20567,e
P01,S01,19,up,69,1791212604328.2,20567,e
P01,S01,19,down,76,1791212604451.1,20568,l
P01,S01,19,down,80,1791212604632.2,20569,p
P01,S01,19,up,76,1791212604674.3,20568,l
P01,S01,19,down,83,1791212604748.9,20570,s
P01,S01,19,up,80,1791212604755.2,20569,p
P01,S01,19,down,32,1791212604810.8,20571, 
P01,S01,19,up,83,1791212604838.6,20570,s
P01,S01,19,up,32,1791212604899.1,20571, 
P01,S01,19,down,77,1791212605004.7,20572,m
P01,S01,19,down,69,1791212605076.6,20573,e
P01,S01,19,up,77,1791212605088.5,20572,m
P01,S01,19,up,69,1791212605161,20573,e
P01,S01,19,down,32,1791212605234.1,20574, 
P01,S01,19,up,32,1791212605370.3,20574, 
P01,S01,19,down,68,1791212605473.3,20575,d
P01,S01,19,up,68,1791212605576.4,20575,d
P01,S01,19,down,73,1791212605580.5,20576,i
P01,S01,19,up,73,1791212605716.8,20576,i
P01,S01,19,down,83,1791212605731.6,20577,s
P01,S01,19,up,83,1791212605800.2,20577,s
P01,S01,19,down,67,1791212605906.9,20578,c
P01,S01,19,down,79,1791212605954.3,20579,o
P01,S01,19,up,67,1791212605999.5,20578,c
P01,S01,19,down,78,1791212606031.9,20580,n
P01,S01,19,up,79,1791212606067.2,20579,o
P01,S01,19,up,78,1791212606119.3,20580,n
P01,S01,19,down,78,1791212606198.9,20581,n
P01,S01,19,down,69,1791212606286,20582,e
P01,S01,19,up,78,1791212606317.9,20581,n
P01,S01,19,up,69,1791212606337.8,20582,e
P01,S01,19,down,67,1791212606442.2,20583,c
P01,S01,19,up,67,1791212606534.2,20583,c
P01,S01,19,down,84,1791212606641.1,20584,t
P01,S01,19,down,32,1791212606699.7,20585, 
P01,S01,19,up,84,1791212606712,20584,t
P01,S01,19,up,32,1791212606784.9,20585, 
P01,S01,19,down,70,1791212606810.8,20586,f
P01,S01,19,up,70,1791212606923.1,20586,f
P01,S01,19,down,82,1791212607390,20587,r
P01,S01,19,down,79,1791212607486,20588,o
P01,S01,19,up,82,1791212607502.1,20587,r
P01,S01,19,down,77,1791212607524.9,20589,m
P01,S01,19,up,79,1791212607577.5,20588,o
P01,S01,19,up,77,1791212607641.6,20589,m
P01,S01,19,down,32,1791212607661.8,20590, 
P01,S01,19,up,32,1791212607741.5,20590, 
P01,S01,19,down,84,1791212607892,20591,t
P01,S01,19,down,72,1791212607955.6,20592,h
P01,S01,19,up,84,1791212607967.6,20591,t
P01,S01,19,up,72,1791212608052.3,20592,h
P01,S01,19,down,69,1791212608087.1,20593,e
P01,S01,19,up,69,1791212608142.4,20593,e
P01,S01,19,down,32,1791212608148.9,20594, 
P01,S01,19,up,32,1791212608250.7,20594, 
P01,S01,19,down,83,1791212608265.5,20595,s
P01,S01,19,up,83,1791212608310.8,20595,s
P01,S01,19,down,67,1791212608420.9,20596,c
P01,S01,19,up,67,1791212608477,20596,c
P01,S01,19,down,82,1791212608600.1,20597,r
P01,S01,19,up,82,1791212608671.8,20597,r
P01,S01,19,down,69,1791212608765.4,20598,e
P01,S01,19,up,69,1791212608839.7,20598,e
P01,S01,19,down,69,1791212608928.1,20599,e
P01,S01,19,up,69,1791212609040.3,20599,e
P01,S01,19,down,78,1791212609105.1,20600,n
P01,S01,19,up,78,1791212609232.2,20600,n
P01,S01,19,down,83,1791212609271.3,20601,s
P01,S01,19,up,83,1791212609371,20601,s
P01,S01,19,down,188,1791212610972.1,20602,","
P01,S01,19,down,32,1791212611055.5,20603, 
P01,S01,19,up,188,1791212611082.5,20602,","
P01,S01,19,up,32,1791212611123.5,20603, 
P01,S01,19,down,69,1791212611249,20604,e
P01,S01,19,up,69,1791212611307.7,20604,e
P01,S01,19,down,83,1791212611427.5,20605,s
P01,S01,19,down,80,1791212611491.4,20606,p
P01,S01,19,up,83,1791212611503.4,20605,s
P01,S01,19,up,80,1791212611616.1,20606,p
P01,S01,19,down,69,1791212611619.5,20607,e
P01,S01,19,up,69,1791212611683.7,20607,e
P01,S01,19,down,67,1791212611809.7,20608,c
P01,S01,19,up,67,1791212611902.1,20608,c
P01,S01,19,down,73,1791212611916.3,20609,i
P01,S01,19,up,73,1791212612008.8,20609,i
P01,S01,19,down,65,1791212612057.5,20610,a
P01,S01,19,up,65,1791212612117.5,20610,a
P01,S01,19,down,76,1791212612137.5,20611,l
P01,S01,19,up,76,1791212612215.4,20611,l
P01,S01,19,down,76,1791212612320.7,20612,l
P01,S01,19,up,76,1791212612424.6,20612,l
P01,S01,19,down,89,1791212612436.8,20613,y
P01,S01,19,up,89,1791212612548.3,20613,y
P01,S01,19,down,32,1791212612560.2,20614, 
P01,S01,19,up,32,1791212612620.6,20614, 
P01,S01,19,down,83,1791212612749,20615,s
P01,S01,19,down,73,1791212612779.6,20616,i
P01,S01,19,up,83,1791212612819.5,20615,s
P01,S01,19,down,78,1791212612865.6,20617,n
P01,S01,19,up,73,1791212612927.9,20616,i
P01,S01,19,down,67,1791212612955.5,20618,c
P01,S01,19,up,78,1791212612975.8,20617,n
P01,S01,19,up,67,1791212612999.2,20618,c
P01,S01,19,down,69,1791212613115.2,20619,e
P01,S01,19,down,32,1791212613123.5,20620, 
P01,S01,19,up,69,1791212613187.7,20619,e
P01,S01,19,up,32,1791212613191.6,20620, 
P01,S01,19,down,77,1791212613323.1,20621,m
P01,S01,19,up,77,1791212613435.4,20621,m
P01,S01,19,down,89,1791212613506.8,20622,y
P01,S01,19,down,32,1791212613599.1,20623, 
P01,S01,19,up,89,1791212613610.3,20622,y
P01,S01,19,up,32,1791212613654.5,20623, 
P01,S01,19,down,83,1791212613772.1,20624,s
P01,S01,19,up,83,1791212613835.9,20624,s
P01,S01,19,down,84,1791212613970,20625,t
P01,S01,19,down,85,1791212614025.3,20626,u
P01,S01,19,up,84,1791212614049.5,20625,t
P01,S01,19,up,85,1791212614109.9,20626,u
P01,S01,19,down,68,1791212614158.5,20627,d
P01,S01,19,up,68,1791212614222.2,20627,d
P01,S01,19,down,73,1791212614234.5,20628,i
P01,S01,19,up,73,1791212614311.1,20628,i
P01,S01,19,down,69,1791212614348.8,20629,e
P01,S01,19,up,69,1791212614416,20629,e
P01,S01,19,down,83,1791212614550.9,20630,s
P01,S01,19,up,83,1791212614654.4,20630,s
P01,S01,19,down,32,1791212614666.6,20631, 
P01,S01,19,up,32,1791212614803.8,20631, 
P01,S01,19,down,82,1791212614932.1,20632,r
P01,S01,19,up,82,1791212615049.1,20632,r
P01,S01,19,down,69,1791212615150.8,20633,e
P01,S01,19,up,69,1791212615248.9,20633,e
P01,S01,19,down,81,1791212615469.9,20634,q
P01,S01,19,up,81,1791212615625.7,20634,q
P01,S01,19,down,85,1791212615673.9,20635,u
P01,S01,19,down,73,1791212615773.5,20636,i
P01,S01,19,up,85,1791212615832.6,20635,u
P01,S01,19,down,69,1791212615848.5,20637,e
P01,S01,19,up,69,1791212615917.4,20637,e
P01,S01,19,up,73,1791212615931.8,20636,i
P01,S01,19,down,82,1791212616015.7,20638,r
P01,S01,19,up,82,1791212616086.9,20638,r
P01,S01,19,down,8,1791212616827.8,20639,Backspace
P01,S01,19,up,8,1791212616891.4,20639,Backspace
P01,S01,19,down,8,1791212616993.3,20640,Backspace
P01,S01,19,down,82,1791212617050.1,20641,r
P01,S01,19,up,8,1791212617061.3,20640,Backspace
P01,S01,19,up,82,1791212617115.7,20641,r
P01,S01,19,down,69,1791212617215.6,20642,e
P01,S01,19,down,32,1791212617267.5,20643, 
P01,S01,19,up,69,1791212617291.6,20642,e
P01,S01,19,up,32,1791212617371.8,20643, 
P01,S01,19,down,84,1791212617433.1,20644,t
P01,S01,19,down,79,1791212617492.3,20645,o
P01,S01,19,up,84,1791212617520.4,20644,t
P01,S01,19,up,79,1791212617624.8,20645,o
P01,S01,19,down,32,1791212617665.6,20646, 
P01,S01,19,up,32,1791212617741.6,20646, 
P01,S01,19,down,66,1791212618421.9,20647,b
P01,S01,19,down,69,1791212618521.6,20648,e
P01,S01,19,up,66,1791212618533.3,20647,b
P01,S01,19,up,69,1791212618615.1,20648,e
P01,S01,19,down,32,1791212618660.4,20649, 
P01,S01,19,up,32,1791212618799.1,20649, 
P01,S01,19,down,73,1791212618909.6,20650,i
P01,S01,19,down,78,1791212618982.4,20651,n
P01,S01,19,up,73,1791212619049.1,20650,i
P01,S01,19,down,32,1791212619073.3,20652, 
P01,S01,19,up,78,1791212619125.5,20651,n
P01,S01,19,up,32,1791212619141.4,20652, 
P01,S01,19,down,70,1791212619260.4,20653,f
P01,S01,19,up,70,1791212619324.6,20653,f
P01,S01,19,down,82,1791212619441.3,20654,r
P01,S01,19,down,79,1791212619472.6,20655,o
P01,S01,19,up,82,1791212619533.1,20654,r
P01,S01,19,down,78,1791212619569.2,20656,n
P01,S01,19,up,79,1791212619625.2,20655,o
P01,S01,19,up,78,1791212619669.4,20656,n
P01,S01,19,down,84,1791212619670.3,20657,t
P01,S01,19,up,84,1791212619757.4,20657,t
P01,S01,19,down,32,1791212619761.1,20658, 
P01,S01,19,down,79,1791212619877.6,20659,o
P01,S01,19,up,32,1791212619901.5,20658, 
P01,S01,19,down,70,1791212619941.2,20660,f
P01,S01,19,up,79,1791212619969.1,20659,o
P01,S01,19,up,70,1791212620037.7,20660,f
P01,S01,19,down,32,1791212620056.4,20661, 
P01,S01,19,up,32,1791212620153,20661, 
P01,S01,19,down,65,1791212620177.7,20662,a
P01,S01,19,down,32,1791212620249.1,20663, 
P01,S01,19,up,65,1791212620277.5,20662,a
P01,S01,19,down,76,1791212620348.9,20664,l
P01,S01,19,up,32,1791212620384.5,20663, 
P01,S01,19,up,76,1791212620469.4,20664,l
P01,S01,19,down,65,1791212620472.5,20665,a
P01,S01,19,up,65,1791212620570,20665,a
P01,S01,19,down,80,1791212620602.6,20666,p
P01,S01,19,up,80,1791212620719.1,20666,p
P01,S01,19,down,84,1791212620788.9,20667,t
P01,S01,19,up,84,1791212620900.9,20667,t
P01,S01,19,down,79,1791212620915.5,20668,o
P01,S01,19,down,80,1791212621115.9,20669,p
P01,S01,19,up,79,1791212621191.3,20668,o
P01,S01,19,up,80,1791212621271.6,20669,p
P01,S01,19,down,32,1791212621386.8,20670, 
P01,S01,19,up,32,1791212621526.5,20670, 
P01,S01,19,down,65,1791212621798.7,20671,a
P01,S01,19,up,65,1791212621867.4,20671,a
P01,S01,19,down,76,1791212621875.1,20672,l
P01,S01,19,up,76,1791212621948.3,20672,l
P01,S01,19,down,76,1791212622052.9,20673,l
P01,S01,19,down,32,1791212622101.1,20674, 
P01,S01,19,up,76,1791212622150.4,20673,l
P01,S01,19,up,32,1791212622166,20674, 
P01,S01,19,down,68,1791212622282.1,20675,d
P01,S01,19,up,68,1791212622365.5,20675,d
P01,S01,19,down,65,1791212622459.2,20676,a
P01,S01,19,down,89,1791212622532.4,20677,y
P01,S01,19,up,65,1791212622567,20676,a
P01,S01,19,up,89,1791212622599.7,20677,y
P01,S01,19,down,32,1791212622866.8,20678, 
P01,S01,19,up,32,1791212622950.8,20678, 
P01,S01,19,down,76,1791212622993.3,20679,l
P01,S01,19,up,76,1791212623086,20679,l
P01,S01,19,down,79,1791212623188.9,20680,o
P01,S01,19,down,78,1791212623282.6,20681,n
P01,S01,19,up,79,1791212623332.5,20680,o
P01,S01,19,down,71,1791212623382.3,20682,g
P01,S01,19,up,78,1791212623424.3,20681,n
P01,S01,19,up,71,1791212623482.2,20682,g
P01,S01,19,down,190,1791212623634.7,20683,.
P01,S01,19,down,32,1791212623750.6,20684, 
P01,S01,19,up,190,1791212623765.4,20683,.
P01,S01,19,up,32,1791212623818.2,20684, 
P01,S01,19,down,16,1791212624320.5,20685,Shift
P01,S01,19,down,13,1791212624416.7,20686,Enter
P01,S01,19,up,13,1791212624548.7,20686,Enter
P01,S01,19,up,16,1791212624656.2,20685,Shift
P01,S01,19,down,83,1791212624693.1,20687,s
P01,S01,19,down,79,1791212624809,20688,o
P01,S01,19,up,83,1791212624853.1,20687,s
P01,S01,19,down,77,1791212624965.6,20689,m
P01,S01,19,up,79,1791212625000.6,20688,o
P01,S01,19,down,69,1791212625082.3,20690,e
P01,S01,19,up,77,1791212625093.2,20689,m
P01,S01,19,up,69,1791212625165.7,20690,e
P01,S01,19,down,8,1791212625435.8,20691,Backspace
P01,S01,19,up,8,1791212625527.9,20691,Backspace
P01,S01,19,down,8,1791212625633.9,20692,Backspace
P01,S01,19,up,8,1791212625718.4,20692,Backspace
P01,S01,19,down,8,1791212625815.6,20693,Backspace
P01,S01,19,up,8,1791212625901.7,20693,Backspace
P01,S01,19,down,8,1791212626002.7,20694,Backspace
P01,S01,19,down,16,1791212626038.9,20695,Shift
P01,S01,19,up,8,1791212626082.3,20694,Backspace
P01,S01,19,down,83,1791212626170.6,20696,S
P01,S01,19,up,16,1791212626318.8,20695,Shift
P01,S01,19,up,83,1791212626375.1,20696,S
P01,S01,19,down,79,1791212626465.6,20697,o
P01,S01,19,down,77,1791212626568.5,20698,m
P01,S01,19,up,79,1791212626656.2,20697,o
P01,S01,19,down,69,1791212626676.4,20699,e
P01,S01,19,up,77,1791212626716.7,20698,m
P01,S01,19,up,69,1791212626740.2,20699,e
P01,S01,19,down,84,1791212626842.3,20700,t
P01,S01,19,down,73,1791212626886.1,20701,i
P01,S01,19,up,84,1791212626954.1,20700,t
P01,S01,19,down,77,1791212626965.4,20702,m
P01,S01,19,up,73,1791212627022.2,20701,i
P01,S01,19,up,77,1791212627086.9,20702,m
P01,S01,19,down,69,1791212627101.5,20703,e
P01,S01,19,up,69,1791212627169.7,20703,e
P01,S01,19,down,83,1791212627282.5,20704,s
P01,S01,19,up,83,1791212627349.2,20704,s
P01,S01,19,down,32,1791212627519.5,20705, 
P01,S01,19,up,32,1791212627584,20705, 
P01,S01,19,down,77,1791212627886.8,20706,m
P01,S01,19,up,77,1791212628015.5,20706,m
P01,S01,19,down,89,1791212628132.3,20707,y
P01,S01,19,down,32,1791212628215.7,20708, 
P01,S01,19,up,89,1791212628221,20707,y
P01,S01,19,up,32,1791212628266.3,20708, 
P01,S01,19,down,69,1791212628409.6,20709,e
P01,S01,19,up,69,1791212628469.4,20709,e
P01,S01,19,down,89,1791212628481.8,20710,y
P01,S01,19,up,89,1791212628581.9,20710,y
P01,S01,19,down,69,1791212628584.9,20711,e
P01,S01,19,up,69,1791212628653.4,20711,e
P01,S01,19,down,83,1791212628782.2,20712,s
P01,S01,19,up,83,1791212628850.8,20712,s
P01,S01,19,down,32,1791212628926.2,20713, 
P01,S01,19,up,32,1791212629058.6,20713, 
P01,S01,19,down,71,1791212629483.9,20714,g
P01,S01,19,up,71,1791212629567.2,20714,g
P01,S01,19,down,69,1791212629681.5,20715,e
P01,S01,19,up,69,1791212629748.7,20715,e
P01,S01,19,down,84,1791212629855.6,20716,t
P01,S01,19,down,32,1791212629911.6,20717, 
P01,S01,19,up,84,1791212629927.3,20716,t
P01,S01,19,up,32,1791212629998.5,20717, 
P01,S01,19,down,83,1791212630050.6,20718,s
P01,S01,19,down,79,1791212630084.2,20719,o
P01,S01,19,up,83,1791212630118.1,20718,s
P01,S01,19,down,32,1791212630182.9,20720, 
P01,S01,19,up,79,1791212630202.2,20719,o
P01,S01,19,up,32,1791212630282.8,20720, 
P01,S01,19,down,84,1791212630294.5,20721,t
P01,S01,19,up,84,1791212630382.8,20721,t
P01,S01,19,down,73,1791212630407.1,20722,i
P01,S01,19,down,82,1791212630465.1,20723,r
P01,S01,19,up,73,1791212630511.2,20722,i
P01,S01,19,up,82,1791212630571.7,20723,r
P01,S01,19,down,69,1791212630666.2,20724,e
P01,S01,19,up,69,1791212630732.9,20724,e
P01,S01,19,down,68,1791212630832.1,20725,d
P01,S01,19,down,32,1791212630884.4,20726, 
P01,S01,19,up,68,1791212630887.9,20725,d
P01,S01,19,up,32,1791212630965.6,20726, 
P01,S01,19,down,84,1791212631023.2,20727,t
P01,S01,19,down,72,1791212631059,20728,h
P01,S01,19,up,84,1791212631095.1,20727,t
P01,S01,19,up,72,1791212631165.5,20728,h
P01,S01,19,down,65,1791212631242.4,20729,a
P01,S01,19,down,84,1791212631302.3,20730,t
P01,S01,19,up,65,1791212631310.1,20729,a
P01,S01,19,up,84,1791212631394.8,20730,t
P01,S01,19,down,32,1791212631457.1,20731, 
P01,S01,19,up,32,1791212631536.7,20731, 
P01,S01,19,down,16,1791212631715.6,20732,Shift
P01,S01,19,down,73,1791212631776.5,20733,I
P01,S01,19,up,16,1791212631872.2,20732,Shift
P01,S01,19,up,73,1791212631884.6,20733,I
P01,S01,19,down,32,1791212631986.9,20734, 
P01,S01,19,down,74,1791212632038.7,20735,j
P01,S01,19,up,32,1791212632066.1,20734, 
P01,S01,19,up,74,1791212632115.7,20735,j
P01,S01,19,down,85,1791212632215.7,20736,u
P01,S01,19,down,83,1791212632288.5,20737,s
P01,S01,19,up,85,1791212632316.8,20736,u
P01,S01,19,up,83,1791212632344.6,20737,s
P01,S01,19,down,84,1791212632482.5,20738,t
P01,S01,19,up,84,1791212632564.4,20738,t
P01,S01,19,down,32,1791212632593.8,20739, 
P01,S01,19,up,32,1791212632690.6,20739, 
P01,S01,19,down,87,1791212632705,20740,w
P01,S01,19,up,87,1791212632753.3,20740,w
P01,S01,19,down,65,1791212632888.7,20741,a
P01,S01,19,up,65,1791212632952.5,20741,a
P01,S01,19,down,78,1791212633206.7,20742,n
P01,S01,19,up,78,1791212633318.9,20742,n
P01,S01,19,down,84,1791212633352.5,20743,t
P01,S01,19,down,32,1791212633436.5,20744, 
P01,S01,19,up,84,1791212633449,20743,t
P01,S01,19,up,32,1791212633536.7,20744, 
P01,S01,19,down,84,1791212633582.4,20745,t
P01,S01,19,down,79,1791212633643.4,20746,o
P01,S01,19,up,84,1791212633659,20745,t
P01,S01,19,up,79,1791212633727.3,20746,o
P01,S01,19,down,32,1791212633788.7,20747, 
P01,S01,19,up,32,1791212633860.5,20747, 
P01,S01,19,down,76,1791212633874.9,20748,l
P01,S01,19,down,73,1791212633982.2,20749,i
P01,S01,19,down,83,1791212634049.1,20750,s
P01,S01,19,up,76,1791212634054.9,20748,l
P01,S01,19,up,83,1791212634099.1,20750,s
P01,S01,19,up,73,1791212634159.1,20749,i
P01,S01,19,down,84,1791212634250.1,20751,t
P01,S01,19,up,84,1791212634332.1,20751,t
P01,S01,19,down,69,1791212634439.9,20752,e
P01,S01,19,up,69,1791212634498.8,20752,e
P01,S01,19,down,78,1791212634502.9,20753,n
P01,S01,19,up,78,1791212634587.4,20753,n
P01,S01,19,down,32,1791212634621.3,20754, 
P01,S01,19,up,32,1791212634682.8,20754, 
P01,S01,19,down,84,1791212634832.3,20755,t
P01,S01,19,down,79,1791212634871.9,20756,o
P01,S01,19,up,84,1791212634892.1,20755,t
P01,S01,19,up,79,1791212634965.6,20756,o
P01,S01,19,down,32,1791212634981.6,20757, 
P01,S01,19,up,32,1791212635099,20757, 
P01,S01,19,down,83,1791212635125.1,20758,s
P01,S01,19,down,79,1791212635201.4,20759,o
P01,S01,19,up,83,1791212635217.1,20758,s
P01,S01,19,down,77,1791212635304.9,20760,m
P01,S01,19,up,79,1791212635361,20759,o
P01,S01,19,down,69,1791212635376.9,20761,e
P01,S01,19,up,77,1791212635408.6,20760,m
P01,S01,19,up,69,1791212635465.6,20761,e
P01,S01,19,down,32,1791212635498.9,20762, 
P01,S01,19,up,32,1791212635576.3,20762, 
P01,S01,19,down,77,1791212635693.3,20763,m
P01,S01,19,up,77,1791212635848.9,20763,m
P01,S01,19,down,85,1791212635849.4,20764,u
P01,S01,19,down,83,1791212635961.5,20765,s
P01,S01,19,up,85,1791212635965.7,20764,u
P01,S01,19,up,83,1791212636049.6,20765,s
P01,S01,19,down,73,1791212636083.2,20766,i
P01,S01,19,down,67,1791212636187.4,20767,c
P01,S01,19,up,73,1791212636188.4,20766,i
P01,S01,19,up,67,1791212636233.3,20767,c
P01,S01,19,down,32,1791212636339.9,20768, 
P01,S01,19,up,32,1791212636416.3,20768, 
P01,S01,19,down,79,1791212636428.3,20769,o
P01,S01,19,up,79,1791212636524.4,20769,o
P01,S01,19,down,82,1791212636549.5,20770,r
P01,S01,19,up,82,1791212636621.6,20770,r
P01,S01,19,down,32,1791212636621.8,20771, 
P01,S01,19,up,32,1791212636732,20771, 
P01,S01,19,down,65,1791212636774.3,20772,a
P01,S01,19,down,32,1791212636834,20773, 
P01,S01,19,up,65,1791212636870.2,20772,a
P01,S01,19,up,32,1791212636932.2,20773, 
P01,S01,19,down,80,1791212636951.3,20774,p
P01,S01,19,down,79,1791212637065.6,20775,o
P01,S01,19,down,68,1791212637143.1,20776,d
P01,S01,19,up,80,1791212637144.2,20774,p
P01,S01,19,up,68,1791212637206.7,20776,d
P01,S01,19,up,79,1791212637235.3,20775,o
P01,S01,19,down,67,1791212637319.6,20777,c
P01,S01,19,up,67,1791212637391.1,20777,c
P01,S01,19,down,65,1791212637532.1,20778,a
P01,S01,19,up,65,1791212637567.5,20778,a
P01,S01,19,down,83,1791212637674.2,20779,s
P01,S01,19,up,83,1791212637742.2,20779,s
P01,S01,19,down,84,1791212637886.5,20780,t
P01,S01,19,up,84,1791212637974.3,20780,t
P01,S01,19,down,32,1791212638454.1,20781, 
P01,S01,19,up,32,1791212638554.3,20781, 
P01,S01,19,down,73,1791212638615.5,20782,i
P01,S01,19,down,78,1791212638727.3,20783,n
P01,S01,19,up,73,1791212638819.5,20782,i
P01,S01,19,up,78,1791212638907.5,20783,n
P01,S01,19,down,83,1791212639299.9,20784,s
P01,S01,19,up,83,1791212639382.3,20784,s
P01,S01,19,down,84,1791212639515.2,20785,t
P01,S01,19,up,84,1791212639594.7,20785,t
P01,S01,19,down,69,1791212639711.5,20786,e
P01,S01,19,up,69,1791212639775.3,20786,e
P01,S01,19,down,65,1791212639899,20787,a
P01,S01,19,up,65,1791212639941.1,20787,a
P01,S01,19,down,68,1791212640053.1,20788,d
P01,S01,19,down,32,1791212640121.1,20789, 
P01,S01,19,up,68,1791212640145,20788,d
P01,S01,19,down,79,1791212640208.9,20790,o
P01,S01,19,up,32,1791212640232.3,20789, 
P01,S01,19,up,79,1791212640309,20790,o
P01,S01,19,down,70,1791212640321.2,20791,f
P01,S01,19,up,70,1791212640432.2,20791,f
P01,S01,19,down,32,1791212640437.1,20792, 
P01,S01,19,down,76,1791212640520.7,20793,l
P01,S01,19,up,32,1791212640532.6,20792, 
P01,S01,19,up,76,1791212640624.7,20793,l
P01,S01,19,down,79,1791212640718,20794,o
P01,S01,19,up,79,1791212640790.3,20794,o
P01,S01,19,down,79,1791212640902.4,20795,o
P01,S01,19,down,75,1791212641038.5,20796,k
P01,S01,19,up,79,1791212641070.2,20795,o
P01,S01,19,up,75,1791212641132.5,20796,k
P01,S01,19,down,73,1791212641232.4,20797,i
P01,S01,19,down,78,1791212641303,20798,n
P01,S01,19,up,73,1791212641366.2,20797,i
P01,S01,19,down,71,1791212641427.3,20799,g
P01,S01,19,up,78,1791212641442.9,20798,n
P01,S01,19,up,71,1791212641527.2,20799,g
P01,S01,19,down,32,1791212641568,20800, 
P01,S01,19,up,32,1791212641652.5,20800, 
P01,S01,19,down,65,1791212641690.3,20801,a
P01,S01,19,up,65,1791212641738.3,20801,a
P01,S01,19,down,32,1791212641975.9,20802, 
P01,S01,19,up,32,1791212642098.8,20802, 
P01,S01,19,down,8,1791212642382.3,20803,Backspace
P01,S01,19,up,8,1791212642498.8,20803,Backspace
P01,S01,19,down,84,1791212642553.5,20804,t
P01,S01,19,up,84,1791212642654.1,20804,t
P01,S01,19,down,32,1791212642736.5,20805, 
P01,S01,19,up,32,1791212642840.3,20805, 
P01,S01,19,down,84,1791212642865.9,20806,t
P01,S01,19,up,84,1791212642959.1,20806,t
P01,S01,19,down,69,1791212643076.3,20807,e
P01,S01,19,up,69,1791212643120.1,20807,e
P01,S01,19,down,88,1791212643228.3,20808,x
P01,S01,19,up,88,1791212643299.1,20808,x
P01,S01,19,down,84,1791212643440.1,20809,t
P01,S01,19,up,84,1791212643514.2,20809,t
P01,S01,19,down,190,1791212643607.5,20810,.
P01,S01,19,up,190,1791212643682.8,20810,.
P01,S01,19,down,16,1791212643811.4,20811,Shift
P01,S01,19,down,13,1791212643883.5,20812,Enter
P01,S01,19,up,13,1791212643967.1,20812,Enter
P01,S01,19,up,16,1791212644148.9,20811,Shift
P01,S01,19,down,66,1791212644268.1,20813,b
P01,S01,19,up,66,1791212644384.5,20813,b
P01,S01,19,down,89,1791212644566.4,20814,y
P01,S01,19,up,89,1791212644648.4,20814,y
P01,S01,19,down,32,1791212644657.6,20815, 
P01,S01,19,up,32,1791212644715.2,20815, 
P01,S01,19,down,84,1791212644865.6,20816,t
P01,S01,19,down,72,1791212644940.9,20817,h
P01,S01,19,up,84,1791212644952.6,20816,t
P01,S01,19,up,72,1791212645053.3,20817,h
P01,S01,19,down,69,1791212645105.1,20818,e
P01,S01,19,up,69,1791212645182.6,20818,e
P01,S01,19,down,32,1791212645199,20819, 
P01,S01,19,up,32,1791212645310.5,20819, 
P01,S01,19,down,87,1791212645482.1,20820,w
P01,S01,19,up,87,1791212645532.9,20820,w
P01,S01,19,down,65,1791212645695.1,20821,a
P01,S01,19,down,89,1791212645750.9,20822,y
P01,S01,19,up,65,1791212645766.9,20821,a
P01,S01,19,up,89,1791212645832.3,20822,y
P01,S01,19,down,188,1791212647575.1,20823,","
P01,S01,19,up,188,1791212647667,20823,","
P01,S01,19,down,32,1791212647670.5,20824, 
P01,S01,19,up,32,1791212647767.5,20824, 
P01,S01,19,down,87,1791212647916.5,20825,w
P01,S01,19,up,87,1791212647987.9,20825,w
P01,S01,19,down,72,1791212647992.5,20826,h
P01,S01,19,up,72,1791212648081.4,20826,h
P01,S01,19,down,65,1791212648104.3,20827,a
P01,S01,19,up,65,1791212648172,20827,a
P01,S01,19,down,84,1791212648187.8,20828,t
P01,S01,19,up,84,1791212648268.4,20828,t
P01,S01,19,down,32,1791212648299.9,20829, 
P01,S01,19,up,32,1791212648387.4,20829, 
P01,S01,19,down,75,1791212648504.3,20830,k
P01,S01,19,up,75,1791212648652.2,20830,k
P01,S01,19,down,73,1791212648751.2,20831,i
P01,S01,19,down,78,1791212648838.7,20832,n
P01,S01,19,up,73,1791212648910.5,20831,i
P01,S01,19,up,78,1791212648966.4,20832,n
P01,S01,19,down,68,1791212648999.4,20833,d
P01,S01,19,up,68,1791212649071,20833,d
P01,S01,19,down,32,1791212649086.9,20834, 
P01,S01,19,down,79,1791212649235.4,20835,o
P01,S01,19,up,32,1791212649259,20834, 
P01,S01,19,up,79,1791212649371.3,20835,o
P01,S01,19,down,70,1791212649398.8,20836,f
P01,S01,19,up,70,1791212649552.1,20836,f
P01,S01,19,down,32,1791212649565.2,20837, 
P01,S01,19,up,32,1791212649652.4,20837, 
P01,S01,19,down,77,1791212649792.2,20838,m
P01,S01,19,down,85,1791212649965.7,20839,u
P01,S01,19,up,77,1791212649976,20838,m
P01,S01,19,up,85,1791212650082.3,20839,u
P01,S01,19,down,83,1791212650110.8,20840,s
P01,S01,19,down,73,1791212650203.2,20841,i
P01,S01,19,up,83,1791212650206.9,20840,s
P01,S01,19,up,73,1791212650315.7,20841,i
P01,S01,19,down,67,1791212650348.9,20842,c
P01,S01,19,up,67,1791212650449.1,20842,c
P01,S01,19,down,32,1791212654923.5,20843, 
P01,S01,19,up,32,1791212654993.1,20843, 
P01,S01,19,down,87,1791212655137.3,20844,w
P01,S01,19,down,79,1791212655183.1,20845,o
P01,S01,19,up,87,1791212655220.8,20844,w
P01,S01,19,down,85,1791212655273,20846,u
P01,S01,19,up,79,1791212655300.1,20845,o
P01,S01,19,down,76,1791212655421.2,20847,l
P01,S01,19,down,68,1791212655483,20848,d
P01,S01,19,up,85,1791212655485.5,20846,u
P01,S01,19,up,68,1791212655525,20848,d
P01,S01,19,up,76,1791212655557.1,20847,l
P01,S01,19,down,32,1791212655643.9,20849, 
P01,S01,19,down,89,1791212655720,20850,y
P01,S01,19,up,32,1791212655739.9,20849, 
P01,S01,19,up,89,1791212655872.7,20850,y
P01,S01,19,down,79,1791212655887.1,20851,o
P01,S01,19,down,85,1791212656010.6,20852,u
P01,S01,19,up,79,1791212656082.8,20851,o
P01,S01,19,down,32,1791212656086.3,20853, 
P01,S01,19,up,85,1791212656122.5,20852,u
P01,S01,19,up,32,1791212656154.8,20853, 
P01,S01,19,down,82,1791212656291.8,20854,r
P01,S01,19,up,82,1791212656368.4,20854,r
P01,S01,19,down,69,1791212656476.9,20855,e
P01,S01,19,up,69,1791212656541,20855,e
P01,S01,19,down,67,1791212656639,20856,c
P01,S01,19,down,79,1791212656667.1,20857,o
P01,S01,19,up,67,1791212656742.7,20856,c
P01,S01,19,down,77,1791212656770.8,20858,m
P01,S01,19,up,79,1791212656810.8,20857,o
P01,S01,19,up,77,1791212656865.6,20858,m
P01,S01,19,down,77,1791212656943.9,20859,m
P01,S01,19,up,77,1791212657115.2,20859,m
P01,S01,19,down,69,1791212657138.9,20860,e
P01,S01,19,up,69,1791212657215.2,20860,e
P01,S01,19,down,78,1791212657227,20861,n
P01,S01,19,up,78,1791212657318.5,20861,n
P01,S01,19,down,68,1791212657322,20862,d
P01,S01,19,up,68,1791212657419.2,20862,d
P01,S01,19,down,32,1791212657420.5,20863, 
P01,S01,19,up,32,1791212657510.5,20863, 
P01,S01,19,down,70,1791212657515.5,20864,f
P01,S01,19,down,79,1791212657574.6,20865,o
P01,S01,19,up,70,1791212657607,20864,f
P01,S01,19,down,82,1791212657703.2,20866,r
P01,S01,19,up,79,1791212657715.9,20865,o
P01,S01,19,down,32,1791212657783.1,20867, 
P01,S01,19,up,82,1791212657790.5,20866,r
P01,S01,19,up,32,1791212657891.3,20867, 
P01,S01,19,down,83,1791212657906.4,20868,s
P01,S01,19,up,83,1791212657950.5,20868,s
P01,S01,19,down,84,1791212658084.2,20869,t
P01,S01,19,up,84,1791212658176.3,20869,t
P01,S01,19,down,85,1791212658441.1,20870,u
P01,S01,19,up,85,1791212658569.3,20870,u
P01,S01,19,down,68,1791212658675.8,20871,d
P01,S01,19,up,68,1791212658716.4,20871,d
P01,S01,19,down,89,1791212659049.2,20872,y
P01,S01,19,down,73,1791212659137.8,20873,i
P01,S01,19,up,89,1791212659174.1,20872,y
P01,S01,19,down,78,1791212659286.2,20874,n
P01,S01,19,up,73,1791212659373.9,20873,i
P01,S01,19,down,71,1791212659442,20875,g
P01,S01,19,up,78,1791212659449.6,20874,n
P01,S01,19,up,71,1791212659526,20875,g
P01,S01,19,down,16,1791212659773.6,20876,Shift
P01,S01,19,down,190,1791212659837.2,20877,>
P01,S01,19,up,190,1791212660056.1,20877,>
P01,S01,19,up,16,1791212660121.7,20876,Shift
P01,S01,19,down,32,1791212660298.3,20878, 
P01,S01,19,up,32,1791212660390.6,20878, 
P01,S01,19,down,8,1791212660665.4,20879,Backspace
P01,S01,19,up,8,1791212660740.2,20879,Backspace
P01,S01,19,down,8,1791212660838.1,20880,Backspace
P01,S01,19,up,8,1791212660942.2,20880,Backspace
P01,S01,19,down,16,1791212661007.2,20881,Shift
P01,S01,19,down,191,1791212661338.3,20882,?
P01,S01,19,up,191,1791212661354.7,20882,?
P01,S01,19,down,191,1791212661495.2,20883,?
P01,S01,19,up,191,1791212661655.7,20883,?
P01,S01,19,up,16,1791212661739.7,20881,Shift
P01,S01,19,down,32,1791212661890.4,20884, 
P01,S01,19,up,32,1791212661937.9,20884, 
P01,S01,19,down,8,1791212662128.1,20885,Backspace
P01,S01,19,up,8,1791212662215.7,20885,Backspace
P01,S01,19,down,8,1791212662301.1,20886,Backspace
P01,S01,19,up,8,1791212662388.8,20886,Backspace
P01,S01,19,down,32,1791212662483.2,20887, 
P01,S01,19,up,32,1791212662551.2,20887, 
P01,S01,19,down,16,1791212662682.8,20888,Shift
P01,S01,19,down,73,1791212662758,20889,I
P01,S01,19,up,73,1791212662837.8,20889,I
P01,S01,19,up,16,1791212662882.6,20888,Shift
P01,S01,19,down,32,1791212662941.8,20890, 
P01,S01,19,up,32,1791212663038,20890, 
P01,S01,19,down,85,1791212663385.1,20891,u
P01,S01,19,up,85,1791212663481.5,20891,u
P01,S01,19,down,83,1791212663516,20892,s
P01,S01,19,down,85,1791212663582.2,20893,u
P01,S01,19,up,83,1791212663599.9,20892,s
P01,S01,19,up,85,1791212663675.9,20893,u
P01,S01,19,down,65,1791212663715,20894,a
P01,S01,19,up,65,1791212663785.7,20894,a
P01,S01,19,down,76,1791212663789.4,20895,l
P01,S01,19,up,76,1791212663870.2,20895,l
P01,S01,19,down,76,1791212663965.5,20896,l
P01,S01,19,up,76,1791212664061.3,20896,l
P01,S01,19,down,89,1791212664081.8,20897,y
P01,S01,19,up,89,1791212664243.9,20897,y
P01,S01,19,down,32,1791212664255.8,20898, 
P01,S01,19,up,32,1791212664324,20898, 
P01,S01,19,down,76,1791212664358.8,20899,l
P01,S01,19,down,73,1791212664448.8,20900,i
P01,S01,19,down,83,1791212664483.7,20901,s
P01,S01,19,up,76,1791212664510.3,20899,l
P01,S01,19,up,83,1791212664530.8,20901,s
P01,S01,19,up,73,1791212664602.8,20900,i
P01,S01,19,down,84,1791212664682.3,20902,t
P01,S01,19,up,84,1791212664749,20902,t
P01,S01,19,down,69,1791212664841.1,20903,e
P01,S01,19,down,78,1791212664884,20904,n
P01,S01,19,up,69,1791212664892.2,20903,e
P01,S01,19,up,78,1791212664977.1,20904,n
P01,S01,19,down,32,1791212665015.2,20905, 
P01,S01,19,up,32,1791212665068.2,20905, 
P01,S01,19,down,84,1791212665206.3,20906,t
P01,S01,19,down,79,1791212665266.4,20907,o
P01,S01,19,up,84,1791212665273.4,20906,t
P01,S01,19,up,79,1791212665342,20907,o
P01,S01,19,down,32,1791212665398.8,20908, 
P01,S01,19,up,32,1791212665468.8,20908, 
P01,S01,19,down,76,1791212665476.8,20909,l
P01,S01,19,up,76,1791212665536.5,20909,l
P01,S01,19,down,79,1791212665618.8,20910,o
P01,S01,19,up,79,1791212665711.2,20910,o
P01,S01,19,down,189,1791212666050.2,20911,-
P01,S01,19,up,189,1791212666132.4,20911,-
P01,S01,19,down,70,1791212666243.8,20912,f
P01,S01,19,down,73,1791212666320,20913,i
P01,S01,19,up,70,1791212666323.3,20912,f
P01,S01,19,up,73,1791212666416.1,20913,i
P01,S01,19,down,79,1791212666541.2,20914,o
P01,S01,19,up,79,1791212666634.2,20914,o
P01,S01,19,down,8,1791212666971.1,20915,Backspace
P01,S01,19,up,8,1791212667054.7,20915,Backspace
P01,S01,19,down,32,1791212667055.6,20916, 
P01,S01,19,up,32,1791212667158.8,20916, 
P01,S01,19,down,79,1791212667227.7,20917,o
P01,S01,19,up,79,1791212667324,20917,o
P01,S01,19,down,82,1791212667339.6,20918,r
P01,S01,19,up,82,1791212667416.2,20918,r
P01,S01,19,down,32,1791212667438.5,20919, 
P01,S01,19,up,32,1791212667526.7,20919, 
P01,S01,19,down,67,1791212667534.3,20920,c
P01,S01,19,up,67,1791212667622.3,20920,c
P01,S01,19,down,76,1791212667783.1,20921,l
P01,S01,19,up,76,1791212667915.8,20921,l
P01,S01,19,down,65,1791212667955,20922,a
P01,S01,19,up,65,1791212668035.2,20922,a
P01,S01,19,down,83,1791212668165.6,20923,s
P01,S01,19,up,83,1791212668232.1,20923,s
P01,S01,19,down,83,1791212668333.4,20924,s
P01,S01,19,up,83,1791212668415.8,20924,s
P01,S01,19,down,73,1791212668432.2,20925,i
P01,S01,19,up,73,1791212668545,20925,i
P01,S01,19,down,67,1791212668552.3,20926,c
P01,S01,19,up,67,1791212668588.8,20926,c
P01,S01,19,down,65,1791212668732.9,20927,a
P01,S01,19,up,65,1791212668784.7,20927,a
P01,S01,19,down,76,1791212668803.5,20928,l
P01,S01,19,up,76,1791212668932.3,20928,l
P01,S01,19,down,32,1791212668983.1,20929, 
P01,S01,19,up,32,1791212669049,20929, 
P01,S01,19,down,78,1791212669167,20930,n
P01,S01,19,up,78,1791212669307,20930,n
P01,S01,19,down,8,1791212669667.3,20931,Backspace
P01,S01,19,up,8,1791212669738.9,20931,Backspace
P01,S01,19,down,77,1791212670260.6,20932,m
P01,S01,19,up,77,1791212670392.9,20932,m
P01,S01,19,down,85,1791212670442.1,20933,u
P01,S01,19,up,85,1791212670549.6,20933,u
P01,S01,19,down,83,1791212670560.4,20934,s
P01,S01,19,up,83,1791212670660.6,20934,s
P01,S01,19,down,73,1791212670672.2,20935,i
P01,S01,19,up,73,1791212670765.5,20935,i
P01,S01,19,down,67,1791212670788.8,20936,c
P01,S01,19,down,32,1791212670848.8,20937, 
P01,S01,19,up,67,1791212670872.7,20936,c
P01,S01,19,up,32,1791212670948.8,20937, 
P01,S01,19,down,66,1791212671099,20938,b
P01,S01,19,up,66,1791212671190.7,20938,b
P01,S01,19,down,69,1791212671194.7,20939,e
P01,S01,19,up,69,1791212671248.8,20939,e
P01,S01,19,down,67,1791212671419.1,20940,c
P01,S01,19,up,67,1791212671499.1,20940,c
P01,S01,19,down,65,1791212671622.7,20941,a
P01,S01,19,up,65,1791212671711.1,20941,a
P01,S01,19,down,85,1791212671732.2,20942,u
P01,S01,19,down,83,1791212671811.7,20943,s
P01,S01,19,up,85,1791212671823.4,20942,u
P01,S01,19,up,83,1791212671898.3,20943,s
P01,S01,19,down,69,1791212672004.1,20944,e
P01,S01,19,up,69,1791212672103.6,20944,e
P01,S01,19,down,32,1791212672104.4,20945, 
P01,S01,19,up,32,1791212672240.5,20945, 
P01,S01,19,down,65,1791212672537,20946,a
P01,S01,19,up,65,1791212672644.9,20946,a
P01,S01,19,down,78,1791212672648.9,20947,n
P01,S01,19,up,78,1791212672773,20947,n
P01,S01,19,down,89,1791212673117.1,20948,y
P01,S01,19,up,89,1791212673217.1,20948,y
P01,S01,19,down,84,1791212673309.1,20949,t
P01,S01,19,down,72,1791212673392.4,20950,h
P01,S01,19,up,84,1791212673424.1,20949,t
P01,S01,19,up,72,1791212673472.3,20950,h
P01,S01,19,down,73,1791212673472.9,20951,i
P01,S01,19,down,78,1791212673600.6,20952,n
P01,S01,19,up,73,1791212673682.9,20951,i
P01,S01,19,up,78,1791212673761,20952,n
P01,S01,19,down,71,1791212673775.7,20953,g
P01,S01,19,up,71,1791212673883.1,20953,g
P01,S01,19,down,32,1791212673917.8,20954, 
P01,S01,19,up,32,1791212674034.1,20954, 
P01,S01,19,down,87,1791212674834.9,20955,w
P01,S01,19,down,73,1791212674906.5,20956,i
P01,S01,19,up,87,1791212674934.3,20955,w
P01,S01,19,up,73,1791212675023.1,20956,i
P01,S01,19,down,84,1791212675100.2,20957,t
P01,S01,19,down,72,1791212675143.4,20958,h
P01,S01,19,up,84,1791212675174.9,20957,t
P01,S01,19,up,72,1791212675207.4,20958,h
P01,S01,19,down,76,1791212675404,20959,l
P01,S01,19,up,76,1791212675523.9,20959,l
P01,S01,19,down,8,1791212675851,20960,Backspace
P01,S01,19,up,8,1791212675935.8,20960,Backspace
P01,S01,19,down,32,1791212675959.9,20961, 
P01,S01,19,up,32,1791212676049.3,20961, 
P01,S01,19,down,76,1791212676115.5,20962,l
P01,S01,19,down,89,1791212676252,20963,y
P01,S01,19,up,76,1791212676291.6,20962,l
P01,S01,19,down,82,1791212676375.6,20964,r
P01,S01,19,up,89,1791212676387.6,20963,y
P01,S01,19,down,73,1791212676503.7,20965,i
P01,S01,19,up,82,1791212676507.4,20964,r
P01,S01,19,down,67,1791212676635.8,20966,c
P01,S01,19,up,73,1791212676655.4,20965,i
P01,S01,19,up,67,1791212676716.3,20966,c
P01,S01,19,down,83,1791212676851.8,20967,s
P01,S01,19,up,83,1791212676965.5,20967,s
P01,S01,19,down,32,1791212676998.9,20968, 
P01,S01,19,up,32,1791212677108.9,20968, 
P01,S01,19,down,68,1791212677276.6,20969,d
P01,S01,19,down,73,1791212677324.2,20970,i
P01,S01,19,up,68,1791212677347.9,20969,d
P01,S01,19,up,73,1791212677428.2,20970,i
P01,S01,19,down,83,1791212677439.9,20971,s
P01,S01,19,up,83,1791212677498.1,20971,s
P01,S01,19,down,84,1791212677615.7,20972,t
P01,S01,19,up,84,1791212677686.7,20972,t
P01,S01,19,down,82,1791212677772.2,20973,r
P01,S01,19,up,82,1791212677865,20973,r
P01,S01,19,down,65,1791212677978,20974,a
P01,S01,19,up,65,1791212678017.8,20974,a
P01,S01,19,down,67,1791212678118.6,20975,c
P01,S01,19,up,67,1791212678170.9,20975,c
P01,S01,19,down,84,1791212678304.9,20976,t
P01,S01,19,up,84,1791212678372.5,20976,t
P01,S01,19,down,83,1791212678499,20977,s
P01,S01,19,down,32,1791212678536.6,20978, 
P01,S01,19,up,83,1791212678582.9,20977,s
P01,S01,19,down,77,1791212678632.2,20979,m
P01,S01,19,up,32,1791212678692.4,20978, 
P01,S01,19,up,77,1791212678757,20979,m
P01,S01,19,down,69,1791212678765.5,20980,e
P01,S01,19,down,32,1791212678840.4,20981, 
P01,S01,19,up,69,1791212678859.8,20980,e
P01,S01,19,up,32,1791212678956.2,20981, 
P01,S01,19,down,87,1791212678998.4,20982,w
P01,S01,19,down,72,1791212679054.4,20983,h
P01,S01,19,up,87,1791212679074,20982,w
P01,S01,19,up,72,1791212679158.8,20983,h
P01,S01,19,down,69,1791212679185.7,20984,e
P01,S01,19,up,69,1791212679273.6,20984,e
P01,S01,19,down,78,1791212679281.7,20985,n
P01,S01,19,up,78,1791212679385.7,20985,n
P01,S01,19,down,32,1791212679398.8,20986, 
P01,S01,19,up,32,1791212679466.1,20986, 
P01,S01,19,down,16,1791212679604.1,20987,Shift
P01,S01,19,down,73,1791212679655.8,20988,I
P01,S01,19,up,73,1791212679743.5,20988,I
P01,S01,19,down,32,1791212679787.7,20989, 
P01,S01,19,up,16,1791212679798.9,20987,Shift
P01,S01,19,up,32,1791212679883.9,20989, 
P01,S01,19,down,65,1791212679907.8,20990,a
P01,S01,19,up,65,1791212679983.7,20990,a
P01,S01,19,down,77,1791212680015.1,20991,m
P01,S01,19,down,32,1791212680098.7,20992, 
P01,S01,19,up,77,1791212680140.1,20991,m
P01,S01,19,up,32,1791212680149,20992, 
P01,S01,19,down,84,1791212680285.8,20993,t
P01,S01,19,up,84,1791212680357.7,20993,t
P01,S01,19,down,82,1791212680442.5,20994,r
P01,S01,19,down,89,1791212680474.3,20995,y
P01,S01,19,up,82,1791212680548.6,20994,r
P01,S01,19,down,73,1791212680594.8,20996,i
P01,S01,19,up,89,1791212680614.4,20995,y
P01,S01,19,down,78,1791212680706.4,20997,n
P01,S01,19,up,73,1791212680774.3,20996,i
P01,S01,19,down,71,1791212680818.8,20998,g
P01,S01,19,up,78,1791212680842.3,20997,n
P01,S01,19,up,71,1791212680934.7,20998,g
P01,S01,19,down,32,1791212680948.8,20999, 
P01,S01,19,up,32,1791212681039,20999, 
P01,S01,19,down,84,1791212681065.4,21000,t
P01,S01,19,down,79,1791212681149.8,21001,o
P01,S01,19,up,84,1791212681153,21000,t
P01,S01,19,up,79,1791212681250.1,21001,o
P01,S01,19,down,32,1791212681283,21002, 
P01,S01,19,up,32,1791212681350.7,21002, 
P01,S01,19,down,70,1791212681466.8,21003,f
P01,S01,19,down,79,1791212681538.3,21004,o
P01,S01,19,up,70,1791212681554.1,21003,f
P01,S01,19,up,79,1791212681642.3,21004,o
P01,S01,19,down,67,1791212681654.2,21005,c
P01,S01,19,down,85,1791212681718.8,21006,u
P01,S01,19,up,67,1791212681750.6,21005,c
P01,S01,19,up,85,1791212681822.7,21006,u
P01,S01,19,down,83,1791212681865.9,21007,s
P01,S01,19,down,32,1791212681909.3,21008, 
P01,S01,19,up,83,1791212681953.1,21007,s
P01,S01,19,down,79,1791212682021.6,21009,o
P01,S01,19,up,32,1791212682022.6,21008, 
P01,S01,19,down,78,1791212682121.4,21010,n
P01,S01,19,up,79,1791212682181.9,21009,o
P01,S01,19,down,32,1791212682193.3,21011, 
P01,S01,19,up,78,1791212682248.9,21010,n
P01,S01,19,up,32,1791212682269.6,21011, 
P01,S01,19,down,67,1791212682388.2,21012,c
P01,S01,19,down,79,1791212682467.4,21013,o
P01,S01,19,up,67,1791212682491.4,21012,c
P01,S01,19,up,79,1791212682592,21013,o
P01,S01,19,down,68,1791212682624.6,21014,d
P01,S01,19,down,73,1791212682732.2,21015,i
P01,S01,19,up,68,1791212682748.3,21014,d
P01,S01,19,down,78,1791212682833,21016,n
P01,S01,19,up,73,1791212682892.4,21015,i
P01,S01,19,up,78,1791212682984.3,21016,n
P01,S01,19,down,71,1791212683015.1,21017,g
P01,S01,19,down,32,1791212683115.9,21018, 
P01,S01,19,up,71,1791212683127.2,21017,g
P01,S01,19,down,79,1791212683267.5,21019,o
P01,S01,19,up,32,1791212683281.6,21018, 
P01,S01,19,up,79,1791212683432.4,21019,o
P01,S01,19,down,82,1791212683459.2,21020,r
P01,S01,19,up,82,1791212683565.4,21020,r
P01,S01,19,down,32,1791212683567.8,21021, 
P01,S01,19,up,32,1791212683671.6,21021, 
P01,S01,19,down,82,1791212683691.7,21022,r
P01,S01,19,up,82,1791212683799.7,21022,r
P01,S01,19,down,69,1791212683902.6,21023,e
P01,S01,19,up,69,1791212683974.6,21023,e
P01,S01,19,down,65,1791212684087.8,21024,a
P01,S01,19,up,65,1791212684175.3,21024,a
P01,S01,19,down,68,1791212685082.2,21025,d
P01,S01,19,down,73,1791212685149.5,21026,i
P01,S01,19,up,68,1791212685185.7,21025,d
P01,S01,19,down,78,1791212685221.3,21027,n
P01,S01,19,up,73,1791212685273.1,21026,i
P01,S01,19,down,71,1791212685341.5,21028,g
P01,S01,19,up,78,1791212685342.2,21027,n
P01,S01,19,up,71,1791212685448.9,21028,g
P01,S01,19,down,32,1791212685449.6,21029, 
P01,S01,19,up,32,1791212685557.5,21029, 
P01,S01,19,down,83,1791212685632.3,21030,s
P01,S01,19,up,83,1791212685705.5,21030,s
P01,S01,19,down,80,1791212685732.3,21031,p
P01,S01,19,down,69,1791212685822.3,21032,e
P01,S01,19,up,80,1791212685849.8,21031,p
P01,S01,19,up,69,1791212685870.3,21032,e
P01,S01,19,down,67,1791212685987.8,21033,c
P01,S01,19,up,67,1791212686065.7,21033,c
P01,S01,19,down,73,1791212686075.1,21034,i
P01,S01,19,up,73,1791212686187.8,21034,i
P01,S01,19,down,8,1791212686606,21035,Backspace
P01,S01,19,up,8,1791212686666.3,21035,Backspace
P01,S01,19,down,8,1791212686777.5,21036,Backspace
P01,S01,19,up,8,1791212686866.1,21036,Backspace
P01,S01,19,down,8,1791212686971.9,21037,Backspace
P01,S01,19,up,8,1791212687049.3,21037,Backspace
P01,S01,19,down,8,1791212687166,21038,Backspace
P01,S01,19,up,8,1791212687248.2,21038,Backspace
P01,S01,19,down,67,1791212687351.6,21039,c
P01,S01,19,up,67,1791212687432,21039,c
P01,S01,19,down,73,1791212687443.6,21040,i
P01,S01,19,up,73,1791212687527.5,21040,i
P01,S01,19,down,69,1791212687548.6,21041,e
P01,S01,19,up,69,1791212687619.5,21041,e
P01,S01,19,down,78,1791212687620.2,21042,n
P01,S01,19,up,78,1791212687723.7,21042,n
P01,S01,19,down,84,1791212687738.3,21043,t
P01,S01,19,down,73,1791212687799.5,21044,i
P01,S01,19,up,84,1791212687821.9,21043,t
P01,S01,19,up,73,1791212687874.4,21044,i
P01,S01,19,down,70,1791212687915.1,21045,f
P01,S01,19,down,73,1791212687985.6,21046,i
P01,S01,19,up,70,1791212688001.1,21045,f
P01,S01,19,up,73,1791212688065.8,21046,i
P01,S01,19,down,67,1791212688102.6,21047,c
P01,S01,19,down,32,1791212688165.8,21048, 
P01,S01,19,up,67,1791212688182.4,21047,c
P01,S01,19,down,80,1791212688242.3,21049,p
P01,S01,19,up,32,1791212688293.8,21048, 
P01,S01,19,down,65,1791212688357.7,21050,a
P01,S01,19,up,80,1791212688361.5,21049,p
P01,S01,19,down,80,1791212688454.7,21051,p
P01,S01,19,up,65,1791212688470.4,21050,a
P01,S01,19,up,80,1791212688586.9,21051,p
P01,S01,19,down,69,1791212688716.7,21052,e
P01,S01,19,up,69,1791212688816,21052,e
P01,S01,19,down,82,1791212688905.9,21053,r
P01,S01,19,up,82,1791212688999.3,21053,r
P01,S01,19,down,83,1791212689110.6,21054,s
P01,S01,19,up,83,1791212689158,21054,s
P01,S01,19,down,190,1791212689166.3,21055,.
P01,S01,19,up,190,1791212689270.3,21055,.
P01,S01,19,down,32,1791212689278.2,21056, 
P01,S01,19,up,32,1791212689351.1,21056, 
P01,S01,19,down,16,1791212689486.9,21057,Shift
P01,S01,19,down,76,1791212689550.6,21058,L
P01,S01,19,up,16,1791212689649,21057,Shift
P01,S01,19,up,76,1791212689702.8,21058,L
P01,S01,19,down,69,1791212689772.7,21059,e
P01,S01,19,up,69,1791212689876.6,21059,e
P01,S01,19,down,84,1791212689999.8,21060,t
P01,S01,19,down,32,1791212690065.9,21061, 
P01,S01,19,up,84,1791212690082.6,21060,t
P01,S01,19,up,32,1791212690135.8,21061, 
P01,S01,19,down,77,1791212690282.9,21062,m
P01,S01,19,down,69,1791212690366.2,21063,e
P01,S01,19,up,77,1791212690377.6,21062,m
P01,S01,19,up,69,1791212690410.4,21063,e
P01,S01,19,down,32,1791212690544.3,21064, 
P01,S01,19,down,75,1791212690587.9,21065,k
P01,S01,19,up,32,1791212690628.3,21064, 
P01,S01,19,down,78,1791212690715.5,21066,n
P01,S01,19,up,75,1791212690751,21065,k
P01,S01,19,down,79,1791212690841.7,21067,o
P01,S01,19,up,78,1791212690891.7,21066,n
P01,S01,19,down,87,1791212690936.5,21068,w
P01,S01,19,up,87,1791212690975.7,21068,w
P01,S01,19,up,79,1791212690982.7,21067,o
P01,S01,19,down,32,1791212691125.5,21069, 
P01,S01,19,up,32,1791212691189.4,21069, 
P01,S01,19,down,73,1791212692532.3,21070,i
P01,S01,19,up,73,1791212692652.6,21070,i
P01,S01,19,down,70,1791212692732.6,21071,f
P01,S01,19,down,32,1791212692771.9,21072, 
P01,S01,19,up,70,1791212692824.1,21071,f
P01,S01,19,up,32,1791212692884.7,21072, 
P01,S01,19,down,89,1791212692965.8,21073,y
P01,S01,19,up,89,1791212693089.3,21073,y
P01,S01,19,down,79,1791212693093,21074,o
P01,S01,19,down,85,1791212693261.8,21075,u
P01,S01,19,up,79,1791212693281.1,21074,o
P01,S01,19,down,32,1791212693315.7,21076, 
P01,S01,19,up,85,1791212693366.4,21075,u
P01,S01,19,up,32,1791212693393.5,21076, 
P01,S01,19,down,72,1791212693641.7,21077,h
P01,S01,19,up,72,1791212693754.2,21077,h
P01,S01,19,down,65,1791212693758,21078,a
P01,S01,19,up,65,1791212693849.8,21078,a
P01,S01,19,down,86,1791212693876.2,21079,v
P01,S01,19,up,86,1791212693908.1,21079,v
P01,S01,19,down,69,1791212694882.6,21080,e
P01,S01,19,down,32,1791212694965.7,21081, 
P01,S01,19,up,69,1791212694966.3,21080,e
P01,S01,19,up,32,1791212695054.4,21081, 
P01,S01,19,down,65,1791212695137.2,21082,a
P01,S01,19,up,65,1791212695193.2,21082,a
P01,S01,19,down,78,1791212695204.9,21083,n
P01,S01,19,down,89,1791212695377.2,21084,y
P01,S01,19,up,78,1791212695400.9,21083,n
P01,S01,19,up,89,1791212695482.6,21084,y
P01,S01,19,down,89,1791212695568.4,21085,y
P01,S01,19,up,89,1791212695632.9,21085,y
P01,S01,19,down,8,1791212695956.1,21086,Backspace
P01,S01,19,up,8,1791212696056.5,21086,Backspace
P01,S01,19,down,32,1791212696153.4,21087, 
P01,S01,19,up,32,1791212696225.6,21087, 
P01,S01,19,down,71,1791212696385.6,21088,g
P01,S01,19,down,79,1791212696433.7,21089,o
P01,S01,19,up,71,1791212696467.8,21088,g
P01,S01,19,up,79,1791212696493,21089,o
P01,S01,19,down,79,1791212696648.3,21090,o
P01,S01,19,up,79,1791212696740.6,21090,o
P01,S01,19,down,68,1791212696835.4,21091,d
P01,S01,19,up,68,1791212696915.9,21091,d
P01,S01,19,down,32,1791212696941.1,21092, 
P01,S01,19,up,32,1791212697069,21092, 
P01,S01,19,down,80,1791212697339.5,21093,p
P01,S01,19,up,80,1791212697367.6,21093,p
P01,S01,19,down,76,1791212697784.5,21094,l
P01,S01,19,up,76,1791212697920.7,21094,l
P01,S01,19,down,65,1791212697949.8,21095,a
P01,S01,19,up,65,1791212698085.3,21095,a
P01,S01,19,down,89,1791212698115.2,21096,y
P01,S01,19,up,89,1791212698223.5,21096,y
P01,S01,19,down,76,1791212698323.7,21097,l
P01,S01,19,up,76,1791212698591.9,21097,l
P01,S01,19,down,73,1791212698877.6,21098,i
P01,S01,19,down,83,1791212698973.2,21099,s
P01,S01,19,up,73,1791212699001.3,21098,i
P01,S01,19,up,83,1791212699037.2,21099,s
P01,S01,19,down,84,1791212699183.3,21100,t
P01,S01,19,up,84,1791212699258.9,21100,t
P01,S01,19,down,83,1791212699406.7,21101,s
P01,S01,19,up,83,1791212699466.1,21101,s
P01,S01,19,down,32,1791212699482,21102, 
P01,S01,19,up,32,1791212699575.3,21102, 
P01,S01,19,down,79,1791212699658.3,21103,o
P01,S01,19,up,79,1791212699765.7,21103,o
P01,S01,19,down,82,1791212699774.1,21104,r
P01,S01,19,up,82,1791212699882.9,21104,r
P01,S01,19,down,32,1791212699898.8,21105, 
P01,S01,19,up,32,1791212699990.3,21105, 
P01,S01,19,down,65,1791212700032.3,21106,a
P01,S01,19,up,65,1791212700084.4,21106,a
P01,S01,19,down,82,1791212700226.8,21107,r
P01,S01,19,up,82,1791212700310.5,21107,r
P01,S01,19,down,84,1791212700392.3,21108,t
P01,S01,19,up,84,1791212700476.6,21108,t
P01,S01,19,down,73,1791212700500.8,21109,i
P01,S01,19,up,73,1791212700621,21109,i
P01,S01,19,down,83,1791212700732.6,21110,s
P01,S01,19,up,83,1791212700788.2,21110,s
P01,S01,19,down,84,1791212700918.4,21111,t
P01,S01,19,up,84,1791212700982.3,21111,t
P01,S01,19,down,83,1791212701100.5,21112,s
P01,S01,19,down,32,1791212701131.7,21113, 
P01,S01,19,up,83,1791212701155.8,21112,s
P01,S01,19,up,32,1791212701232.2,21113, 
P01,S01,19,down,73,1791212701252.9,21114,i
P01,S01,19,down,78,1791212701325,21115,n
P01,S01,19,up,73,1791212701381.8,21114,i
P01,S01,19,up,78,1791212701404.7,21115,n
P01,S01,19,down,32,1791212701408.6,21116, 
P01,S01,19,up,32,1791212701473.2,21116, 
P01,S01,19,down,77,1791212701525.3,21117,m
P01,S01,19,down,73,1791212701605,21118,i
P01,S01,19,up,77,1791212701632.9,21117,m
P01,S01,19,down,78,1791212701698.7,21119,n
P01,S01,19,up,73,1791212701769.1,21118,i
P01,S01,19,down,68,1791212701809.2,21120,d
P01,S01,19,up,78,1791212701820.9,21119,n
P01,S01,19,up,68,1791212701869,21120,d
P01,S01,19,down,13,1791212701923.1,21121,Enter
P01,S01,19,up,13,1791212702027.2,21121,Enter
