participant_id,session_id,sample_id,event,key_code,timestamp_ms,press_id,key
P01,S02,1,down,16,1791364865677.8,10001,Shift
P01,S02,1,down,65,1791364865860.6,10002,A
P01,S02,1,up,16,1791364865907.1,10001,Shift
P01,S02,1,down,75,1791364866011.8,10003,k
P01,S02,1,up,65,1791364866012.8,10002,A
P01,S02,1,up,75,1791364866058.3,10003,k
P01,S02,1,down,8,1791364866404.6,10004,Backspace
P01,S02,1,up,8,1791364866475.5,10004,Backspace
P01,S02,1,down,76,1791364866884.2,10005,l
P01,S02,1,up,76,1791364866949.7,10005,l
P01,S02,1,down,82,1791364867232.5,10006,r
P01,S02,1,up,82,1791364867359.4,10006,r
P01,S02,1,down,73,1791364867484.9,10007,i
P01,S02,1,up,73,1791364867579.7,10007,i
P01,S02,1,down,71,1791364867720.9,10008,g
P01,S02,1,up,71,1791364867759.8,10008,g
P01,S02,1,down,84,1791364868073.2,10009,t
P01,S02,1,up,84,1791364868144.3,10009,t
P01,S02,1,down,32,1791364868232.7,10010, 
P01,S02,1,up,32,1791364868351.5,10010, 
P01,S02,1,down,8,1791364868568.2,10011,Backspace
P01,S02,1,up,8,1791364868648.7,10011,Backspace
P01,S02,1,down,8,1791364868900.1,10012,Backspace
P01,S02,1,up,8,1791364868970.6,10012,Backspace
P01,S02,1,down,8,1791364869085.1,10013,Backspace
P01,S02,1,up,8,1791364869139.6,10013,Backspace
P01,S02,1,down,71,1791364869793.6,10014,g
P01,S02,1,up,71,1791364869872.4,10014,g
P01,S02,1,down,72,1791364869954.7,10015,h
P01,S02,1,up,72,1791364870050.1,10015,h
P01,S02,1,down,84,1791364870128.2,10016,t
P01,S02,1,up,84,1791364870191.4,10016,t
P01,S02,1,down,188,1791364870347.8,10017,","
P01,S02,1,up,188,1791364870458.3,10017,","
P01,S02,1,down,32,1791364870544.7,10018, 
P01,S02,1,up,32,1791364870623.4,10018, 
P01,S02,1,down,72,1791364870864.9,10019,h
P01,S02,1,up,72,1791364870935.9,10019,h
P01,S02,1,down,79,1791364871075.3,10020,o
P01,S02,1,up,79,1791364871154.2,10020,o
P01,S02,1,down,87,1791364871193.2,10021,w
P01,S02,1,up,87,1791364871312.1,10021,w
P01,S02,1,down,32,1791364871330,10022, 
P01,S02,1,up,32,1791364871386.2,10022, 
P01,S02,1,down,72,1791364871710.9,10023,h
P01,S02,1,up,72,1791364871822.7,10023,h
P01,S02,1,down,65,1791364871866,10024,a
P01,S02,1,up,65,1791364871938,10024,a
P01,S02,1,down,83,1791364872019.9,10025,s
P01,S02,1,down,32,1791364872094,10026, 
P01,S02,1,up,83,1791364872130.1,10025,s
P01,S02,1,up,32,1791364872171.8,10026, 
P01,S02,1,down,89,1791364872282.1,10027,y
P01,S02,1,up,89,1791364872345.6,10027,y
P01,S02,1,down,79,1791364872480.5,10028,o
P01,S02,1,up,79,1791364872560.6,10028,o
P01,S02,1,down,85,1791364872674.9,10029,u
P01,S02,1,up,85,1791364872746.3,10029,u
P01,S02,1,down,82,1791364872770.5,10030,r
P01,S02,1,up,82,1791364872858.2,10030,r
P01,S02,1,down,32,1791364872884.6,10031, 
P01,S02,1,up,32,1791364872964,10031, 
P01,S02,1,down,68,1791364873030.1,10032,d
P01,S02,1,up,68,1791364873117.4,10032,d
P01,S02,1,down,65,1791364873233.8,10033,a
P01,S02,1,down,89,1791364873346.5,10034,y
P01,S02,1,up,65,1791364873350.5,10033,a
P01,S02,1,up,89,1791364873408.7,10034,y
P01,S02,1,down,32,1791364873490.6,10035, 
P01,S02,1,up,32,1791364873569.1,10035, 
P01,S02,1,down,66,1791364873669.6,10036,b
P01,S02,1,up,66,1791364873731.9,10036,b
P01,S02,1,down,69,1791364874196,10037,e
P01,S02,1,up,69,1791364874236.3,10037,e
P01,S02,1,down,69,1791364874367.2,10038,e
P01,S02,1,up,69,1791364874455.4,10038,e
P01,S02,1,down,78,1791364874481.1,10039,n
P01,S02,1,up,78,1791364874543.8,10039,n
P01,S02,1,down,16,1791364874643.8,10040,Shift
P01,S02,1,down,219,1791364874956.7,10041,?
P01,S02,1,up,219,1791364875035.6,10041,?
P01,S02,1,up,16,1791364875127.4,10040,Shift
P01,S02,1,down,13,1791364875146.5,10042,Enter
P01,S02,1,up,13,1791364875226.6,10042,Enter
P01,S02,2,down,16,1791364884802.8,10043,Shift
P01,S02,2,down,73,1791364885019.4,10044,I
P01,S02,2,up,73,1791364885098.8,10044,I
P01,S02,2,up,16,1791364885126.1,10043,Shift
P01,S02,2,down,32,1791364885215.2,10045, 
P01,S02,2,up,32,1791364885277.5,10045, 
P01,S02,2,down,85,1791364885392.6,10046,u
P01,S02,2,up,85,1791364885448.6,10046,u
P01,S02,2,down,78,1791364885552.1,10047,n
P01,S02,2,up,78,1791364885632.4,10047,n
P01,S02,2,down,68,1791364885710.1,10048,d
P01,S02,2,up,68,1791364885777.9,10048,d
P01,S02,2,down,69,1791364885887.6,10049,e
P01,S02,2,up,69,1791364885958.9,10049,e
P01,S02,2,down,82,1791364886065.1,10050,r
P01,S02,2,up,82,1791364886119.5,10050,r
P01,S02,2,down,83,1791364886236.3,10051,s
P01,S02,2,up,83,1791364886332.1,10051,s
P01,S02,2,down,84,1791364886347.5,10052,t
P01,S02,2,up,84,1791364886410.1,10052,t
P01,S02,2,down,65,1791364886454.8,10053,a
P01,S02,2,up,65,1791364886542.1,10053,a
P01,S02,2,down,78,1791364886575.7,10054,n
P01,S02,2,up,78,1791364886639.1,10054,n
P01,S02,2,down,68,1791364886694.3,10055,d
P01,S02,2,down,32,1791364886756.7,10056, 
P01,S02,2,up,68,1791364886759,10055,d
P01,S02,2,up,32,1791364886848.7,10056, 
P01,S02,2,down,89,1791364886971.4,10057,y
P01,S02,2,up,89,1791364887013.9,10057,y
P01,S02,2,down,80,1791364887400.5,10058,p
P01,S02,2,up,80,1791364887439.7,10058,p
P01,S02,2,down,80,1791364887731.9,10059,p
P01,S02,2,up,80,1791364887786.6,10059,p
P01,S02,2,down,8,1791364888178.8,10060,Backspace
P01,S02,2,up,8,1791364888273.7,10060,Backspace
P01,S02,2,down,8,1791364888450.2,10061,Backspace
P01,S02,2,up,8,1791364888546.4,10061,Backspace
P01,S02,2,down,79,1791364888903.2,10062,o
P01,S02,2,up,79,1791364888974.5,10062,o
P01,S02,2,down,85,1791364889101,10063,u
P01,S02,2,up,85,1791364889141.7,10063,u
P01,S02,2,down,219,1791364889597,10064,'
P01,S02,2,up,219,1791364889668.4,10064,'
P01,S02,2,down,82,1791364889856.5,10065,r
P01,S02,2,up,82,1791364889928.4,10065,r
P01,S02,2,down,69,1791364890037.6,10066,e
P01,S02,2,down,32,1791364890095.2,10067, 
P01,S02,2,up,69,1791364890131.6,10066,e
P01,S02,2,up,32,1791364890173.6,10067, 
P01,S02,2,down,66,1791364890270.2,10068,b
P01,S02,2,up,66,1791364890325.6,10068,b
P01,S02,2,down,65,1791364890356.2,10069,a
P01,S02,2,up,65,1791364890434.6,10069,a
P01,S02,2,down,83,1791364890529.6,10070,s
P01,S02,2,up,83,1791364890637,10070,s
P01,S02,2,down,73,1791364890654.4,10071,i
P01,S02,2,up,73,1791364890709.7,10071,i
P01,S02,2,down,67,1791364891184.4,10072,c
P01,S02,2,up,67,1791364891255.5,10072,c
P01,S02,2,down,65,1791364891391.4,10073,a
P01,S02,2,up,65,1791364891486.1,10073,a
P01,S02,2,down,76,1791364891620,10074,l
P01,S02,2,up,76,1791364891675.3,10074,l
P01,S02,2,down,76,1791364891761.4,10075,l
P01,S02,2,up,76,1791364891839.7,10075,l
P01,S02,2,down,89,1791364891970.4,10076,y
P01,S02,2,up,89,1791364892025.8,10076,y
P01,S02,2,down,32,1791364892120.7,10077, 
P01,S02,2,up,32,1791364892207.8,10077, 
P01,S02,2,down,65,1791364892276.9,10078,a
P01,S02,2,up,65,1791364892387.7,10078,a
P01,S02,2,down,32,1791364892451.8,10079, 
P01,S02,2,up,32,1791364892514.8,10079, 
P01,S02,2,down,66,1791364892630,10080,b
P01,S02,2,up,66,1791364892692.7,10080,b
P01,S02,2,down,85,1791364892798.4,10081,u
P01,S02,2,up,85,1791364892861.5,10081,u
P01,S02,2,down,78,1791364892958.6,10082,n
P01,S02,2,up,78,1791364893037.7,10082,n
P01,S02,2,down,67,1791364893065.1,10083,c
P01,S02,2,up,67,1791364893136.6,10083,c
P01,S02,2,down,72,1791364893161.1,10084,h
P01,S02,2,up,72,1791364893239.8,10084,h
P01,S02,2,down,65,1791364893298.5,10085,a
P01,S02,2,up,65,1791364893417.4,10085,a
P01,S02,2,down,32,1791364893490.4,10086, 
P01,S02,2,up,32,1791364893561.3,10086, 
P01,S02,2,down,8,1791364893714.4,10087,Backspace
P01,S02,2,up,8,1791364893785.7,10087,Backspace
P01,S02,2,down,8,1791364893868.1,10088,Backspace
P01,S02,2,up,8,1791364893930.1,10088,Backspace
P01,S02,2,down,32,1791364894066.2,10089, 
P01,S02,2,up,32,1791364894129.9,10089, 
P01,S02,2,down,79,1791364894262.1,10090,o
P01,S02,2,up,79,1791364894329.8,10090,o
P01,S02,2,down,70,1791364894330.5,10091,f
P01,S02,2,up,70,1791364894407.3,10091,f
P01,S02,2,down,32,1791364894442.1,10092, 
P01,S02,2,up,32,1791364894513.1,10092, 
P01,S02,2,down,67,1791364894781.2,10093,c
P01,S02,2,up,67,1791364894868.5,10093,c
P01,S02,2,down,79,1791364894920.6,10094,o
P01,S02,2,up,79,1791364894983.8,10094,o
P01,S02,2,down,68,1791364895043.7,10095,d
P01,S02,2,up,68,1791364895168.4,10095,d
P01,S02,2,down,69,1791364895315.2,10096,e
P01,S02,2,up,69,1791364895410.9,10096,e
P01,S02,2,down,188,1791364895431.5,10097,","
P01,S02,2,up,188,1791364895528.2,10097,","
P01,S02,2,down,32,1791364895600.4,10098, 
P01,S02,2,up,32,1791364895679.8,10098, 
P01,S02,2,down,66,1791364895994.1,10099,b
P01,S02,2,up,66,1791364896081.7,10099,b
P01,S02,2,down,85,1791364896270.9,10100,u
P01,S02,2,up,85,1791364896351.3,10100,u
P01,S02,2,down,84,1791364896470.3,10101,t
P01,S02,2,up,84,1791364896525.2,10101,t
P01,S02,2,down,32,1791364896625.8,10102, 
P01,S02,2,up,32,1791364896689.7,10102, 
P01,S02,2,down,16,1791364896763.5,10103,Shift
P01,S02,2,down,73,1791364896885.1,10104,I
P01,S02,2,up,73,1791364896948.5,10104,I
P01,S02,2,up,16,1791364896968.3,10103,Shift
P01,S02,2,down,32,1791364897082.8,10105, 
P01,S02,2,up,32,1791364897153.9,10105, 
P01,S02,2,down,87,1791364897242.6,10106,w
P01,S02,2,up,87,1791364897361.4,10106,w
P01,S02,2,down,79,1791364897407.6,10107,o
P01,S02,2,up,79,1791364897494.8,10107,o
P01,S02,2,down,85,1791364897608.5,10108,u
P01,S02,2,up,85,1791364897663.1,10108,u
P01,S02,2,down,76,1791364897810.8,10109,l
P01,S02,2,up,76,1791364897871.9,10109,l
P01,S02,2,down,68,1791364897915.2,10110,d
P01,S02,2,down,32,1791364898028.1,10111, 
P01,S02,2,up,68,1791364898029.1,10110,d
P01,S02,2,up,32,1791364898074.7,10111, 
P01,S02,2,down,76,1791364898533.8,10112,l
P01,S02,2,up,76,1791364898620.2,10112,l
P01,S02,2,down,73,1791364898731.8,10113,i
P01,S02,2,up,73,1791364898787.1,10113,i
P01,S02,2,down,75,1791364898890.1,10114,k
P01,S02,2,up,75,1791364898977.1,10114,k
P01,S02,2,down,69,1791364899023.3,10115,e
P01,S02,2,down,32,1791364899065,10116, 
P01,S02,2,up,69,1791364899124.9,10115,e
P01,S02,2,up,32,1791364899142.9,10116, 
P01,S02,2,down,84,1791364899268.2,10117,t
P01,S02,2,up,84,1791364899323.2,10117,t
P01,S02,2,down,79,1791364899487.1,10118,o
P01,S02,2,up,79,1791364899542.4,10118,o
P01,S02,2,down,32,1791364899696.4,10119, 
P01,S02,2,up,32,1791364899775.3,10119, 
P01,S02,2,down,75,1791364900425.9,10120,k
P01,S02,2,up,75,1791364900505.4,10120,k
P01,S02,2,down,78,1791364900630.4,10121,n
P01,S02,2,up,78,1791364900702.3,10121,n
P01,S02,2,down,79,1791364900822.1,10122,o
P01,S02,2,up,79,1791364900917.3,10122,o
P01,S02,2,down,87,1791364900989.9,10123,w
P01,S02,2,up,87,1791364901108.6,10123,w
P01,S02,2,down,32,1791364904622.4,10124, 
P01,S02,2,up,32,1791364904678,10124, 
P01,S02,2,down,68,1791364904823.3,10125,d
P01,S02,2,up,68,1791364904918.6,10125,d
P01,S02,2,down,79,1791364904939.7,10126,o
P01,S02,2,up,79,1791364905019.3,10126,o
P01,S02,2,down,32,1791364905153.7,10127, 
P01,S02,2,up,32,1791364905208.8,10127, 
P01,S02,2,down,8,1791364908834.2,10128,Backspace
P01,S02,2,up,8,1791364908905.1,10128,Backspace
P01,S02,2,down,8,1791364909022.2,10129,Backspace
P01,S02,2,up,8,1791364909077.7,10129,Backspace
P01,S02,2,down,8,1791364909202.5,10130,Backspace
P01,S02,2,up,8,1791364909257.5,10130,Backspace
P01,S02,2,down,87,1791364909714,10131,w
P01,S02,2,up,87,1791364909832.3,10131,w
P01,S02,2,down,72,1791364909895.1,10132,h
P01,S02,2,up,72,1791364909974,10132,h
P01,S02,2,down,69,1791364910071.8,10133,e
P01,S02,2,up,69,1791364910158.7,10133,e
P01,S02,2,down,82,1791364910261.8,10134,r
P01,S02,2,up,82,1791364910325.1,10134,r
P01,S02,2,down,69,1791364910429.5,10135,e
P01,S02,2,up,69,1791364910516.2,10135,e
P01,S02,2,down,32,1791364910543.2,10136, 
P01,S02,2,up,32,1791364910598.9,10136, 
P01,S02,2,down,65,1791364910677.2,10137,a
P01,S02,2,up,65,1791364910796.2,10137,a
P01,S02,2,down,82,1791364910914.5,10138,r
P01,S02,2,up,82,1791364910980.6,10138,r
P01,S02,2,down,69,1791364911088.3,10139,e
P01,S02,2,down,32,1791364911164.7,10140, 
P01,S02,2,up,69,1791364911191.9,10139,e
P01,S02,2,up,32,1791364911225.5,10140, 
P01,S02,2,down,89,1791364911354.6,10141,y
P01,S02,2,up,89,1791364911411.1,10141,y
P01,S02,2,down,79,1791364911563.2,10142,o
P01,S02,2,up,79,1791364911650.2,10142,o
P01,S02,2,down,85,1791364911766.8,10143,u
P01,S02,2,up,85,1791364911829.9,10143,u
P01,S02,2,down,82,1791364911880.4,10144,r
P01,S02,2,down,32,1791364911969.7,10145, 
P01,S02,2,up,82,1791364911972.2,10144,r
P01,S02,2,up,32,1791364912045.8,10145, 
P01,S02,2,down,83,1791364912114.7,10146,s
P01,S02,2,up,83,1791364912200.9,10146,s
P01,S02,2,down,69,1791364912379.4,10147,e
P01,S02,2,up,69,1791364912490.8,10147,e
P01,S02,2,down,82,1791364912786.7,10148,r
P01,S02,2,up,82,1791364912913.7,10148,r
P01,S02,2,down,86,1791364913013.6,10149,v
P01,S02,2,up,86,1791364913062.7,10149,v
P01,S02,2,down,69,1791364913113.9,10150,e
P01,S02,2,up,69,1791364913209.7,10150,e
P01,S02,2,down,82,1791364913299.8,10151,r
P01,S02,2,up,82,1791364913379.1,10151,r
P01,S02,2,down,83,1791364913499.1,10152,s
P01,S02,2,up,83,1791364913603.4,10152,s
P01,S02,2,down,32,1791364913624.7,10153, 
P01,S02,2,up,32,1791364913696.1,10153, 
P01,S02,2,down,76,1791364913856.3,10154,l
P01,S02,2,up,76,1791364913927,10154,l
P01,S02,2,down,79,1791364914027.3,10155,o
P01,S02,2,up,79,1791364914103.8,10155,o
P01,S02,2,down,67,1791364914230.3,10156,c
P01,S02,2,up,67,1791364914294.1,10156,c
P01,S02,2,down,65,1791364914334.3,10157,a
P01,S02,2,down,84,1791364914437.4,10158,t
P01,S02,2,up,65,1791364914439.8,10157,a
P01,S02,2,up,84,1791364914506.1,10158,t
P01,S02,2,down,69,1791364914572.1,10159,e
P01,S02,2,up,69,1791364914652.5,10159,e
P01,S02,2,down,68,1791364914740.9,10160,d
P01,S02,2,up,68,1791364914834.7,10160,d
P01,S02,2,down,16,1791364914960.1,10161,Shift
P01,S02,2,down,219,1791364915067.2,10162,?
P01,S02,2,up,219,1791364915113.7,10162,?
P01,S02,2,up,16,1791364915195.8,10161,Shift
P01,S02,2,down,32,1791364915319.8,10163, 
P01,S02,2,up,32,1791364915383.2,10163, 
P01,S02,2,down,16,1791364915473.8,10164,Shift
P01,S02,2,up,16,1791364916109.9,10164,Shift
P01,S02,2,down,13,1791364916457.8,10165,Enter
P01,S02,2,up,13,1791364916496.8,10165,Enter
P01,S02,3,down,16,1791364943043.3,10166,Shift
P01,S02,3,down,87,1791364943726.9,10167,W
P01,S02,3,up,87,1791364943877.6,10167,W
P01,S02,3,up,16,1791364943900.3,10166,Shift
P01,S02,3,down,72,1791364944294,10168,h
P01,S02,3,up,72,1791364944413.2,10168,h
P01,S02,3,down,78,1791364944541.2,10169,n
P01,S02,3,up,78,1791364944644.9,10169,n
P01,S02,3,down,69,1791364944681.2,10170,e
P01,S02,3,down,32,1791364944791.4,10171, 
P01,S02,3,up,69,1791364944793.6,10170,e
P01,S02,3,up,32,1791364944856.4,10171, 
P01,S02,3,down,32,1791364945196.1,10172, 
P01,S02,3,up,32,1791364945307.1,10172, 
P01,S02,3,down,89,1791364945895,10173,y
P01,S02,3,up,89,1791364945982.8,10173,y
P01,S02,3,down,79,1791364946151,10174,o
P01,S02,3,up,79,1791364946254.6,10174,o
P01,S02,3,down,85,1791364946366.7,10175,u
P01,S02,3,up,85,1791364946405.3,10175,u
P01,S02,3,down,219,1791364946601.4,10176,'
P01,S02,3,up,219,1791364946695.2,10176,'
P01,S02,3,down,82,1791364946780.1,10177,r
P01,S02,3,up,82,1791364946851.3,10177,r
P01,S02,3,down,69,1791364946964.5,10178,e
P01,S02,3,down,32,1791364947032.7,10179, 
P01,S02,3,up,69,1791364947066.5,10178,e
P01,S02,3,up,32,1791364947108.1,10179, 
P01,S02,3,down,84,1791364947243.4,10180,t
P01,S02,3,up,84,1791364947298.5,10180,t
P01,S02,3,down,65,1791364947351.2,10181,a
P01,S02,3,up,65,1791364947454.4,10181,a
P01,S02,3,down,76,1791364947536.9,10182,l
P01,S02,3,up,76,1791364947639.9,10182,l
P01,S02,3,down,75,1791364948058.8,10183,k
P01,S02,3,up,75,1791364948130.4,10183,k
P01,S02,3,down,73,1791364948240.2,10184,i
P01,S02,3,up,73,1791364948303.3,10184,i
P01,S02,3,down,78,1791364948401.1,10185,n
P01,S02,3,up,78,1791364948480.8,10185,n
P01,S02,3,down,71,1791364948582.6,10186,g
P01,S02,3,up,71,1791364948646.4,10186,g
P01,S02,3,down,32,1791364948714.6,10187, 
P01,S02,3,up,32,1791364948810.7,10187, 
P01,S02,3,down,84,1791364948917.2,10188,t
P01,S02,3,up,84,1791364948965,10188,t
P01,S02,3,down,79,1791364949128.3,10189,o
P01,S02,3,up,79,1791364949199.4,10189,o
P01,S02,3,down,32,1791364949313.2,10190, 
P01,S02,3,up,32,1791364949369.6,10190, 
P01,S02,3,down,77,1791364949469.1,10191,m
P01,S02,3,up,77,1791364949548.4,10191,m
P01,S02,3,down,69,1791364949575.9,10192,e
P01,S02,3,up,69,1791364949671.1,10192,e
P01,S02,3,down,188,1791364949724.7,10193,","
P01,S02,3,up,188,1791364949804.3,10193,","
P01,S02,3,down,32,1791364949890.8,10194, 
P01,S02,3,up,32,1791364949953.9,10194, 
P01,S02,3,down,65,1791364950027.8,10195,a
P01,S02,3,up,65,1791364950129.6,10195,a
P01,S02,3,down,82,1791364950278.8,10196,r
P01,S02,3,up,82,1791364950349.6,10196,r
P01,S02,3,down,69,1791364950455.3,10197,e
P01,S02,3,down,32,1791364950520.3,10198, 
P01,S02,3,up,69,1791364950550.3,10197,e
P01,S02,3,up,32,1791364950591.9,10198, 
P01,S02,3,down,89,1791364950804.1,10199,y
P01,S02,3,up,89,1791364950882.6,10199,y
P01,S02,3,down,79,1791364951048,10200,o
P01,S02,3,up,79,1791364951135.6,10200,o
P01,S02,3,down,85,1791364951306.7,10201,u
P01,S02,3,up,85,1791364951370.5,10201,u
P01,S02,3,down,32,1791364951478.5,10202, 
P01,S02,3,up,32,1791364951542.4,10202, 
P01,S02,3,down,84,1791364951652.8,10203,t
P01,S02,3,up,84,1791364951706,10203,t
P01,S02,3,down,65,1791364951759.5,10204,a
P01,S02,3,up,65,1791364951871.2,10204,a
P01,S02,3,down,76,1791364951906.2,10205,l
P01,S02,3,up,76,1791364951969.5,10205,l
P01,S02,3,down,8,1791364952146.3,10206,Backspace
P01,S02,3,up,8,1791364952233.2,10206,Backspace
P01,S02,3,down,8,1791364952334.3,10207,Backspace
P01,S02,3,up,8,1791364952380.9,10207,Backspace
P01,S02,3,down,8,1791364952517.8,10208,Backspace
P01,S02,3,up,8,1791364952589.2,10208,Backspace
P01,S02,3,down,83,1791364953762.3,10209,s
P01,S02,3,up,83,1791364953865.1,10209,s
P01,S02,3,down,80,1791364953901.3,10210,p
P01,S02,3,up,80,1791364954045.5,10210,p
P01,S02,3,down,69,1791364954086.9,10211,e
P01,S02,3,up,69,1791364954166.1,10211,e
P01,S02,3,down,65,1791364954279.3,10212,a
P01,S02,3,up,65,1791364954406.5,10212,a
P01,S02,3,down,75,1791364954529.9,10213,k
P01,S02,3,up,75,1791364954633.3,10213,k
P01,S02,3,down,73,1791364954745.9,10214,i
P01,S02,3,up,73,1791364954822.7,10214,i
P01,S02,3,down,78,1791364954927.8,10215,n
P01,S02,3,up,78,1791364954992.2,10215,n
P01,S02,3,down,71,1791364955091.9,10216,g
P01,S02,3,up,71,1791364955153.4,10216,g
P01,S02,3,down,32,1791364955226.6,10217, 
P01,S02,3,up,32,1791364955314.8,10217, 
P01,S02,3,down,79,1791364955416,10218,o
P01,S02,3,up,79,1791364955495.7,10218,o
P01,S02,3,down,82,1791364955526.8,10219,r
P01,S02,3,down,32,1791364955615.6,10220, 
P01,S02,3,up,82,1791364955645,10219,r
P01,S02,3,up,32,1791364955694.4,10220, 
P01,S02,3,down,82,1791364955933.8,10221,r
P01,S02,3,down,85,1791364956020.1,10222,u
P01,S02,3,up,82,1791364956026.1,10221,r
P01,S02,3,up,85,1791364956072.6,10222,u
P01,S02,3,down,78,1791364956199.6,10223,n
P01,S02,3,up,78,1791364956255.7,10223,n
P01,S02,3,down,78,1791364956335.1,10224,n
P01,S02,3,up,78,1791364956406.4,10224,n
P01,S02,3,down,73,1791364956511.8,10225,i
P01,S02,3,up,73,1791364956574.1,10225,i
P01,S02,3,down,78,1791364956727.5,10226,n
P01,S02,3,up,78,1791364956798.1,10226,n
P01,S02,3,down,71,1791364956911.2,10227,g
P01,S02,3,up,71,1791364956973.4,10227,g
P01,S02,3,down,32,1791364957057.8,10228, 
P01,S02,3,up,32,1791364957137.3,10228, 
P01,S02,3,down,70,1791364957205.7,10229,f
P01,S02,3,up,70,1791364957253.2,10229,f
P01,S02,3,down,82,1791364957392.8,10230,r
P01,S02,3,down,79,1791364957457.5,10231,o
P01,S02,3,up,82,1791364957487,10230,r
P01,S02,3,up,79,1791364957543.5,10231,o
P01,S02,3,down,77,1791364957655.7,10232,m
P01,S02,3,up,77,1791364957735,10232,m
P01,S02,3,down,32,1791364957824.9,10233, 
P01,S02,3,up,32,1791364957895.8,10233, 
P01,S02,3,down,65,1791364958157.9,10234,a
P01,S02,3,up,65,1791364958244.8,10234,a
P01,S02,3,down,32,1791364958325.5,10235, 
P01,S02,3,up,32,1791364958380.7,10235, 
P01,S02,3,down,83,1791364958528.4,10236,s
P01,S02,3,up,83,1791364958624,10236,s
P01,S02,3,down,80,1791364958649,10237,p
P01,S02,3,up,80,1791364958712.5,10237,p
P01,S02,3,down,69,1791364958772.4,10238,e
P01,S02,3,up,69,1791364958852,10238,e
P01,S02,3,down,67,1791364958938.6,10239,c
P01,S02,3,up,67,1791364959040.3,10239,c
P01,S02,3,down,73,1791364959074.7,10240,i
P01,S02,3,up,73,1791364959156.9,10240,i
P01,S02,3,down,70,1791364959224.7,10241,f
P01,S02,3,up,70,1791364959323.9,10241,f
P01,S02,3,down,73,1791364959339.8,10242,i
P01,S02,3,up,73,1791364959411,10242,i
P01,S02,3,down,67,1791364959492.4,10243,c
P01,S02,3,up,67,1791364959595.8,10243,c
P01,S02,3,down,32,1791364959655.8,10244, 
P01,S02,3,up,32,1791364959711,10244, 
P01,S02,3,down,80,1791364959877.6,10245,p
P01,S02,3,up,80,1791364959956.8,10245,p
P01,S02,3,down,76,1791364960069.6,10246,l
P01,S02,3,up,76,1791364960147.9,10246,l
P01,S02,3,down,65,1791364960175.9,10247,a
P01,S02,3,up,65,1791364960269.1,10247,a
P01,S02,3,down,67,1791364960319.2,10248,c
P01,S02,3,up,67,1791364960382.5,10248,c
P01,S02,3,down,69,1791364960413.8,10249,e
P01,S02,3,up,69,1791364960508.5,10249,e
P01,S02,3,down,16,1791364960653.7,10250,Shift
P01,S02,3,down,219,1791364960758.6,10251,?
P01,S02,3,up,219,1791364960838.1,10251,?
P01,S02,3,up,16,1791364960921.2,10250,Shift
P01,S02,3,down,32,1791364960967.7,10252, 
P01,S02,3,up,32,1791364961007,10252, 
P01,S02,3,down,16,1791364961090.4,10253,Shift
P01,S02,3,down,76,1791364961205,10254,L
P01,S02,3,up,76,1791364961299.4,10254,L
P01,S02,3,up,16,1791364961358,10253,Shift
P01,S02,3,down,73,1791364961425.1,10255,i
P01,S02,3,up,73,1791364961488.4,10255,i
P01,S02,3,down,75,1791364961591.8,10256,k
P01,S02,3,up,75,1791364961678.8,10256,k
P01,S02,3,down,69,1791364961679.5,10257,e
P01,S02,3,down,32,1791364961773.3,10258, 
P01,S02,3,up,69,1791364961775.2,10257,e
P01,S02,3,up,32,1791364961836.2,10258, 
P01,S02,3,down,73,1791364961958.4,10259,i
P01,S02,3,up,73,1791364962030.5,10259,i
P01,S02,3,down,83,1791364962058.7,10260,s
P01,S02,3,down,32,1791364962156.5,10261, 
P01,S02,3,up,83,1791364962185.4,10260,s
P01,S02,3,up,32,1791364962202.7,10261, 
P01,S02,3,down,77,1791364962302.1,10262,m
P01,S02,3,up,77,1791364962389.2,10262,m
P01,S02,3,down,89,1791364962529.6,10263,y
P01,S02,3,up,89,1791364962598.8,10263,y
P01,S02,3,down,32,1791364962695.3,10264, 
P01,S02,3,up,32,1791364962777.2,10264, 
P01,S02,3,down,68,1791364962796.9,10265,d
P01,S02,3,up,68,1791364962876.2,10265,d
P01,S02,3,down,65,1791364962986.7,10266,a
P01,S02,3,up,65,1791364963073.4,10266,a
P01,S02,3,down,84,1791364963129.7,10267,t
P01,S02,3,up,84,1791364963192.9,10267,t
P01,S02,3,down,65,1791364963227.9,10268,a
P01,S02,3,down,32,1791364963330.2,10269, 
P01,S02,3,up,65,1791364963332.5,10268,a
P01,S02,3,up,32,1791364963388.4,10269, 
P01,S02,3,down,83,1791364963718.8,10270,s
P01,S02,3,up,83,1791364963853.3,10270,s
P01,S02,3,down,84,1791364963933.6,10271,t
P01,S02,3,up,84,1791364964003.6,10271,t
P01,S02,3,down,79,1791364964165.4,10272,o
P01,S02,3,up,79,1791364964260.5,10272,o
P01,S02,3,down,82,1791364964310.9,10273,r
P01,S02,3,up,82,1791364964374,10273,r
P01,S02,3,down,69,1791364964510.1,10274,e
P01,S02,3,up,69,1791364964582.4,10274,e
P01,S02,3,down,68,1791364964708.5,10275,d
P01,S02,3,down,32,1791364964836.2,10276, 
P01,S02,3,up,68,1791364964838,10275,d
P01,S02,3,up,32,1791364964874.6,10276, 
P01,S02,3,down,72,1791364965521.2,10277,h
P01,S02,3,up,72,1791364965584.6,10277,h
P01,S02,3,down,69,1791364965664.1,10278,e
P01,S02,3,up,69,1791364965751.4,10278,e
P01,S02,3,down,82,1791364965850.5,10279,r
P01,S02,3,up,82,1791364965921.3,10279,r
P01,S02,3,down,69,1791364966024.6,10280,e
P01,S02,3,up,69,1791364966111.5,10280,e
P01,S02,3,down,188,1791364966127.6,10281,","
P01,S02,3,up,188,1791364966200.6,10281,","
P01,S02,3,down,32,1791364966316.6,10282, 
P01,S02,3,up,32,1791364966371.5,10282, 
P01,S02,3,down,73,1791364966491.8,10283,i
P01,S02,3,up,73,1791364966563.4,10283,i
P01,S02,3,down,78,1791364966665.9,10284,n
P01,S02,3,up,78,1791364966729.5,10284,n
P01,S02,3,down,32,1791364966814.7,10285, 
P01,S02,3,up,32,1791364966878.1,10285, 
P01,S02,3,down,84,1791364967014.9,10286,t
P01,S02,3,up,84,1791364967062.6,10286,t
P01,S02,3,down,72,1791364967179.2,10287,h
P01,S02,3,up,72,1791364967257.8,10287,h
P01,S02,3,down,73,1791364967374,10288,i
P01,S02,3,up,73,1791364967453,10288,i
P01,S02,3,down,83,1791364967480.7,10289,s
P01,S02,3,up,83,1791364967559.9,10289,s
P01,S02,3,down,32,1791364967602.2,10290, 
P01,S02,3,up,32,1791364967650.1,10290, 
P01,S02,3,down,83,1791364967707.1,10291,s
P01,S02,3,up,83,1791364967802.1,10291,s
P01,S02,3,down,80,1791364967838.5,10292,p
P01,S02,3,up,80,1791364967933.9,10292,p
P01,S02,3,down,69,1791364967972.9,10293,e
P01,S02,3,up,69,1791364968044.2,10293,e
P01,S02,3,down,67,1791364968145.3,10294,c
P01,S02,3,up,67,1791364968223.9,10294,c
P01,S02,3,down,73,1791364968269.1,10295,i
P01,S02,3,up,73,1791364968342.3,10295,i
P01,S02,3,down,70,1791364968422,10296,f
P01,S02,3,up,70,1791364968484.5,10296,f
P01,S02,3,down,73,1791364968538.2,10297,i
P01,S02,3,up,73,1791364968601.4,10297,i
P01,S02,3,down,67,1791364968655.3,10298,c
P01,S02,3,up,67,1791364968758.4,10298,c
P01,S02,3,down,32,1791364968832.3,10299, 
P01,S02,3,up,32,1791364968919.2,10299, 
P01,S02,3,down,68,1791364969075.7,10300,d
P01,S02,3,up,68,1791364969171,10300,d
P01,S02,3,down,65,1791364969286.3,10301,a
P01,S02,3,up,65,1791364969393.8,10301,a
P01,S02,3,down,84,1791364969424.1,10302,t
P01,S02,3,up,84,1791364969494.8,10302,t
P01,S02,3,down,65,1791364969538.8,10303,a
P01,S02,3,up,65,1791364969609.3,10303,a
P01,S02,3,down,67,1791364969715.6,10304,c
P01,S02,3,up,67,1791364969793.5,10304,c
P01,S02,3,down,69,1791364969916,10305,e
P01,S02,3,down,78,1791364969957.1,10306,n
P01,S02,3,up,69,1791364970017.7,10305,e
P01,S02,3,up,78,1791364970049.3,10306,n
P01,S02,3,down,84,1791364970174.3,10307,t
P01,S02,3,up,84,1791364970246.1,10307,t
P01,S02,3,down,69,1791364970276.5,10308,e
P01,S02,3,up,69,1791364970347,10308,e
P01,S02,3,down,82,1791364970449.9,10309,r
P01,S02,3,down,32,1791364970523.3,10310, 
P01,S02,3,up,82,1791364970553,10309,r
P01,S02,3,up,32,1791364970617.6,10310, 
P01,S02,3,down,73,1791364970744.4,10311,i
P01,S02,3,up,73,1791364970814.7,10311,i
P01,S02,3,down,78,1791364970920.4,10312,n
P01,S02,3,up,78,1791364970992.5,10312,n
P01,S02,3,down,32,1791364971064.3,10313, 
P01,S02,3,up,32,1791364971160.8,10313, 
P01,S02,3,down,16,1791364971183.6,10314,Shift
P01,S02,3,down,88,1791364971347.3,10315,X
P01,S02,3,up,16,1791364971441.4,10314,Shift
P01,S02,3,up,88,1791364971465.7,10315,X
P01,S02,3,down,32,1791364971506.6,10316, 
P01,S02,3,up,32,1791364971570.2,10316, 
P01,S02,3,down,80,1791364971741.7,10317,p
P01,S02,3,up,80,1791364971788.6,10317,p
P01,S02,3,down,76,1791364971910.5,10318,l
P01,S02,3,up,76,1791364971984.9,10318,l
P01,S02,3,down,65,1791364971985.7,10319,a
P01,S02,3,up,65,1791364972095,10319,a
P01,S02,3,down,69,1791364972295.9,10320,e
P01,S02,3,up,69,1791364972424.1,10320,e
P01,S02,3,down,16,1791364972610,10321,Shift
P01,S02,3,down,219,1791364972676,10322,?
P01,S02,3,up,219,1791364972755.1,10322,?
P01,S02,3,up,16,1791364972889.5,10321,Shift
P01,S02,3,down,32,1791364972890.4,10323, 
P01,S02,3,up,32,1791364972951.2,10323, 
P01,S02,3,down,8,1791364973394.1,10324,Backspace
P01,S02,3,up,8,1791364973458.7,10324,Backspace
P01,S02,3,down,8,1791364973554.7,10325,Backspace
P01,S02,3,up,8,1791364973611.5,10325,Backspace
P01,S02,3,down,8,1791364973714.5,10326,Backspace
P01,S02,3,up,8,1791364973802.8,10326,Backspace
P01,S02,3,down,67,1791364974158.9,10327,c
P01,S02,3,up,67,1791364974222.2,10327,c
P01,S02,3,down,69,1791364974350.3,10328,e
P01,S02,3,up,69,1791364974467.4,10328,e
P01,S02,3,down,16,1791364974666.8,10329,Shift
P01,S02,3,down,219,1791364974892.5,10330,?
P01,S02,3,up,219,1791364974979.6,10330,?
P01,S02,3,up,16,1791364975037.9,10329,Shift
P01,S02,3,down,32,1791364975127.8,10331, 
P01,S02,3,up,32,1791364975191.3,10331, 
P01,S02,3,down,16,1791364975231.3,10332,Shift
P01,S02,3,down,79,1791364975353.3,10333,O
P01,S02,3,up,16,1791364975456.8,10332,Shift
P01,S02,3,up,79,1791364975458.1,10333,O
P01,S02,3,down,82,1791364975657.3,10334,r
P01,S02,3,up,82,1791364975742.8,10334,r
P01,S02,3,down,32,1791364975761.8,10335, 
P01,S02,3,up,32,1791364975847.9,10335, 
P01,S02,3,down,73,1791364977720.8,10336,i
P01,S02,3,up,73,1791364977799.4,10336,i
P01,S02,3,down,83,1791364977844.6,10337,s
P01,S02,3,down,32,1791364977950.7,10338, 
P01,S02,3,up,83,1791364977953,10337,s
P01,S02,3,up,32,1791364978025.1,10338, 
P01,S02,3,down,73,1791364978347.7,10339,i
P01,S02,3,up,73,1791364978427,10339,i
P01,S02,3,down,84,1791364978574.5,10340,t
P01,S02,3,up,84,1791364978627.7,10340,t
P01,S02,3,down,32,1791364978739.5,10341, 
P01,S02,3,up,32,1791364978823.8,10341, 
P01,S02,3,down,69,1791364979584.4,10342,e
P01,S02,3,up,69,1791364979705.9,10342,e
P01,S02,3,down,78,1791364979730.1,10343,n
P01,S02,3,up,78,1791364979827.9,10343,n
P01,S02,3,down,84,1791364979954.9,10344,t
P01,S02,3,up,84,1791364980008.5,10344,t
P01,S02,3,down,73,1791364980158.8,10345,i
P01,S02,3,up,73,1791364980295,10345,i
P01,S02,3,down,82,1791364980376,10346,r
P01,S02,3,up,82,1791364980463.7,10346,r
P01,S02,3,down,69,1791364980569.6,10347,e
P01,S02,3,up,69,1791364980680,10347,e
P01,S02,3,down,76,1791364980936.3,10348,l
P01,S02,3,up,76,1791364981100.8,10348,l
P01,S02,3,down,89,1791364981356.4,10349,y
P01,S02,3,up,89,1791364981420.2,10349,y
P01,S02,3,down,32,1791364981556.3,10350, 
P01,S02,3,up,32,1791364981644.4,10350, 
P01,S02,3,down,68,1791364981785.4,10351,d
P01,S02,3,up,68,1791364981855.7,10351,d
P01,S02,3,down,69,1791364981969,10352,e
P01,S02,3,up,69,1791364982038.5,10352,e
P01,S02,3,down,67,1791364982151.3,10353,c
P01,S02,3,up,67,1791364982205.2,10353,c
P01,S02,3,down,69,1791364982322.1,10354,e
P01,S02,3,down,78,1791364982440.7,10355,n
P01,S02,3,up,69,1791364982442.9,10354,e
P01,S02,3,up,78,1791364982503.5,10355,n
P01,S02,3,down,84,1791364982648.4,10356,t
P01,S02,3,up,84,1791364982711.9,10356,t
P01,S02,3,down,82,1791364982823.8,10357,r
P01,S02,3,up,82,1791364982887.5,10357,r
P01,S02,3,down,65,1791364982954.3,10358,a
P01,S02,3,up,65,1791364983095,10358,a
P01,S02,3,down,76,1791364983130.2,10359,l
P01,S02,3,up,76,1791364983241.2,10359,l
P01,S02,3,down,73,1791364983347.1,10360,i
P01,S02,3,up,73,1791364983428,10360,i
P01,S02,3,down,90,1791364983477.8,10361,z
P01,S02,3,up,90,1791364983580.7,10361,z
P01,S02,3,down,69,1791364983699.8,10362,e
P01,S02,3,up,69,1791364983777.9,10362,e
P01,S02,3,down,68,1791364983869.6,10363,d
P01,S02,3,up,68,1791364983949.2,10363,d
P01,S02,3,down,16,1791364984094.1,10364,Shift
P01,S02,3,down,219,1791364984224.9,10365,?
P01,S02,3,up,219,1791364984287.1,10365,?
P01,S02,3,up,16,1791364984362,10364,Shift
P01,S02,3,down,13,1791364984399.1,10366,Enter
P01,S02,3,up,13,1791364984485.7,10366,Enter
P01,S02,4,down,16,1791365034441.6,10367,Shift
P01,S02,4,down,72,1791365034809.5,10368,H
P01,S02,4,up,72,1791365034857.4,10368,H
P01,S02,4,up,16,1791365034916.6,10367,Shift
P01,S02,4,down,79,1791365035021.6,10369,o
P01,S02,4,up,79,1791365035120.6,10369,o
P01,S02,4,down,87,1791365035188,10370,w
P01,S02,4,down,32,1791365035280.9,10371, 
P01,S02,4,up,87,1791365035282.8,10370,w
P01,S02,4,up,32,1791365035339.1,10371, 
P01,S02,4,down,67,1791365035748,10372,c
P01,S02,4,up,67,1791365035827.1,10372,c
P01,S02,4,down,79,1791365035892,10373,o
P01,S02,4,up,79,1791365036002,10373,o
P01,S02,4,down,83,1791365036029.4,10374,s
P01,S02,4,up,83,1791365036117.3,10374,s
P01,S02,4,down,84,1791365036173,10375,t
P01,S02,4,up,84,1791365036204.4,10375,t
P01,S02,4,down,89,1791365036336.5,10376,y
P01,S02,4,up,89,1791365036423.9,10376,y
P01,S02,4,down,8,1791365037045.3,10377,Backspace
P01,S02,4,up,8,1791365037117.7,10377,Backspace
P01,S02,4,down,76,1791365037256.3,10378,l
P01,S02,4,up,76,1791365037437.2,10378,l
P01,S02,4,down,89,1791365037563.8,10379,y
P01,S02,4,up,89,1791365037627.4,10379,y
P01,S02,4,down,32,1791365037726.6,10380, 
P01,S02,4,up,32,1791365037822.6,10380, 
P01,S02,4,down,69,1791365038607.7,10381,e
P01,S02,4,up,69,1791365038709.1,10381,e
P01,S02,4,down,78,1791365038725.9,10382,n
P01,S02,4,up,78,1791365038796,10382,n
P01,S02,4,down,69,1791365039054.3,10383,e
P01,S02,4,up,69,1791365039115.8,10383,e
P01,S02,4,down,82,1791365039358.5,10384,r
P01,S02,4,up,82,1791365039453.9,10384,r
P01,S02,4,down,71,1791365039749,10385,g
P01,S02,4,up,71,1791365039820,10385,g
P01,S02,4,down,89,1791365040438.5,10386,y
P01,S02,4,up,89,1791365040501.9,10386,y
P01,S02,4,down,32,1791365040618.6,10387, 
P01,S02,4,up,32,1791365040697.3,10387, 
P01,S02,4,down,87,1791365040778.8,10388,w
P01,S02,4,up,87,1791365040873.7,10388,w
P01,S02,4,down,73,1791365040905.6,10389,i
P01,S02,4,up,73,1791365040976.7,10389,i
P01,S02,4,down,83,1791365041038.4,10390,s
P01,S02,4,up,83,1791365041148.4,10390,s
P01,S02,4,down,69,1791365041235.9,10391,e
P01,S02,4,down,32,1791365041287,10392, 
P01,S02,4,up,69,1791365041345.8,10391,e
P01,S02,4,up,32,1791365041371.7,10392, 
P01,S02,4,down,73,1791365041518.2,10393,i
P01,S02,4,up,73,1791365041565,10393,i
P01,S02,4,down,83,1791365041625.2,10394,s
P01,S02,4,up,83,1791365041728.6,10394,s
P01,S02,4,down,32,1791365041749.5,10395, 
P01,S02,4,up,32,1791365041805.1,10395, 
P01,S02,4,down,84,1791365041953.5,10396,t
P01,S02,4,up,84,1791365042017.3,10396,t
P01,S02,4,down,72,1791365042113.4,10397,h
P01,S02,4,up,72,1791365042221.9,10397,h
P01,S02,4,down,65,1791365042222.4,10398,a
P01,S02,4,down,84,1791365042314.9,10399,t
P01,S02,4,up,65,1791365042316.4,10398,a
P01,S02,4,up,84,1791365042362.2,10399,t
P01,S02,4,down,16,1791365042474.6,10400,Shift
P01,S02,4,down,219,1791365042676,10401,?
P01,S02,4,up,219,1791365042787.3,10401,?
P01,S02,4,up,16,1791365042837.6,10400,Shift
P01,S02,4,down,32,1791365042935,10402, 
P01,S02,4,up,32,1791365043002,10402, 
P01,S02,4,down,16,1791365043028.2,10403,Shift
P01,S02,4,down,89,1791365043157.5,10404,Y
P01,S02,4,up,89,1791365043220.7,10404,Y
P01,S02,4,up,16,1791365043280.4,10403,Shift
P01,S02,4,down,79,1791365043405.3,10405,o
P01,S02,4,up,79,1791365043428.5,10405,o
P01,S02,4,down,85,1791365043606.4,10406,u
P01,S02,4,up,85,1791365043685.9,10406,u
P01,S02,4,down,32,1791365043795.6,10407, 
P01,S02,4,up,32,1791365043875.1,10407, 
P01,S02,4,down,65,1791365044034.9,10408,a
P01,S02,4,up,65,1791365044154.2,10408,a
P01,S02,4,down,83,1791365044361.1,10409,s
P01,S02,4,up,83,1791365044480.2,10409,s
P01,S02,4,down,32,1791365044550.7,10410, 
P01,S02,4,up,32,1791365044614.4,10410, 
P01,S02,4,down,65,1791365044702.5,10411,a
P01,S02,4,up,65,1791365044822,10411,a
P01,S02,4,down,78,1791365044889.7,10412,n
P01,S02,4,up,78,1791365044992.8,10412,n
P01,S02,4,down,32,1791365045324.2,10413, 
P01,S02,4,up,32,1791365045397.4,10413, 
P01,S02,4,down,69,1791365045512.6,10414,e
P01,S02,4,up,69,1791365045632.4,10414,e
P01,S02,4,down,78,1791365045705.8,10415,n
P01,S02,4,up,78,1791365045777.1,10415,n
P01,S02,4,down,84,1791365045910,10416,t
P01,S02,4,up,84,1791365045992.2,10416,t
P01,S02,4,down,73,1791365046071.2,10417,i
P01,S02,4,up,73,1791365046166.8,10417,i
P01,S02,4,down,84,1791365046295.7,10418,t
P01,S02,4,up,84,1791365046350.6,10418,t
P01,S02,4,down,89,1791365046430.3,10419,y
P01,S02,4,up,89,1791365046501.1,10419,y
P01,S02,4,down,32,1791365046616.6,10420, 
P01,S02,4,up,32,1791365046687.8,10420, 
P01,S02,4,down,84,1791365046800.3,10421,t
P01,S02,4,up,84,1791365046855.3,10421,t
P01,S02,4,down,72,1791365046953.8,10422,h
P01,S02,4,up,72,1791365047041.9,10422,h
P01,S02,4,down,65,1791365047103.2,10423,a
P01,S02,4,down,84,1791365047143.3,10424,t
P01,S02,4,up,65,1791365047180,10423,a
P01,S02,4,up,84,1791365047214.7,10424,t
P01,S02,4,down,32,1791365047309.9,10425, 
P01,S02,4,up,32,1791365047419.4,10425, 
P01,S02,4,down,69,1791365047420,10426,e
P01,S02,4,up,69,1791365047496.9,10426,e
P01,S02,4,down,88,1791365047619.9,10427,x
P01,S02,4,down,73,1791365047722.6,10428,i
P01,S02,4,up,88,1791365047723.5,10427,x
P01,S02,4,up,73,1791365047801.1,10428,i
P01,S02,4,down,84,1791365047974.7,10429,t
P01,S02,4,up,84,1791365048051.7,10429,t
P01,S02,4,down,83,1791365048052,10430,s
P01,S02,4,up,83,1791365048195.3,10430,s
P01,S02,4,down,16,1791365048508.2,10431,Shift
P01,S02,4,up,16,1791365048873.1,10431,Shift
P01,S02,4,down,8,1791365049026.2,10432,Backspace
P01,S02,4,up,8,1791365049129.1,10432,Backspace
P01,S02,4,down,8,1791365049220.5,10433,Backspace
P01,S02,4,up,8,1791365049307.6,10433,Backspace
P01,S02,4,down,83,1791365049859,10434,s
P01,S02,4,up,83,1791365049937.8,10434,s
P01,S02,4,down,84,1791365049995.3,10435,t
P01,S02,4,up,84,1791365050081.3,10435,t
P01,S02,4,down,83,1791365050082.4,10436,s
P01,S02,4,up,83,1791365050165.4,10436,s
P01,S02,4,down,16,1791365050315.6,10437,Shift
P01,S02,4,down,219,1791365050525.2,10438,?
P01,S02,4,up,219,1791365050597.1,10438,?
P01,S02,4,up,16,1791365050647,10437,Shift
P01,S02,4,down,32,1791365050740.9,10439, 
P01,S02,4,up,32,1791365050804.8,10439, 
P01,S02,4,down,16,1791365051366.3,10440,Shift
P01,S02,4,down,72,1791365051726.1,10441,H
P01,S02,4,up,72,1791365051781.9,10441,H
P01,S02,4,up,16,1791365051889.1,10440,Shift
P01,S02,4,down,79,1791365051929.3,10442,o
P01,S02,4,up,79,1791365052000.1,10442,o
P01,S02,4,down,87,1791365052063.3,10443,w
P01,S02,4,down,32,1791365052164,10444, 
P01,S02,4,up,87,1791365052165.2,10443,w
P01,S02,4,up,32,1791365052206.3,10444, 
P01,S02,4,down,77,1791365053106.1,10445,m
P01,S02,4,up,77,1791365053185.9,10445,m
P01,S02,4,down,85,1791365053320.5,10446,u
P01,S02,4,up,85,1791365053384,10446,u
P01,S02,4,down,67,1791365053461.6,10447,c
P01,S02,4,down,72,1791365053545.7,10448,h
P01,S02,4,up,67,1791365053547.9,10447,c
P01,S02,4,up,72,1791365053609.3,10448,h
P01,S02,4,down,32,1791365053707.1,10449, 
P01,S02,4,up,32,1791365053785.2,10449, 
P01,S02,4,down,68,1791365054028.8,10450,d
P01,S02,4,up,68,1791365054133.3,10450,d
P01,S02,4,down,79,1791365054196.3,10451,o
P01,S02,4,up,79,1791365054259.5,10451,o
P01,S02,4,down,69,1791365054274,10452,e
P01,S02,4,up,69,1791365054353.3,10452,e
P01,S02,4,down,83,1791365054461,10453,s
P01,S02,4,up,83,1791365054562.5,10453,s
P01,S02,4,down,32,1791365054584,10454, 
P01,S02,4,up,32,1791365054646.2,10454, 
P01,S02,4,down,65,1791365054765.8,10455,a
P01,S02,4,up,65,1791365054885.8,10455,a
P01,S02,4,down,32,1791365054953.3,10456, 
P01,S02,4,up,32,1791365055024.9,10456, 
P01,S02,4,down,8,1791365055344,10457,Backspace
P01,S02,4,up,8,1791365055397.9,10457,Backspace
P01,S02,4,down,8,1791365055518.8,10458,Backspace
P01,S02,4,up,8,1791365055629.1,10458,Backspace
P01,S02,4,down,84,1791365055968.3,10459,t
P01,S02,4,up,84,1791365056038.9,10459,t
P01,S02,4,down,72,1791365056147.7,10460,h
P01,S02,4,up,72,1791365056250.3,10460,h
P01,S02,4,down,69,1791365056251,10461,e
P01,S02,4,down,32,1791365056345.6,10462, 
P01,S02,4,up,69,1791365056347.5,10461,e
P01,S02,4,up,32,1791365056415.9,10462, 
P01,S02,4,down,71,1791365056536.6,10463,g
P01,S02,4,up,71,1791365056584.1,10463,g
P01,S02,4,down,69,1791365056631.5,10464,e
P01,S02,4,up,69,1791365056711.5,10464,e
P01,S02,4,down,78,1791365056737.4,10465,n
P01,S02,4,up,78,1791365056809.3,10465,n
P01,S02,4,down,69,1791365056877.4,10466,e
P01,S02,4,up,69,1791365056957.8,10466,e
P01,S02,4,down,82,1791365057051,10467,r
P01,S02,4,up,82,1791365057130.2,10467,r
P01,S02,4,down,65,1791365057258.9,10468,a
P01,S02,4,down,76,1791365057320,10469,l
P01,S02,4,up,76,1791365057395.6,10469,l
P01,S02,4,up,65,1791365057397,10468,a
P01,S02,4,down,32,1791365057516.8,10470, 
P01,S02,4,up,32,1791365057552.8,10470, 
P01,S02,4,down,79,1791365057692.4,10471,o
P01,S02,4,up,79,1791365057756.6,10471,o
P01,S02,4,down,80,1791365057856.1,10472,p
P01,S02,4,up,80,1791365057958.4,10472,p
P01,S02,4,down,69,1791365058007.7,10473,e
P01,S02,4,up,69,1791365058087.4,10473,e
P01,S02,4,down,82,1791365058174.5,10474,r
P01,S02,4,up,82,1791365058245.3,10474,r
P01,S02,4,down,65,1791365058383.7,10475,a
P01,S02,4,down,84,1791365058455.3,10476,t
P01,S02,4,up,65,1791365058500.8,10475,a
P01,S02,4,up,84,1791365058534.2,10476,t
P01,S02,4,down,73,1791365058670,10477,i
P01,S02,4,up,73,1791365058741.5,10477,i
P01,S02,4,down,79,1791365058883.4,10478,o
P01,S02,4,up,79,1791365058956.8,10478,o
P01,S02,4,down,78,1791365059082.7,10479,n
P01,S02,4,up,78,1791365059129.9,10479,n
P01,S02,4,down,79,1791365059412.3,10480,o
P01,S02,4,up,79,1791365059492.2,10480,o
P01,S02,4,down,70,1791365059526.9,10481,f
P01,S02,4,up,70,1791365059623.4,10481,f
P01,S02,4,down,32,1791365059653.7,10482, 
P01,S02,4,up,32,1791365059731.8,10482, 
P01,S02,4,down,8,1791365060256.5,10483,Backspace
P01,S02,4,up,8,1791365060320.6,10483,Backspace
P01,S02,4,down,8,1791365060408.8,10484,Backspace
P01,S02,4,up,8,1791365060480.7,10484,Backspace
P01,S02,4,down,8,1791365060587.6,10485,Backspace
P01,S02,4,up,8,1791365060651.8,10485,Backspace
P01,S02,4,down,32,1791365061029.5,10486, 
P01,S02,4,up,32,1791365061085.8,10486, 
P01,S02,4,down,79,1791365061258.5,10487,o
P01,S02,4,up,79,1791365061321.8,10487,o
P01,S02,4,down,70,1791365061398,10488,f
P01,S02,4,up,70,1791365061486.1,10488,f
P01,S02,4,down,32,1791365061502.6,10489, 
P01,S02,4,up,32,1791365061557.2,10489, 
P01,S02,4,down,16,1791365061649.6,10490,Shift
P01,S02,4,down,67,1791365061889.5,10491,C
P01,S02,4,down,72,1791365062007.6,10492,H
P01,S02,4,up,67,1791365062010.4,10491,C
P01,S02,4,up,72,1791365062130.8,10492,H
P01,S02,4,up,16,1791365062305.6,10490,Shift
P01,S02,4,down,8,1791365062492,10493,Backspace
P01,S02,4,up,8,1791365062572.2,10493,Backspace
P01,S02,4,down,72,1791365062774.3,10494,h
P01,S02,4,up,72,1791365062838.2,10494,h
P01,S02,4,down,65,1791365062920.4,10495,a
P01,S02,4,up,65,1791365063054.6,10495,a
P01,S02,4,down,84,1791365063122.3,10496,t
P01,S02,4,up,84,1791365063193.9,10496,t
P01,S02,4,down,16,1791365063336.6,10497,Shift
P01,S02,4,down,71,1791365063697.1,10498,G
P01,S02,4,up,71,1791365063808.6,10498,G
P01,S02,4,down,80,1791365064014.4,10499,P
P01,S02,4,up,80,1791365064118.5,10499,P
P01,S02,4,down,84,1791365064283.4,10500,T
P01,S02,4,up,84,1791365064352.9,10500,T
P01,S02,4,up,16,1791365064397.5,10497,Shift
P01,S02,4,down,32,1791365064456.3,10501, 
P01,S02,4,up,32,1791365064543.9,10501, 
P01,S02,4,down,65,1791365064575.5,10502,a
P01,S02,4,down,78,1791365064687.4,10503,n
P01,S02,4,up,65,1791365064690.7,10502,a
P01,S02,4,up,78,1791365064751,10503,n
P01,S02,4,down,68,1791365064804.9,10504,d
P01,S02,4,down,32,1791365064861.6,10505, 
P01,S02,4,up,68,1791365064899.3,10504,d
P01,S02,4,up,32,1791365064932.1,10505, 
P01,S02,4,down,79,1791365065094.1,10506,o
P01,S02,4,up,79,1791365065156.1,10506,o
P01,S02,4,down,78,1791365065314,10507,n
P01,S02,4,up,78,1791365065353.2,10507,n
P01,S02,4,down,76,1791365065633,10508,l
P01,S02,4,up,76,1791365065757.6,10508,l
P01,S02,4,down,89,1791365065901.6,10509,y
P01,S02,4,up,89,1791365065981.8,10509,y
P01,S02,4,down,32,1791365066093.6,10510, 
P01,S02,4,up,32,1791365066164.6,10510, 
P01,S02,4,down,67,1791365066207.8,10511,c
P01,S02,4,up,67,1791365066303.1,10511,c
P01,S02,4,down,72,1791365066332.7,10512,h
P01,S02,4,up,72,1791365066425.7,10512,h
P01,S02,4,down,65,1791365066444.8,10513,a
P01,S02,4,down,84,1791365066563.3,10514,t
P01,S02,4,up,65,1791365066567,10513,a
P01,S02,4,up,84,1791365066625.7,10514,t
P01,S02,4,down,8,1791365066869.7,10515,Backspace
P01,S02,4,up,8,1791365066955.7,10515,Backspace
P01,S02,4,down,8,1791365067060,10516,Backspace
P01,S02,4,up,8,1791365067138.2,10516,Backspace
P01,S02,4,down,8,1791365067241,10517,Backspace
P01,S02,4,up,8,1791365067295.7,10517,Backspace
P01,S02,4,down,8,1791365067428.1,10518,Backspace
P01,S02,4,up,8,1791365067476.7,10518,Backspace
P01,S02,4,down,8,1791365067814.3,10519,Backspace
P01,S02,4,up,8,1791365067847,10519,Backspace
P01,S02,4,down,32,1791365068241.9,10520, 
P01,S02,4,up,32,1791365068320.5,10520, 
P01,S02,4,down,16,1791365068415.6,10521,Shift
P01,S02,4,down,67,1791365068623.5,10522,C
P01,S02,4,up,16,1791365068740.3,10521,Shift
P01,S02,4,up,67,1791365068741.5,10522,C
P01,S02,4,down,65,1791365068893.9,10523,a
P01,S02,4,up,65,1791365069028.5,10523,a
P01,S02,4,down,8,1791365069229.1,10524,Backspace
P01,S02,4,up,8,1791365069299.9,10524,Backspace
P01,S02,4,down,72,1791365069737.3,10525,h
P01,S02,4,up,72,1791365069809,10525,h
P01,S02,4,down,65,1791365069851.4,10526,a
P01,S02,4,up,65,1791365069980,10526,a
P01,S02,4,down,84,1791365069996.3,10527,t
P01,S02,4,up,84,1791365070066.8,10527,t
P01,S02,4,down,16,1791365070253.4,10528,Shift
P01,S02,4,down,71,1791365070651.2,10529,G
P01,S02,4,up,71,1791365070715.1,10529,G
P01,S02,4,down,80,1791365070914.2,10530,P
P01,S02,4,up,80,1791365071010.3,10530,P
P01,S02,4,down,84,1791365071172.4,10531,T
P01,S02,4,up,84,1791365071235.9,10531,T
P01,S02,4,down,32,1791365071332.3,10532, 
P01,S02,4,up,16,1791365071375.2,10528,Shift
P01,S02,4,up,32,1791365071418.8,10532, 
P01,S02,4,down,8,1791365071939.3,10533,Backspace
P01,S02,4,up,8,1791365072000.9,10533,Backspace
P01,S02,4,down,188,1791365072224.5,10534,","
P01,S02,4,up,188,1791365072335.8,10534,","
P01,S02,4,down,78,1791365072622.7,10535,n
P01,S02,4,up,78,1791365072654.4,10535,n
P01,S02,4,down,8,1791365073143.4,10536,Backspace
P01,S02,4,up,8,1791365073214.2,10536,Backspace
P01,S02,4,down,32,1791365073378,10537, 
P01,S02,4,up,32,1791365073448.6,10537, 
P01,S02,4,down,78,1791365073577.7,10538,n
P01,S02,4,up,78,1791365073641.1,10538,n
P01,S02,4,down,79,1791365073871.3,10539,o
P01,S02,4,up,79,1791365073982.4,10539,o
P01,S02,4,down,84,1791365074178.8,10540,t
P01,S02,4,up,84,1791365074252.8,10540,t
P01,S02,4,down,32,1791365074392.7,10541, 
P01,S02,4,up,32,1791365074463.6,10541, 
P01,S02,4,down,65,1791365076437.4,10542,a
P01,S02,4,up,65,1791365076596.1,10542,a
P01,S02,4,down,76,1791365076691.4,10543,l
P01,S02,4,up,76,1791365076778.5,10543,l
P01,S02,4,down,76,1791365076867.5,10544,l
P01,S02,4,up,76,1791365076939.2,10544,l
P01,S02,4,down,32,1791365077027.2,10545, 
P01,S02,4,up,32,1791365077098.6,10545, 
P01,S02,4,down,79,1791365077232.9,10546,o
P01,S02,4,up,79,1791365077311.6,10546,o
P01,S02,4,down,70,1791365077342.5,10547,f
P01,S02,4,down,32,1791365077440.7,10548, 
P01,S02,4,up,70,1791365077444.3,10547,f
P01,S02,4,up,32,1791365077494.2,10548, 
P01,S02,4,down,79,1791365077648.3,10549,o
P01,S02,4,up,79,1791365077718.4,10549,o
P01,S02,4,down,80,1791365077811.9,10550,p
P01,S02,4,up,80,1791365077898.7,10550,p
P01,S02,4,down,69,1791365077969.2,10551,e
P01,S02,4,up,69,1791365078057.4,10551,e
P01,S02,4,down,78,1791365078123.5,10552,n
P01,S02,4,up,78,1791365078183.6,10552,n
P01,S02,4,down,32,1791365078281.9,10553, 
P01,S02,4,up,32,1791365078361.4,10553, 
P01,S02,4,down,16,1791365078396.7,10554,Shift
P01,S02,4,down,65,1791365078611,10555,A
P01,S02,4,up,65,1791365078762.7,10555,A
P01,S02,4,down,73,1791365078795,10556,I
P01,S02,4,up,73,1791365078850.6,10556,I
P01,S02,4,up,16,1791365078990.3,10554,Shift
P01,S02,4,down,188,1791365079012.9,10557,","
P01,S02,4,up,188,1791365079125.2,10557,","
P01,S02,4,down,32,1791365079226.3,10558, 
P01,S02,4,up,32,1791365079313.2,10558, 
P01,S02,4,down,67,1791365080315.6,10559,c
P01,S02,4,up,67,1791365080378.1,10559,c
P01,S02,4,down,79,1791365080509,10560,o
P01,S02,4,up,79,1791365080578.2,10560,o
P01,S02,4,down,83,1791365080623.1,10561,s
P01,S02,4,up,83,1791365080749.8,10561,s
P01,S02,4,down,84,1791365080770.6,10562,t
P01,S02,4,up,84,1791365080832.5,10562,t
P01,S02,4,down,32,1791365080951.7,10563, 
P01,S02,4,up,32,1791365081031,10563, 
P01,S02,4,down,65,1791365081096.6,10564,a
P01,S02,4,up,65,1791365081223.6,10564,a
P01,S02,4,down,32,1791365081243.8,10565, 
P01,S02,4,up,32,1791365081299.4,10565, 
P01,S02,4,down,77,1791365082035.9,10566,m
P01,S02,4,up,77,1791365082098.5,10566,m
P01,S02,4,down,79,1791365082219.4,10567,o
P01,S02,4,up,79,1791365082282.2,10567,o
P01,S02,4,down,78,1791365082414.6,10568,n
P01,S02,4,up,78,1791365082494,10568,n
P01,S02,4,down,84,1791365082633.6,10569,t
P01,S02,4,up,84,1791365082681.5,10569,t
P01,S02,4,down,72,1791365082794.7,10570,h
P01,S02,4,up,72,1791365082882,10570,h
P01,S02,4,down,16,1791365082992.4,10571,Shift
P01,S02,4,down,48,1791365083210.7,10572,=
P01,S02,4,up,48,1791365083239,10572,=
P01,S02,4,up,16,1791365083523.9,10571,Shift
P01,S02,4,down,8,1791365083548.7,10573,Backspace
P01,S02,4,up,8,1791365083657.8,10573,Backspace
P01,S02,4,down,16,1791365083748.3,10574,Shift
P01,S02,4,down,219,1791365084078.1,10575,?
P01,S02,4,up,219,1791365084175.3,10575,?
P01,S02,4,up,16,1791365084327.5,10574,Shift
P01,S02,4,down,32,1791365084346.4,10576, 
P01,S02,4,up,32,1791365084401.8,10576, 
P01,S02,4,down,13,1791365085072.5,10577,Enter
P01,S02,4,up,13,1791365085254.3,10577,Enter
P01,S02,5,down,16,1791365153057.9,10578,Shift
P01,S02,5,up,16,1791365153728.7,10578,Shift
P01,S02,5,down,16,1791365155714,10579,Shift
P01,S02,5,down,67,1791365155865.7,10580,C
P01,S02,5,up,16,1791365155966.7,10579,Shift
P01,S02,5,up,67,1791365155968.1,10580,C
P01,S02,5,down,65,1791365156086.5,10581,a
P01,S02,5,up,65,1791365156212.5,10581,a
P01,S02,5,down,78,1791365156262.8,10582,n
P01,S02,5,up,78,1791365156335.5,10582,n
P01,S02,5,down,32,1791365156416.2,10583, 
P01,S02,5,up,32,1791365156503,10583, 
P01,S02,5,down,89,1791365156619.9,10584,y
P01,S02,5,up,89,1791365156666.6,10584,y
P01,S02,5,down,79,1791365157407.3,10585,o
P01,S02,5,up,79,1791365157509.2,10585,o
P01,S02,5,down,85,1791365157613.2,10586,u
P01,S02,5,up,85,1791365157692.7,10586,u
P01,S02,5,down,188,1791365157820.3,10587,","
P01,S02,5,up,188,1791365157946.8,10587,","
P01,S02,5,down,32,1791365158024.3,10588, 
P01,S02,5,up,32,1791365158095.5,10588, 
P01,S02,5,down,65,1791365158174.8,10589,a
P01,S02,5,up,65,1791365158262.1,10589,a
P01,S02,5,down,83,1791365158339.5,10590,s
P01,S02,5,down,32,1791365158443.1,10591, 
P01,S02,5,up,83,1791365158447.7,10590,s
P01,S02,5,up,32,1791365158497.5,10591, 
P01,S02,5,down,65,1791365158561.6,10592,a
P01,S02,5,up,65,1791365158658.9,10592,a
P01,S02,5,down,78,1791365158810.3,10593,n
P01,S02,5,up,78,1791365158873.9,10593,n
P01,S02,5,down,32,1791365158983.9,10594, 
P01,S02,5,down,16,1791365159030.7,10595,Shift
P01,S02,5,up,32,1791365159032.8,10594, 
P01,S02,5,down,65,1791365159438.7,10596,A
P01,S02,5,down,73,1791365159588.8,10597,I
P01,S02,5,up,65,1791365159591.8,10596,A
P01,S02,5,up,73,1791365159670,10597,I
P01,S02,5,up,16,1791365159797.6,10595,Shift
P01,S02,5,down,32,1791365159798.5,10598, 
P01,S02,5,up,32,1791365159859,10598, 
P01,S02,5,down,84,1791365160148.4,10599,t
P01,S02,5,up,84,1791365160225.7,10599,t
P01,S02,5,down,82,1791365160289.2,10600,r
P01,S02,5,up,82,1791365160382.5,10600,r
P01,S02,5,down,89,1791365160397.9,10601,y
P01,S02,5,up,89,1791365160460.1,10601,y
P01,S02,5,down,76,1791365160701.4,10602,l
P01,S02,5,up,76,1791365160767.1,10602,l
P01,S02,5,down,89,1791365160921.4,10603,y
P01,S02,5,up,89,1791365160976.9,10603,y
P01,S02,5,down,32,1791365161139.8,10604, 
P01,S02,5,up,32,1791365161211,10604, 
P01,S02,5,down,68,1791365161418.3,10605,d
P01,S02,5,up,68,1791365161490.1,10605,d
P01,S02,5,down,69,1791365161602.4,10606,e
P01,S02,5,up,69,1791365161680.1,10606,e
P01,S02,5,down,86,1791365161697.4,10607,v
P01,S02,5,up,86,1791365161762.2,10607,v
P01,S02,5,down,69,1791365161857,10608,e
P01,S02,5,up,69,1791365161921.5,10608,e
P01,S02,5,down,76,1791365161958.3,10609,l
P01,S02,5,up,76,1791365162046.4,10609,l
P01,S02,5,down,79,1791365162209.1,10610,o
P01,S02,5,up,79,1791365162281,10610,o
P01,S02,5,down,80,1791365162376.2,10611,p
P01,S02,5,up,80,1791365162454.6,10611,p
P01,S02,5,down,32,1791365162572.1,10612, 
P01,S02,5,up,32,1791365162626,10612, 
P01,S02,5,down,89,1791365162785.2,10613,y
P01,S02,5,up,89,1791365162840.6,10613,y
P01,S02,5,down,85,1791365163280.4,10614,u
P01,S02,5,up,85,1791365163391.5,10614,u
P01,S02,5,down,82,1791365163522.5,10615,r
P01,S02,5,up,82,1791365163586.3,10615,r
P01,S02,5,down,83,1791365163757.9,10616,s
P01,S02,5,up,83,1791365163816.2,10616,s
P01,S02,5,down,69,1791365163929,10617,e
P01,S02,5,up,69,1791365164001.7,10617,e
P01,S02,5,down,76,1791365164044.9,10618,l
P01,S02,5,up,76,1791365164107,10618,l
P01,S02,5,down,70,1791365164154.4,10619,f
P01,S02,5,up,70,1791365164242.6,10619,f
P01,S02,5,down,16,1791365164409.8,10620,Shift
P01,S02,5,down,219,1791365164477.2,10621,?
P01,S02,5,up,219,1791365164550.1,10621,?
P01,S02,5,up,16,1791365164630.8,10620,Shift
P01,S02,5,down,32,1791365164679.4,10622, 
P01,S02,5,up,32,1791365164735.2,10622, 
P01,S02,5,down,16,1791365164805.3,10623,Shift
P01,S02,5,down,76,1791365164879.9,10624,L
P01,S02,5,up,76,1791365164967.8,10624,L
P01,S02,5,up,16,1791365165026.2,10623,Shift
P01,S02,5,down,73,1791365165063.1,10625,i
P01,S02,5,up,73,1791365165126,10625,i
P01,S02,5,down,75,1791365165216.7,10626,k
P01,S02,5,up,75,1791365165302,10626,k
P01,S02,5,down,69,1791365165303,10627,e
P01,S02,5,down,32,1791365165401.2,10628, 
P01,S02,5,up,69,1791365165405,10627,e
P01,S02,5,up,32,1791365165460.6,10628, 
P01,S02,5,down,16,1791365165562.4,10629,Shift
P01,S02,5,down,73,1791365165620.2,10630,I
P01,S02,5,up,73,1791365165691.8,10630,I
P01,S02,5,up,16,1791365165743.1,10629,Shift
P01,S02,5,down,32,1791365165789.6,10631, 
P01,S02,5,up,32,1791365165845.6,10631, 
P01,S02,5,down,85,1791365165945.4,10632,u
P01,S02,5,up,85,1791365166015.5,10632,u
P01,S02,5,down,78,1791365166101.5,10633,n
P01,S02,5,up,78,1791365166172,10633,n
P01,S02,5,down,68,1791365166202.8,10634,d
P01,S02,5,up,68,1791365166282.5,10634,d
P01,S02,5,down,69,1791365166377.6,10635,e
P01,S02,5,up,69,1791365166465.8,10635,e
P01,S02,5,down,82,1791365166561.2,10636,r
P01,S02,5,up,82,1791365166639.9,10636,r
P01,S02,5,down,83,1791365166734.5,10637,s
P01,S02,5,down,84,1791365166846.8,10638,t
P01,S02,5,up,83,1791365166849.2,10637,s
P01,S02,5,up,84,1791365166908,10638,t
P01,S02,5,down,65,1791365166950.6,10639,a
P01,S02,5,up,65,1791365167070.9,10639,a
P01,S02,5,down,78,1791365167072.6,10640,n
P01,S02,5,up,78,1791365167165.9,10640,n
P01,S02,5,down,68,1791365167167.5,10641,d
P01,S02,5,up,68,1791365167249.4,10641,d
P01,S02,5,down,32,1791365167286,10642, 
P01,S02,5,up,32,1791365167319.3,10642, 
P01,S02,5,down,89,1791365167525.1,10643,y
P01,S02,5,up,89,1791365167597.4,10643,y
P01,S02,5,down,79,1791365167775,10644,o
P01,S02,5,up,79,1791365167860.8,10644,o
P01,S02,5,down,85,1791365167969.6,10645,u
P01,S02,5,up,85,1791365168033.2,10645,u
P01,S02,5,down,32,1791365168133,10646, 
P01,S02,5,up,32,1791365168217.1,10646, 
P01,S02,5,down,67,1791365168218,10647,c
P01,S02,5,up,67,1791365168296.8,10647,c
P01,S02,5,down,65,1791365168417.9,10648,a
P01,S02,5,down,78,1791365168515.9,10649,n
P01,S02,5,up,65,1791365168551.7,10648,a
P01,S02,5,up,78,1791365168579.3,10649,n
P01,S02,5,down,219,1791365168759.6,10650,'
P01,S02,5,up,219,1791365168883.9,10650,'
P01,S02,5,down,84,1791365169091.1,10651,t
P01,S02,5,up,84,1791365169121.4,10651,t
P01,S02,5,down,32,1791365169227,10652, 
P01,S02,5,up,32,1791365169314.6,10652, 
P01,S02,5,down,65,1791365169333.8,10653,a
P01,S02,5,down,76,1791365169460.2,10654,l
P01,S02,5,up,65,1791365169462.6,10653,a
P01,S02,5,up,76,1791365169532.9,10654,l
P01,S02,5,down,84,1791365169665.5,10655,t
P01,S02,5,up,84,1791365169730.1,10655,t
P01,S02,5,down,69,1791365169767.4,10656,e
P01,S02,5,up,69,1791365169847.5,10656,e
P01,S02,5,down,82,1791365169943.5,10657,r
P01,S02,5,down,32,1791365169991.8,10658, 
P01,S02,5,up,32,1791365170069.5,10658, 
P01,S02,5,up,82,1791365170071.6,10657,r
P01,S02,5,down,89,1791365170162.8,10659,y
P01,S02,5,up,89,1791365170254.4,10659,y
P01,S02,5,down,79,1791365170398,10660,o
P01,S02,5,up,79,1791365170485,10660,o
P01,S02,5,down,85,1791365170609.1,10661,u
P01,S02,5,up,85,1791365170664.6,10661,u
P01,S02,5,down,82,1791365170710.7,10662,r
P01,S02,5,down,32,1791365170805.8,10663, 
P01,S02,5,up,82,1791365170808.7,10662,r
P01,S02,5,up,32,1791365170853.7,10663, 
P01,S02,5,down,79,1791365170960.4,10664,o
P01,S02,5,up,79,1791365171040.4,10664,o
P01,S02,5,down,87,1791365171065.2,10665,w
P01,S02,5,up,87,1791365171151.4,10665,w
P01,S02,5,down,78,1791365171182.2,10666,n
P01,S02,5,up,78,1791365171245.9,10666,n
P01,S02,5,down,32,1791365171318.8,10667, 
P01,S02,5,up,32,1791365171415.5,10667, 
P01,S02,5,down,67,1791365171468.3,10668,c
P01,S02,5,up,67,1791365171532.5,10668,c
P01,S02,5,down,79,1791365171558.7,10669,o
P01,S02,5,up,79,1791365171638,10669,o
P01,S02,5,down,68,1791365171696.3,10670,d
P01,S02,5,up,68,1791365171815.2,10670,d
P01,S02,5,down,69,1791365171919,10671,e
P01,S02,5,down,188,1791365172006.2,10672,","
P01,S02,5,up,69,1791365172028.2,10671,e
P01,S02,5,up,188,1791365172101.6,10672,","
P01,S02,5,down,32,1791365172195.6,10673, 
P01,S02,5,up,32,1791365172261.2,10673, 
P01,S02,5,down,66,1791365172389.6,10674,b
P01,S02,5,up,66,1791365172516.3,10674,b
P01,S02,5,down,85,1791365172631.4,10675,u
P01,S02,5,up,85,1791365172718,10675,u
P01,S02,5,down,84,1791365172812.6,10676,t
P01,S02,5,up,84,1791365172873.9,10676,t
P01,S02,5,down,32,1791365172971,10677, 
P01,S02,5,up,32,1791365173079,10677, 
P01,S02,5,down,83,1791365173079.9,10678,s
P01,S02,5,up,83,1791365173147.3,10678,s
P01,S02,5,down,65,1791365173265.4,10679,a
P01,S02,5,down,89,1791365173388.6,10680,y
P01,S02,5,up,65,1791365173391.6,10679,a
P01,S02,5,up,89,1791365173457.8,10680,y
P01,S02,5,down,32,1791365173547,10681, 
P01,S02,5,up,32,1791365173618.3,10681, 
P01,S02,5,down,16,1791365173913.7,10682,Shift
P01,S02,5,down,73,1791365174019.1,10683,I
P01,S02,5,up,73,1791365174091,10683,I
P01,S02,5,up,16,1791365174133.4,10682,Shift
P01,S02,5,down,32,1791365174200.4,10684, 
P01,S02,5,up,32,1791365174270,10684, 
P01,S02,5,down,65,1791365174507.5,10685,a
P01,S02,5,down,78,1791365174587.7,10686,n
P01,S02,5,up,65,1791365174626.1,10685,a
P01,S02,5,up,78,1791365174649.7,10686,n
P01,S02,5,down,84,1791365174782.1,10687,t
P01,S02,5,up,84,1791365174829.5,10687,t
P01,S02,5,down,69,1791365174869.9,10688,e
P01,S02,5,up,69,1791365174932.4,10688,e
P01,S02,5,down,32,1791365175049.1,10689, 
P01,S02,5,down,68,1791365175050.4,10690,d
P01,S02,5,up,32,1791365175141.1,10689, 
P01,S02,5,up,68,1791365175143.2,10690,d
P01,S02,5,down,84,1791365175233.6,10691,t
P01,S02,5,up,84,1791365175296.6,10691,t
P01,S02,5,down,79,1791365175443.6,10692,o
P01,S02,5,up,79,1791365175531,10692,o
P01,S02,5,down,32,1791365175652,10693, 
P01,S02,5,up,32,1791365175708.8,10693, 
P01,S02,5,down,77,1791365175806.7,10694,m
P01,S02,5,up,77,1791365175861.8,10694,m
P01,S02,5,down,65,1791365175909,10695,a
P01,S02,5,up,65,1791365175996.1,10695,a
P01,S02,5,down,75,1791365176012.7,10696,k
P01,S02,5,up,75,1791365176076.8,10696,k
P01,S02,5,down,69,1791365176131.2,10697,e
P01,S02,5,down,32,1791365176179.8,10698, 
P01,S02,5,up,32,1791365176228.9,10698, 
P01,S02,5,up,69,1791365176230.3,10697,e
P01,S02,5,down,77,1791365176330.2,10699,m
P01,S02,5,up,77,1791365176427.8,10699,m
P01,S02,5,down,89,1791365176542.8,10700,y
P01,S02,5,up,89,1791365176604.8,10700,y
P01,S02,5,down,32,1791365176703,10701, 
P01,S02,5,up,32,1791365176774,10701, 
P01,S02,5,down,79,1791365176885.3,10702,o
P01,S02,5,up,79,1791365176963.4,10702,o
P01,S02,5,down,87,1791365176991.8,10703,w
P01,S02,5,down,78,1791365177101.6,10704,n
P01,S02,5,up,87,1791365177103.6,10703,w
P01,S02,5,up,78,1791365177158.2,10704,n
P01,S02,5,down,32,1791365177241.9,10705, 
P01,S02,5,up,32,1791365177336.2,10705, 
P01,S02,5,down,16,1791365177691.4,10706,Shift
P01,S02,5,down,65,1791365177856.6,10707,A
P01,S02,5,up,65,1791365178025.1,10707,A
P01,S02,5,down,73,1791365178073,10708,I
P01,S02,5,up,73,1791365178152.8,10708,I
P01,S02,5,up,16,1791365178292.1,10706,Shift
P01,S02,5,down,8,1791365178722.6,10709,Backspace
P01,S02,5,up,8,1791365178777.8,10709,Backspace
P01,S02,5,down,8,1791365178883.6,10710,Backspace
P01,S02,5,up,8,1791365178946.9,10710,Backspace
P01,S02,5,down,16,1791365179686.6,10711,Shift
P01,S02,5,down,67,1791365179846.1,10712,C
P01,S02,5,up,16,1791365179939.8,10711,Shift
P01,S02,5,up,67,1791365179957.9,10712,C
P01,S02,5,down,72,1791365179994,10713,h
P01,S02,5,up,72,1791365180080.6,10713,h
P01,S02,5,down,65,1791365180122,10714,a
P01,S02,5,down,84,1791365180240.7,10715,t
P01,S02,5,up,65,1791365180243.3,10714,a
P01,S02,5,up,84,1791365180297,10715,t
P01,S02,5,down,16,1791365180496.4,10716,Shift
P01,S02,5,down,71,1791365180831.1,10717,G
P01,S02,5,up,71,1791365180894.6,10717,G
P01,S02,5,down,80,1791365181093.9,10718,P
P01,S02,5,up,80,1791365181180.6,10718,P
P01,S02,5,down,84,1791365181329.1,10719,T
P01,S02,5,up,84,1791365181385.1,10719,T
P01,S02,5,up,16,1791365181580.1,10716,Shift
P01,S02,5,down,188,1791365181911.9,10720,","
P01,S02,5,up,188,1791365181998.9,10720,","
P01,S02,5,down,32,1791365182121.7,10721, 
P01,S02,5,up,32,1791365182185.7,10721, 
P01,S02,5,down,65,1791365182240.7,10722,a
P01,S02,5,up,65,1791365182336.3,10722,a
P01,S02,5,down,78,1791365182386.1,10723,n
P01,S02,5,up,78,1791365182456.5,10723,n
P01,S02,5,down,68,1791365182457.6,10724,d
P01,S02,5,up,68,1791365182549.8,10724,d
P01,S02,5,down,32,1791365182601.8,10725, 
P01,S02,5,up,32,1791365182681.6,10725, 
P01,S02,5,down,83,1791365183040.3,10726,s
P01,S02,5,up,83,1791365183120,10726,s
P01,S02,5,down,80,1791365183193.8,10727,p
P01,S02,5,up,80,1791365183306.7,10727,p
P01,S02,5,down,82,1791365183452.3,10728,r
P01,S02,5,down,73,1791365183554.8,10729,i
P01,S02,5,up,82,1791365183557.5,10728,r
P01,S02,5,up,73,1791365183633.2,10729,i
P01,S02,5,down,74,1791365183821.2,10730,j
P01,S02,5,up,74,1791365183856.7,10730,j
P01,S02,5,down,8,1791365184318.1,10731,Backspace
P01,S02,5,up,8,1791365184396.8,10731,Backspace
P01,S02,5,down,78,1791365184605.9,10732,n
P01,S02,5,up,78,1791365184668.7,10732,n
P01,S02,5,down,75,1791365185473.4,10733,k
P01,S02,5,up,75,1791365185555.7,10733,k
P01,S02,5,down,76,1791365185684.1,10734,l
P01,S02,5,up,76,1791365185755,10734,l
P01,S02,5,down,69,1791365185839.5,10735,e
P01,S02,5,down,32,1791365185912.8,10736, 
P01,S02,5,up,69,1791365185943,10735,e
P01,S02,5,up,32,1791365185984.9,10736, 
P01,S02,5,down,83,1791365186150.9,10737,s
P01,S02,5,up,83,1791365186254.4,10737,s
P01,S02,5,down,79,1791365186274.2,10738,o
P01,S02,5,up,79,1791365186345.6,10738,o
P01,S02,5,down,77,1791365186442.3,10739,m
P01,S02,5,up,77,1791365186570.2,10739,m
P01,S02,5,down,69,1791365186644.7,10740,e
P01,S02,5,up,69,1791365186732.8,10740,e
P01,S02,5,down,32,1791365186757.6,10741, 
P01,S02,5,up,32,1791365186828.6,10741, 
P01,S02,5,down,69,1791365186944.4,10742,e
P01,S02,5,up,69,1791365187039.6,10742,e
P01,S02,5,down,88,1791365187772.9,10743,x
P01,S02,5,up,88,1791365187852.1,10743,x
P01,S02,5,down,84,1791365188346.8,10744,t
P01,S02,5,up,84,1791365188440.9,10744,t
P01,S02,5,down,82,1791365188526.5,10745,r
P01,S02,5,up,82,1791365188590.5,10745,r
P01,S02,5,down,65,1791365188610.3,10746,a
P01,S02,5,down,32,1791365188701.7,10747, 
P01,S02,5,up,65,1791365188729.8,10746,a
P01,S02,5,up,32,1791365188771.4,10747, 
P01,S02,5,down,66,1791365188863.8,10748,b
P01,S02,5,up,66,1791365188935,10748,b
P01,S02,5,down,73,1791365189074.3,10749,i
P01,S02,5,up,73,1791365189153.6,10749,i
P01,S02,5,down,84,1791365189280.5,10750,t
P01,S02,5,up,84,1791365189335.7,10750,t
P01,S02,5,down,83,1791365189405.9,10751,s
P01,S02,5,down,32,1791365189503.7,10752, 
P01,S02,5,up,83,1791365189505.6,10751,s
P01,S02,5,up,32,1791365189566.8,10752, 
P01,S02,5,down,72,1791365190015.3,10753,h
P01,S02,5,up,72,1791365190085.5,10753,h
P01,S02,5,down,69,1791365190107,10754,e
P01,S02,5,up,69,1791365190194.7,10754,e
P01,S02,5,down,82,1791365190309.6,10755,r
P01,S02,5,up,82,1791365190373,10755,r
P01,S02,5,down,69,1791365190478.6,10756,e
P01,S02,5,up,69,1791365190558.3,10756,e
P01,S02,5,down,32,1791365190596.4,10757, 
P01,S02,5,up,32,1791365190651.8,10757, 
P01,S02,5,down,65,1791365190677,10758,a
P01,S02,5,up,65,1791365190772.4,10758,a
P01,S02,5,down,78,1791365190801,10759,n
P01,S02,5,up,78,1791365190895.9,10759,n
P01,S02,5,down,68,1791365190897.2,10760,d
P01,S02,5,down,32,1791365191006.8,10761, 
P01,S02,5,up,68,1791365191008.9,10760,d
P01,S02,5,up,32,1791365191053.5,10761, 
P01,S02,5,down,84,1791365191197,10762,t
P01,S02,5,up,84,1791365191219.2,10762,t
P01,S02,5,down,72,1791365191349.4,10763,h
P01,S02,5,up,72,1791365191493.7,10763,h
P01,S02,5,down,69,1791365191557,10764,e
P01,S02,5,up,69,1791365191636.2,10764,e
P01,S02,5,down,82,1791365191759.6,10765,r
P01,S02,5,up,82,1791365191838.9,10765,r
P01,S02,5,down,69,1791365191940.9,10766,e
P01,S02,5,down,32,1791365192055.1,10767, 
P01,S02,5,up,69,1791365192057,10766,e
P01,S02,5,up,32,1791365192117.3,10767, 
P01,S02,5,down,84,1791365192360.4,10768,t
P01,S02,5,up,84,1791365192431.6,10768,t
P01,S02,5,down,72,1791365192541.5,10769,h
P01,S02,5,up,72,1791365192646.5,10769,h
P01,S02,5,down,65,1791365192647.6,10770,a
P01,S02,5,down,84,1791365192751.4,10771,t
P01,S02,5,up,65,1791365192754,10770,a
P01,S02,5,up,84,1791365192799.7,10771,t
P01,S02,5,down,32,1791365192904.8,10772, 
P01,S02,5,up,32,1791365192976.8,10772, 
P01,S02,5,down,89,1791365193160.5,10773,y
P01,S02,5,up,89,1791365193199.8,10773,y
P01,S02,5,down,79,1791365193538.8,10774,o
P01,S02,5,up,79,1791365193544.9,10774,o
P01,S02,5,down,85,1791365194358.6,10775,u
P01,S02,5,up,85,1791365194429.2,10775,u
P01,S02,5,down,32,1791365194550,10776, 
P01,S02,5,up,32,1791365194605.9,10776, 
P01,S02,5,down,68,1791365194712.9,10777,d
P01,S02,5,down,79,1791365194765.5,10778,o
P01,S02,5,up,68,1791365194785.2,10777,d
P01,S02,5,up,79,1791365194826.4,10778,o
P01,S02,5,down,78,1791365194956,10779,n
P01,S02,5,up,78,1791365195003.3,10779,n
P01,S02,5,down,219,1791365195233,10780,'
P01,S02,5,up,219,1791365195352.9,10780,'
P01,S02,5,down,84,1791365195579.3,10781,t
P01,S02,5,up,84,1791365195618.1,10781,t
P01,S02,5,down,72,1791365196008.9,10782,h
P01,S02,5,up,72,1791365196088.1,10782,h
P01,S02,5,down,8,1791365196346.1,10783,Backspace
P01,S02,5,up,8,1791365196481.1,10783,Backspace
P01,S02,5,down,32,1791365196651.8,10784, 
P01,S02,5,up,32,1791365196770.4,10784, 
P01,S02,5,down,72,1791365196885.3,10785,h
P01,S02,5,up,72,1791365196965,10785,h
P01,S02,5,down,65,1791365197036.6,10786,a
P01,S02,5,down,86,1791365197114.9,10787,v
P01,S02,5,up,65,1791365197116.9,10786,a
P01,S02,5,up,86,1791365197179.4,10787,v
P01,S02,5,down,69,1791365197264.6,10788,e
P01,S02,5,down,32,1791365197294.2,10789, 
P01,S02,5,up,32,1791365197375.4,10789, 
P01,S02,5,up,69,1791365197376.9,10788,e
P01,S02,5,down,89,1791365197464,10790,y
P01,S02,5,up,89,1791365197536.5,10790,y
P01,S02,5,down,79,1791365197691.9,10791,o
P01,S02,5,up,79,1791365197821.8,10791,o
P01,S02,5,down,85,1791365197932.3,10792,u
P01,S02,5,up,85,1791365198012.3,10792,u
P01,S02,5,down,82,1791365198055.6,10793,r
P01,S02,5,up,82,1791365198141.9,10793,r
P01,S02,5,down,83,1791365198288.5,10794,s
P01,S02,5,up,83,1791365198406.4,10794,s
P01,S02,5,down,69,1791365198512.6,10795,e
P01,S02,5,up,69,1791365198616.3,10795,e
P01,S02,5,down,76,1791365198641.5,10796,l
P01,S02,5,up,76,1791365198696,10796,l
P01,S02,5,down,70,1791365198772.2,10797,f
P01,S02,5,up,70,1791365198871.6,10797,f
P01,S02,5,down,190,1791365198903.1,10798,.
P01,S02,5,up,190,1791365198998.2,10798,.
P01,S02,5,down,32,1791365199106,10799, 
P01,S02,5,down,16,1791365199179.1,10800,Shift
P01,S02,5,up,32,1791365199180.8,10799, 
P01,S02,5,down,67,1791365199442.2,10801,C
P01,S02,5,up,67,1791365199561.3,10801,C
P01,S02,5,up,16,1791365199624,10800,Shift
P01,S02,5,down,8,1791365199753.7,10802,Backspace
P01,S02,5,up,8,1791365199841.4,10802,Backspace
P01,S02,5,down,16,1791365199919.2,10803,Shift
P01,S02,5,down,73,1791365200721.7,10804,I
P01,S02,5,up,73,1791365200791.9,10804,I
P01,S02,5,up,16,1791365200901.6,10803,Shift
P01,S02,5,down,32,1791365200923.5,10805, 
P01,S02,5,up,32,1791365201010.6,10805, 
P01,S02,5,down,67,1791365201141.2,10806,c
P01,S02,5,down,79,1791365201252.3,10807,o
P01,S02,5,up,67,1791365201255.7,10806,c
P01,S02,5,up,79,1791365201331.8,10807,o
P01,S02,5,down,85,1791365201440.3,10808,u
P01,S02,5,up,85,1791365201499.5,10808,u
P01,S02,5,down,76,1791365201626.3,10809,l
P01,S02,5,up,76,1791365201706,10809,l
P01,S02,5,down,68,1791365201738.5,10810,d
P01,S02,5,up,68,1791365201825.7,10810,d
P01,S02,5,down,32,1791365201846.1,10811, 
P01,S02,5,up,32,1791365201886.1,10811, 
P01,S02,5,down,68,1791365202271.6,10812,d
P01,S02,5,down,79,1791365202356,10813,o
P01,S02,5,up,68,1791365202358.2,10812,d
P01,S02,5,up,79,1791365202413.2,10813,o
P01,S02,5,down,32,1791365202566.3,10814, 
P01,S02,5,up,32,1791365202629.9,10814, 
P01,S02,5,down,84,1791365202759.7,10815,t
P01,S02,5,up,84,1791365202823,10815,t
P01,S02,5,down,72,1791365202904.1,10816,h
P01,S02,5,up,72,1791365203007.1,10816,h
P01,S02,5,down,65,1791365203044.9,10817,a
P01,S02,5,up,65,1791365203132,10817,a
P01,S02,5,down,84,1791365203153.1,10818,t
P01,S02,5,up,84,1791365203215.6,10818,t
P01,S02,5,down,32,1791365203325.3,10819, 
P01,S02,5,up,32,1791365203419.3,10819, 
P01,S02,5,down,69,1791365203457.7,10820,e
P01,S02,5,down,78,1791365203553.9,10821,n
P01,S02,5,up,69,1791365203556.9,10820,e
P01,S02,5,up,78,1791365203632.5,10821,n
P01,S02,5,down,84,1791365203736.5,10822,t
P01,S02,5,up,84,1791365203792,10822,t
P01,S02,5,down,73,1791365203940.1,10823,i
P01,S02,5,up,73,1791365204035.2,10823,i
P01,S02,5,down,82,1791365204108.8,10824,r
P01,S02,5,up,82,1791365204156.3,10824,r
P01,S02,5,down,69,1791365204285.3,10825,e
P01,S02,5,up,69,1791365204364.1,10825,e
P01,S02,5,down,76,1791365204711.3,10826,l
P01,S02,5,up,76,1791365204805.6,10826,l
P01,S02,5,down,89,1791365204968.9,10827,y
P01,S02,5,up,89,1791365205024,10827,y
P01,S02,5,down,32,1791365205143.3,10828, 
P01,S02,5,up,32,1791365205206.1,10828, 
P01,S02,5,down,87,1791365205249.7,10829,w
P01,S02,5,up,87,1791365205345.1,10829,w
P01,S02,5,down,73,1791365205388.4,10830,i
P01,S02,5,up,73,1791365205420.5,10830,i
P01,S02,5,down,84,1791365205699.6,10831,t
P01,S02,5,up,84,1791365205746,10831,t
P01,S02,5,down,72,1791365205850.9,10832,h
P01,S02,5,up,72,1791365205937.7,10832,h
P01,S02,5,down,32,1791365206014.2,10833, 
P01,S02,5,up,32,1791365206085.9,10833, 
P01,S02,5,down,89,1791365206206.9,10834,y
P01,S02,5,up,89,1791365206261.4,10834,y
P01,S02,5,down,79,1791365206439.5,10835,o
P01,S02,5,up,79,1791365206549.4,10835,o
P01,S02,5,down,85,1791365206636.2,10836,u
P01,S02,5,up,85,1791365206691.4,10836,u
P01,S02,5,down,82,1791365206764.5,10837,r
P01,S02,5,down,32,1791365206841.9,10838, 
P01,S02,5,up,82,1791365206843.8,10837,r
P01,S02,5,up,32,1791365206890.8,10838, 
P01,S02,5,down,72,1791365207022.7,10839,h
P01,S02,5,up,72,1791365207070.1,10839,h
P01,S02,5,down,69,1791365207129.1,10840,e
P01,S02,5,up,69,1791365207246.6,10840,e
P01,S02,5,down,76,1791365207467.4,10841,l
P01,S02,5,up,76,1791365207541.4,10841,l
P01,S02,5,down,80,1791365207660.2,10842,p
P01,S02,5,up,80,1791365207739.7,10842,p
P01,S02,5,down,32,1791365208204.5,10843, 
P01,S02,5,up,32,1791365208267.8,10843, 
P01,S02,5,down,82,1791365208452.1,10844,r
P01,S02,5,down,73,1791365208572.1,10845,i
P01,S02,5,up,82,1791365208575,10844,r
P01,S02,5,up,73,1791365208673.5,10845,i
P01,S02,5,down,71,1791365208783.8,10846,g
P01,S02,5,up,71,1791365208838.8,10846,g
P01,S02,5,down,72,1791365208930.8,10847,h
P01,S02,5,up,72,1791365209017.9,10847,h
P01,S02,5,down,84,1791365209098.7,10848,t
P01,S02,5,up,84,1791365209162,10848,t
P01,S02,5,down,16,1791365209219.8,10849,Shift
P01,S02,5,down,219,1791365209828.5,10850,?
P01,S02,5,up,219,1791365209884.1,10850,?
P01,S02,5,up,16,1791365209911.1,10849,Shift
P01,S02,5,down,16,1791365210081.2,10851,Shift
P01,S02,5,down,13,1791365210187.6,10852,Enter
P01,S02,5,up,13,1791365210297.9,10852,Enter
P01,S02,5,down,13,1791365210376.5,10853,Enter
P01,S02,5,up,13,1791365210463.5,10853,Enter
P01,S02,5,up,16,1791365210584.6,10851,Shift
P01,S02,5,down,16,1791365211243.5,10854,Shift
P01,S02,5,down,65,1791365211401.8,10855,A
P01,S02,5,up,16,1791365211496.8,10854,Shift
P01,S02,5,up,65,1791365211544.1,10855,A
P01,S02,5,down,76,1791365211581.9,10856,l
P01,S02,5,up,76,1791365211684.2,10856,l
P01,S02,5,down,83,1791365211736.2,10857,s
P01,S02,5,down,79,1791365211820.3,10858,o
P01,S02,5,up,83,1791365211862.2,10857,s
P01,S02,5,up,79,1791365211887.6,10858,o
P01,S02,5,down,188,1791365211996.6,10859,","
P01,S02,5,up,188,1791365212107.4,10859,","
P01,S02,5,down,32,1791365212181,10860, 
P01,S02,5,up,32,1791365212261.4,10860, 
P01,S02,5,down,87,1791365212900.1,10861,w
P01,S02,5,up,87,1791365213003.7,10861,w
P01,S02,5,down,72,1791365213067.6,10862,h
P01,S02,5,up,72,1791365213154.6,10862,h
P01,S02,5,down,65,1791365213196.7,10863,a
P01,S02,5,down,84,1791365213299.9,10864,t
P01,S02,5,up,65,1791365213329.8,10863,a
P01,S02,5,up,84,1791365213367.4,10864,t
P01,S02,5,down,219,1791365213578.6,10865,'
P01,S02,5,up,219,1791365213681.8,10865,'
P01,S02,5,down,83,1791365213751.3,10866,s
P01,S02,5,up,83,1791365213822.7,10866,s
P01,S02,5,down,32,1791365213860,10867, 
P01,S02,5,up,32,1791365213925.9,10867, 
P01,S02,5,down,65,1791365213959.8,10868,a
P01,S02,5,up,65,1791365214118.5,10868,a
P01,S02,5,down,78,1791365214151.6,10869,n
P01,S02,5,up,78,1791365214222.8,10869,n
P01,S02,5,down,32,1791365214335.1,10870, 
P01,S02,5,up,32,1791365214414,10870, 
P01,S02,5,down,16,1791365214643.8,10871,Shift
P01,S02,5,down,65,1791365214833.9,10872,A
P01,S02,5,down,73,1791365214979.2,10873,I
P01,S02,5,up,65,1791365214983.5,10872,A
P01,S02,5,up,73,1791365215041.5,10873,I
P01,S02,5,up,16,1791365215124.5,10871,Shift
P01,S02,5,down,32,1791365215162.1,10874, 
P01,S02,5,up,32,1791365215234,10874, 
P01,S02,5,down,65,1791365215311.7,10875,a
P01,S02,5,up,65,1791365215398.1,10875,a
P01,S02,5,down,71,1791365215421.2,10876,g
P01,S02,5,up,71,1791365215514.6,10876,g
P01,S02,5,down,69,1791365215585.8,10877,e
P01,S02,5,down,78,1791365215657.6,10878,n
P01,S02,5,up,69,1791365215687.6,10877,e
P01,S02,5,up,78,1791365215751.2,10878,n
P01,S02,5,down,84,1791365215861.3,10879,t
P01,S02,5,up,84,1791365215916.5,10879,t
P01,S02,5,down,16,1791365216024.4,10880,Shift
P01,S02,5,up,16,1791365216493.1,10880,Shift
P01,S02,5,down,16,1791365216832.9,10881,Shift
P01,S02,5,down,219,1791365217091.7,10882,?
P01,S02,5,up,219,1791365217154.1,10882,?
P01,S02,5,up,16,1791365217245.1,10881,Shift
P01,S02,5,down,32,1791365217311.3,10883, 
P01,S02,5,up,32,1791365217374.8,10883, 
P01,S02,5,down,16,1791365217433.3,10884,Shift
P01,S02,5,down,76,1791365217706.8,10885,L
P01,S02,5,up,76,1791365217793.9,10885,L
P01,S02,5,up,16,1791365217868.6,10884,Shift
P01,S02,5,down,73,1791365217892.5,10886,i
P01,S02,5,up,73,1791365217956.1,10886,i
P01,S02,5,down,75,1791365218049.7,10887,k
P01,S02,5,up,75,1791365218130.4,10887,k
P01,S02,5,down,69,1791365218149.9,10888,e
P01,S02,5,down,32,1791365218231.5,10889, 
P01,S02,5,up,69,1791365218258.2,10888,e
P01,S02,5,up,32,1791365218302.5,10889, 
P01,S02,5,down,89,1791365218423.2,10890,y
P01,S02,5,up,89,1791365218485.9,10890,y
P01,S02,5,down,79,1791365218630,10891,o
P01,S02,5,up,79,1791365218730.1,10891,o
P01,S02,5,down,85,1791365218862.1,10892,u
P01,S02,5,up,85,1791365218911.5,10892,u
P01,S02,5,down,219,1791365219076.4,10893,'
P01,S02,5,up,219,1791365219179.2,10893,'
P01,S02,5,down,82,1791365219232.6,10894,r
P01,S02,5,up,82,1791365219303.8,10894,r
P01,S02,5,down,69,1791365219405.2,10895,e
P01,S02,5,down,32,1791365219511.2,10896, 
P01,S02,5,up,69,1791365219514.2,10895,e
P01,S02,5,up,32,1791365219572.7,10896, 
P01,S02,5,down,65,1791365219630.5,10897,a
P01,S02,5,down,32,1791365219741.5,10898, 
P01,S02,5,up,65,1791365219744.8,10897,a
P01,S02,5,up,32,1791365219791.6,10898, 
P01,S02,5,down,67,1791365219929.9,10899,c
P01,S02,5,up,67,1791365220006.8,10899,c
P01,S02,5,down,72,1791365220022.4,10900,h
P01,S02,5,up,72,1791365220109.3,10900,h
P01,S02,5,down,65,1791365220150.5,10901,a
P01,S02,5,down,84,1791365220285.7,10902,t
P01,S02,5,up,65,1791365220287.9,10901,a
P01,S02,5,up,84,1791365220333.2,10902,t
P01,S02,5,down,66,1791365220802.9,10903,b
P01,S02,5,up,66,1791365220857.8,10903,b
P01,S02,5,down,79,1791365221331.9,10904,o
P01,S02,5,up,79,1791365221396.2,10904,o
P01,S02,5,down,84,1791365221571.7,10905,t
P01,S02,5,up,84,1791365221619.3,10905,t
P01,S02,5,down,32,1791365221754.7,10906, 
P01,S02,5,up,32,1791365221833.4,10906, 
P01,S02,5,down,82,1791365221950,10907,r
P01,S02,5,up,82,1791365222028.6,10907,r
P01,S02,5,down,73,1791365222400.6,10908,i
P01,S02,5,up,73,1791365222487.7,10908,i
P01,S02,5,down,71,1791365222619.3,10909,g
P01,S02,5,up,71,1791365222674.1,10909,g
P01,S02,5,down,72,1791365222779.4,10910,h
P01,S02,5,up,72,1791365222852,10910,h
P01,S02,5,down,84,1791365222944.9,10911,t
P01,S02,5,up,84,1791365223007.9,10911,t
P01,S02,5,down,16,1791365223095,10912,Shift
P01,S02,5,down,219,1791365223369.1,10913,?
P01,S02,5,up,219,1791365223521.3,10913,?
P01,S02,5,up,16,1791365223564,10912,Shift
P01,S02,5,down,32,1791365223698.4,10914, 
P01,S02,5,up,32,1791365223756.7,10914, 
P01,S02,5,down,16,1791365223802.1,10915,Shift
P01,S02,5,down,87,1791365223905.4,10916,W
P01,S02,5,up,16,1791365224011.8,10915,Shift
P01,S02,5,up,87,1791365224040.2,10916,W
P01,S02,5,down,72,1791365224055,10917,h
P01,S02,5,up,72,1791365224142.1,10917,h
P01,S02,5,down,65,1791365224194.9,10918,a
P01,S02,5,down,84,1791365224329.9,10919,t
P01,S02,5,up,65,1791365224332.3,10918,a
P01,S02,5,up,84,1791365224386.6,10919,t
P01,S02,5,down,219,1791365224543.7,10920,'
P01,S02,5,up,219,1791365224741.4,10920,'
P01,S02,5,down,32,1791365224938,10921, 
P01,S02,5,up,32,1791365225001.8,10921, 
P01,S02,5,down,8,1791365225374,10922,Backspace
P01,S02,5,up,8,1791365225462.4,10922,Backspace
P01,S02,5,down,83,1791365225528.9,10923,s
P01,S02,5,up,83,1791365225648.7,10923,s
P01,S02,5,down,32,1791365225671.8,10924, 
P01,S02,5,up,32,1791365225743.1,10924, 
P01,S02,5,down,84,1791365225869.9,10925,t
P01,S02,5,up,84,1791365225940.7,10925,t
P01,S02,5,down,72,1791365226020.2,10926,h
P01,S02,5,up,72,1791365226132.7,10926,h
P01,S02,5,down,69,1791365226141.1,10927,e
P01,S02,5,up,69,1791365226191.6,10927,e
P01,S02,5,down,32,1791365226218.6,10928, 
P01,S02,5,up,32,1791365226298,10928, 
P01,S02,5,down,68,1791365226497.8,10929,d
P01,S02,5,up,68,1791365226601.8,10929,d
P01,S02,5,down,73,1791365226619.9,10930,i
P01,S02,5,up,73,1791365226706.6,10930,i
P01,S02,5,down,70,1791365226950,10931,f
P01,S02,5,up,70,1791365227004.4,10931,f
P01,S02,5,down,70,1791365227082.1,10932,f
P01,S02,5,up,70,1791365227224.1,10932,f
P01,S02,5,down,69,1791365227227.7,10933,e
P01,S02,5,up,69,1791365227273.6,10933,e
P01,S02,5,down,82,1791365227353.3,10934,r
P01,S02,5,up,82,1791365227433.1,10934,r
P01,S02,5,down,69,1791365227532.5,10935,e
P01,S02,5,up,69,1791365227610.2,10935,e
P01,S02,5,down,78,1791365227626.5,10936,n
P01,S02,5,up,78,1791365227680.9,10936,n
P01,S02,5,down,67,1791365227714.4,10937,c
P01,S02,5,up,67,1791365227817.9,10937,c
P01,S02,5,down,69,1791365228135,10938,e
P01,S02,5,up,69,1791365228267.5,10938,e
P01,S02,5,down,16,1791365228365.1,10939,Shift
P01,S02,5,down,219,1791365228664.2,10940,?
P01,S02,5,up,219,1791365228783,10940,?
P01,S02,5,up,16,1791365228833,10939,Shift
P01,S02,5,down,13,1791365228871.7,10941,Enter
P01,S02,5,up,13,1791365228959.4,10941,Enter
P01,S02,6,down,16,1791365315371.2,10942,Shift
P01,S02,6,up,16,1791365315620.1,10942,Shift
P01,S02,6,down,16,1791365321933.3,10943,Shift
P01,S02,6,down,73,1791365322214.1,10944,I
P01,S02,6,up,16,1791365322293.8,10943,Shift
P01,S02,6,up,73,1791365322296.4,10944,I
P01,S02,6,down,83,1791365322393.3,10945,s
P01,S02,6,down,32,1791365322475.4,10946, 
P01,S02,6,up,83,1791365322497.5,10945,s
P01,S02,6,up,32,1791365322561.3,10946, 
P01,S02,6,down,65,1791365323052.6,10947,a
P01,S02,6,up,65,1791365323155.6,10947,a
P01,S02,6,down,78,1791365323181.1,10948,n
P01,S02,6,up,78,1791365323260.4,10948,n
P01,S02,6,down,32,1791365323333.7,10949, 
P01,S02,6,up,32,1791365323412.7,10949, 
P01,S02,6,down,65,1791365323438.4,10950,a
P01,S02,6,up,65,1791365323534,10950,a
P01,S02,6,down,71,1791365323560.7,10951,g
P01,S02,6,up,71,1791365323624.5,10951,g
P01,S02,6,down,69,1791365323665.5,10952,e
P01,S02,6,down,78,1791365323753.2,10953,n
P01,S02,6,up,69,1791365323775.2,10952,e
P01,S02,6,up,78,1791365323846.8,10953,n
P01,S02,6,down,84,1791365323940.4,10954,t
P01,S02,6,up,84,1791365324003.6,10954,t
P01,S02,6,down,32,1791365324098.8,10955, 
P01,S02,6,up,32,1791365324187.8,10955, 
P01,S02,6,down,65,1791365324251,10956,a
P01,S02,6,down,32,1791365324376.6,10957, 
P01,S02,6,up,65,1791365324377.7,10956,a
P01,S02,6,up,32,1791365324427.5,10957, 
P01,S02,6,down,68,1791365324588.4,10958,d
P01,S02,6,up,68,1791365324684.3,10958,d
P01,S02,6,down,73,1791365324870.6,10959,i
P01,S02,6,up,73,1791365324989.6,10959,i
P01,S02,6,down,82,1791365325360,10960,r
P01,S02,6,up,82,1791365325447,10960,r
P01,S02,6,down,69,1791365325557.3,10961,e
P01,S02,6,up,69,1791365325630.2,10961,e
P01,S02,6,down,67,1791365325722.4,10962,c
P01,S02,6,down,84,1791365325839.9,10963,t
P01,S02,6,up,67,1791365325841.9,10962,c
P01,S02,6,up,84,1791365325942.4,10963,t
P01,S02,6,down,32,1791365326026.4,10964, 
P01,S02,6,up,32,1791365326137.7,10964, 
P01,S02,6,down,84,1791365329008.8,10965,t
P01,S02,6,up,84,1791365329079.7,10965,t
P01,S02,6,down,72,1791365329207.9,10966,h
P01,S02,6,up,72,1791365329270.8,10966,h
P01,S02,6,down,73,1791365329406.5,10967,i
P01,S02,6,up,73,1791365329477.5,10967,i
P01,S02,6,down,78,1791365329649.5,10968,n
P01,S02,6,up,78,1791365329760.3,10968,n
P01,S02,6,down,8,1791365330043.6,10969,Backspace
P01,S02,6,up,8,1791365330161,10969,Backspace
P01,S02,6,down,8,1791365330234.6,10970,Backspace
P01,S02,6,up,8,1791365330305.3,10970,Backspace
P01,S02,6,down,8,1791365330400.4,10971,Backspace
P01,S02,6,up,8,1791365330478.6,10971,Backspace
P01,S02,6,down,8,1791365330576.7,10972,Backspace
P01,S02,6,up,8,1791365330648.1,10972,Backspace
P01,S02,6,down,8,1791365330714,10973,Backspace
P01,S02,6,up,8,1791365330760.8,10973,Backspace
P01,S02,6,down,32,1791365331152.9,10974, 
P01,S02,6,up,32,1791365331229.2,10974, 
P01,S02,6,down,69,1791365331367.7,10975,e
P01,S02,6,up,69,1791365331438.8,10975,e
P01,S02,6,down,86,1791365331568.4,10976,v
P01,S02,6,down,79,1791365331679.7,10977,o
P01,S02,6,up,86,1791365331681,10976,v
P01,S02,6,up,79,1791365331733.9,10977,o
P01,S02,6,down,76,1791365331869.3,10978,l
P01,S02,6,up,76,1791365331932.8,10978,l
P01,S02,6,down,85,1791365332096.9,10979,u
P01,S02,6,up,85,1791365332151.6,10979,u
P01,S02,6,down,84,1791365332277.6,10980,t
P01,S02,6,up,84,1791365332332.7,10980,t
P01,S02,6,down,73,1791365332503.1,10981,i
P01,S02,6,up,73,1791365332582.6,10981,i
P01,S02,6,down,79,1791365332703.5,10982,o
P01,S02,6,up,79,1791365332790.7,10982,o
P01,S02,6,down,78,1791365332901.8,10983,n
P01,S02,6,up,78,1791365332965,10983,n
P01,S02,6,down,32,1791365333046.1,10984, 
P01,S02,6,up,32,1791365333117.4,10984, 
P01,S02,6,down,79,1791365333225.5,10985,o
P01,S02,6,up,79,1791365333304.6,10985,o
P01,S02,6,down,82,1791365333394,10986,r
P01,S02,6,down,32,1791365333416.7,10987, 
P01,S02,6,up,82,1791365333445.1,10986,r
P01,S02,6,up,32,1791365333470.2,10987, 
P01,S02,6,down,85,1791365333606.7,10988,u
P01,S02,6,up,85,1791365333662.3,10988,u
P01,S02,6,down,80,1791365333800.6,10989,p
P01,S02,6,up,80,1791365333895.3,10989,p
P01,S02,6,down,71,1791365334061.2,10990,g
P01,S02,6,up,71,1791365334139.1,10990,g
P01,S02,6,down,82,1791365334246.4,10991,r
P01,S02,6,up,82,1791365334331.3,10991,r
P01,S02,6,down,65,1791365334332.2,10992,a
P01,S02,6,up,65,1791365334424.2,10992,a
P01,S02,6,down,68,1791365334520.1,10993,d
P01,S02,6,up,68,1791365334606.8,10993,d
P01,S02,6,down,69,1791365334726.4,10994,e
P01,S02,6,down,32,1791365334791.7,10995, 
P01,S02,6,up,69,1791365334813.6,10994,e
P01,S02,6,up,32,1791365334861.8,10995, 
P01,S02,6,down,84,1791365334989.5,10996,t
P01,S02,6,up,84,1791365335053,10996,t
P01,S02,6,down,79,1791365335217.5,10997,o
P01,S02,6,up,79,1791365335305.2,10997,o
P01,S02,6,down,32,1791365335438.3,10998, 
P01,S02,6,up,32,1791365335545.4,10998, 
P01,S02,6,down,65,1791365335620.3,10999,a
P01,S02,6,down,32,1791365335750.3,11000, 
P01,S02,6,up,65,1791365335751.3,10999,a
P01,S02,6,up,32,1791365335805.6,11000, 
P01,S02,6,down,16,1791365336149.7,11001,Shift
P01,S02,6,up,16,1791365336220.5,11001,Shift
P01,S02,6,down,67,1791365336475.1,11002,c
P01,S02,6,up,67,1791365336554.6,11002,c
P01,S02,6,down,72,1791365336655.7,11003,h
P01,S02,6,up,72,1791365336666.6,11003,h
P01,S02,6,down,65,1791365336703.4,11004,a
P01,S02,6,up,65,1791365336802.9,11004,a
P01,S02,6,down,84,1791365337462.6,11005,t
P01,S02,6,up,84,1791365337526.2,11005,t
P01,S02,6,down,66,1791365337847.4,11006,b
P01,S02,6,up,66,1791365337904.2,11006,b
P01,S02,6,down,79,1791365338062.9,11007,o
P01,S02,6,up,79,1791365338134.1,11007,o
P01,S02,6,down,84,1791365338291.3,11008,t
P01,S02,6,up,84,1791365338338.7,11008,t
P01,S02,6,down,16,1791365338470.5,11009,Shift
P01,S02,6,up,16,1791365338851.2,11009,Shift
P01,S02,6,down,16,1791365339152.1,11010,Shift
P01,S02,6,down,219,1791365339378,11011,?
P01,S02,6,up,219,1791365339432.7,11011,?
P01,S02,6,up,16,1791365339555.4,11010,Shift
P01,S02,6,down,32,1791365339623.2,11012, 
P01,S02,6,up,32,1791365339696.6,11012, 
P01,S02,6,down,16,1791365341461.1,11013,Shift
P01,S02,6,down,76,1791365341703.1,11014,L
P01,S02,6,up,76,1791365341782.8,11014,L
P01,S02,6,down,73,1791365341874.4,11015,I
P01,S02,6,up,16,1791365341926.2,11013,Shift
P01,S02,6,up,73,1791365341953,11015,I
P01,S02,6,down,75,1791365342049,11016,k
P01,S02,6,up,75,1791365342120,11016,k
P01,S02,6,down,69,1791365342155.1,11017,e
P01,S02,6,down,32,1791365342220.4,11018, 
P01,S02,6,up,69,1791365342248.8,11017,e
P01,S02,6,up,32,1791365342291.4,11018, 
P01,S02,6,down,73,1791365342419,11019,i
P01,S02,6,up,73,1791365342474.1,11019,i
P01,S02,6,down,83,1791365342507.7,11020,s
P01,S02,6,down,32,1791365342605.2,11021, 
P01,S02,6,up,83,1791365342607.5,11020,s
P01,S02,6,up,32,1791365342683.4,11021, 
P01,S02,6,down,73,1791365342781.2,11022,i
P01,S02,6,up,73,1791365342862.5,11022,i
P01,S02,6,down,84,1791365342970.3,11023,t
P01,S02,6,up,84,1791365343034.6,11023,t
P01,S02,6,down,65,1791365343247.3,11024,a
P01,S02,6,up,65,1791365343360.7,11024,a
P01,S02,6,down,8,1791365343953.4,11025,Backspace
P01,S02,6,up,8,1791365344024.4,11025,Backspace
P01,S02,6,down,32,1791365344269.9,11026, 
P01,S02,6,up,32,1791365344332.7,11026, 
P01,S02,6,down,65,1791365344413.1,11027,a
P01,S02,6,up,65,1791365344540.7,11027,a
P01,S02,6,down,32,1791365344820,11028, 
P01,S02,6,up,32,1791365344891.2,11028, 
P01,S02,6,down,77,1791365345017.5,11029,m
P01,S02,6,up,77,1791365345104.7,11029,m
P01,S02,6,down,79,1791365345232,11030,o
P01,S02,6,up,79,1791365345311.1,11030,o
P01,S02,6,down,82,1791365345399,11031,r
P01,S02,6,up,82,1791365345461.4,11031,r
P01,S02,6,down,69,1791365345570.6,11032,e
P01,S02,6,up,69,1791365345666.6,11032,e
P01,S02,6,down,32,1791365345743.7,11033, 
P01,S02,6,up,32,1791365345798.9,11033, 
P01,S02,6,down,65,1791365345820.1,11034,a
P01,S02,6,up,65,1791365345914.6,11034,a
P01,S02,6,down,68,1791365346000.1,11035,d
P01,S02,6,up,68,1791365346103.4,11035,d
P01,S02,6,down,86,1791365346267.1,11036,v
P01,S02,6,up,86,1791365346344.1,11036,v
P01,S02,6,down,65,1791365346405,11037,a
P01,S02,6,up,65,1791365346459.4,11037,a
P01,S02,6,down,78,1791365346513.3,11038,n
P01,S02,6,up,78,1791365346592.6,11038,n
P01,S02,6,down,67,1791365346643.2,11039,c
P01,S02,6,up,67,1791365346706.6,11039,c
P01,S02,6,down,69,1791365346826.6,11040,e
P01,S02,6,up,69,1791365346906.9,11040,e
P01,S02,6,down,68,1791365347003.6,11041,d
P01,S02,6,down,32,1791365347117.9,11042, 
P01,S02,6,up,68,1791365347120.2,11041,d
P01,S02,6,up,32,1791365347171.7,11042, 
P01,S02,6,down,86,1791365347690.3,11043,v
P01,S02,6,up,86,1791365347769.5,11043,v
P01,S02,6,down,69,1791365347903.6,11044,e
P01,S02,6,up,69,1791365347983.3,11044,e
P01,S02,6,down,82,1791365348084.2,11045,r
P01,S02,6,up,82,1791365348178.9,11045,r
P01,S02,6,down,83,1791365348742.4,11046,s
P01,S02,6,up,83,1791365348853.6,11046,s
P01,S02,6,down,73,1791365348928.3,11047,i
P01,S02,6,up,73,1791365349045.9,11047,i
P01,S02,6,down,79,1791365349166.6,11048,o
P01,S02,6,up,79,1791365349281.6,11048,o
P01,S02,6,down,78,1791365349633.4,11049,n
P01,S02,6,up,78,1791365349720.7,11049,n
P01,S02,6,down,32,1791365349825.1,11050, 
P01,S02,6,up,32,1791365349881.4,11050, 
P01,S02,6,down,79,1791365350008.8,11051,o
P01,S02,6,up,79,1791365350080,11051,o
P01,S02,6,down,70,1791365350105.1,11052,f
P01,S02,6,down,32,1791365350215.8,11053, 
P01,S02,6,up,70,1791365350217.8,11052,f
P01,S02,6,up,32,1791365350257.5,11053, 
P01,S02,6,down,73,1791365350411,11054,i
P01,S02,6,up,73,1791365350497.2,11054,i
P01,S02,6,down,84,1791365350617.1,11055,t
P01,S02,6,up,84,1791365350680.6,11055,t
P01,S02,6,down,16,1791365350802,11056,Shift
P01,S02,6,down,219,1791365351037,11057,?
P01,S02,6,up,219,1791365351117.5,11057,?
P01,S02,6,up,16,1791365351200.7,11056,Shift
P01,S02,6,down,32,1791365351274.5,11058, 
P01,S02,6,up,32,1791365351360.3,11058, 
P01,S02,6,down,16,1791365351400.2,11059,Shift
P01,S02,6,down,79,1791365351529.2,11060,O
P01,S02,6,up,79,1791365351623.9,11060,O
P01,S02,6,up,16,1791365351625.5,11059,Shift
P01,S02,6,down,82,1791365352001.3,11061,r
P01,S02,6,up,82,1791365352088.4,11061,r
P01,S02,6,down,32,1791365352119.8,11062, 
P01,S02,6,up,32,1791365352183.1,11062, 
P01,S02,6,down,73,1791365352385.9,11063,i
P01,S02,6,up,73,1791365352473.9,11063,i
P01,S02,6,down,83,1791365352537.6,11064,s
P01,S02,6,up,83,1791365352641.2,11064,s
P01,S02,6,down,32,1791365352658.8,11065, 
P01,S02,6,up,32,1791365352713.1,11065, 
P01,S02,6,down,73,1791365352833,11066,i
P01,S02,6,up,73,1791365352920.1,11066,i
P01,S02,6,down,84,1791365353039.3,11067,t
P01,S02,6,up,84,1791365353103.6,11067,t
P01,S02,6,down,32,1791365353206.7,11068, 
P01,S02,6,up,32,1791365353278.2,11068, 
P01,S02,6,down,77,1791365353373.9,11069,m
P01,S02,6,up,77,1791365353462.1,11069,m
P01,S02,6,down,79,1791365353618,11070,o
P01,S02,6,up,79,1791365353689.1,11070,o
P01,S02,6,down,82,1791365353755.6,11071,r
P01,S02,6,up,82,1791365353842.1,11071,r
P01,S02,6,down,69,1791365353975.4,11072,e
P01,S02,6,up,69,1791365354087,11072,e
P01,S02,6,down,32,1791365354127.2,11073, 
P01,S02,6,up,32,1791365354188.9,11073, 
P01,S02,6,down,79,1791365354334.9,11074,o
P01,S02,6,up,79,1791365354406.4,11074,o
P01,S02,6,down,70,1791365354492.6,11075,f
P01,S02,6,up,70,1791365354563.9,11075,f
P01,S02,6,down,32,1791365354598.6,11076, 
P01,S02,6,up,32,1791365354678,11076, 
P01,S02,6,down,65,1791365354812.2,11077,a
P01,S02,6,up,65,1791365354880,11077,a
P01,S02,6,down,32,1791365354910,11078, 
P01,S02,6,up,32,1791365354964.9,11078, 
P01,S02,6,down,68,1791365359849.6,11079,d
P01,S02,6,up,68,1791365359953.6,11079,d
P01,S02,6,down,73,1791365360016.1,11080,i
P01,S02,6,up,73,1791365360095,11080,i
P01,S02,6,down,70,1791365360264.8,11081,f
P01,S02,6,up,70,1791365360320.4,11081,f
P01,S02,6,down,70,1791365360395.8,11082,f
P01,S02,6,up,70,1791365360473.2,11082,f
P01,S02,6,down,69,1791365360499.6,11083,e
P01,S02,6,up,69,1791365360587,11083,e
P01,S02,6,down,82,1791365360788.2,11084,r
P01,S02,6,up,82,1791365360870.8,11084,r
P01,S02,6,down,69,1791365360973.1,11085,e
P01,S02,6,up,69,1791365361086,11085,e
P01,S02,6,down,78,1791365361141.2,11086,n
P01,S02,6,up,78,1791365361228.6,11086,n
P01,S02,6,down,84,1791365361365,11087,t
P01,S02,6,up,84,1791365361438,11087,t
P01,S02,6,down,32,1791365361547.1,11088, 
P01,S02,6,up,32,1791365361639.7,11088, 
P01,S02,6,down,83,1791365361642.4,11089,s
P01,S02,6,up,83,1791365361756,11089,s
P01,S02,6,down,84,1791365361932.2,11090,t
P01,S02,6,up,84,1791365361988.2,11090,t
P01,S02,6,down,82,1791365362149,11091,r
P01,S02,6,up,82,1791365362167.2,11091,r
P01,S02,6,down,85,1791365362182.2,11092,u
P01,S02,6,up,85,1791365362254.4,11092,u
P01,S02,6,down,67,1791365362333.3,11093,c
P01,S02,6,up,67,1791365362437.6,11093,c
P01,S02,6,down,84,1791365362451.3,11094,t
P01,S02,6,up,84,1791365362507.3,11094,t
P01,S02,6,down,85,1791365362663.1,11095,u
P01,S02,6,up,85,1791365362726.6,11095,u
P01,S02,6,down,82,1791365362789.5,11096,r
P01,S02,6,up,82,1791365362868.9,11096,r
P01,S02,6,down,69,1791365362970.4,11097,e
P01,S02,6,down,32,1791365363057.9,11098, 
P01,S02,6,up,69,1791365363088.3,11097,e
P01,S02,6,up,32,1791365363179,11098, 
P01,S02,6,down,77,1791365363232.1,11099,m
P01,S02,6,up,77,1791365363311.6,11099,m
P01,S02,6,down,69,1791365363341.4,11100,e
P01,S02,6,up,69,1791365363429.3,11100,e
P01,S02,6,down,65,1791365363643.2,11101,a
P01,S02,6,up,65,1791365363761.8,11101,a
P01,S02,6,down,78,1791365363798.3,11102,n
P01,S02,6,up,78,1791365363886.4,11102,n
P01,S02,6,down,84,1791365363981.5,11103,t
P01,S02,6,up,84,1791365364054,11103,t
P01,S02,6,down,32,1791365364228.7,11104, 
P01,S02,6,up,32,1791365364231.9,11104, 
P01,S02,6,down,70,1791365364266.1,11105,f
P01,S02,6,up,70,1791365364344.8,11105,f
P01,S02,6,down,79,1791365364371.8,11106,o
P01,S02,6,up,79,1791365364450.7,11106,o
P01,S02,6,down,82,1791365364480.6,11107,r
P01,S02,6,up,82,1791365364568,11107,r
P01,S02,6,down,32,1791365364591.5,11108, 
P01,S02,6,up,32,1791365364654.5,11108, 
P01,S02,6,down,83,1791365364705.3,11109,s
P01,S02,6,down,73,1791365364809.7,11110,i
P01,S02,6,up,83,1791365364832.8,11109,s
P01,S02,6,up,73,1791365364880.2,11110,i
P01,S02,6,down,77,1791365364998.6,11111,m
P01,S02,6,up,77,1791365365045.7,11111,m
P01,S02,6,down,73,1791365365186.8,11112,i
P01,S02,6,up,73,1791365365248.2,11112,i
P01,S02,6,down,76,1791365365369.7,11113,l
P01,S02,6,up,76,1791365365448.7,11113,l
P01,S02,6,down,65,1791365365490,11114,a
P01,S02,6,up,65,1791365365545.4,11114,a
P01,S02,6,down,82,1791365365680.8,11115,r
P01,S02,6,down,32,1791365365746,11116, 
P01,S02,6,up,82,1791365365786.9,11115,r
P01,S02,6,up,32,1791365365808.5,11116, 
P01,S02,6,down,66,1791365365924.7,11117,b
P01,S02,6,up,66,1791365365972.7,11117,b
P01,S02,6,down,85,1791365366109.1,11118,u
P01,S02,6,up,85,1791365366195.3,11118,u
P01,S02,6,down,84,1791365366337.6,11119,t
P01,S02,6,up,84,1791365366466.1,11119,t
P01,S02,6,down,32,1791365366528.1,11120, 
P01,S02,6,up,32,1791365366599.4,11120, 
P01,S02,6,down,68,1791365366664.6,11121,d
P01,S02,6,down,73,1791365366760.4,11122,i
P01,S02,6,up,68,1791365366762.6,11121,d
P01,S02,6,up,73,1791365366831.1,11122,i
P01,S02,6,down,70,1791365366987.2,11123,f
P01,S02,6,up,70,1791365367035.7,11123,f
P01,S02,6,down,70,1791365367123.9,11124,f
P01,S02,6,up,70,1791365367194.5,11124,f
P01,S02,6,down,69,1791365367221.9,11125,e
P01,S02,6,up,69,1791365367277,11125,e
P01,S02,6,down,82,1791365367370.7,11126,r
P01,S02,6,up,82,1791365367434.5,11126,r
P01,S02,6,down,69,1791365367587,11127,e
P01,S02,6,down,78,1791365367604.4,11128,n
P01,S02,6,up,69,1791365367641.7,11127,e
P01,S02,6,up,78,1791365367680.2,11128,n
P01,S02,6,down,84,1791365367778.9,11129,t
P01,S02,6,up,84,1791365367841.9,11129,t
P01,S02,6,down,32,1791365367992.6,11130, 
P01,S02,6,up,32,1791365368079.7,11130, 
P01,S02,6,down,84,1791365368194.6,11131,t
P01,S02,6,up,84,1791365368250,11131,t
P01,S02,6,down,72,1791365368371.5,11132,h
P01,S02,6,up,72,1791365368442.9,11132,h
P01,S02,6,down,73,1791365368581.9,11133,i
P01,S02,6,up,73,1791365368660.6,11133,i
P01,S02,6,down,78,1791365368783.9,11134,n
P01,S02,6,up,78,1791365368831.4,11134,n
P01,S02,6,down,71,1791365368963.1,11135,g
P01,S02,6,up,71,1791365369010.4,11135,g
P01,S02,6,down,83,1791365369063.4,11136,s
P01,S02,6,up,83,1791365369181.9,11136,s
P01,S02,6,down,16,1791365369310.7,11137,Shift
P01,S02,6,down,219,1791365369417.7,11138,?
P01,S02,6,up,219,1791365369529.2,11138,?
P01,S02,6,up,16,1791365369626.7,11137,Shift
P01,S02,6,down,32,1791365370238.1,11139, 
P01,S02,6,up,32,1791365370309.3,11139, 
P01,S02,6,down,16,1791365370346.9,11140,Shift
P01,S02,6,down,66,1791365370451.7,11141,B
P01,S02,6,up,16,1791365370496.3,11140,Shift
P01,S02,6,up,66,1791365370537.2,11141,B
P01,S02,6,down,69,1791365370680,11142,e
P01,S02,6,up,69,1791365370697.5,11142,e
P01,S02,6,down,67,1791365370775.7,11143,c
P01,S02,6,up,67,1791365370854.4,11143,c
P01,S02,6,down,65,1791365370881.6,11144,a
P01,S02,6,up,65,1791365370994,11144,a
P01,S02,6,down,85,1791365371079,11145,u
P01,S02,6,up,85,1791365371142.5,11145,u
P01,S02,6,down,8,1791365371449.7,11146,Backspace
P01,S02,6,up,8,1791365371527.9,11146,Backspace
P01,S02,6,down,8,1791365371622.1,11147,Backspace
P01,S02,6,up,8,1791365371685.3,11147,Backspace
P01,S02,6,down,65,1791365372255.1,11148,a
P01,S02,6,up,65,1791365372335.3,11148,a
P01,S02,6,down,83,1791365372435.7,11149,s
P01,S02,6,up,83,1791365372547,11149,s
P01,S02,6,down,85,1791365372563.5,11150,u
P01,S02,6,up,85,1791365372641.6,11150,u
P01,S02,6,down,83,1791365372805.9,11151,s
P01,S02,6,up,83,1791365372933.3,11151,s
P01,S02,6,down,69,1791365373059.4,11152,e
P01,S02,6,up,69,1791365373170.6,11152,e
P01,S02,6,down,32,1791365373188,11153, 
P01,S02,6,up,32,1791365373242.8,11153, 
P01,S02,6,down,8,1791365373498.6,11154,Backspace
P01,S02,6,up,8,1791365373501.9,11154,Backspace
P01,S02,6,down,8,1791365373598.4,11155,Backspace
P01,S02,6,up,8,1791365373661,11155,Backspace
P01,S02,6,down,8,1791365373772.7,11156,Backspace
P01,S02,6,up,8,1791365373828.3,11156,Backspace
P01,S02,6,down,8,1791365373921.1,11157,Backspace
P01,S02,6,up,8,1791365374000.1,11157,Backspace
P01,S02,6,down,8,1791365374129.8,11158,Backspace
P01,S02,6,up,8,1791365374185.3,11158,Backspace
P01,S02,6,down,8,1791365374296.7,11159,Backspace
P01,S02,6,up,8,1791365374360.4,11159,Backspace
P01,S02,6,down,8,1791365374454.7,11160,Backspace
P01,S02,6,up,8,1791365374518.1,11160,Backspace
P01,S02,6,down,8,1791365374617.2,11161,Backspace
P01,S02,6,up,8,1791365374670.4,11161,Backspace
P01,S02,6,down,8,1791365374795.5,11162,Backspace
P01,S02,6,up,8,1791365374875.6,11162,Backspace
P01,S02,6,down,16,1791365375003.3,11163,Shift
P01,S02,6,down,66,1791365375299.3,11164,B
P01,S02,6,up,16,1791365375352.4,11163,Shift
P01,S02,6,up,66,1791365375378.4,11164,B
P01,S02,6,down,69,1791365375472.3,11165,e
P01,S02,6,up,69,1791365375560.2,11165,e
P01,S02,6,down,67,1791365375587.3,11166,c
P01,S02,6,up,67,1791365375655.2,11166,c
P01,S02,6,down,65,1791365375698.9,11167,a
P01,S02,6,up,65,1791365375789.6,11167,a
P01,S02,6,down,85,1791365375899.2,11168,u
P01,S02,6,up,85,1791365375905.6,11168,u
P01,S02,6,down,83,1791365375934.9,11169,s
P01,S02,6,up,83,1791365376023.6,11169,s
P01,S02,6,down,69,1791365376107,11170,e
P01,S02,6,down,32,1791365376148.8,11171, 
P01,S02,6,up,32,1791365376220.5,11171, 
P01,S02,6,up,69,1791365376221.6,11170,e
P01,S02,6,down,79,1791365376332.3,11172,o
P01,S02,6,down,70,1791365376385.3,11173,f
P01,S02,6,up,79,1791365376411.1,11172,o
P01,S02,6,up,70,1791365376455.8,11173,f
P01,S02,6,down,32,1791365376520.8,11174, 
P01,S02,6,up,32,1791365376584.3,11174, 
P01,S02,6,down,87,1791365376672.7,11175,w
P01,S02,6,up,87,1791365376776.2,11175,w
P01,S02,6,down,72,1791365376818.8,11176,h
P01,S02,6,up,72,1791365376919.9,11176,h
P01,S02,6,down,65,1791365376920.4,11177,a
P01,S02,6,down,84,1791365377034.8,11178,t
P01,S02,6,up,65,1791365377036.9,11177,a
P01,S02,6,up,84,1791365377097.2,11178,t
P01,S02,6,down,32,1791365377192.8,11179, 
P01,S02,6,up,32,1791365377263.7,11179, 
P01,S02,6,down,89,1791365377367.8,11180,y
P01,S02,6,up,89,1791365377431.3,11180,y
P01,S02,6,down,79,1791365377591.4,11181,o
P01,S02,6,up,79,1791365377695.3,11181,o
P01,S02,6,down,85,1791365377811.3,11182,u
P01,S02,6,up,85,1791365377937.7,11182,u
P01,S02,6,down,32,1791365377971.8,11183, 
P01,S02,6,up,32,1791365378059.1,11183, 
P01,S02,6,down,83,1791365378624.3,11184,s
P01,S02,6,up,83,1791365378663.6,11184,s
P01,S02,6,down,65,1791365378786.6,11185,a
P01,S02,6,up,65,1791365378966.4,11185,a
P01,S02,6,down,73,1791365378968.8,11186,i
P01,S02,6,up,73,1791365378999.4,11186,i
P01,S02,6,down,68,1791365379042.4,11187,d
P01,S02,6,up,68,1791365379138.2,11187,d
P01,S02,6,down,188,1791365379181.1,11188,","
P01,S02,6,up,188,1791365379284,11188,","
P01,S02,6,down,32,1791365379356.4,11189, 
P01,S02,6,up,32,1791365379451.5,11189, 
P01,S02,6,down,16,1791365380679.8,11190,Shift
P01,S02,6,down,73,1791365380793.8,11191,I
P01,S02,6,up,73,1791365380864.9,11191,I
P01,S02,6,up,16,1791365380934.3,11190,Shift
P01,S02,6,down,32,1791365380973.9,11192, 
P01,S02,6,up,32,1791365381053.2,11192, 
P01,S02,6,down,84,1791365381739.7,11193,t
P01,S02,6,up,84,1791365381826.4,11193,t
P01,S02,6,down,8,1791365382117.5,11194,Backspace
P01,S02,6,up,8,1791365382212.8,11194,Backspace
P01,S02,6,down,87,1791365382387.9,11195,w
P01,S02,6,up,87,1791365382524,11195,w
P01,S02,6,down,79,1791365382540,11196,o
P01,S02,6,up,79,1791365382650.5,11196,o
P01,S02,6,down,85,1791365382746.7,11197,u
P01,S02,6,up,85,1791365382802.8,11197,u
P01,S02,6,down,76,1791365382968.6,11198,l
P01,S02,6,up,76,1791365383011.1,11198,l
P01,S02,6,down,68,1791365383068.6,11199,d
P01,S02,6,down,32,1791365383150.7,11200, 
P01,S02,6,up,68,1791365383187.6,11199,d
P01,S02,6,up,32,1791365383213.1,11200, 
P01,S02,6,down,84,1791365383322,11201,t
P01,S02,6,up,84,1791365383377.8,11201,t
P01,S02,6,down,69,1791365383424.9,11202,e
P01,S02,6,down,78,1791365383512.3,11203,n
P01,S02,6,up,69,1791365383514.6,11202,e
P01,S02,6,up,78,1791365383599.5,11203,n
P01,S02,6,down,68,1791365383674.8,11204,d
P01,S02,6,up,68,1791365383804.2,11204,d
P01,S02,6,down,84,1791365384045.3,11205,t
P01,S02,6,up,84,1791365384111.6,11205,t
P01,S02,6,down,8,1791365384406.4,11206,Backspace
P01,S02,6,up,8,1791365384477.8,11206,Backspace
P01,S02,6,down,32,1791365384710.3,11207, 
P01,S02,6,up,32,1791365384782.5,11207, 
P01,S02,6,down,84,1791365384899.4,11208,t
P01,S02,6,up,84,1791365384971.3,11208,t
P01,S02,6,down,79,1791365385116.4,11209,o
P01,S02,6,up,79,1791365385198.1,11209,o
P01,S02,6,down,32,1791365385368.9,11210, 
P01,S02,6,up,32,1791365385389.3,11210, 
P01,S02,6,down,84,1791365385506.1,11211,t
P01,S02,6,up,84,1791365385570,11211,t
P01,S02,6,down,72,1791365385663.4,11212,h
P01,S02,6,up,72,1791365385758.2,11212,h
P01,S02,6,down,73,1791365385887.4,11213,i
P01,S02,6,up,73,1791365385974.7,11213,i
P01,S02,6,down,78,1791365386090.9,11214,n
P01,S02,6,up,78,1791365386162.2,11214,n
P01,S02,6,down,71,1791365386256.3,11215,g
P01,S02,6,up,71,1791365386371.1,11215,g
P01,S02,6,down,32,1791365386433.2,11216, 
P01,S02,6,up,32,1791365386505,11216, 
P01,S02,6,down,73,1791365386624.5,11217,i
P01,S02,6,up,73,1791365386704.1,11217,i
P01,S02,6,down,84,1791365386868.5,11218,t
P01,S02,6,up,84,1791365386908,11218,t
P01,S02,6,down,219,1791365387181.3,11219,'
P01,S02,6,up,219,1791365387301,11219,'
P01,S02,6,down,83,1791365387356.2,11220,s
P01,S02,6,up,83,1791365387458.1,11220,s
P01,S02,6,down,32,1791365387484.1,11221, 
P01,S02,6,up,32,1791365387548.8,11221, 
P01,S02,6,down,65,1791365387588.2,11222,a
P01,S02,6,down,32,1791365387694.5,11223, 
P01,S02,6,up,65,1791365387723,11222,a
P01,S02,6,up,32,1791365387780.7,11223, 
P01,S02,6,down,67,1791365387913.2,11224,c
P01,S02,6,down,79,1791365387961.3,11225,o
P01,S02,6,up,67,1791365388014.9,11224,c
P01,S02,6,up,79,1791365388039.7,11225,o
P01,S02,6,down,77,1791365388149.4,11226,m
P01,S02,6,up,77,1791365388220.8,11226,m
P01,S02,6,down,80,1791365388359.3,11227,p
P01,S02,6,up,80,1791365388387.5,11227,p
P01,S02,6,down,76,1791365388480.6,11228,l
P01,S02,6,up,76,1791365388588.6,11228,l
P01,S02,6,down,69,1791365388589,11229,e
P01,S02,6,up,69,1791365388667.8,11229,e
P01,S02,6,down,84,1791365388731.1,11230,t
P01,S02,6,up,84,1791365388817.8,11230,t
P01,S02,6,down,69,1791365388818.7,11231,e
P01,S02,6,up,69,1791365388895.6,11231,e
P01,S02,6,down,32,1791365388913.6,11232, 
P01,S02,6,up,32,1791365388984,11232, 
P01,S02,6,down,85,1791365389092.7,11233,u
P01,S02,6,up,85,1791365389164.3,11233,u
P01,S02,6,down,80,1791365389303.2,11234,p
P01,S02,6,up,80,1791365389475.8,11234,p
P01,S02,6,down,68,1791365389477.8,11235,d
P01,S02,6,up,68,1791365389525.2,11235,d
P01,S02,6,down,65,1791365389637,11236,a
P01,S02,6,up,65,1791365389732.4,11236,a
P01,S02,6,down,84,1791365389767.9,11237,t
P01,S02,6,up,84,1791365389839.1,11237,t
P01,S02,6,down,69,1791365389881.5,11238,e
P01,S02,6,up,69,1791365390008.1,11238,e
P01,S02,6,down,188,1791365390052,11239,","
P01,S02,6,up,188,1791365390139.8,11239,","
P01,S02,6,down,32,1791365391689.9,11240, 
P01,S02,6,up,32,1791365391793.3,11240, 
P01,S02,6,down,71,1791365392016.3,11241,g
P01,S02,6,up,71,1791365392069.7,11241,g
P01,S02,6,down,73,1791365392218.4,11242,i
P01,S02,6,up,73,1791365392304.8,11242,i
P01,S02,6,down,86,1791365392429.3,11243,v
P01,S02,6,up,86,1791365392491.4,11243,v
P01,S02,6,down,69,1791365392549.8,11244,e
P01,S02,6,down,78,1791365392605.5,11245,n
P01,S02,6,up,69,1791365392652,11244,e
P01,S02,6,up,78,1791365392675.6,11245,n
P01,S02,6,down,32,1791365392769.6,11246, 
P01,S02,6,up,32,1791365392865.3,11246, 
P01,S02,6,down,73,1791365393129.2,11247,i
P01,S02,6,up,73,1791365393200.3,11247,i
P01,S02,6,down,84,1791365393362.6,11248,t
P01,S02,6,up,84,1791365393425.5,11248,t
P01,S02,6,down,219,1791365393835.2,11249,'
P01,S02,6,up,219,1791365393922.8,11249,'
P01,S02,6,down,83,1791365394056.3,11250,s
P01,S02,6,down,32,1791365394080.7,11251, 
P01,S02,6,up,83,1791365394083.6,11250,s
P01,S02,6,up,32,1791365394127.4,11251, 
P01,S02,6,down,80,1791365394266.9,11252,p
P01,S02,6,up,80,1791365394346.6,11252,p
P01,S02,6,down,82,1791365394374,11253,r
P01,S02,6,down,79,1791365394422.4,11254,o
P01,S02,6,up,82,1791365394461.6,11253,r
P01,S02,6,up,79,1791365394524.6,11254,o
P01,S02,6,down,67,1791365394663.8,11255,c
P01,S02,6,up,67,1791365394727.6,11255,c
P01,S02,6,down,69,1791365394755.6,11256,e
P01,S02,6,up,69,1791365394818.9,11256,e
P01,S02,6,down,83,1791365394929.6,11257,s
P01,S02,6,up,83,1791365394992.9,11257,s
P01,S02,6,down,83,1791365395107.8,11258,s
P01,S02,6,down,32,1791365395164.4,11259, 
P01,S02,6,up,83,1791365395193.1,11258,s
P01,S02,6,up,32,1791365395234.5,11259, 
P01,S02,6,down,73,1791365395374.7,11260,i
P01,S02,6,up,73,1791365395462.6,11260,i
P01,S02,6,down,83,1791365395575.6,11261,s
P01,S02,6,up,83,1791365395632.9,11261,s
P01,S02,6,down,32,1791365395827.9,11262, 
P01,S02,6,up,32,1791365395891,11262, 
P01,S02,6,down,77,1791365396010.1,11263,m
P01,S02,6,up,77,1791365396087.9,11263,m
P01,S02,6,down,85,1791365396195.2,11264,u
P01,S02,6,up,85,1791365396249.8,11264,u
P01,S02,6,down,67,1791365396299.3,11265,c
P01,S02,6,down,72,1791365396385.8,11266,h
P01,S02,6,up,67,1791365396387.8,11265,c
P01,S02,6,up,72,1791365396449.1,11266,h
P01,S02,6,down,32,1791365396526.6,11267, 
P01,S02,6,up,32,1791365396605.3,11267, 
P01,S02,6,down,77,1791365396944.1,11268,m
P01,S02,6,up,77,1791365397055.3,11268,m
P01,S02,6,down,79,1791365397225,11269,o
P01,S02,6,up,79,1791365397291.4,11269,o
P01,S02,6,down,82,1791365397294.7,11270,r
P01,S02,6,up,82,1791365397361.5,11270,r
P01,S02,6,down,69,1791365397459.4,11271,e
P01,S02,6,down,32,1791365397581,11272, 
P01,S02,6,up,69,1791365397583.4,11271,e
P01,S02,6,up,32,1791365397667.3,11272, 
P01,S02,6,down,80,1791365399227.1,11273,p
P01,S02,6,up,80,1791365399366.9,11273,p
P01,S02,6,down,69,1791365399367.8,11274,e
P01,S02,6,up,69,1791365399451.9,11274,e
P01,S02,6,down,82,1791365399545,11275,r
P01,S02,6,up,82,1791365399616.5,11275,r
P01,S02,6,down,83,1791365399721.9,11276,s
P01,S02,6,down,79,1791365399789.3,11277,o
P01,S02,6,up,83,1791365399822.4,11276,s
P01,S02,6,up,79,1791365399857.6,11277,o
P01,S02,6,down,78,1791365399947.2,11278,n
P01,S02,6,up,78,1791365400032.4,11278,n
P01,S02,6,down,65,1791365400033.5,11279,a
P01,S02,6,up,65,1791365400141.7,11279,a
P01,S02,6,down,76,1791365400159,11280,l
P01,S02,6,up,76,1791365400249.8,11280,l
P01,S02,6,down,73,1791365400350.4,11281,i
P01,S02,6,up,73,1791365400430.4,11281,i
P01,S02,6,down,90,1791365400532.3,11282,z
P01,S02,6,up,90,1791365400554.4,11282,z
P01,S02,6,down,69,1791365400683.4,11283,e
P01,S02,6,up,69,1791365400756.9,11283,e
P01,S02,6,down,68,1791365400848.6,11284,d
P01,S02,6,down,32,1791365400945.3,11285, 
P01,S02,6,up,68,1791365400947.5,11284,d
P01,S02,6,up,32,1791365400992.5,11285, 
P01,S02,6,down,65,1791365401057.5,11286,a
P01,S02,6,up,65,1791365401176.4,11286,a
P01,S02,6,down,78,1791365401216.9,11287,n
P01,S02,6,up,78,1791365401292.4,11287,n
P01,S02,6,down,68,1791365401319.6,11288,d
P01,S02,6,up,68,1791365401383.1,11288,d
P01,S02,6,down,32,1791365401439.2,11289, 
P01,S02,6,up,32,1791365401479.9,11289, 
P01,S02,6,down,68,1791365401542.4,11290,d
P01,S02,6,up,68,1791365401631.3,11290,d
P01,S02,6,down,69,1791365401743.3,11291,e
P01,S02,6,up,69,1791365401816,11291,e
P01,S02,6,down,69,1791365401924.5,11292,e
P01,S02,6,down,80,1791365402005.7,11293,p
P01,S02,6,up,69,1791365402035.2,11292,e
P01,S02,6,up,80,1791365402075.3,11293,p
P01,S02,6,down,32,1791365402209.5,11294, 
P01,S02,6,up,32,1791365402305.9,11294, 
P01,S02,6,down,84,1791365402425.1,11295,t
P01,S02,6,up,84,1791365402562.1,11295,t
P01,S02,6,down,72,1791365402627.7,11296,h
P01,S02,6,down,65,1791365402704.9,11297,a
P01,S02,6,up,72,1791365402731,11296,h
P01,S02,6,down,84,1791365402831.1,11298,t
P01,S02,6,up,65,1791365402833.2,11297,a
P01,S02,6,up,84,1791365402919.4,11298,t
P01,S02,6,down,32,1791365403031.2,11299, 
P01,S02,6,up,32,1791365403119.6,11299, 
P01,S02,6,down,89,1791365403390.1,11300,y
P01,S02,6,up,89,1791365403422.6,11300,y
P01,S02,6,down,79,1791365404077.6,11301,o
P01,S02,6,up,79,1791365404173.5,11301,o
P01,S02,6,down,85,1791365404289.9,11302,u
P01,S02,6,up,85,1791365404369.8,11302,u
P01,S02,6,down,32,1791365404476.6,11303, 
P01,S02,6,up,32,1791365404610.7,11303, 
P01,S02,6,down,74,1791365404682.3,11304,j
P01,S02,6,up,74,1791365404754.2,11304,j
P01,S02,6,down,85,1791365404855.2,11305,u
P01,S02,6,up,85,1791365404926.8,11305,u
P01,S02,6,down,83,1791365404977.1,11306,s
P01,S02,6,down,84,1791365405048.5,11307,t
P01,S02,6,up,83,1791365405050.6,11306,s
P01,S02,6,up,84,1791365405136,11307,t
P01,S02,6,down,83,1791365405171.4,11308,s
P01,S02,6,down,32,1791365405272.6,11309, 
P01,S02,6,up,83,1791365405274.7,11308,s
P01,S02,6,up,32,1791365405356.4,11309, 
P01,S02,6,down,83,1791365405592.6,11310,s
P01,S02,6,up,83,1791365405712.1,11310,s
P01,S02,6,down,80,1791365405913.5,11311,p
P01,S02,6,up,80,1791365406040,11311,p
P01,S02,6,down,87,1791365406150.7,11312,w
P01,S02,6,up,87,1791365406293,11312,w
P01,S02,6,down,8,1791365406540.3,11313,Backspace
P01,S02,6,up,8,1791365406659.5,11313,Backspace
P01,S02,6,down,69,1791365406701,11314,e
P01,S02,6,up,69,1791365406833.1,11314,e
P01,S02,6,down,87,1791365406887.9,11315,w
P01,S02,6,up,87,1791365407007.2,11315,w
P01,S02,6,down,73,1791365407484,11316,i
P01,S02,6,up,73,1791365407570.6,11316,i
P01,S02,6,down,78,1791365407694.2,11317,n
P01,S02,6,up,78,1791365407774.6,11317,n
P01,S02,6,down,71,1791365407892.2,11318,g
P01,S02,6,up,71,1791365407942.2,11318,g
P01,S02,6,down,32,1791365408033.4,11319, 
P01,S02,6,up,32,1791365408103.9,11319, 
P01,S02,6,down,79,1791365408283.7,11320,o
P01,S02,6,up,79,1791365408353.7,11320,o
P01,S02,6,down,80,1791365408687.3,11321,p
P01,S02,6,up,80,1791365408766.8,11321,p
P01,S02,6,down,84,1791365408958.4,11322,t
P01,S02,6,up,84,1791365409029,11322,t
P01,S02,6,down,73,1791365409186.3,11323,i
P01,S02,6,up,73,1791365409273.6,11323,i
P01,S02,6,down,79,1791365409375.4,11324,o
P01,S02,6,up,79,1791365409470.5,11324,o
P01,S02,6,down,78,1791365409585.6,11325,n
P01,S02,6,up,78,1791365409649.8,11325,n
P01,S02,6,down,83,1791365409705.8,11326,s
P01,S02,6,down,190,1791365409849.6,11327,.
P01,S02,6,up,83,1791365409851.8,11326,s
P01,S02,6,up,190,1791365410009.5,11327,.
P01,S02,6,down,32,1791365410081.2,11328, 
P01,S02,6,up,32,1791365410134.3,11328, 
P01,S02,6,down,16,1791365410236.8,11329,Shift
P01,S02,6,down,13,1791365410437.8,11330,Enter
P01,S02,6,up,13,1791365410516.2,11330,Enter
P01,S02,6,down,13,1791365410602.6,11331,Enter
P01,S02,6,up,13,1791365410689,11331,Enter
P01,S02,6,up,16,1791365410818.4,11329,Shift
P01,S02,6,down,16,1791365411018.9,11332,Shift
P01,S02,6,down,69,1791365411131.4,11333,E
P01,S02,6,up,69,1791365411242.2,11333,E
P01,S02,6,up,16,1791365411263.3,11332,Shift
P01,S02,6,down,88,1791365411493.1,11334,x
P01,S02,6,up,88,1791365411595.7,11334,x
P01,S02,6,down,8,1791365411940.2,11335,Backspace
P01,S02,6,up,8,1791365412028.1,11335,Backspace
P01,S02,6,down,8,1791365412216.2,11336,Backspace
P01,S02,6,up,8,1791365412335.1,11336,Backspace
P01,S02,6,down,16,1791365412436.2,11337,Shift
P01,S02,6,down,65,1791365412595.1,11338,A
P01,S02,6,up,65,1791365412713.5,11338,A
P01,S02,6,up,16,1791365412775.8,11337,Shift
P01,S02,6,down,76,1791365413887.5,11339,l
P01,S02,6,up,76,1791365413966.7,11339,l
P01,S02,6,down,65,1791365414100.9,11340,a
P01,S02,6,up,65,1791365414218.7,11340,a
P01,S02,6,down,8,1791365414478.7,11341,Backspace
P01,S02,6,up,8,1791365414565.9,11341,Backspace
P01,S02,6,down,83,1791365414614.7,11342,s
P01,S02,6,down,79,1791365414751,11343,o
P01,S02,6,up,83,1791365414753.1,11342,s
P01,S02,6,up,79,1791365414814,11343,o
P01,S02,6,down,190,1791365415217.5,11344,.
P01,S02,6,up,190,1791365415315.2,11344,.
P01,S02,6,down,32,1791365415405,11345, 
P01,S02,6,down,16,1791365415495.1,11346,Shift
P01,S02,6,up,32,1791365415496.6,11345, 
P01,S02,6,down,65,1791365415605.4,11347,A
P01,S02,6,up,16,1791365415644.4,11346,Shift
P01,S02,6,up,65,1791365415739.3,11347,A
P01,S02,6,down,82,1791365415862.2,11348,r
P01,S02,6,up,82,1791365415942.2,11348,r
P01,S02,6,down,69,1791365416039.8,11349,e
P01,S02,6,down,32,1791365416105.5,11350, 
P01,S02,6,up,69,1791365416137.8,11349,e
P01,S02,6,up,32,1791365416199.3,11350, 
P01,S02,6,down,65,1791365416242.3,11351,a
P01,S02,6,down,71,1791365416346.3,11352,g
P01,S02,6,up,65,1791365416357.8,11351,a
P01,S02,6,up,71,1791365416458.4,11352,g
P01,S02,6,down,69,1791365416469.8,11353,e
P01,S02,6,down,78,1791365416527.2,11354,n
P01,S02,6,up,69,1791365416597,11353,e
P01,S02,6,up,78,1791365416629,11354,n
P01,S02,6,down,84,1791365416731.2,11355,t
P01,S02,6,up,84,1791365416802.4,11355,t
P01,S02,6,down,83,1791365416835,11356,s
P01,S02,6,down,32,1791365416951.4,11357, 
P01,S02,6,up,83,1791365416953.1,11356,s
P01,S02,6,up,32,1791365417017.5,11357, 
P01,S02,6,down,79,1791365417974.3,11358,o
P01,S02,6,up,79,1791365418077.6,11358,o
P01,S02,6,down,80,1791365418189.5,11359,p
P01,S02,6,up,80,1791365418294.2,11359,p
P01,S02,6,down,69,1791365418378.5,11360,e
P01,S02,6,up,69,1791365418474.3,11360,e
P01,S02,6,down,78,1791365418490.1,11361,n
P01,S02,6,up,78,1791365418568.9,11361,n
P01,S02,6,down,32,1791365418674.5,11362, 
P01,S02,6,up,32,1791365418769.6,11362, 
P01,S02,6,down,84,1791365418921.9,11363,t
P01,S02,6,up,84,1791365418985.3,11363,t
P01,S02,6,down,79,1791365419206.8,11364,o
P01,S02,6,up,79,1791365419231.4,11364,o
P01,S02,6,down,32,1791365419344.6,11365, 
P01,S02,6,up,32,1791365419416.6,11365, 
P01,S02,6,down,84,1791365419522.9,11366,t
P01,S02,6,up,84,1791365419585.9,11366,t
P01,S02,6,down,72,1791365419683.4,11367,h
P01,S02,6,up,72,1791365419802.6,11367,h
P01,S02,6,down,69,1791365419803.7,11368,e
P01,S02,6,up,69,1791365419895.2,11368,e
P01,S02,6,down,32,1791365419915.7,11369, 
P01,S02,6,up,32,1791365420002.9,11369, 
P01,S02,6,down,80,1791365420200.2,11370,p
P01,S02,6,up,80,1791365420229,11370,p
P01,S02,6,down,85,1791365420486.7,11371,u
P01,S02,6,up,85,1791365420534.2,11371,u
P01,S02,6,down,66,1791365420674.4,11372,b
P01,S02,6,up,66,1791365420745.4,11372,b
P01,S02,6,down,76,1791365420914,11373,l
P01,S02,6,up,76,1791365420954,11373,l
P01,S02,6,down,73,1791365421099.2,11374,i
P01,S02,6,up,73,1791365421236.4,11374,i
P01,S02,6,down,67,1791365421239.3,11375,c
P01,S02,6,up,67,1791365421283.6,11375,c
P01,S02,6,down,16,1791365421537.7,11376,Shift
P01,S02,6,down,219,1791365421755.3,11377,?
P01,S02,6,up,219,1791365421833.3,11377,?
P01,S02,6,up,16,1791365421956.6,11376,Shift
P01,S02,6,down,13,1791365421990.4,11378,Enter
P01,S02,6,up,13,1791365422061.4,11378,Enter
P01,S02,7,down,16,1791365515721,11379,Shift
P01,S02,7,down,86,1791365516289.6,11380,V
P01,S02,7,up,86,1791365516361.1,11380,V
P01,S02,7,up,16,1791365516468.5,11379,Shift
P01,S02,7,down,69,1791365516578.5,11381,e
P01,S02,7,up,69,1791365516657.5,11381,e
P01,S02,7,down,82,1791365516749.9,11382,r
P01,S02,7,up,82,1791365516846.2,11382,r
P01,S02,7,down,89,1791365516860,11383,y
P01,S02,7,up,89,1791365516914.5,11383,y
P01,S02,7,down,32,1791365517030.6,11384, 
P01,S02,7,up,32,1791365517094.3,11384, 
P01,S02,7,down,67,1791365517131.5,11385,c
P01,S02,7,up,67,1791365517219.4,11385,c
P01,S02,7,down,79,1791365517285.2,11386,o
P01,S02,7,up,79,1791365517332.5,11386,o
P01,S02,7,down,79,1791365517439.1,11387,o
P01,S02,7,up,79,1791365517535.3,11387,o
P01,S02,7,down,76,1791365517615.5,11388,l
P01,S02,7,up,76,1791365517663.2,11388,l
P01,S02,7,down,16,1791365517697,11389,Shift
P01,S02,7,down,219,1791365517899.6,11390,?
P01,S02,7,up,219,1791365517990.8,11390,?
P01,S02,7,up,16,1791365518093.2,11389,Shift
P01,S02,7,down,8,1791365518348.7,11391,Backspace
P01,S02,7,up,8,1791365518436.2,11391,Backspace
P01,S02,7,down,16,1791365518485.9,11392,Shift
P01,S02,7,down,49,1791365518564.8,11393,!
P01,S02,7,up,49,1791365518693.1,11393,!
P01,S02,7,up,16,1791365518722.3,11392,Shift
P01,S02,7,down,32,1791365518780.8,11394, 
P01,S02,7,up,32,1791365518845.1,11394, 
P01,S02,7,down,16,1791365520008.3,11395,Shift
P01,S02,7,down,65,1791365520310.3,11396,A
P01,S02,7,up,16,1791365520389.6,11395,Shift
P01,S02,7,up,65,1791365520404.8,11396,A
P01,S02,7,down,78,1791365520492,11397,n
P01,S02,7,up,78,1791365520539.7,11397,n
P01,S02,7,down,68,1791365520570.7,11398,d
P01,S02,7,up,68,1791365520642.4,11398,d
P01,S02,7,down,32,1791365520683.8,11399, 
P01,S02,7,up,32,1791365520747.3,11399, 
P01,S02,7,down,82,1791365520804.8,11400,r
P01,S02,7,up,82,1791365520867.8,11400,r
P01,S02,7,down,69,1791365520979.9,11401,e
P01,S02,7,up,69,1791365521052.5,11401,e
P01,S02,7,down,71,1791365521066,11402,g
P01,S02,7,up,71,1791365521137.6,11402,g
P01,S02,7,down,65,1791365521173.6,11403,a
P01,S02,7,down,82,1791365521281.8,11404,r
P01,S02,7,up,65,1791365521284.4,11403,a
P01,S02,7,up,82,1791365521338.9,11404,r
P01,S02,7,down,68,1791365521403.6,11405,d
P01,S02,7,up,68,1791365521491.9,11405,d
P01,S02,7,down,73,1791365521566.8,11406,i
P01,S02,7,up,73,1791365521646,11406,i
P01,S02,7,down,78,1791365521772.7,11407,n
P01,S02,7,up,78,1791365521851.7,11407,n
P01,S02,7,down,71,1791365521943.3,11408,g
P01,S02,7,up,71,1791365522007.1,11408,g
P01,S02,7,down,32,1791365522089.7,11409, 
P01,S02,7,up,32,1791365522153.8,11409, 
P01,S02,7,down,84,1791365522268.4,11410,t
P01,S02,7,up,84,1791365522315.5,11410,t
P01,S02,7,down,72,1791365522434.6,11411,h
P01,S02,7,up,72,1791365522521.7,11411,h
P01,S02,7,down,65,1791365522571.8,11412,a
P01,S02,7,down,84,1791365522611.7,11413,t
P01,S02,7,up,65,1791365522657.4,11412,a
P01,S02,7,up,84,1791365522674.2,11413,t
P01,S02,7,down,188,1791365522857.2,11414,","
P01,S02,7,up,188,1791365522904.3,11414,","
P01,S02,7,down,32,1791365523054,11415, 
P01,S02,7,up,32,1791365523132.9,11415, 
P01,S02,7,down,73,1791365523871.2,11416,i
P01,S02,7,up,73,1791365523947.8,11416,i
P01,S02,7,down,68,1791365524048.9,11417,d
P01,S02,7,up,68,1791365524231.1,11417,d
P01,S02,7,down,8,1791365524632.6,11418,Backspace
P01,S02,7,up,8,1791365524696,11418,Backspace
P01,S02,7,down,83,1791365524829.5,11419,s
P01,S02,7,up,83,1791365524948.6,11419,s
P01,S02,7,down,32,1791365525002.6,11420, 
P01,S02,7,up,32,1791365525065.6,11420, 
P01,S02,7,down,84,1791365525206.1,11421,t
P01,S02,7,up,84,1791365525270.8,11421,t
P01,S02,7,down,72,1791365525478.8,11422,h
P01,S02,7,up,72,1791365525482.3,11422,h
P01,S02,7,down,69,1791365525677.5,11423,e
P01,S02,7,up,69,1791365525725.2,11423,e
P01,S02,7,down,82,1791365525910.7,11424,r
P01,S02,7,up,82,1791365525998.2,11424,r
P01,S02,7,down,69,1791365526093.3,11425,e
P01,S02,7,up,69,1791365526211.8,11425,e
P01,S02,7,down,32,1791365526236.5,11426, 
P01,S02,7,up,32,1791365526308.4,11426, 
P01,S02,7,down,65,1791365526567.7,11427,a
P01,S02,7,down,78,1791365526711.3,11428,n
P01,S02,7,up,65,1791365526713.2,11427,a
P01,S02,7,up,78,1791365526774.3,11428,n
P01,S02,7,down,89,1791365526871,11429,y
P01,S02,7,up,89,1791365526941.9,11429,y
P01,S02,7,down,32,1791365527025.6,11430, 
P01,S02,7,up,32,1791365527105.5,11430, 
P01,S02,7,down,87,1791365527123.9,11431,w
P01,S02,7,up,87,1791365527227.4,11431,w
P01,S02,7,down,65,1791365527435.5,11432,a
P01,S02,7,up,65,1791365527569.7,11432,a
P01,S02,7,down,89,1791365527691.7,11433,y
P01,S02,7,up,89,1791365527763.1,11433,y
P01,S02,7,down,32,1791365527885.7,11434, 
P01,S02,7,up,32,1791365527965.1,11434, 
P01,S02,7,down,79,1791365528106.2,11435,o
P01,S02,7,up,79,1791365528169.6,11435,o
P01,S02,7,down,78,1791365528288.7,11436,n
P01,S02,7,up,78,1791365528351.5,11436,n
P01,S02,7,down,69,1791365528409.9,11437,e
P01,S02,7,down,32,1791365528480,11438, 
P01,S02,7,up,69,1791365528498.8,11437,e
P01,S02,7,up,32,1791365528545.7,11438, 
P01,S02,7,down,67,1791365528608,11439,c
P01,S02,7,up,67,1791365528705.6,11439,c
P01,S02,7,down,79,1791365528718,11440,o
P01,S02,7,up,79,1791365528815.8,11440,o
P01,S02,7,down,85,1791365528933.4,11441,u
P01,S02,7,up,85,1791365529003.1,11441,u
P01,S02,7,down,76,1791365529119.1,11442,l
P01,S02,7,up,76,1791365529234.4,11442,l
P01,S02,7,down,68,1791365529234.9,11443,d
P01,S02,7,up,68,1791365529328.2,11443,d
P01,S02,7,down,32,1791365529346.9,11444, 
P01,S02,7,up,32,1791365529394.7,11444, 
P01,S02,7,down,77,1791365529512.3,11445,m
P01,S02,7,up,77,1791365529575.5,11445,m
P01,S02,7,down,65,1791365529611.8,11446,a
P01,S02,7,up,65,1791365529728.4,11446,a
P01,S02,7,down,75,1791365530043.6,11447,k
P01,S02,7,up,75,1791365530139.1,11447,k
P01,S02,7,down,69,1791365530246.8,11448,e
P01,S02,7,down,32,1791365530277,11449, 
P01,S02,7,up,32,1791365530335.6,11449, 
P01,S02,7,up,69,1791365530337.3,11448,e
P01,S02,7,down,89,1791365530484.8,11450,y
P01,S02,7,up,89,1791365530532.9,11450,y
P01,S02,7,down,79,1791365530778.2,11451,o
P01,S02,7,up,79,1791365530781.4,11451,o
P01,S02,7,down,85,1791365530907,11452,u
P01,S02,7,up,85,1791365530962.4,11452,u
P01,S02,7,down,190,1791365532076.2,11453,.
P01,S02,7,up,190,1791365532148.3,11453,.
P01,S02,7,down,32,1791365532259.9,11454, 
P01,S02,7,up,32,1791365532338.7,11454, 
P01,S02,7,down,16,1791365532376.1,11455,Shift
P01,S02,7,down,65,1791365532487.7,11456,A
P01,S02,7,up,65,1791365532662.1,11456,A
P01,S02,7,down,73,1791365532782.9,11457,I
P01,S02,7,up,73,1791365532847.1,11457,I
P01,S02,7,up,16,1791365532961,11455,Shift
P01,S02,7,down,188,1791365532993.9,11458,","
P01,S02,7,up,188,1791365533072.2,11458,","
P01,S02,7,down,32,1791365533183,11459, 
P01,S02,7,up,32,1791365533246.7,11459, 
P01,S02,7,down,65,1791365533337.5,11460,a
P01,S02,7,down,32,1791365533418.7,11461, 
P01,S02,7,up,65,1791365533427.7,11460,a
P01,S02,7,up,32,1791365533467.1,11461, 
P01,S02,7,down,84,1791365533642.3,11462,t
P01,S02,7,up,84,1791365533705.3,11462,t
P01,S02,7,down,79,1791365533903.5,11463,o
P01,S02,7,up,79,1791365533983.7,11463,o
P01,S02,7,down,79,1791365534061.9,11464,o
P01,S02,7,up,79,1791365534148.6,11464,o
P01,S02,7,down,76,1791365534297.2,11465,l
P01,S02,7,up,76,1791365534368.4,11465,l
P01,S02,7,down,32,1791365534480.3,11466, 
P01,S02,7,up,32,1791365534530.7,11466, 
P01,S02,7,down,83,1791365534633.3,11467,s
P01,S02,7,down,79,1791365534714.3,11468,o
P01,S02,7,up,83,1791365534742.8,11467,s
P01,S02,7,up,79,1791365534792,11468,o
P01,S02,7,down,32,1791365534878.7,11469, 
P01,S02,7,up,32,1791365534951,11469, 
P01,S02,7,down,80,1791365535081.7,11470,p
P01,S02,7,up,80,1791365535152.6,11470,p
P01,S02,7,down,79,1791365535245.6,11471,o
P01,S02,7,up,79,1791365535328.7,11471,o
P01,S02,7,down,87,1791365535364.8,11472,w
P01,S02,7,up,87,1791365535499.6,11472,w
P01,S02,7,down,69,1791365535597.5,11473,e
P01,S02,7,up,69,1791365535707.9,11473,e
P01,S02,7,down,82,1791365535811.2,11474,r
P01,S02,7,up,82,1791365535899,11474,r
P01,S02,7,down,70,1791365536004,11475,f
P01,S02,7,up,70,1791365536083.3,11475,f
P01,S02,7,down,85,1791365536112.5,11476,u
P01,S02,7,up,85,1791365536184.1,11476,u
P01,S02,7,down,76,1791365536341.8,11477,l
P01,S02,7,up,76,1791365536437,11477,l
P01,S02,7,down,32,1791365536579.3,11478, 
P01,S02,7,up,32,1791365536615.1,11478, 
P01,S02,7,down,87,1791365536673.6,11479,w
P01,S02,7,up,87,1791365536775,11479,w
P01,S02,7,down,69,1791365536864.2,11480,e
P01,S02,7,down,32,1791365536928.8,11481, 
P01,S02,7,up,69,1791365536965.5,11480,e
P01,S02,7,up,32,1791365536999.5,11481, 
P01,S02,7,down,72,1791365537096.1,11482,h
P01,S02,7,up,72,1791365537166.9,11482,h
P01,S02,7,down,65,1791365537194.9,11483,a
P01,S02,7,up,65,1791365537289.9,11483,a
P01,S02,7,down,86,1791365537305.3,11484,v
P01,S02,7,up,86,1791365537375.5,11484,v
P01,S02,7,down,69,1791365537417.9,11485,e
P01,S02,7,down,32,1791365537467.8,11486, 
P01,S02,7,up,69,1791365537505.3,11485,e
P01,S02,7,up,32,1791365537600.8,11486, 
P01,S02,7,down,84,1791365537670.8,11487,t
P01,S02,7,up,84,1791365537718.8,11487,t
P01,S02,7,down,79,1791365537889.1,11488,o
P01,S02,7,up,79,1791365537968.3,11488,o
P01,S02,7,down,32,1791365538072.2,11489, 
P01,S02,7,up,32,1791365538143.9,11489, 
P01,S02,7,down,68,1791365538269.2,11490,d
P01,S02,7,down,73,1791365538357.2,11491,i
P01,S02,7,up,68,1791365538360.4,11490,d
P01,S02,7,up,73,1791365538417,11491,i
P01,S02,7,down,86,1791365538630.7,11492,v
P01,S02,7,up,86,1791365538637.1,11492,v
P01,S02,7,down,69,1791365538682.2,11493,e
P01,S02,7,up,69,1791365538761.9,11493,e
P01,S02,7,down,82,1791365538863.8,11494,r
P01,S02,7,down,84,1791365538926.5,11495,t
P01,S02,7,up,82,1791365538974,11494,r
P01,S02,7,up,84,1791365539004.8,11495,t
P01,S02,7,down,32,1791365539121.1,11496, 
P01,S02,7,up,32,1791365539200.5,11496, 
P01,S02,7,down,82,1791365539409.9,11497,r
P01,S02,7,up,82,1791365539497.2,11497,r
P01,S02,7,down,73,1791365539522.4,11498,i
P01,S02,7,up,73,1791365539674.1,11498,i
P01,S02,7,down,86,1791365539782,11499,v
P01,S02,7,up,86,1791365539845.6,11499,v
P01,S02,7,down,69,1791365539913.5,11500,e
P01,S02,7,up,69,1791365540009,11500,e
P01,S02,7,down,82,1791365540094.4,11501,r
P01,S02,7,up,82,1791365540175.1,11501,r
P01,S02,7,down,83,1791365540274.1,11502,s
P01,S02,7,down,32,1791365540402.7,11503, 
P01,S02,7,up,83,1791365540404.6,11502,s
P01,S02,7,up,32,1791365540462.7,11503, 
P01,S02,7,down,83,1791365540573.7,11504,s
P01,S02,7,up,83,1791365540743.7,11504,s
P01,S02,7,down,79,1791365540745.3,11505,o
P01,S02,7,up,79,1791365540780.4,11505,o
P01,S02,7,down,32,1791365540885.3,11506, 
P01,S02,7,up,32,1791365540948.5,11506, 
P01,S02,7,down,84,1791365541056.3,11507,t
P01,S02,7,up,84,1791365541118.6,11507,t
P01,S02,7,down,72,1791365541211.3,11508,h
P01,S02,7,up,72,1791365541322.7,11508,h
P01,S02,7,down,65,1791365541357,11509,a
P01,S02,7,down,84,1791365541468.5,11510,t
P01,S02,7,up,65,1791365541470.8,11509,a
P01,S02,7,up,84,1791365541541.6,11510,t
P01,S02,7,down,32,1791365541627.9,11511, 
P01,S02,7,up,32,1791365541723.5,11511, 
P01,S02,7,down,89,1791365542263.1,11512,y
P01,S02,7,up,89,1791365542334.7,11512,y
P01,S02,7,down,79,1791365542485.6,11513,o
P01,S02,7,up,79,1791365542580.1,11513,o
P01,S02,7,down,85,1791365542674.8,11514,u
P01,S02,7,up,85,1791365542745.9,11514,u
P01,S02,7,down,32,1791365542888.2,11515, 
P01,S02,7,up,32,1791365542926.5,11515, 
P01,S02,7,down,68,1791365542997.2,11516,d
P01,S02,7,down,79,1791365543091.4,11517,o
P01,S02,7,up,68,1791365543093.7,11516,d
P01,S02,7,up,79,1791365543148.1,11517,o
P01,S02,7,down,78,1791365543256.2,11518,n
P01,S02,7,up,78,1791365543311.3,11518,n
P01,S02,7,down,219,1791365543515,11519,'
P01,S02,7,up,219,1791365543634.2,11519,'
P01,S02,7,down,84,1791365543822.9,11520,t
P01,S02,7,up,84,1791365543966.4,11520,t
P01,S02,7,down,32,1791365543987.5,11521, 
P01,S02,7,up,32,1791365544073.6,11521, 
P01,S02,7,down,79,1791365544188.3,11522,o
P01,S02,7,up,79,1791365544273.2,11522,o
P01,S02,7,down,86,1791365544420.8,11523,v
P01,S02,7,up,86,1791365544483,11523,v
P01,S02,7,down,69,1791365544525.8,11524,e
P01,S02,7,up,69,1791365544605.4,11524,e
P01,S02,7,down,82,1791365544696.5,11525,r
P01,S02,7,up,82,1791365544800,11525,r
P01,S02,7,down,72,1791365544873.2,11526,h
P01,S02,7,up,72,1791365544975.2,11526,h
P01,S02,7,down,69,1791365544976.2,11527,e
P01,S02,7,up,69,1791365545096.5,11527,e
P01,S02,7,down,65,1791365545178.7,11528,a
P01,S02,7,down,84,1791365545314.3,11529,t
P01,S02,7,up,65,1791365545316.5,11528,a
P01,S02,7,up,84,1791365545369,11529,t
P01,S02,7,down,32,1791365545478.4,11530, 
P01,S02,7,up,32,1791365545549.6,11530, 
P01,S02,7,down,65,1791365545575.1,11531,a
P01,S02,7,up,65,1791365545670.5,11531,a
P01,S02,7,down,78,1791365545723.8,11532,n
P01,S02,7,up,78,1791365545794.7,11532,n
P01,S02,7,down,68,1791365545835.2,11533,d
P01,S02,7,down,32,1791365545932.7,11534, 
P01,S02,7,up,68,1791365545935.2,11533,d
P01,S02,7,up,32,1791365545994.9,11534, 
P01,S02,7,down,84,1791365546175,11535,t
P01,S02,7,up,84,1791365546237.9,11535,t
P01,S02,7,down,85,1791365546352.9,11536,u
P01,S02,7,up,85,1791365546424.8,11536,u
P01,S02,7,down,82,1791365546517.6,11537,r
P01,S02,7,down,78,1791365546579.5,11538,n
P01,S02,7,up,82,1791365546613.8,11537,r
P01,S02,7,up,78,1791365546666.6,11538,n
P01,S02,7,down,32,1791365546754.7,11539, 
P01,S02,7,up,32,1791365546826,11539, 
P01,S02,7,down,83,1791365546913.2,11540,s
P01,S02,7,up,83,1791365547008.4,11540,s
P01,S02,7,down,73,1791365547046,11541,i
P01,S02,7,up,73,1791365547115.6,11541,i
P01,S02,7,down,76,1791365547221.3,11542,l
P01,S02,7,up,76,1791365547315.9,11542,l
P01,S02,7,down,73,1791365547402.8,11543,i
P01,S02,7,up,73,1791365547474.3,11543,i
P01,S02,7,down,67,1791365547570.8,11544,c
P01,S02,7,down,79,1791365547643.1,11545,o
P01,S02,7,up,67,1791365547668.8,11544,c
P01,S02,7,up,79,1791365547737.1,11545,o
P01,S02,7,down,78,1791365547919,11546,n
P01,S02,7,up,78,1791365547982.2,11546,n
P01,S02,7,down,32,1791365548080.8,11547, 
P01,S02,7,up,32,1791365548144.2,11547, 
P01,S02,7,down,86,1791365548277.9,11548,v
P01,S02,7,up,86,1791365548326.9,11548,v
P01,S02,7,down,65,1791365548327.6,11549,a
P01,S02,7,up,65,1791365548388.6,11549,a
P01,S02,7,down,76,1791365548510.9,11550,l
P01,S02,7,up,76,1791365548558.5,11550,l
P01,S02,7,down,76,1791365548664.2,11551,l
P01,S02,7,up,76,1791365548764.2,11551,l
P01,S02,7,down,69,1791365548765.5,11552,e
P01,S02,7,up,69,1791365548819.5,11552,e
P01,S02,7,down,89,1791365548907.4,11553,y
P01,S02,7,up,89,1791365548969.7,11553,y
P01,S02,7,down,32,1791365549087.3,11554, 
P01,S02,7,up,32,1791365549148.1,11554, 
P01,S02,7,down,73,1791365549337.7,11555,i
P01,S02,7,up,73,1791365549341.3,11555,i
P01,S02,7,down,78,1791365549450.2,11556,n
P01,S02,7,up,78,1791365549521.4,11556,n
P01,S02,7,down,84,1791365549647.1,11557,t
P01,S02,7,up,84,1791365549702.5,11557,t
P01,S02,7,down,79,1791365549848.9,11558,o
P01,S02,7,up,79,1791365549943.6,11558,o
P01,S02,7,down,65,1791365550155.7,11559,a
P01,S02,7,up,65,1791365550250.6,11559,a
P01,S02,7,down,8,1791365550676.7,11560,Backspace
P01,S02,7,up,8,1791365550764,11560,Backspace
P01,S02,7,down,32,1791365551015.9,11561, 
P01,S02,7,up,32,1791365551087,11561, 
P01,S02,7,down,65,1791365551216.8,11562,a
P01,S02,7,up,65,1791365551314.1,11562,a
P01,S02,7,down,32,1791365551439.5,11563, 
P01,S02,7,up,32,1791365551442.9,11563, 
P01,S02,7,down,83,1791365551711.8,11564,s
P01,S02,7,up,83,1791365551815,11564,s
P01,S02,7,down,77,1791365551905.5,11565,m
P01,S02,7,up,77,1791365551976.1,11565,m
P01,S02,7,down,79,1791365552219.3,11566,o
P01,S02,7,up,79,1791365552306.3,11566,o
P01,S02,7,down,85,1791365552502.8,11567,u
P01,S02,7,up,85,1791365552506,11567,u
P01,S02,7,down,76,1791365552591.4,11568,l
P01,S02,7,up,76,1791365552703.1,11568,l
P01,S02,7,down,68,1791365552730.2,11569,d
P01,S02,7,up,68,1791365552784.3,11569,d
P01,S02,7,down,69,1791365552984.6,11570,e
P01,S02,7,up,69,1791365553087.5,11570,e
P01,S02,7,down,82,1791365553186.9,11571,r
P01,S02,7,up,82,1791365553299.1,11571,r
P01,S02,7,down,73,1791365553338.1,11572,i
P01,S02,7,up,73,1791365553408,11572,i
P01,S02,7,down,78,1791365553619.6,11573,n
P01,S02,7,up,78,1791365553688.1,11573,n
P01,S02,7,down,71,1791365553802.8,11574,g
P01,S02,7,up,71,1791365553874.4,11574,g
P01,S02,7,down,32,1791365553959.1,11575, 
P01,S02,7,up,32,1791365554054.4,11575, 
P01,S02,7,down,82,1791365554153.8,11576,r
P01,S02,7,up,82,1791365554272.6,11576,r
P01,S02,7,down,85,1791365554298.7,11577,u
P01,S02,7,up,85,1791365554359.7,11577,u
P01,S02,7,down,73,1791365554458.5,11578,i
P01,S02,7,up,73,1791365554537.6,11578,i
P01,S02,7,down,78,1791365554832.2,11579,n
P01,S02,7,up,78,1791365554917.2,11579,n
P01,S02,7,down,188,1791365555115.4,11580,","
P01,S02,7,up,188,1791365555202.5,11580,","
P01,S02,7,down,32,1791365555286.2,11581, 
P01,S02,7,up,32,1791365555373.6,11581, 
P01,S02,7,down,77,1791365560151.2,11582,m
P01,S02,7,up,77,1791365560238.8,11582,m
P01,S02,7,down,79,1791365560426.8,11583,o
P01,S02,7,up,79,1791365560506.2,11583,o
P01,S02,7,down,82,1791365560605.1,11584,r
P01,S02,7,up,82,1791365560660.6,11584,r
P01,S02,7,down,69,1791365560779.9,11585,e
P01,S02,7,up,69,1791365560859.5,11585,e
P01,S02,7,down,32,1791365560883.7,11586, 
P01,S02,7,up,32,1791365560963.2,11586, 
P01,S02,7,down,69,1791365561674.7,11587,e
P01,S02,7,up,69,1791365561754.6,11587,e
P01,S02,7,down,67,1791365561857.2,11588,c
P01,S02,7,down,79,1791365561959.8,11589,o
P01,S02,7,up,67,1791365561962,11588,c
P01,S02,7,up,79,1791365562040.7,11589,o
P01,S02,7,down,32,1791365562124.5,11590, 
P01,S02,7,up,32,1791365562204.4,11590, 
P01,S02,7,down,70,1791365562296.1,11591,f
P01,S02,7,up,70,1791365562359.5,11591,f
P01,S02,7,down,82,1791365562472.1,11592,r
P01,S02,7,up,82,1791365562534.4,11592,r
P01,S02,7,down,73,1791365562563,11593,i
P01,S02,7,up,73,1791365562648.2,11593,i
P01,S02,7,down,69,1791365562648.9,11594,e
P01,S02,7,up,69,1791365562742.8,11594,e
P01,S02,7,down,78,1791365562762.9,11595,n
P01,S02,7,up,78,1791365562826.8,11595,n
P01,S02,7,down,68,1791365562847.5,11596,d
P01,S02,7,up,68,1791365562985.8,11596,d
P01,S02,7,down,76,1791365563015.9,11597,l
P01,S02,7,up,76,1791365563048.9,11597,l
P01,S02,7,down,89,1791365563903.5,11598,y
P01,S02,7,up,89,1791365564020.6,11598,y
P01,S02,7,down,188,1791365564141.7,11599,","
P01,S02,7,up,188,1791365564237.1,11599,","
P01,S02,7,down,32,1791365564320.6,11600, 
P01,S02,7,up,32,1791365564398.3,11600, 
P01,S02,7,down,72,1791365564570.9,11601,h
P01,S02,7,up,72,1791365564633.6,11601,h
P01,S02,7,down,79,1791365564744.1,11602,o
P01,S02,7,up,79,1791365564831.1,11602,o
P01,S02,7,down,87,1791365564855.8,11603,w
P01,S02,7,down,32,1791365564968.2,11604, 
P01,S02,7,up,87,1791365564971,11603,w
P01,S02,7,up,32,1791365565022.9,11604, 
P01,S02,7,down,68,1791365565188.1,11605,d
P01,S02,7,up,68,1791365565234.2,11605,d
P01,S02,7,down,79,1791365565250.4,11606,o
P01,S02,7,up,79,1791365565321.9,11606,o
P01,S02,7,down,32,1791365565430.9,11607, 
P01,S02,7,up,32,1791365565509.9,11607, 
P01,S02,7,down,87,1791365565559.2,11608,w
P01,S02,7,up,87,1791365565670.8,11608,w
P01,S02,7,down,69,1791365565746.3,11609,e
P01,S02,7,up,69,1791365565872.9,11609,e
P01,S02,7,down,32,1791365566221.5,11610, 
P01,S02,7,up,32,1791365566249.3,11610, 
P01,S02,7,down,79,1791365567946.7,11611,o
P01,S02,7,up,79,1791365568009.8,11611,o
P01,S02,7,down,80,1791365568129,11612,p
P01,S02,7,up,80,1791365568216.7,11612,p
P01,S02,7,down,84,1791365568473.6,11613,t
P01,S02,7,up,84,1791365568529.2,11613,t
P01,S02,7,down,73,1791365568659.8,11614,i
P01,S02,7,up,73,1791365568731.3,11614,i
P01,S02,7,down,77,1791365568858.7,11615,m
P01,S02,7,up,77,1791365568921.4,11615,m
P01,S02,7,down,73,1791365569018.1,11616,i
P01,S02,7,up,73,1791365569105.4,11616,i
P01,S02,7,down,90,1791365569227.8,11617,z
P01,S02,7,up,90,1791365569249.9,11617,z
P01,S02,7,down,69,1791365569358.8,11618,e
P01,S02,7,down,32,1791365569456.4,11619, 
P01,S02,7,up,69,1791365569458.5,11618,e
P01,S02,7,up,32,1791365569527,11619, 
P01,S02,7,down,89,1791365569704.2,11620,y
P01,S02,7,up,89,1791365569784,11620,y
P01,S02,7,down,79,1791365569939,11621,o
P01,S02,7,up,79,1791365570049.6,11621,o
P01,S02,7,down,85,1791365570143.6,11622,u
P01,S02,7,up,85,1791365570206.4,11622,u
P01,S02,7,down,32,1791365570303.2,11623, 
P01,S02,7,up,32,1791365570383.4,11623, 
P01,S02,7,down,84,1791365570486.2,11624,t
P01,S02,7,up,84,1791365570550.3,11624,t
P01,S02,7,down,79,1791365570680,11625,o
P01,S02,7,up,79,1791365570775,11625,o
P01,S02,7,down,32,1791365570875,11626, 
P01,S02,7,up,32,1791365570946,11626, 
P01,S02,7,down,72,1791365571052.3,11627,h
P01,S02,7,up,72,1791365571138.7,11627,h
P01,S02,7,down,69,1791365571178.9,11628,e
P01,S02,7,up,69,1791365571244,11628,e
P01,S02,7,down,65,1791365571373.8,11629,a
P01,S02,7,up,65,1791365571472.5,11629,a
P01,S02,7,down,84,1791365571488.6,11630,t
P01,S02,7,up,84,1791365571552.2,11630,t
P01,S02,7,down,32,1791365571640.4,11631, 
P01,S02,7,up,32,1791365571712.1,11631, 
P01,S02,7,down,85,1791365571852.1,11632,u
P01,S02,7,up,85,1791365571923.6,11632,u
P01,S02,7,down,80,1791365572071.3,11633,p
P01,S02,7,up,80,1791365572174,11633,p
P01,S02,7,down,32,1791365572347.7,11634, 
P01,S02,7,up,32,1791365572465.6,11634, 
P01,S02,7,down,76,1791365572561,11635,l
P01,S02,7,up,76,1791365572631.4,11635,l
P01,S02,7,down,69,1791365572706.4,11636,e
P01,S02,7,up,69,1791365572793.9,11636,e
P01,S02,7,down,83,1791365572963.6,11637,s
P01,S02,7,up,83,1791365573033.9,11637,s
P01,S02,7,down,83,1791365573129.9,11638,s
P01,S02,7,up,83,1791365573223.9,11638,s
P01,S02,7,down,16,1791365573430.1,11639,Shift
P01,S02,7,down,219,1791365573519.8,11640,?
P01,S02,7,up,219,1791365573594,11640,?
P01,S02,7,up,16,1791365573690,11639,Shift
P01,S02,7,down,32,1791365573756.7,11641, 
P01,S02,7,up,32,1791365573830.5,11641, 
P01,S02,7,down,13,1791365576166.8,11642,Enter
P01,S02,7,up,13,1791365576237.1,11642,Enter
P01,S02,8,down,16,1791365683009.4,11643,Shift
P01,S02,8,down,66,1791365683157,11644,B
P01,S02,8,up,66,1791365683234.7,11644,B
P01,S02,8,up,16,1791365683301,11643,Shift
P01,S02,8,down,85,1791365683394.3,11645,u
P01,S02,8,up,85,1791365683489.1,11645,u
P01,S02,8,down,84,1791365683599.2,11646,t
P01,S02,8,up,84,1791365683662.2,11646,t
P01,S02,8,down,32,1791365683756,11647, 
P01,S02,8,up,32,1791365683827.3,11647, 
P01,S02,8,down,72,1791365683971.7,11648,h
P01,S02,8,up,72,1791365684059.6,11648,h
P01,S02,8,down,79,1791365684184,11649,o
P01,S02,8,up,79,1791365684263.2,11649,o
P01,S02,8,down,87,1791365684315.8,11650,w
P01,S02,8,up,87,1791365684401.8,11650,w
P01,S02,8,down,77,1791365684523.5,11651,m
P01,S02,8,up,77,1791365684594.5,11651,m
P01,S02,8,down,85,1791365684731.1,11652,u
P01,S02,8,up,85,1791365684865.1,11652,u
P01,S02,8,down,67,1791365684874.8,11653,c
P01,S02,8,up,67,1791365684964,11653,c
P01,S02,8,down,72,1791365685009.4,11654,h
P01,S02,8,up,72,1791365685081,11654,h
P01,S02,8,down,32,1791365685168.2,11655, 
P01,S02,8,up,32,1791365685247.6,11655, 
P01,S02,8,down,77,1791365685319.4,11656,m
P01,S02,8,up,77,1791365685391.3,11656,m
P01,S02,8,down,79,1791365685504.4,11657,o
P01,S02,8,down,82,1791365685557.9,11658,r
P01,S02,8,up,79,1791365685590.4,11657,o
P01,S02,8,up,82,1791365685628,11658,r
P01,S02,8,down,69,1791365685741.9,11659,e
P01,S02,8,down,32,1791365685847.7,11660, 
P01,S02,8,up,69,1791365685850.1,11659,e
P01,S02,8,up,32,1791365685917.8,11660, 
P01,S02,8,down,8,1791365686491.1,11661,Backspace
P01,S02,8,up,8,1791365687263.6,11661,Backspace
P01,S02,8,down,8,1791365687366.5,11662,Backspace
P01,S02,8,up,8,1791365687454.9,11662,Backspace
P01,S02,8,down,8,1791365687568.1,11663,Backspace
P01,S02,8,up,8,1791365687596.9,11663,Backspace
P01,S02,8,down,87,1791365688143.9,11664,w
P01,S02,8,up,87,1791365688271.2,11664,w
P01,S02,8,down,32,1791365688298.4,11665, 
P01,S02,8,up,32,1791365688359.8,11665, 
P01,S02,8,down,77,1791365688456.7,11666,m
P01,S02,8,up,77,1791365688528,11666,m
P01,S02,8,down,85,1791365688630.4,11667,u
P01,S02,8,up,85,1791365688708.5,11667,u
P01,S02,8,down,67,1791365688709.4,11668,c
P01,S02,8,down,72,1791365688890.9,11669,h
P01,S02,8,up,67,1791365688894.5,11668,c
P01,S02,8,up,72,1791365688895.6,11669,h
P01,S02,8,down,32,1791365688946.7,11670, 
P01,S02,8,up,32,1791365689017.4,11670, 
P01,S02,8,down,77,1791365689095.6,11671,m
P01,S02,8,up,77,1791365689167.7,11671,m
P01,S02,8,down,79,1791365689268,11672,o
P01,S02,8,up,79,1791365689362.3,11672,o
P01,S02,8,down,82,1791365689363.1,11673,r
P01,S02,8,up,82,1791365689414.7,11673,r
P01,S02,8,down,69,1791365689526,11674,e
P01,S02,8,down,32,1791365689584.7,11675, 
P01,S02,8,up,69,1791365689628.4,11674,e
P01,S02,8,up,32,1791365689646.9,11675, 
P01,S02,8,down,80,1791365689894.8,11676,p
P01,S02,8,up,80,1791365689945.3,11676,p
P01,S02,8,down,69,1791365689997.3,11677,e
P01,S02,8,down,79,1791365690118.7,11678,o
P01,S02,8,up,69,1791365690121.7,11677,e
P01,S02,8,up,79,1791365690220.8,11678,o
P01,S02,8,down,80,1791365690334.4,11679,p
P01,S02,8,up,80,1791365690412.9,11679,p
P01,S02,8,down,76,1791365690496.9,11680,l
P01,S02,8,up,76,1791365690592.4,11680,l
P01,S02,8,down,69,1791365690593.2,11681,e
P01,S02,8,up,69,1791365690660,11681,e
P01,S02,8,down,32,1791365690687.3,11682, 
P01,S02,8,up,32,1791365690750.8,11682, 
P01,S02,8,down,87,1791365691174,11683,w
P01,S02,8,up,87,1791365691275.6,11683,w
P01,S02,8,down,73,1791365691366.3,11684,i
P01,S02,8,up,73,1791365691446.1,11684,i
P01,S02,8,down,76,1791365691569.6,11685,l
P01,S02,8,up,76,1791365691663.5,11685,l
P01,S02,8,down,76,1791365692579.7,11686,l
P01,S02,8,up,76,1791365692634.8,11686,l
P01,S02,8,down,32,1791365692770,11687, 
P01,S02,8,up,32,1791365692825.5,11687, 
P01,S02,8,down,85,1791365692938.6,11688,u
P01,S02,8,up,85,1791365693002.4,11688,u
P01,S02,8,down,83,1791365693053,11689,s
P01,S02,8,up,83,1791365693124.7,11689,s
P01,S02,8,down,69,1791365693233.7,11690,e
P01,S02,8,down,32,1791365693259.6,11691, 
P01,S02,8,up,69,1791365693312.4,11690,e
P01,S02,8,up,32,1791365693337.8,11691, 
P01,S02,8,down,73,1791365693422.3,11692,i
P01,S02,8,up,73,1791365693509.9,11692,i
P01,S02,8,down,84,1791365693617.3,11693,t
P01,S02,8,up,84,1791365693687.7,11693,t
P01,S02,8,down,32,1791365693869,11694, 
P01,S02,8,up,32,1791365693880.3,11694, 
P01,S02,8,down,73,1791365693983.1,11695,i
P01,S02,8,up,73,1791365694078.5,11695,i
P01,S02,8,down,84,1791365694277.2,11696,t
P01,S02,8,up,84,1791365694309.4,11696,t
P01,S02,8,down,46,1791365694521.4,11697,Delete
P01,S02,8,up,46,1791365694585.5,11697,Delete
P01,S02,8,down,70,1791365694652.1,11698,f
P01,S02,8,up,70,1791365694747.5,11698,f
P01,S02,8,down,8,1791365695010.5,11699,Backspace
P01,S02,8,up,8,1791365695081.8,11699,Backspace
P01,S02,8,down,8,1791365695169.8,11700,Backspace
P01,S02,8,up,8,1791365695234.1,11700,Backspace
P01,S02,8,down,70,1791365695269.7,11701,f
P01,S02,8,up,70,1791365695357,11701,f
P01,S02,8,down,32,1791365695432.9,11702, 
P01,S02,8,up,32,1791365695496.5,11702, 
P01,S02,8,down,86,1791365695796.4,11703,v
P01,S02,8,up,86,1791365695965,11703,v
P01,S02,8,down,73,1791365695968.8,11704,i
P01,S02,8,up,73,1791365696048.6,11704,i
P01,S02,8,down,82,1791365696118.9,11705,r
P01,S02,8,up,82,1791365696215.1,11705,r
P01,S02,8,down,84,1791365696245,11706,t
P01,S02,8,up,84,1791365696300.8,11706,t
P01,S02,8,down,85,1791365696407.1,11707,u
P01,S02,8,up,85,1791365696479.3,11707,u
P01,S02,8,down,65,1791365696529.2,11708,a
P01,S02,8,up,65,1791365696640.3,11708,a
P01,S02,8,down,76,1791365696661.8,11709,l
P01,S02,8,up,76,1791365696724.3,11709,l
P01,S02,8,down,76,1791365696806.2,11710,l
P01,S02,8,up,76,1791365696885,11710,l
P01,S02,8,down,89,1791365697088.8,11711,y
P01,S02,8,up,89,1791365697092,11711,y
P01,S02,8,down,32,1791365697151.2,11712, 
P01,S02,8,up,32,1791365697237.1,11712, 
P01,S02,8,down,69,1791365697256.8,11713,e
P01,S02,8,up,69,1791365697335.6,11713,e
P01,S02,8,down,86,1791365697354,11714,v
P01,S02,8,up,86,1791365697424.9,11714,v
P01,S02,8,down,69,1791365697465.4,11715,e
P01,S02,8,up,69,1791365697544.8,11715,e
P01,S02,8,down,82,1791365697626.4,11716,r
P01,S02,8,down,89,1791365697696.9,11717,y
P01,S02,8,up,82,1791365697744.7,11716,r
P01,S02,8,up,89,1791365697766.9,11717,y
P01,S02,8,down,32,1791365697868.3,11718, 
P01,S02,8,up,32,1791365697947.2,11718, 
P01,S02,8,down,72,1791365698027.6,11719,h
P01,S02,8,up,72,1791365698165.3,11719,h
P01,S02,8,down,85,1791365698210.1,11720,u
P01,S02,8,up,85,1791365698249.2,11720,u
P01,S02,8,down,77,1791365698402.2,11721,m
P01,S02,8,up,77,1791365698481,11721,m
P01,S02,8,down,65,1791365698564.6,11722,a
P01,S02,8,down,78,1791365698653,11723,n
P01,S02,8,up,65,1791365698655.1,11722,a
P01,S02,8,up,78,1791365698708,11723,n
P01,S02,8,down,32,1791365698783.7,11724, 
P01,S02,8,up,32,1791365698847.7,11724, 
P01,S02,8,down,66,1791365699026.1,11725,b
P01,S02,8,up,66,1791365699107.5,11725,b
P01,S02,8,down,69,1791365699247.9,11726,e
P01,S02,8,down,73,1791365699275,11727,i
P01,S02,8,up,69,1791365699277.6,11726,e
P01,S02,8,up,73,1791365699338,11727,i
P01,S02,8,down,78,1791365699461.9,11728,n
P01,S02,8,up,78,1791365699525,11728,n
P01,S02,8,down,71,1791365699643.2,11729,g
P01,S02,8,up,71,1791365699714.4,11729,g
P01,S02,8,down,32,1791365699805,11730, 
P01,S02,8,up,32,1791365699884.9,11730, 
P01,S02,8,down,65,1791365700032.3,11731,a
P01,S02,8,up,65,1791365700167.8,11731,a
P01,S02,8,down,76,1791365700184.7,11732,l
P01,S02,8,up,76,1791365700302.9,11732,l
P01,S02,8,down,82,1791365700400,11733,r
P01,S02,8,up,82,1791365700479.8,11733,r
P01,S02,8,down,69,1791365700575.3,11734,e
P01,S02,8,up,69,1791365700654.5,11734,e
P01,S02,8,down,65,1791365700760.9,11735,a
P01,S02,8,up,65,1791365700848.2,11735,a
P01,S02,8,down,68,1791365700938.5,11736,d
P01,S02,8,up,68,1791365701048.8,11736,d
P01,S02,8,down,89,1791365701064.1,11737,y
P01,S02,8,up,89,1791365701127.6,11737,y
P01,S02,8,down,32,1791365701231.6,11738, 
P01,S02,8,up,32,1791365701327.1,11738, 
P01,S02,8,down,85,1791365701470,11739,u
P01,S02,8,up,85,1791365701494.8,11739,u
P01,S02,8,down,83,1791365701540.3,11740,s
P01,S02,8,up,83,1791365701627.8,11740,s
P01,S02,8,down,69,1791365701731.3,11741,e
P01,S02,8,up,69,1791365701810.3,11741,e
P01,S02,8,down,83,1791365701893.4,11742,s
P01,S02,8,up,83,1791365701995.8,11742,s
P01,S02,8,down,32,1791365702013.5,11743, 
P01,S02,8,up,32,1791365702085,11743, 
P01,S02,8,down,16,1791365702112.3,11744,Shift
P01,S02,8,down,65,1791365702287.3,11745,A
P01,S02,8,up,65,1791365702538.4,11745,A
P01,S02,8,down,73,1791365702540.5,11746,I
P01,S02,8,up,73,1791365702543.4,11746,I
P01,S02,8,down,219,1791365702861.4,11747,?
P01,S02,8,up,219,1791365702930.7,11747,?
P01,S02,8,up,16,1791365703052.7,11744,Shift
P01,S02,8,down,32,1791365703083.5,11748, 
P01,S02,8,up,32,1791365703139.8,11748, 
P01,S02,8,down,16,1791365703235.5,11749,Shift
P01,S02,8,up,16,1791365703449.2,11749,Shift
P01,S02,8,down,8,1791365703587.6,11750,Backspace
P01,S02,8,up,8,1791365703610.8,11750,Backspace
P01,S02,8,down,32,1791365704244.3,11751, 
P01,S02,8,up,32,1791365704315.7,11751, 
P01,S02,8,down,16,1791365704354.4,11752,Shift
P01,S02,8,down,73,1791365704475.9,11753,I
P01,S02,8,up,16,1791365704568.3,11752,Shift
P01,S02,8,up,73,1791365704570.1,11753,I
P01,S02,8,down,84,1791365704763.6,11754,t
P01,S02,8,up,84,1791365704788.4,11754,t
P01,S02,8,down,219,1791365704999.6,11755,'
P01,S02,8,up,219,1791365705143.2,11755,'
P01,S02,8,down,83,1791365705203.9,11756,s
P01,S02,8,up,83,1791365705274.3,11756,s
P01,S02,8,down,32,1791365705311,11757, 
P01,S02,8,up,32,1791365705366,11757, 
P01,S02,8,down,79,1791365705490.2,11758,o
P01,S02,8,up,79,1791365705568.9,11758,o
P01,S02,8,down,78,1791365705660.7,11759,n
P01,S02,8,up,78,1791365705724.9,11759,n
P01,S02,8,down,32,1791365705820.7,11760, 
P01,S02,8,up,32,1791365705883.2,11760, 
P01,S02,8,down,69,1791365705924,11761,e
P01,S02,8,up,69,1791365705995,11761,e
P01,S02,8,down,86,1791365706025.2,11762,v
P01,S02,8,up,86,1791365706103.8,11762,v
P01,S02,8,down,69,1791365706126.4,11763,e
P01,S02,8,up,69,1791365706198.1,11763,e
P01,S02,8,down,82,1791365706304.3,11764,r
P01,S02,8,down,89,1791365706344.1,11765,y
P01,S02,8,up,82,1791365706397.5,11764,r
P01,S02,8,up,89,1791365706422.3,11765,y
P01,S02,8,down,32,1791365706508.9,11766, 
P01,S02,8,up,32,1791365706587.8,11766, 
P01,S02,8,down,80,1791365706818.7,11767,p
P01,S02,8,up,80,1791365706822.1,11767,p
P01,S02,8,down,76,1791365706871.2,11768,l
P01,S02,8,up,76,1791365706977.3,11768,l
P01,S02,8,down,65,1791365706977.6,11769,a
P01,S02,8,up,65,1791365707072.3,11769,a
P01,S02,8,down,84,1791365707130.9,11770,t
P01,S02,8,up,84,1791365707171.5,11770,t
P01,S02,8,down,70,1791365707261.8,11771,f
P01,S02,8,up,70,1791365707349,11771,f
P01,S02,8,down,82,1791365707650,11772,r
P01,S02,8,up,82,1791365707736.9,11772,r
P01,S02,8,down,79,1791365707865.2,11773,o
P01,S02,8,up,79,1791365707868.6,11773,o
P01,S02,8,down,77,1791365707940.7,11774,m
P01,S02,8,up,77,1791365707996.2,11774,m
P01,S02,8,down,188,1791365708943,11775,","
P01,S02,8,up,188,1791365708950,11775,","
P01,S02,8,down,32,1791365709058,11776, 
P01,S02,8,up,32,1791365709129.6,11776, 
P01,S02,8,down,69,1791365709815.6,11777,e
P01,S02,8,up,69,1791365709903.6,11777,e
P01,S02,8,down,86,1791365709960.3,11778,v
P01,S02,8,up,86,1791365710071.3,11778,v
P01,S02,8,down,69,1791365710072.2,11779,e
P01,S02,8,up,69,1791365710133.1,11779,e
P01,S02,8,down,82,1791365710292.6,11780,r
P01,S02,8,down,89,1791365710294.4,11781,y
P01,S02,8,up,82,1791365710321.7,11780,r
P01,S02,8,up,89,1791365710370.2,11781,y
P01,S02,8,down,32,1791365710456.3,11782, 
P01,S02,8,up,32,1791365710527.8,11782, 
P01,S02,8,down,83,1791365710693.3,11783,s
P01,S02,8,down,73,1791365710812.9,11784,i
P01,S02,8,up,83,1791365710814.6,11783,s
P01,S02,8,up,73,1791365710875.6,11784,i
P01,S02,8,down,78,1791365710983.1,11785,n
P01,S02,8,up,78,1791365711051.9,11785,n
P01,S02,8,down,71,1791365711150.2,11786,g
P01,S02,8,up,71,1791365711205.9,11786,g
P01,S02,8,down,76,1791365711388,11787,l
P01,S02,8,up,76,1791365711426.6,11787,l
P01,S02,8,down,69,1791365711452.8,11788,e
P01,S02,8,down,32,1791365711557.7,11789, 
P01,S02,8,up,69,1791365711559.7,11788,e
P01,S02,8,up,32,1791365711644.7,11789, 
P01,S02,8,down,71,1791365711800.5,11790,g
P01,S02,8,up,71,1791365711864.9,11790,g
P01,S02,8,down,82,1791365711938,11791,r
P01,S02,8,up,82,1791365712025.5,11791,r
P01,S02,8,down,69,1791365712146,11792,e
P01,S02,8,up,69,1791365712224.9,11792,e
P01,S02,8,down,69,1791365712318,11793,e
P01,S02,8,up,69,1791365712467.4,11793,e
P01,S02,8,down,68,1791365712485.4,11794,d
P01,S02,8,up,68,1791365712603.2,11794,d
P01,S02,8,down,89,1791365712680.5,11795,y
P01,S02,8,up,89,1791365712751.4,11795,y
P01,S02,8,down,32,1791365712851.5,11796, 
P01,S02,8,up,32,1791365712922.6,11796, 
P01,S02,8,down,76,1791365713069.7,11797,l
P01,S02,8,up,76,1791365713141.2,11797,l
P01,S02,8,down,73,1791365713261.9,11798,i
P01,S02,8,up,73,1791365713340.8,11798,i
P01,S02,8,down,84,1791365713865.9,11799,t
P01,S02,8,up,84,1791365713920.8,11799,t
P01,S02,8,down,84,1791365714014.7,11800,t
P01,S02,8,up,84,1791365714085,11800,t
P01,S02,8,down,76,1791365714283.5,11801,l
P01,S02,8,up,76,1791365714419.6,11801,l
P01,S02,8,down,69,1791365714557.1,11802,e
P01,S02,8,down,32,1791365714560.1,11803, 
P01,S02,8,up,69,1791365714571.5,11802,e
P01,S02,8,up,32,1791365714613.8,11803, 
P01,S02,8,down,66,1791365714731.3,11804,b
P01,S02,8,up,66,1791365714779.1,11804,b
P01,S02,8,down,73,1791365714919.5,11805,i
P01,S02,8,up,73,1791365714975.2,11805,i
P01,S02,8,down,76,1791365715139,11806,l
P01,S02,8,up,76,1791365715202.5,11806,l
P01,S02,8,down,76,1791365716094.1,11807,l
P01,S02,8,up,76,1791365716181.7,11807,l
P01,S02,8,down,73,1791365716298,11808,i
P01,S02,8,up,73,1791365716353.4,11808,i
P01,S02,8,down,79,1791365716432.7,11809,o
P01,S02,8,up,79,1791365716519.9,11809,o
P01,S02,8,down,78,1791365716807.7,11810,n
P01,S02,8,up,78,1791365716863.2,11810,n
P01,S02,8,down,65,1791365717268.3,11811,a
P01,S02,8,up,65,1791365717398.5,11811,a
P01,S02,8,down,73,1791365717588.1,11812,i
P01,S02,8,up,73,1791365717676.7,11812,i
P01,S02,8,down,82,1791365717723.6,11813,r
P01,S02,8,up,82,1791365717787.1,11813,r
P01,S02,8,down,69,1791365717902,11814,e
P01,S02,8,down,32,1791365717991.5,11815, 
P01,S02,8,up,69,1791365717993.8,11814,e
P01,S02,8,up,32,1791365718030.5,11815, 
P01,S02,8,down,77,1791365718184.1,11816,m
P01,S02,8,up,77,1791365718271.5,11816,m
P01,S02,8,down,65,1791365718294.5,11817,a
P01,S02,8,up,65,1791365718388.5,11817,a
P01,S02,8,down,68,1791365718565.7,11818,d
P01,S02,8,up,68,1791365718585.6,11818,d
P01,S02,8,down,69,1791365718696.3,11819,e
P01,S02,8,up,69,1791365718765.1,11819,e
P01,S02,8,down,32,1791365718787.1,11820, 
P01,S02,8,up,32,1791365718850.5,11820, 
P01,S02,8,down,65,1791365718900.4,11821,a
P01,S02,8,down,32,1791365719022.6,11822, 
P01,S02,8,up,65,1791365719025,11821,a
P01,S02,8,up,32,1791365719077.7,11822, 
P01,S02,8,down,67,1791365719148.5,11823,c
P01,S02,8,down,76,1791365719245.6,11824,l
P01,S02,8,up,67,1791365719247.6,11823,c
P01,S02,8,up,76,1791365719308.4,11824,l
P01,S02,8,down,79,1791365719410.3,11825,o
P01,S02,8,up,79,1791365719472.8,11825,o
P01,S02,8,down,78,1791365719641.7,11826,n
P01,S02,8,up,78,1791365719647.2,11826,n
P01,S02,8,down,69,1791365719704.4,11827,e
P01,S02,8,down,32,1791365719745.4,11828, 
P01,S02,8,up,69,1791365719774.8,11827,e
P01,S02,8,up,32,1791365719816.9,11828, 
P01,S02,8,down,79,1791365719937.8,11829,o
P01,S02,8,up,79,1791365720000.9,11829,o
P01,S02,8,down,70,1791365720026.7,11830,f
P01,S02,8,down,32,1791365720120.3,11831, 
P01,S02,8,up,70,1791365720122.2,11830,f
P01,S02,8,up,32,1791365720169.7,11831, 
P01,S02,8,down,89,1791365720286,11832,y
P01,S02,8,up,89,1791365720348.2,11832,y
P01,S02,8,down,79,1791365720505.3,11833,o
P01,S02,8,up,79,1791365720652.7,11833,o
P01,S02,8,down,85,1791365720695.5,11834,u
P01,S02,8,up,85,1791365720760.3,11834,u
P01,S02,8,down,32,1791365720857.5,11835, 
P01,S02,8,up,32,1791365720920.6,11835, 
P01,S02,8,down,65,1791365720979.1,11836,a
P01,S02,8,up,65,1791365721075.9,11836,a
P01,S02,8,down,78,1791365721104.6,11837,n
P01,S02,8,up,78,1791365721176,11837,n
P01,S02,8,down,68,1791365721213,11838,d
P01,S02,8,down,32,1791365721302.2,11839, 
P01,S02,8,up,68,1791365721304.2,11838,d
P01,S02,8,up,32,1791365721359.2,11839, 
P01,S02,8,down,80,1791365721645.4,11840,p
P01,S02,8,up,80,1791365721657,11840,p
P01,S02,8,down,85,1791365721767.6,11841,u
P01,S02,8,up,85,1791365721830.8,11841,u
P01,S02,8,down,84,1791365721934.7,11842,t
P01,S02,8,up,84,1791365721990.4,11842,t
P01,S02,8,down,32,1791365722093.3,11843, 
P01,S02,8,up,32,1791365722173.7,11843, 
P01,S02,8,down,73,1791365722296,11844,i
P01,S02,8,up,73,1791365722366.5,11844,i
P01,S02,8,down,84,1791365722477.8,11845,t
P01,S02,8,up,84,1791365722541.2,11845,t
P01,S02,8,down,32,1791365722677.3,11846, 
P01,S02,8,up,32,1791365722716,11846, 
P01,S02,8,down,79,1791365722873.3,11847,o
P01,S02,8,up,79,1791365722927,11847,o
P01,S02,8,down,78,1791365723061.1,11848,n
P01,S02,8,up,78,1791365723125,11848,n
P01,S02,8,down,32,1791365723230.2,11849, 
P01,S02,8,up,32,1791365723293.4,11849, 
P01,S02,8,down,84,1791365723428.7,11850,t
P01,S02,8,up,84,1791365723492.9,11850,t
P01,S02,8,down,72,1791365723589.6,11851,h
P01,S02,8,up,72,1791365723691.6,11851,h
P01,S02,8,down,69,1791365723800,11852,e
P01,S02,8,up,69,1791365723820.9,11852,e
P01,S02,8,down,73,1791365723846.5,11853,i
P01,S02,8,up,73,1791365723924.8,11853,i
P01,S02,8,down,82,1791365723952.2,11854,r
P01,S02,8,up,82,1791365724032,11854,r
P01,S02,8,down,32,1791365724077.3,11855, 
P01,S02,8,up,32,1791365724108.7,11855, 
P01,S02,8,down,83,1791365724195.4,11856,s
P01,S02,8,up,83,1791365724313.8,11856,s
P01,S02,8,down,69,1791365724421.6,11857,e
P01,S02,8,up,69,1791365724500.5,11857,e
P01,S02,8,down,65,1791365724630.1,11858,a
P01,S02,8,up,65,1791365724799.8,11858,a
P01,S02,8,down,82,1791365724905.4,11859,r
P01,S02,8,up,82,1791365725025.2,11859,r
P01,S02,8,down,67,1791365725192.4,11860,c
P01,S02,8,up,67,1791365725302.8,11860,c
P01,S02,8,down,72,1791365725346.9,11861,h
P01,S02,8,up,72,1791365725418.4,11861,h
P01,S02,8,down,66,1791365725673.6,11862,b
P01,S02,8,up,66,1791365725750.1,11862,b
P01,S02,8,down,65,1791365725751.1,11863,a
P01,S02,8,up,65,1791365725843.5,11863,a
P01,S02,8,down,82,1791365725992.9,11864,r
P01,S02,8,down,32,1791365726084.1,11865, 
P01,S02,8,up,82,1791365726086.5,11864,r
P01,S02,8,up,32,1791365726149.3,11865, 
P01,S02,8,down,65,1791365726395.1,11866,a
P01,S02,8,up,65,1791365726467.1,11866,a
P01,S02,8,down,78,1791365726993,11867,n
P01,S02,8,up,78,1791365726997.6,11867,n
P01,S02,8,down,68,1791365727032.8,11868,d
P01,S02,8,down,32,1791365727136.9,11869, 
P01,S02,8,up,68,1791365727139.7,11868,d
P01,S02,8,up,32,1791365727193.8,11869, 
P01,S02,8,down,8,1791365727777.1,11870,Backspace
P01,S02,8,up,8,1791365727840.5,11870,Backspace
P01,S02,8,down,8,1791365727974.8,11871,Backspace
P01,S02,8,up,8,1791365728022.6,11871,Backspace
P01,S02,8,down,8,1791365728138.6,11872,Backspace
P01,S02,8,up,8,1791365728201.1,11872,Backspace
P01,S02,8,down,8,1791365728354.2,11873,Backspace
P01,S02,8,up,8,1791365728366.2,11873,Backspace
P01,S02,8,down,79,1791365728763.7,11874,o
P01,S02,8,up,79,1791365728842.8,11874,o
P01,S02,8,down,78,1791365728961.6,11875,n
P01,S02,8,up,78,1791365729017.4,11875,n
P01,S02,8,down,32,1791365729092.9,11876, 
P01,S02,8,up,32,1791365729181.2,11876, 
P01,S02,8,down,84,1791365729329.8,11877,t
P01,S02,8,up,84,1791365729464.1,11877,t
P01,S02,8,down,72,1791365729492.3,11878,h
P01,S02,8,up,72,1791365729587.8,11878,h
P01,S02,8,down,69,1791365729639.3,11879,e
P01,S02,8,down,73,1791365729727.5,11880,i
P01,S02,8,up,69,1791365729729.8,11879,e
P01,S02,8,up,73,1791365729829.4,11880,i
P01,S02,8,down,82,1791365729864.4,11881,r
P01,S02,8,down,32,1791365729967.1,11882, 
P01,S02,8,up,82,1791365729970.1,11881,r
P01,S02,8,up,32,1791365730031.6,11882, 
P01,S02,8,down,65,1791365730252.1,11883,a
P01,S02,8,up,65,1791365730386.9,11883,a
P01,S02,8,down,80,1791365730577,11884,p
P01,S02,8,up,80,1791365730640.1,11884,p
P01,S02,8,down,80,1791365730758.6,11885,p
P01,S02,8,up,80,1791365730805.2,11885,p
P01,S02,8,down,190,1791365730995.3,11886,.
P01,S02,8,up,190,1791365731026.8,11886,.
P01,S02,8,down,32,1791365731172.6,11887, 
P01,S02,8,up,32,1791365731228.3,11887, 
P01,S02,8,down,16,1791365731264.7,11888,Shift
P01,S02,8,down,69,1791365731480.1,11889,E
P01,S02,8,up,16,1791365731608.2,11888,Shift
P01,S02,8,up,69,1791365731618.6,11889,E
P01,S02,8,down,86,1791365731638.3,11890,v
P01,S02,8,up,86,1791365731684.7,11890,v
P01,S02,8,down,69,1791365731881.7,11891,e
P01,S02,8,up,69,1791365731976.8,11891,e
P01,S02,8,down,78,1791365731997.2,11892,n
P01,S02,8,up,78,1791365732068.2,11892,n
P01,S02,8,down,32,1791365732153.7,11893, 
P01,S02,8,up,32,1791365732225.8,11893, 
P01,S02,8,down,77,1791365732358.3,11894,m
P01,S02,8,up,77,1791365732430.2,11894,m
P01,S02,8,down,89,1791365732559,11895,y
P01,S02,8,up,89,1791365732614.6,11895,y
P01,S02,8,down,32,1791365732829.9,11896, 
P01,S02,8,up,32,1791365732834.5,11896, 
P01,S02,8,down,80,1791365733009.6,11897,p
P01,S02,8,up,80,1791365733065.2,11897,p
P01,S02,8,down,72,1791365733267.3,11898,h
P01,S02,8,up,72,1791365733322.7,11898,h
P01,S02,8,down,79,1791365733450.4,11899,o
P01,S02,8,up,79,1791365733538,11899,o
P01,S02,8,down,84,1791365733683.7,11900,t
P01,S02,8,up,84,1791365733739.9,11900,t
P01,S02,8,down,79,1791365733887.2,11901,o
P01,S02,8,up,79,1791365733966.3,11901,o
P01,S02,8,down,83,1791365734018,11902,s
P01,S02,8,up,83,1791365734121.7,11902,s
P01,S02,8,down,32,1791365734152.8,11903, 
P01,S02,8,up,32,1791365734240.5,11903, 
P01,S02,8,down,65,1791365734326.7,11904,a
P01,S02,8,up,65,1791365734469.9,11904,a
P01,S02,8,down,80,1791365734553.8,11905,p
P01,S02,8,up,80,1791365734618.2,11905,p
P01,S02,8,down,80,1791365734702.3,11906,p
P01,S02,8,up,80,1791365734770.8,11906,p
P01,S02,8,down,32,1791365734894.4,11907, 
P01,S02,8,up,32,1791365735029.3,11907, 
P01,S02,8,down,65,1791365735031.6,11908,a
P01,S02,8,up,65,1791365735129.8,11908,a
P01,S02,8,down,76,1791365735177.5,11909,l
P01,S02,8,up,76,1791365735256,11909,l
P01,S02,8,down,82,1791365735455.7,11910,r
P01,S02,8,up,82,1791365735510.2,11910,r
P01,S02,8,down,69,1791365735625.5,11911,e
P01,S02,8,up,69,1791365735688.8,11911,e
P01,S02,8,down,65,1791365735825.1,11912,a
P01,S02,8,up,65,1791365735912.9,11912,a
P01,S02,8,down,68,1791365736064.8,11913,d
P01,S02,8,down,89,1791365736143.6,11914,y
P01,S02,8,up,68,1791365736157.9,11913,d
P01,S02,8,up,89,1791365736204,11914,y
P01,S02,8,down,32,1791365736294.6,11915, 
P01,S02,8,up,32,1791365736382.2,11915, 
P01,S02,8,down,72,1791365736469.6,11916,h
P01,S02,8,up,72,1791365736548.2,11916,h
P01,S02,8,down,65,1791365736549,11917,a
P01,S02,8,up,65,1791365736615.8,11917,a
P01,S02,8,down,83,1791365736704.7,11918,s
P01,S02,8,down,32,1791365736811.5,11919, 
P01,S02,8,up,83,1791365736813.8,11918,s
P01,S02,8,up,32,1791365736881.4,11919, 
P01,S02,8,down,65,1791365736912.1,11920,a
P01,S02,8,down,32,1791365737018.2,11921, 
P01,S02,8,up,65,1791365737020.2,11920,a
P01,S02,8,up,32,1791365737184.7,11921, 
P01,S02,8,down,77,1791365739495.5,11922,m
P01,S02,8,up,77,1791365739639.3,11922,m
P01,S02,8,down,79,1791365739751.1,11923,o
P01,S02,8,up,79,1791365739830.5,11923,o
P01,S02,8,down,68,1791365739890.3,11924,d
P01,S02,8,up,68,1791365739945.5,11924,d
P01,S02,8,down,69,1791365740062.9,11925,e
P01,S02,8,down,76,1791365740092.8,11926,l
P01,S02,8,up,69,1791365740148.6,11925,e
P01,S02,8,up,76,1791365740165.6,11926,l
P01,S02,8,down,32,1791365740251.3,11927, 
P01,S02,8,up,32,1791365740339,11927, 
P01,S02,8,down,84,1791365740461.8,11928,t
P01,S02,8,up,84,1791365740518,11928,t
P01,S02,8,down,82,1791365740603.3,11929,r
P01,S02,8,up,82,1791365740689.5,11929,r
P01,S02,8,down,65,1791365740699.7,11930,a
P01,S02,8,up,65,1791365740860.9,11930,a
P01,S02,8,down,73,1791365740864,11931,i
P01,S02,8,up,73,1791365740910.7,11931,i
P01,S02,8,down,78,1791365741018.4,11932,n
P01,S02,8,up,78,1791365741082.1,11932,n
P01,S02,8,down,69,1791365741178.1,11933,e
P01,S02,8,up,69,1791365741257,11933,e
P01,S02,8,down,68,1791365741348.5,11934,d
P01,S02,8,down,32,1791365741383,11935, 
P01,S02,8,up,32,1791365741453.8,11935, 
P01,S02,8,up,68,1791365741473.5,11934,d
P01,S02,8,down,84,1791365741571.7,11936,t
P01,S02,8,up,84,1791365741650.6,11936,t
P01,S02,8,down,79,1791365741813.8,11937,o
P01,S02,8,up,79,1791365741911.1,11937,o
P01,S02,8,down,32,1791365742034.9,11938, 
P01,S02,8,up,32,1791365742114.1,11938, 
P01,S02,8,down,80,1791365742813.1,11939,p
P01,S02,8,up,80,1791365742981.6,11939,p
P01,S02,8,down,82,1791365743000,11940,r
P01,S02,8,up,82,1791365743057.9,11940,r
P01,S02,8,down,69,1791365743159.8,11941,e
P01,S02,8,up,69,1791365743247.4,11941,e
P01,S02,8,down,68,1791365743327.7,11942,d
P01,S02,8,up,68,1791365743428,11942,d
P01,S02,8,down,73,1791365744152.3,11943,i
P01,S02,8,up,73,1791365744205.7,11943,i
P01,S02,8,down,67,1791365744277.3,11944,c
P01,S02,8,down,84,1791365744380.8,11945,t
P01,S02,8,up,67,1791365744382.6,11944,c
P01,S02,8,up,84,1791365744443.7,11945,t
P01,S02,8,down,32,1791365744549.3,11946, 
P01,S02,8,up,32,1791365744636.9,11946, 
P01,S02,8,down,83,1791365744688.2,11947,s
P01,S02,8,up,83,1791365744807.4,11947,s
P01,S02,8,down,84,1791365744827.6,11948,t
P01,S02,8,up,84,1791365744891.5,11948,t
P01,S02,8,down,85,1791365745012.9,11949,u
P01,S02,8,up,85,1791365745092.6,11949,u
P01,S02,8,down,70,1791365745282.7,11950,f
P01,S02,8,up,70,1791365745345.8,11950,f
P01,S02,8,down,70,1791365745560.5,11951,f
P01,S02,8,up,70,1791365745562.1,11951,f
P01,S02,8,down,32,1791365745569.7,11952, 
P01,S02,8,up,32,1791365745641.6,11952, 
P01,S02,8,down,83,1791365745737.3,11953,s
P01,S02,8,up,83,1791365745847.7,11953,s
P01,S02,8,down,79,1791365745988.1,11954,o
P01,S02,8,up,79,1791365746058.8,11954,o
P01,S02,8,down,32,1791365746171,11955, 
P01,S02,8,up,32,1791365746242.3,11955, 
P01,S02,8,down,84,1791365746372.9,11956,t
P01,S02,8,up,84,1791365746421,11956,t
P01,S02,8,down,72,1791365746637.8,11957,h
P01,S02,8,up,72,1791365746643.9,11957,h
P01,S02,8,down,65,1791365746666.3,11958,a
P01,S02,8,down,84,1791365746720.7,11959,t
P01,S02,8,up,65,1791365746738.1,11958,a
P01,S02,8,up,84,1791365746777.5,11959,t
P01,S02,8,down,32,1791365746869.3,11960, 
P01,S02,8,up,32,1791365746948.4,11960, 
P01,S02,8,down,16,1791365747026,11961,Shift
P01,S02,8,down,73,1791365747139.4,11962,I
P01,S02,8,up,73,1791365747203.9,11962,I
P01,S02,8,up,16,1791365747254.9,11961,Shift
P01,S02,8,down,32,1791365747318,11963, 
P01,S02,8,up,32,1791365747382.1,11963, 
P01,S02,8,down,67,1791365747488,11964,c
P01,S02,8,up,67,1791365747543.4,11964,c
P01,S02,8,down,65,1791365747595.1,11965,a
P01,S02,8,up,65,1791365747745.3,11965,a
P01,S02,8,down,78,1791365747747,11966,n
P01,S02,8,up,78,1791365747769.7,11966,n
P01,S02,8,down,32,1791365747833.8,11967, 
P01,S02,8,up,32,1791365747937.8,11967, 
P01,S02,8,down,83,1791365748000.7,11968,s
P01,S02,8,up,83,1791365748080,11968,s
P01,S02,8,down,69,1791365748187.2,11969,e
P01,S02,8,up,69,1791365748251,11969,e
P01,S02,8,down,65,1791365748368.1,11970,a
P01,S02,8,up,65,1791365748503.5,11970,a
P01,S02,8,down,82,1791365748631.2,11971,r
P01,S02,8,up,82,1791365748774.1,11971,r
P01,S02,8,down,67,1791365748827.4,11972,c
P01,S02,8,up,67,1791365748938.4,11972,c
P01,S02,8,down,72,1791365748953.9,11973,h
P01,S02,8,up,72,1791365749018.2,11973,h
P01,S02,8,down,32,1791365749115.8,11974, 
P01,S02,8,up,32,1791365749203,11974, 
P01,S02,8,down,70,1791365749272.4,11975,f
P01,S02,8,up,70,1791365749327.5,11975,f
P01,S02,8,down,79,1791365749387.2,11976,o
P01,S02,8,up,79,1791365749475.9,11976,o
P01,S02,8,down,82,1791365749512.3,11977,r
P01,S02,8,down,32,1791365749601.7,11978, 
P01,S02,8,up,82,1791365749604.6,11977,r
P01,S02,8,up,32,1791365749670.1,11978, 
P01,S02,8,down,84,1791365749917.1,11979,t
P01,S02,8,up,84,1791365749979.3,11979,t
P01,S02,8,down,72,1791365750074.2,11980,h
P01,S02,8,up,72,1791365750177.5,11980,h
P01,S02,8,down,73,1791365750306.4,11981,i
P01,S02,8,up,73,1791365750393.6,11981,i
P01,S02,8,down,78,1791365750516.7,11982,n
P01,S02,8,up,78,1791365750604.6,11982,n
P01,S02,8,down,71,1791365750709.2,11983,g
P01,S02,8,up,71,1791365750782.8,11983,g
P01,S02,8,down,83,1791365751055.8,11984,s
P01,S02,8,up,83,1791365751126.9,11984,s
P01,S02,8,down,32,1791365751155.8,11985, 
P01,S02,8,up,32,1791365751243.4,11985, 
P01,S02,8,down,65,1791365751268.8,11986,a
P01,S02,8,up,65,1791365751365.3,11986,a
P01,S02,8,down,78,1791365751582.2,11987,n
P01,S02,8,up,78,1791365751653,11987,n
P01,S02,8,down,68,1791365751721.8,11988,d
P01,S02,8,down,32,1791365751810.4,11989, 
P01,S02,8,up,68,1791365751812.6,11988,d
P01,S02,8,up,32,1791365751874.4,11989, 
P01,S02,8,down,80,1791365752062,11990,p
P01,S02,8,up,80,1791365752161.9,11990,p
P01,S02,8,down,69,1791365752223.2,11991,e
P01,S02,8,down,79,1791365752336.9,11992,o
P01,S02,8,up,69,1791365752339.5,11991,e
P01,S02,8,up,79,1791365752407,11992,o
P01,S02,8,down,80,1791365752518,11993,p
P01,S02,8,up,80,1791365752597.6,11993,p
P01,S02,8,down,76,1791365752681.2,11994,l
P01,S02,8,up,76,1791365752768.4,11994,l
P01,S02,8,down,69,1791365752790.3,11995,e
P01,S02,8,down,32,1791365752892.9,11996, 
P01,S02,8,up,69,1791365752895.4,11995,e
P01,S02,8,up,32,1791365752942.3,11996, 
P01,S02,8,down,16,1791365753083.8,11997,Shift
P01,S02,8,down,73,1791365753173.6,11998,I
P01,S02,8,up,73,1791365753261.4,11998,I
P01,S02,8,down,78,1791365753362.1,11999,N
P01,S02,8,up,78,1791365753441.4,11999,N
P01,S02,8,down,32,1791365753513.5,12000, 
P01,S02,8,up,16,1791365753549.3,11997,Shift
P01,S02,8,up,32,1791365753600.3,12000, 
P01,S02,8,down,77,1791365753726,12001,m
P01,S02,8,up,77,1791365753813.6,12001,m
P01,S02,8,down,89,1791365753942.3,12002,y
P01,S02,8,up,89,1791365754104.2,12002,y
P01,S02,8,down,32,1791365754115.3,12003, 
P01,S02,8,up,32,1791365754217.2,12003, 
P01,S02,8,down,80,1791365755237.7,12004,p
P01,S02,8,up,80,1791365755261.3,12004,p
P01,S02,8,down,73,1791365756135.5,12005,i
P01,S02,8,up,73,1791365756192.3,12005,i
P01,S02,8,down,67,1791365756289.5,12006,c
P01,S02,8,down,84,1791365756392.4,12007,t
P01,S02,8,up,67,1791365756395,12006,c
P01,S02,8,up,84,1791365756455.1,12007,t
P01,S02,8,down,85,1791365756604,12008,u
P01,S02,8,up,85,1791365756682.7,12008,u
P01,S02,8,down,82,1791365756683.1,12009,r
P01,S02,8,up,82,1791365756770.3,12009,r
P01,S02,8,down,69,1791365756856,12010,e
P01,S02,8,up,69,1791365756975.6,12010,e
P01,S02,8,down,83,1791365757065.9,12011,s
P01,S02,8,up,83,1791365757218.2,12011,s
P01,S02,8,down,188,1791365757258.2,12012,","
P01,S02,8,up,188,1791365757417.1,12012,","
P01,S02,8,down,32,1791365757627.5,12013, 
P01,S02,8,up,32,1791365757662.1,12013, 
P01,S02,8,down,8,1791365757928.9,12014,Backspace
P01,S02,8,up,8,1791365757984.8,12014,Backspace
P01,S02,8,down,8,1791365758079.8,12015,Backspace
P01,S02,8,up,8,1791365758159.3,12015,Backspace
P01,S02,8,down,190,1791365758754.5,12016,.
P01,S02,8,up,190,1791365758794.6,12016,.
P01,S02,8,down,16,1791365759172.1,12017,Shift
P01,S02,8,down,13,1791365759373.8,12018,Enter
P01,S02,8,up,13,1791365759396.7,12018,Enter
P01,S02,8,down,13,1791365759499,12019,Enter
P01,S02,8,up,13,1791365759569.9,12019,Enter
P01,S02,8,up,16,1791365759747.3,12017,Shift
P01,S02,8,down,16,1791365760156.6,12020,Shift
P01,S02,8,down,84,1791365760262.4,12021,T
P01,S02,8,up,84,1791365760334.8,12021,T
P01,S02,8,up,16,1791365760363,12020,Shift
P01,S02,8,down,72,1791365760436.5,12022,h
P01,S02,8,up,72,1791365760523.8,12022,h
P01,S02,8,down,69,1791365760563,12023,e
P01,S02,8,down,32,1791365760612,12024, 
P01,S02,8,up,69,1791365760633.2,12023,e
P01,S02,8,up,32,1791365760689.2,12024, 
P01,S02,8,down,85,1791365760802.9,12025,u
P01,S02,8,up,85,1791365760880.6,12025,u
P01,S02,8,down,83,1791365760881,12026,s
P01,S02,8,up,83,1791365760917.3,12026,s
P01,S02,8,down,69,1791365760988.9,12027,e
P01,S02,8,down,32,1791365761062.9,12028, 
P01,S02,8,up,32,1791365761134.7,12028, 
P01,S02,8,up,69,1791365761136.1,12027,e
P01,S02,8,down,79,1791365761549.8,12029,o
P01,S02,8,up,79,1791365761603.8,12029,o
P01,S02,8,down,70,1791365761674.8,12030,f
P01,S02,8,up,70,1791365761769.8,12030,f
P01,S02,8,down,32,1791365761787.1,12031, 
P01,S02,8,up,32,1791365761883.2,12031, 
P01,S02,8,down,16,1791365761953.8,12032,Shift
P01,S02,8,down,65,1791365762160.8,12033,A
P01,S02,8,up,65,1791365762311.9,12033,A
P01,S02,8,down,73,1791365762447.8,12034,I
P01,S02,8,up,73,1791365762511.6,12034,I
P01,S02,8,up,16,1791365762609.7,12032,Shift
P01,S02,8,down,32,1791365762632.1,12035, 
P01,S02,8,up,32,1791365762687,12035, 
P01,S02,8,down,73,1791365762807.1,12036,i
P01,S02,8,up,73,1791365762950.3,12036,i
P01,S02,8,down,83,1791365762981.3,12037,s
P01,S02,8,down,32,1791365763064.5,12038, 
P01,S02,8,up,83,1791365763067.5,12037,s
P01,S02,8,up,32,1791365763134.3,12038, 
P01,S02,8,down,80,1791365763263,12039,p
P01,S02,8,up,80,1791365763366.2,12039,p
P01,S02,8,down,82,1791365763403.6,12040,r
P01,S02,8,up,82,1791365763492.6,12040,r
P01,S02,8,down,69,1791365763589.7,12041,e
P01,S02,8,up,69,1791365763693,12041,e
P01,S02,8,down,84,1791365763733.5,12042,t
P01,S02,8,up,84,1791365763797,12042,t
P01,S02,8,down,84,1791365763870.9,12043,t
P01,S02,8,up,84,1791365764021.2,12043,t
P01,S02,8,down,87,1791365764294.3,12044,w
P01,S02,8,up,87,1791365764372.7,12044,w
P01,S02,8,down,8,1791365764593.1,12045,Backspace
P01,S02,8,up,8,1791365764656.8,12045,Backspace
P01,S02,8,down,89,1791365765051.1,12046,y
P01,S02,8,up,89,1791365765054.5,12046,y
P01,S02,8,down,32,1791365765158.8,12047, 
P01,S02,8,up,32,1791365765255.3,12047, 
P01,S02,8,down,87,1791365765576,12048,w
P01,S02,8,up,87,1791365765607.9,12048,w
P01,S02,8,down,73,1791365771772.2,12049,i
P01,S02,8,up,73,1791365771916.3,12049,i
P01,S02,8,down,68,1791365771971.4,12050,d
P01,S02,8,up,68,1791365772085.2,12050,d
P01,S02,8,down,69,1791365772194.3,12051,e
P01,S02,8,up,69,1791365772288.7,12051,e
P01,S02,8,down,83,1791365772472.5,12052,s
P01,S02,8,up,83,1791365772575.9,12052,s
P01,S02,8,down,80,1791365772726.4,12053,p
P01,S02,8,up,80,1791365772854.3,12053,p
P01,S02,8,down,82,1791365772911.7,12054,r
P01,S02,8,up,82,1791365772990.8,12054,r
P01,S02,8,down,69,1791365773148.3,12055,e
P01,S02,8,up,69,1791365773178.9,12055,e
P01,S02,8,down,65,1791365773304.6,12056,a
P01,S02,8,up,65,1791365773392.9,12056,a
P01,S02,8,down,68,1791365773509.4,12057,d
P01,S02,8,up,68,1791365773607,12057,d
P01,S02,8,down,190,1791365773994.8,12058,.
P01,S02,8,up,190,1791365774098.7,12058,.
P01,S02,8,down,32,1791365774217.1,12059, 
P01,S02,8,up,32,1791365774288.5,12059, 
P01,S02,8,down,16,1791365775975.1,12060,Shift
P01,S02,8,down,72,1791365776215.3,12061,H
P01,S02,8,up,72,1791365776294.6,12061,H
P01,S02,8,up,16,1791365776385.6,12060,Shift
P01,S02,8,down,80,1791365776446.8,12062,p
P01,S02,8,up,80,1791365776517.7,12062,p
P01,S02,8,down,8,1791365776797.8,12063,Backspace
P01,S02,8,up,8,1791365776893.4,12063,Backspace
P01,S02,8,down,79,1791365777175.4,12064,o
P01,S02,8,up,79,1791365777342.2,12064,o
P01,S02,8,down,87,1791365777344.6,12065,w
P01,S02,8,down,32,1791365777421.7,12066, 
P01,S02,8,up,87,1791365777443.6,12065,w
P01,S02,8,up,32,1791365777484.3,12066, 
P01,S02,8,down,77,1791365777618,12067,m
P01,S02,8,up,77,1791365777730.6,12067,m
P01,S02,8,down,65,1791365777842.6,12068,a
P01,S02,8,up,65,1791365777963.1,12068,a
P01,S02,8,down,78,1791365778033.3,12069,n
P01,S02,8,up,78,1791365778121.2,12069,n
P01,S02,8,down,89,1791365778264.2,12070,y
P01,S02,8,up,89,1791365778320.4,12070,y
P01,S02,8,down,32,1791365778528.6,12071, 
P01,S02,8,up,32,1791365778530.6,12071, 
P01,S02,8,down,77,1791365778580.3,12072,m
P01,S02,8,up,77,1791365778646.1,12072,m
P01,S02,8,down,79,1791365778862.8,12073,o
P01,S02,8,up,79,1791365778942.7,12073,o
P01,S02,8,down,82,1791365779074.4,12074,r
P01,S02,8,up,82,1791365779130.7,12074,r
P01,S02,8,down,69,1791365779244.2,12075,e
P01,S02,8,down,32,1791365779294.2,12076, 
P01,S02,8,up,69,1791365779338.2,12075,e
P01,S02,8,up,32,1791365779353.3,12076, 
P01,S02,8,down,80,1791365779511.4,12077,p
P01,S02,8,up,80,1791365779666.1,12077,p
P01,S02,8,down,69,1791365779666.8,12078,e
P01,S02,8,down,79,1791365779733.9,12079,o
P01,S02,8,up,69,1791365779734.9,12078,e
P01,S02,8,up,79,1791365779791.8,12079,o
P01,S02,8,down,80,1791365779886.2,12080,p
P01,S02,8,up,80,1791365779950.9,12080,p
P01,S02,8,down,76,1791365780049.8,12081,l
P01,S02,8,up,76,1791365780137.8,12081,l
P01,S02,8,down,69,1791365780166.5,12082,e
P01,S02,8,down,32,1791365780269,12083, 
P01,S02,8,up,69,1791365780271,12082,e
P01,S02,8,up,32,1791365780327,12083, 
P01,S02,8,down,87,1791365780564.9,12084,w
P01,S02,8,down,73,1791365780717.3,12085,i
P01,S02,8,up,87,1791365780720.5,12084,w
P01,S02,8,up,73,1791365780755.1,12085,i
P01,S02,8,down,76,1791365780888.9,12086,l
P01,S02,8,up,76,1791365780963.9,12086,l
P01,S02,8,down,76,1791365781035.6,12087,l
P01,S02,8,up,76,1791365781114.7,12087,l
P01,S02,8,down,32,1791365781211.9,12088, 
P01,S02,8,up,32,1791365781276.5,12088, 
P01,S02,8,down,66,1791365781375.4,12089,b
P01,S02,8,up,66,1791365781469.1,12089,b
P01,S02,8,down,69,1791365781469.8,12090,e
P01,S02,8,down,32,1791365781558.9,12091, 
P01,S02,8,up,69,1791365781587.4,12090,e
P01,S02,8,up,32,1791365781739.5,12091, 
P01,S02,8,down,85,1791365782226.4,12092,u
P01,S02,8,up,85,1791365782305.5,12092,u
P01,S02,8,down,83,1791365782376.8,12093,s
P01,S02,8,up,83,1791365782480.1,12093,s
P01,S02,8,down,73,1791365782498,12094,i
P01,S02,8,up,73,1791365782569.1,12094,i
P01,S02,8,down,78,1791365782769.7,12095,n
P01,S02,8,up,78,1791365782773,12095,n
P01,S02,8,down,71,1791365782847.4,12096,g
P01,S02,8,up,71,1791365782901.9,12096,g
P01,S02,8,down,32,1791365782995.1,12097, 
P01,S02,8,up,32,1791365783074.7,12097, 
P01,S02,8,down,73,1791365783204.5,12098,i
P01,S02,8,up,73,1791365783275.9,12098,i
P01,S02,8,down,84,1791365783413.3,12099,t
P01,S02,8,up,84,1791365783459.7,12099,t
P01,S02,8,down,32,1791365783570.3,12100, 
P01,S02,8,up,32,1791365783657.4,12100, 
P01,S02,8,down,73,1791365784920.6,12101,i
P01,S02,8,up,73,1791365784924.6,12101,i
P01,S02,8,down,70,1791365784965,12102,f
P01,S02,8,down,32,1791365785051.4,12103, 
P01,S02,8,up,70,1791365785052.7,12102,f
P01,S02,8,up,32,1791365785101.1,12103, 
P01,S02,8,down,73,1791365785348.8,12104,i
P01,S02,8,up,73,1791365785420.4,12104,i
P01,S02,8,down,84,1791365785552.2,12105,t
P01,S02,8,up,84,1791365785608.4,12105,t
P01,S02,8,down,48,1791365785799.5,12106,0
P01,S02,8,down,219,1791365785800.8,12107,'
P01,S02,8,up,48,1791365785833.3,12106,0
P01,S02,8,up,219,1791365785853.9,12107,'
P01,S02,8,down,8,1791365786379.1,12108,Backspace
P01,S02,8,up,8,1791365786506.7,12108,Backspace
P01,S02,8,down,8,1791365786573.8,12109,Backspace
P01,S02,8,up,8,1791365786677.1,12109,Backspace
P01,S02,8,down,219,1791365787140.7,12110,'
P01,S02,8,up,219,1791365787211.4,12110,'
P01,S02,8,down,83,1791365787277.8,12111,s
P01,S02,8,up,83,1791365787372.1,12111,s
P01,S02,8,down,32,1791365787393.9,12112, 
P01,S02,8,up,32,1791365787457.7,12112, 
P01,S02,8,down,65,1791365787513,12113,a
P01,S02,8,up,65,1791365787624.4,12113,a
P01,S02,8,down,76,1791365787778.9,12114,l
P01,S02,8,up,76,1791365787782.5,12114,l
P01,S02,8,down,82,1791365787869,12115,r
P01,S02,8,up,82,1791365787939.5,12115,r
P01,S02,8,down,69,1791365788046.5,12116,e
P01,S02,8,up,69,1791365788157.8,12116,e
P01,S02,8,down,65,1791365788277.6,12117,a
P01,S02,8,up,65,1791365788373.2,12117,a
P01,S02,8,down,68,1791365788482.8,12118,d
P01,S02,8,down,89,1791365788594,12119,y
P01,S02,8,up,68,1791365788595.8,12118,d
P01,S02,8,up,89,1791365788657.8,12119,y
P01,S02,8,down,32,1791365788805.8,12120, 
P01,S02,8,up,32,1791365788838.6,12120, 
P01,S02,8,down,65,1791365788942.4,12121,a
P01,S02,8,up,65,1791365789069.7,12121,a
P01,S02,8,down,76,1791365789158.2,12122,l
P01,S02,8,up,76,1791365789213.7,12122,l
P01,S02,8,down,76,1791365789294.6,12123,l
P01,S02,8,up,76,1791365789374,12123,l
P01,S02,8,down,32,1791365789498.2,12124, 
P01,S02,8,up,32,1791365789570.6,12124, 
P01,S02,8,down,79,1791365789699.1,12125,o
P01,S02,8,up,79,1791365789865.8,12125,o
P01,S02,8,down,70,1791365789869.4,12126,f
P01,S02,8,down,32,1791365789909.6,12127, 
P01,S02,8,up,70,1791365789910.4,12126,f
P01,S02,8,up,32,1791365789976,12127, 
P01,S02,8,down,73,1791365790098.3,12128,i
P01,S02,8,up,73,1791365790186.4,12128,i
P01,S02,8,down,84,1791365790302.3,12129,t
P01,S02,8,up,84,1791365790361.6,12129,t
P01,S02,8,down,16,1791365790509,12130,Shift
P01,S02,8,down,219,1791365790888,12131,?
P01,S02,8,up,219,1791365790956.8,12131,?
P01,S02,8,up,16,1791365791017.5,12130,Shift
P01,S02,8,down,32,1791365791117,12132, 
P01,S02,8,up,32,1791365791188.6,12132, 
P01,S02,8,down,13,1791365792761.8,12133,Enter
P01,S02,8,up,13,1791365792855.9,12133,Enter
P01,S02,9,down,16,1791365904363.8,12134,Shift
P01,S02,9,down,84,1791365905081.4,12135,T
P01,S02,9,up,84,1791365905162.8,12135,T
P01,S02,9,up,16,1791365905181.2,12134,Shift
P01,S02,9,down,72,1791365905270.6,12136,h
P01,S02,9,up,72,1791365905340.3,12136,h
P01,S02,9,down,69,1791365905406,12137,e
P01,S02,9,down,78,1791365905499.7,12138,n
P01,S02,9,up,69,1791365905500.5,12137,e
P01,S02,9,up,78,1791365905563.4,12138,n
P01,S02,9,down,32,1791365905650.3,12139, 
P01,S02,9,up,32,1791365905709.7,12139, 
P01,S02,9,down,72,1791365906039.8,12140,h
P01,S02,9,up,72,1791365906166.2,12140,h
P01,S02,9,down,79,1791365906307.7,12141,o
P01,S02,9,up,79,1791365906371.2,12141,o
P01,S02,9,down,87,1791365906455.9,12142,w
P01,S02,9,down,32,1791365906552,12143, 
P01,S02,9,up,87,1791365906554.2,12142,w
P01,S02,9,up,32,1791365906602.2,12143, 
P01,S02,9,down,68,1791365906693.5,12144,d
P01,S02,9,up,68,1791365906895.1,12144,d
P01,S02,9,down,79,1791365906897.4,12145,o
P01,S02,9,up,79,1791365906899.7,12145,o
P01,S02,9,down,82,1791365906930.7,12146,r
P01,S02,9,up,82,1791365907003.9,12146,r
P01,S02,9,down,8,1791365907399.6,12147,Backspace
P01,S02,9,up,8,1791365907526.8,12147,Backspace
P01,S02,9,down,69,1791365907596.9,12148,e
P01,S02,9,up,69,1791365907661.7,12148,e
P01,S02,9,down,83,1791365907770.9,12149,s
P01,S02,9,down,32,1791365907945.3,12150, 
P01,S02,9,up,83,1791365907949.2,12149,s
P01,S02,9,up,32,1791365907950.8,12150, 
P01,S02,9,down,79,1791365908123.2,12151,o
P01,S02,9,up,79,1791365908194,12151,o
P01,S02,9,down,78,1791365908313.2,12152,n
P01,S02,9,up,78,1791365908376.5,12152,n
P01,S02,9,down,69,1791365908448.4,12153,e
P01,S02,9,down,32,1791365908539.1,12154, 
P01,S02,9,up,69,1791365908541.5,12153,e
P01,S02,9,up,32,1791365908611.2,12154, 
P01,S02,9,down,83,1791365909804.8,12155,s
P01,S02,9,up,83,1791365909992.2,12155,s
P01,S02,9,down,84,1791365910027.7,12156,t
P01,S02,9,up,84,1791365910090.3,12156,t
P01,S02,9,down,79,1791365910300.1,12157,o
P01,S02,9,up,79,1791365910355.7,12157,o
P01,S02,9,down,80,1791365910484.9,12158,p
P01,S02,9,up,80,1791365910563.9,12158,p
P01,S02,9,down,32,1791365910697,12159, 
P01,S02,9,up,32,1791365910752.2,12159, 
P01,S02,9,down,89,1791365910892.5,12160,y
P01,S02,9,up,89,1791365910956.4,12160,y
P01,S02,9,down,79,1791365911199.2,12161,o
P01,S02,9,up,79,1791365911213,12161,o
P01,S02,9,down,85,1791365911321.6,12162,u
P01,S02,9,up,85,1791365911385.9,12162,u
P01,S02,9,down,32,1791365911482.6,12163, 
P01,S02,9,up,32,1791365911546.6,12163, 
P01,S02,9,down,71,1791365911650.4,12164,g
P01,S02,9,up,71,1791365911722.4,12164,g
P01,S02,9,down,85,1791365911830.2,12165,u
P01,S02,9,up,85,1791365911917.3,12165,u
P01,S02,9,down,89,1791365912004.5,12166,y
P01,S02,9,up,89,1791365912066.4,12166,y
P01,S02,9,down,83,1791365912120.2,12167,s
P01,S02,9,down,32,1791365912311,12168, 
P01,S02,9,up,83,1791365912314.2,12167,s
P01,S02,9,up,32,1791365912320.8,12168, 
P01,S02,9,down,16,1791365912665,12169,Shift
P01,S02,9,down,56,1791365912835.8,12170,(
P01,S02,9,down,57,1791365912970.6,12171,)
P01,S02,9,up,56,1791365913008,12170,(
P01,S02,9,up,16,1791365913071.4,12169,Shift
P01,S02,9,up,57,1791365913073.3,12171,)
P01,S02,9,down,37,1791365913346.2,12172,ArrowLeft
P01,S02,9,up,37,1791365913470.4,12172,ArrowLeft
P01,S02,9,down,65,1791365913558.5,12173,a
P01,S02,9,up,65,1791365913693.6,12173,a
P01,S02,9,down,78,1791365913784.3,12174,n
P01,S02,9,up,78,1791365913846.2,12174,n
P01,S02,9,down,68,1791365913884.1,12175,d
P01,S02,9,down,32,1791365913986.6,12176, 
P01,S02,9,up,68,1791365913989.2,12175,d
P01,S02,9,up,32,1791365914059.2,12176, 
P01,S02,9,down,85,1791365914200.5,12177,u
P01,S02,9,up,85,1791365914372.2,12177,u
P01,S02,9,down,83,1791365914372.9,12178,s
P01,S02,9,up,83,1791365914415,12178,s
P01,S02,9,down,39,1791365914707.7,12179,ArrowRight
P01,S02,9,up,39,1791365914866.5,12179,ArrowRight
P01,S02,9,down,32,1791365915085.7,12180, 
P01,S02,9,up,32,1791365915149.3,12180, 
P01,S02,9,down,70,1791365915382.6,12181,f
P01,S02,9,up,70,1791365915392.6,12181,f
P01,S02,9,down,82,1791365915455.5,12182,r
P01,S02,9,down,79,1791365915488,12183,o
P01,S02,9,up,82,1791365915541.4,12182,r
P01,S02,9,up,79,1791365915573.8,12183,o
P01,S02,9,down,77,1791365915676.9,12184,m
P01,S02,9,up,77,1791365915755.9,12184,m
P01,S02,9,down,32,1791365915838,12185, 
P01,S02,9,up,32,1791365915910.5,12185, 
P01,S02,9,down,66,1791365915993.4,12186,b
P01,S02,9,up,66,1791365916033.9,12186,b
P01,S02,9,down,85,1791365916192.4,12187,u
P01,S02,9,up,85,1791365916248,12187,u
P01,S02,9,down,82,1791365916332.2,12188,r
P01,S02,9,up,82,1791365916514.2,12188,r
P01,S02,9,down,78,1791365916515.3,12189,n
P01,S02,9,up,78,1791365916538.8,12189,n
P01,S02,9,down,73,1791365916837.4,12190,i
P01,S02,9,up,73,1791365916924.8,12190,i
P01,S02,9,down,78,1791365917048,12191,n
P01,S02,9,up,78,1791365917127.2,12191,n
P01,S02,9,down,71,1791365917231.3,12192,g
P01,S02,9,up,71,1791365917293,12192,g
P01,S02,9,down,32,1791365917391,12193, 
P01,S02,9,up,32,1791365917454.3,12193, 
P01,S02,9,down,84,1791365917567.8,12194,t
P01,S02,9,up,84,1791365917626.6,12194,t
P01,S02,9,down,72,1791365917861.8,12195,h
P01,S02,9,up,72,1791365917865.8,12195,h
P01,S02,9,down,69,1791365917871.4,12196,e
P01,S02,9,down,32,1791365917944.3,12197, 
P01,S02,9,up,69,1791365917964.8,12196,e
P01,S02,9,up,32,1791365918007.5,12197, 
P01,S02,9,down,80,1791365918148.3,12198,p
P01,S02,9,up,80,1791365918211.8,12198,p
P01,S02,9,down,76,1791365918324.6,12199,l
P01,S02,9,up,76,1791365918412.5,12199,l
P01,S02,9,down,65,1791365918436.7,12200,a
P01,S02,9,up,65,1791365918500.4,12200,a
P01,S02,9,down,78,1791365918582.5,12201,n
P01,S02,9,up,78,1791365918669.4,12201,n
P01,S02,9,down,69,1791365918729,12202,e
P01,S02,9,up,69,1791365918839.3,12202,e
P01,S02,9,down,84,1791365918861,12203,t
P01,S02,9,up,84,1791365919022.8,12203,t
P01,S02,9,down,190,1791365919139.7,12204,.
P01,S02,9,up,190,1791365919243.7,12204,.
P01,S02,9,down,32,1791365919401.6,12205, 
P01,S02,9,up,32,1791365919456.9,12205, 
P01,S02,9,down,8,1791365920586.6,12206,Backspace
P01,S02,9,up,8,1791365920633.5,12206,Backspace
P01,S02,9,down,8,1791365920729.3,12207,Backspace
P01,S02,9,up,8,1791365920792.9,12207,Backspace
P01,S02,9,down,16,1791365920888.8,12208,Shift
P01,S02,9,down,219,1791365921401.5,12209,?
P01,S02,9,up,219,1791365921456.5,12209,?
P01,S02,9,up,16,1791365921619.4,12208,Shift
P01,S02,9,down,32,1791365921642.6,12210, 
P01,S02,9,up,32,1791365921669.3,12210, 
P01,S02,9,down,13,1791365925811.9,12211,Enter
P01,S02,9,up,13,1791365925914.2,12211,Enter
P01,S02,10,down,16,1791365986844.1,12212,Shift
P01,S02,10,down,87,1791365987074.5,12213,W
P01,S02,10,up,16,1791365987112.6,12212,Shift
P01,S02,10,up,87,1791365987232.9,12213,W
P01,S02,10,down,69,1791365987317.3,12214,e
P01,S02,10,up,69,1791365987430.3,12214,e
P01,S02,10,down,76,1791365987508.9,12215,l
P01,S02,10,up,76,1791365987564.6,12215,l
P01,S02,10,down,76,1791365987645.2,12216,l
P01,S02,10,up,76,1791365987741.1,12216,l
P01,S02,10,down,188,1791365988151.1,12217,","
P01,S02,10,up,188,1791365988239.9,12217,","
P01,S02,10,down,32,1791365988321.2,12218, 
P01,S02,10,up,32,1791365988384.2,12218, 
P01,S02,10,down,73,1791365988586,12219,i
P01,S02,10,up,73,1791365988588.5,12219,i
P01,S02,10,down,84,1791365988734.5,12220,t
P01,S02,10,up,84,1791365988812.1,12220,t
P01,S02,10,down,83,1791365988880.1,12221,s
P01,S02,10,down,32,1791365988946.1,12222, 
P01,S02,10,up,83,1791365988990.3,12221,s
P01,S02,10,up,32,1791365989032.4,12222, 
P01,S02,10,down,66,1791365989123.3,12223,b
P01,S02,10,up,66,1791365989184.1,12223,b
P01,S02,10,down,69,1791365989233.8,12224,e
P01,S02,10,up,69,1791365989322,12224,e
P01,S02,10,down,69,1791365989561,12225,e
P01,S02,10,down,78,1791365989563.7,12226,n
P01,S02,10,up,69,1791365989565.2,12225,e
P01,S02,10,up,78,1791365989595.8,12226,n
P01,S02,10,down,32,1791365989683.8,12227, 
P01,S02,10,up,32,1791365989746.7,12227, 
P01,S02,10,down,65,1791365989814.9,12228,a
P01,S02,10,down,78,1791365989920.1,12229,n
P01,S02,10,up,65,1791365989922.6,12228,a
P01,S02,10,up,78,1791365989981.7,12229,n
P01,S02,10,down,32,1791365990072,12230, 
P01,S02,10,up,32,1791365990135.2,12230, 
P01,S02,10,down,73,1791365990253.2,12231,i
P01,S02,10,up,73,1791365990337.8,12231,i
P01,S02,10,down,78,1791365990544.1,12232,n
P01,S02,10,up,78,1791365990545.3,12232,n
P01,S02,10,down,84,1791365990644,12233,t
P01,S02,10,up,84,1791365990722.9,12233,t
P01,S02,10,down,69,1791365990723.8,12234,e
P01,S02,10,up,69,1791365990800.6,12234,e
P01,S02,10,down,82,1791365990894.8,12235,r
P01,S02,10,up,82,1791365990966.3,12235,r
P01,S02,10,down,69,1791365991056.1,12236,e
P01,S02,10,up,69,1791365991120.4,12236,e
P01,S02,10,down,83,1791365991224.8,12237,s
P01,S02,10,down,84,1791365991297,12238,t
P01,S02,10,up,84,1791365991359.4,12238,t
P01,S02,10,up,83,1791365991360.9,12237,s
P01,S02,10,down,73,1791365991495.6,12239,i
P01,S02,10,up,73,1791365991661.7,12239,i
P01,S02,10,down,78,1791365991697.6,12240,n
P01,S02,10,up,78,1791365991778,12240,n
P01,S02,10,down,71,1791365991883,12241,g
P01,S02,10,up,71,1791365991938.7,12241,g
P01,S02,10,down,32,1791365992016.8,12242, 
P01,S02,10,up,32,1791365992104.6,12242, 
P01,S02,10,down,49,1791365992180.8,12243,1
P01,S02,10,up,49,1791365992284.8,12243,1
P01,S02,10,down,53,1791365992488.4,12244,5
P01,S02,10,up,53,1791365992538,12244,5
P01,S02,10,down,32,1791365993484.6,12245, 
P01,S02,10,up,32,1791365993556.8,12245, 
P01,S02,10,down,77,1791365993707.1,12246,m
P01,S02,10,up,77,1791365993899,12246,m
P01,S02,10,down,73,1791365993903.9,12247,i
P01,S02,10,up,73,1791365993934.6,12247,i
P01,S02,10,down,78,1791365994037.8,12248,n
P01,S02,10,up,78,1791365994101.3,12248,n
P01,S02,10,down,85,1791365994202.6,12249,u
P01,S02,10,up,85,1791365994265.8,12249,u
P01,S02,10,down,84,1791365994371.3,12250,t
P01,S02,10,up,84,1791365994427.1,12250,t
P01,S02,10,down,69,1791365994463.6,12251,e
P01,S02,10,up,69,1791365994543.6,12251,e
P01,S02,10,down,83,1791365994620.9,12252,s
P01,S02,10,down,188,1791365994709.5,12253,","
P01,S02,10,up,83,1791365994744,12252,s
P01,S02,10,up,188,1791365994779.9,12253,","
P01,S02,10,down,32,1791365994879.6,12254, 
P01,S02,10,up,32,1791365994920.3,12254, 
P01,S02,10,down,16,1791365995056.7,12255,Shift
P01,S02,10,down,73,1791365995418.5,12256,I
P01,S02,10,up,73,1791365995482.4,12256,I
P01,S02,10,up,16,1791365995549.5,12255,Shift
P01,S02,10,down,32,1791365995598.8,12257, 
P01,S02,10,up,32,1791365995667.7,12257, 
P01,S02,10,down,72,1791365995772.4,12258,h
P01,S02,10,up,72,1791365995843.8,12258,h
P01,S02,10,down,65,1791365996023.2,12259,a
P01,S02,10,up,65,1791365996034.7,12259,a
P01,S02,10,down,86,1791365996042,12260,v
P01,S02,10,up,86,1791365996089.5,12260,v
P01,S02,10,down,69,1791365996153.1,12261,e
P01,S02,10,down,32,1791365996218.6,12262, 
P01,S02,10,up,69,1791365996248.3,12261,e
P01,S02,10,up,32,1791365996313,12262, 
P01,S02,10,down,65,1791365996547.5,12263,a
P01,S02,10,up,65,1791365996642.6,12263,a
P01,S02,10,down,82,1791365996774.7,12264,r
P01,S02,10,up,82,1791365996884.3,12264,r
P01,S02,10,down,79,1791365996905.8,12265,o
P01,S02,10,up,79,1791365997060.1,12265,o
P01,S02,10,down,85,1791365997100.4,12266,u
P01,S02,10,up,85,1791365997164.4,12266,u
P01,S02,10,down,78,1791365997261.3,12267,n
P01,S02,10,up,78,1791365997324.1,12267,n
P01,S02,10,down,68,1791365997364.6,12268,d
P01,S02,10,up,68,1791365997459.7,12268,d
P01,S02,10,down,32,1791365997491.7,12269, 
P01,S02,10,up,32,1791365997570.8,12269, 
P01,S02,10,down,53,1791365998512.2,12270,5
P01,S02,10,up,53,1791365998607.8,12270,5
P01,S02,10,down,48,1791365998840.5,12271,0
P01,S02,10,up,48,1791365998904.6,12271,0
P01,S02,10,down,48,1791365999003.3,12272,0
P01,S02,10,up,48,1791365999067.1,12272,0
P01,S02,10,down,48,1791365999163.3,12273,0
P01,S02,10,up,48,1791365999233.2,12273,0
P01,S02,10,down,32,1791365999565.1,12274, 
P01,S02,10,up,32,1791365999644.2,12274, 
P01,S02,10,down,69,1791365999757.6,12275,e
P01,S02,10,up,69,1791365999942.5,12275,e
P01,S02,10,down,86,1791365999944.7,12276,v
P01,S02,10,up,86,1791365999950.6,12276,v
P01,S02,10,down,69,1791366000007.5,12277,e
P01,S02,10,down,78,1791366000110.1,12278,n
P01,S02,10,up,69,1791366000111.4,12277,e
P01,S02,10,up,78,1791366000174.6,12278,n
P01,S02,10,down,84,1791366000296.9,12279,t
P01,S02,10,up,84,1791366000352.6,12279,t
P01,S02,10,down,83,1791366000454.5,12280,s
P01,S02,10,up,83,1791366000557.4,12280,s
P01,S02,10,down,190,1791366000588.8,12281,.
P01,S02,10,up,190,1791366000731.3,12281,.
P01,S02,10,down,32,1791366000828.3,12282, 
P01,S02,10,up,32,1791366001003.8,12282, 
P01,S02,10,down,16,1791366001004.8,12283,Shift
P01,S02,10,down,84,1791366001039.7,12284,T
P01,S02,10,up,84,1791366001100.1,12284,T
P01,S02,10,up,16,1791366001130.5,12283,Shift
P01,S02,10,down,72,1791366001212.5,12285,h
P01,S02,10,up,72,1791366001283.1,12285,h
P01,S02,10,down,73,1791366001403.6,12286,i
P01,S02,10,up,73,1791366001475.3,12286,i
P01,S02,10,down,78,1791366001577.7,12287,n
P01,S02,10,up,78,1791366001650.8,12287,n
P01,S02,10,down,75,1791366001738.5,12288,k
P01,S02,10,up,75,1791366001834.1,12288,k
P01,S02,10,down,32,1791366002022.8,12289, 
P01,S02,10,up,32,1791366002027.2,12289, 
P01,S02,10,down,84,1791366002097.4,12290,t
P01,S02,10,up,84,1791366002161,12290,t
P01,S02,10,down,72,1791366002246.1,12291,h
P01,S02,10,up,72,1791366002341.3,12291,h
P01,S02,10,down,65,1791366002371.4,12292,a
P01,S02,10,down,84,1791366002444.5,12293,t
P01,S02,10,up,65,1791366002474.2,12292,a
P01,S02,10,up,84,1791366002505.6,12293,t
P01,S02,10,down,219,1791366002691.3,12294,'
P01,S02,10,up,219,1791366002769.7,12294,'
P01,S02,10,down,83,1791366002808.7,12295,s
P01,S02,10,up,83,1791366002888.9,12295,s
P01,S02,10,down,32,1791366002941.1,12296, 
P01,S02,10,up,32,1791366002996.2,12296, 
P01,S02,10,down,69,1791366003065.6,12297,e
P01,S02,10,up,69,1791366003163,12297,e
P01,S02,10,down,78,1791366003177.1,12298,n
P01,S02,10,up,78,1791366003232,12298,n
P01,S02,10,down,79,1791366003892.5,12299,o
P01,S02,10,up,79,1791366003956.3,12299,o
P01,S02,10,down,85,1791366004439.3,12300,u
P01,S02,10,up,85,1791366004510.3,12300,u
P01,S02,10,down,71,1791366004621,12301,g
P01,S02,10,up,71,1791366004677.8,12301,g
P01,S02,10,down,72,1791366004762.9,12302,h
P01,S02,10,up,72,1791366004840.9,12302,h
P01,S02,10,down,32,1791366004922.9,12303, 
P01,S02,10,up,32,1791366005009.5,12303, 
P01,S02,10,down,70,1791366005324.2,12304,f
P01,S02,10,up,70,1791366005411.7,12304,f
P01,S02,10,down,79,1791366005447.9,12305,o
P01,S02,10,up,79,1791366005510.2,12305,o
P01,S02,10,down,82,1791366005556,12306,r
P01,S02,10,down,32,1791366005652.2,12307, 
P01,S02,10,up,82,1791366005654.1,12306,r
P01,S02,10,up,32,1791366005708.4,12307, 
P01,S02,10,down,65,1791366005784.8,12308,a
P01,S02,10,down,32,1791366005887.6,12309, 
P01,S02,10,up,65,1791366005889.9,12308,a
P01,S02,10,up,32,1791366005939.2,12309, 
P01,S02,10,down,83,1791366005995.9,12310,s
P01,S02,10,up,83,1791366006074.8,12310,s
P01,S02,10,down,69,1791366006171.8,12311,e
P01,S02,10,up,69,1791366006327.9,12311,e
P01,S02,10,down,83,1791366006355,12312,s
P01,S02,10,up,83,1791366006435.4,12312,s
P01,S02,10,down,83,1791366006546.2,12313,s
P01,S02,10,down,73,1791366006658.1,12314,i
P01,S02,10,up,83,1791366006660.6,12313,s
P01,S02,10,up,73,1791366006713.2,12314,i
P01,S02,10,down,79,1791366006796.9,12315,o
P01,S02,10,up,79,1791366006876.6,12315,o
P01,S02,10,down,78,1791366006962.6,12316,n
P01,S02,10,up,78,1791366007018.1,12316,n
P01,S02,10,down,16,1791366007167,12317,Shift
P01,S02,10,down,219,1791366007366.5,12318,?
P01,S02,10,up,219,1791366007392.7,12318,?
P01,S02,10,up,16,1791366007507.2,12317,Shift
P01,S02,10,down,13,1791366007532.1,12319,Enter
P01,S02,10,up,13,1791366007618.6,12319,Enter
