participant_id,session_id,sample_id,event,key_code,timestamp_ms,press_id,key
P01,S01,1.0,down,Digit5,1791212235355.0,30001.0,5
P01,S01,1.0,up,Digit5,1791212235411.6,30001.0,5
P01,S01,1.0,down,ShiftLeft,1791212235761.8,30002.0,Shift
P01,S01,1.0,down,KeyR,1791212235883.6,30003.0,R
P01,S01,1.0,up,KeyR,1791212235953.7,30003.0,R
P01,S01,1.0,up,ShiftLeft,1791212236093.9,30002.0,Shift
P01,S01,1.0,down,KeyO,1791212236153.9,30004.0,o
P01,S01,1.0,up,KeyO,1791212236274.4,30004.0,o
P01,S01,1.0,down,KeyA,1791212236538.4,30005.0,a
P01,S01,1.0,up,KeyA,1791212236649.6,30005.0,a
P01,S01,1.0,down,KeyN,1791212236708.8,30006.0,n
P01,S01,1.0,up,KeyN,1791212236771.7,30006.0,n
P01,S01,1.0,down,KeyL,1791212236939.6,30007.0,l
P01,S01,1.0,up,KeyL,1791212237011.3,30007.0,l
P01,S01,1.0,down,Enter,1791212237506.5,30008.0,Enter
P01,S01,1.0,up,Enter,1791212237585.1,30008.0,Enter
P01,S01,2.0,down,Period,1791212240163.4,30009.0,.
P01,S01,2.0,up,Period,1791212240243.1,30009.0,.
P01,S01,2.0,down,KeyT,1791212240462.4,30010.0,t
P01,S01,2.0,up,KeyT,1791212240525.3,30010.0,t
P01,S01,2.0,down,KeyU,1791212240676.1,30011.0,u
P01,S01,2.0,up,KeyU,1791212240724.0,30011.0,u
P01,S01,2.0,down,KeyE,1791212240822.7,30012.0,e
P01,S01,2.0,up,KeyE,1791212240917.6,30012.0,e
P01,S01,2.0,down,Backspace,1791212241105.9,30013.0,Backspace
P01,S01,2.0,up,Backspace,1791212241184.2,30013.0,Backspace
P01,S01,2.0,down,Backspace,1791212241327.0,30014.0,Backspace
P01,S01,2.0,up,Backspace,1791212241381.7,30014.0,Backspace
P01,S01,2.0,down,KeyI,1791212242095.4,30015.0,i
P01,S01,2.0,up,KeyI,1791212242148.9,30015.0,i
P01,S01,2.0,down,KeyE,1791212242226.0,30016.0,e
P01,S01,2.0,up,KeyE,1791212242320.7,30016.0,e
P01,S01,2.0,down,Digit5,1791212243530.4,30017.0,5
P01,S01,2.0,up,Digit5,1791212243593.3,30017.0,5
P01,S01,2.0,down,ShiftLeft,1791212243907.7,30018.0,Shift
P01,S01,2.0,down,KeyR,1791212244060.2,30019.0,R
P01,S01,2.0,up,KeyR,1791212244155.9,30019.0,R
P01,S01,2.0,up,ShiftLeft,1791212244183.6,30018.0,Shift
P01,S01,2.0,down,KeyO,1791212244184.7,30020.0,o
P01,S01,2.0,up,KeyO,1791212244257.3,30020.0,o
P01,S01,2.0,down,KeyA,1791212244890.3,30021.0,a
P01,S01,2.0,up,KeyA,1791212245009.0,30021.0,a
P01,S01,2.0,down,KeyN,1791212245098.6,30022.0,n
P01,S01,2.0,up,KeyN,1791212245178.5,30022.0,n
P01,S01,2.0,down,KeyL,1791212245338.5,30023.0,l
P01,S01,2.0,up,KeyL,1791212245409.6,30023.0,l
P01,S01,2.0,down,Enter,1791212246569.9,30024.0,Enter
P01,S01,2.0,up,Enter,1791212246648.0,30024.0,Enter
P01,S01,3.0,down,Period,1791212248361.5,30025.0,.
P01,S01,3.0,up,Period,1791212248465.8,30025.0,.
P01,S01,3.0,down,KeyT,1791212248670.0,30026.0,t
P01,S01,3.0,up,KeyT,1791212248725.3,30026.0,t
P01,S01,3.0,down,KeyI,1791212248876.5,30027.0,i
P01,S01,3.0,up,KeyI,1791212248955.8,30027.0,i
P01,S01,3.0,down,KeyE,1791212249021.8,30028.0,e
P01,S01,3.0,up,KeyE,1791212249109.2,30028.0,e
P01,S01,3.0,down,Digit5,1791212249861.0,30029.0,5
P01,S01,3.0,up,Digit5,1791212249938.1,30029.0,5
P01,S01,3.0,down,ShiftLeft,1791212250058.3,30030.0,Shift
P01,S01,3.0,down,KeyR,1791212250162.7,30031.0,R
P01,S01,3.0,up,KeyR,1791212250227.6,30031.0,R
P01,S01,3.0,up,ShiftLeft,1791212250343.8,30030.0,Shift
P01,S01,3.0,down,KeyO,1791212250411.1,30032.0,o
P01,S01,3.0,up,KeyO,1791212250506.6,30032.0,o
P01,S01,3.0,down,KeyA,1791212250599.1,30033.0,a
P01,S01,3.0,up,KeyA,1791212250711.4,30033.0,a
P01,S01,3.0,down,KeyN,1791212250747.8,30034.0,n
P01,S01,3.0,up,KeyN,1791212250835.5,30034.0,n
P01,S01,3.0,down,KeyL,1791212250990.0,30035.0,l
P01,S01,3.0,up,KeyL,1791212251077.6,30035.0,l
P01,S01,3.0,down,Enter,1791212251566.0,30036.0,Enter
P01,S01,3.0,up,Enter,1791212251686.2,30036.0,Enter
P01,S01,4.0,down,Period,1791212253789.8,30037.0,.
P01,S01,4.0,up,Period,1791212253876.7,30037.0,.
P01,S01,4.0,down,KeyT,1791212254062.0,30038.0,t
P01,S01,4.0,up,KeyT,1791212254117.8,30038.0,t
P01,S01,4.0,down,KeyI,1791212254303.2,30039.0,i
P01,S01,4.0,up,KeyI,1791212254373.8,30039.0,i
P01,S01,4.0,down,KeyE,1791212254483.6,30040.0,e
P01,S01,4.0,up,KeyE,1791212254554.9,30040.0,e
P01,S01,4.0,down,Digit5,1791212254906.3,30041.0,5
P01,S01,4.0,up,Digit5,1791212254978.5,30041.0,5
P01,S01,4.0,down,ShiftLeft,1791212255106.9,30042.0,Shift
P01,S01,4.0,down,KeyR,1791212255202.5,30043.0,R
P01,S01,4.0,up,KeyR,1791212255266.1,30043.0,R
P01,S01,4.0,up,ShiftLeft,1791212255335.6,30042.0,Shift
P01,S01,4.0,down,KeyO,1791212255450.3,30044.0,o
P01,S01,4.0,up,KeyO,1791212255538.3,30044.0,o
P01,S01,4.0,down,KeyA,1791212255840.0,30045.0,a
P01,S01,4.0,up,KeyA,1791212255951.2,30045.0,a
P01,S01,4.0,down,KeyN,1791212256035.9,30046.0,n
P01,S01,4.0,up,KeyN,1791212256098.7,30046.0,n
P01,S01,4.0,down,KeyL,1791212256240.7,30047.0,l
P01,S01,4.0,up,KeyL,1791212256312.0,30047.0,l
P01,S01,4.0,down,Enter,1791212257182.4,30048.0,Enter
P01,S01,4.0,up,Enter,1791212257262.6,30048.0,Enter
P01,S01,5.0,down,Enter,1791212259888.6,30049.0,Enter
P01,S01,5.0,up,Enter,1791212259960.0,30049.0,Enter
P01,S01,5.0,down,Period,1791212264212.7,30050.0,.
P01,S01,5.0,up,Period,1791212264276.4,30050.0,.
P01,S01,5.0,down,KeyT,1791212264496.1,30051.0,t
P01,S01,5.0,up,KeyT,1791212264560.5,30051.0,t
P01,S01,5.0,down,KeyI,1791212264723.0,30052.0,i
P01,S01,5.0,up,KeyI,1791212264803.1,30052.0,i
P01,S01,5.0,down,KeyE,1791212264870.3,30053.0,e
P01,S01,5.0,up,KeyE,1791212264950.1,30053.0,e
P01,S01,5.0,down,Digit5,1791212265373.8,30054.0,5
P01,S01,5.0,up,Digit5,1791212265437.1,30054.0,5
P01,S01,5.0,down,ShiftLeft,1791212265544.2,30055.0,Shift
P01,S01,5.0,down,KeyR,1791212265624.9,30056.0,R
P01,S01,5.0,up,KeyR,1791212265688.0,30056.0,R
P01,S01,5.0,up,ShiftLeft,1791212265773.6,30055.0,Shift
P01,S01,5.0,down,KeyO,1791212265879.4,30057.0,o
P01,S01,5.0,up,KeyO,1791212265974.1,30057.0,o
P01,S01,5.0,down,KeyA,1791212266116.0,30058.0,a
P01,S01,5.0,up,KeyA,1791212266226.3,30058.0,a
P01,S01,5.0,down,KeyN,1791212266283.7,30059.0,n
P01,S01,5.0,up,KeyN,1791212266347.0,30059.0,n
P01,S01,5.0,down,KeyL,1791212266484.9,30060.0,l
P01,S01,5.0,up,KeyL,1791212266556.2,30060.0,l
P01,S01,5.0,down,Enter,1791212266866.4,30061.0,Enter
P01,S01,5.0,up,Enter,1791212266985.8,30061.0,Enter
P01,S01,6.0,down,Period,1791212336827.5,50001.0,.
P01,S01,6.0,up,Period,1791212336891.4,50001.0,.
P01,S01,6.0,down,KeyT,1791212337103.8,50002.0,t
P01,S01,6.0,up,KeyT,1791212337176.7,50002.0,t
P01,S01,6.0,down,KeyI,1791212337329.4,50003.0,i
P01,S01,6.0,up,KeyI,1791212337409.2,50003.0,i
P01,S01,6.0,down,KeyE,1791212337472.0,50004.0,e
P01,S01,6.0,up,KeyE,1791212337559.7,50004.0,e
P01,S01,6.0,down,Digit5,1791212338229.1,50005.0,5
P01,S01,6.0,up,Digit5,1791212338275.7,50005.0,5
P01,S01,6.0,down,ShiftLeft,1791212338386.7,50006.0,Shift
P01,S01,6.0,down,KeyR,1791212338507.1,50007.0,R
P01,S01,6.0,up,KeyR,1791212338555.5,50007.0,R
P01,S01,6.0,up,ShiftLeft,1791212338671.9,50006.0,Shift
P01,S01,6.0,down,KeyO,1791212338760.3,50008.0,o
P01,S01,6.0,up,KeyO,1791212338854.3,50008.0,o
P01,S01,6.0,down,KeyA,1791212338966.1,50009.0,a
P01,S01,6.0,up,KeyA,1791212339077.4,50009.0,a
P01,S01,6.0,down,KeyN,1791212339127.2,50010.0,n
P01,S01,6.0,up,KeyN,1791212339182.5,50010.0,n
P01,S01,6.0,down,KeyL,1791212339317.6,50011.0,l
P01,S01,6.0,up,KeyL,1791212339381.3,50011.0,l
P01,S01,6.0,down,Enter,1791212339931.4,50012.0,Enter
P01,S01,6.0,up,Enter,1791212339994.4,50012.0,Enter
P01,S01,7.0,down,Period,1791212341196.2,50013.0,.
P01,S01,7.0,up,Period,1791212341259.1,50013.0,.
P01,S01,7.0,down,KeyT,1791212341499.0,50014.0,t
P01,S01,7.0,up,KeyT,1791212341561.9,50014.0,t
P01,S01,7.0,down,KeyI,1791212341693.5,50015.0,i
P01,S01,7.0,up,KeyI,1791212341773.0,50015.0,i
P01,S01,7.0,down,KeyE,1791212341809.8,50016.0,e
P01,S01,7.0,up,KeyE,1791212341897.8,50016.0,e
P01,S01,7.0,down,Digit5,1791212342319.5,50017.0,5
P01,S01,7.0,up,Digit5,1791212342394.4,50017.0,5
P01,S01,7.0,down,ShiftLeft,1791212343104.5,50018.0,Shift
P01,S01,7.0,down,KeyR,1791212343305.6,50019.0,R
P01,S01,7.0,up,KeyR,1791212343392.0,50019.0,R
P01,S01,7.0,up,ShiftLeft,1791212343424.9,50018.0,Shift
P01,S01,7.0,down,KeyO,1791212343426.9,50020.0,o
P01,S01,7.0,up,KeyO,1791212343500.4,50020.0,o
P01,S01,7.0,down,KeyA,1791212343565.8,50021.0,a
P01,S01,7.0,up,KeyA,1791212343684.4,50021.0,a
P01,S01,7.0,down,KeyN,1791212343707.9,50022.0,n
P01,S01,7.0,up,KeyN,1791212343762.2,50022.0,n
P01,S01,7.0,down,KeyL,1791212343900.5,50023.0,l
P01,S01,7.0,up,KeyL,1791212343971.6,50023.0,l
P01,S01,7.0,down,Enter,1791212345595.1,50024.0,Enter
P01,S01,7.0,up,Enter,1791212345681.8,50024.0,Enter
P01,S01,8.0,down,Period,1791212346886.8,50025.0,.
P01,S01,8.0,up,Period,1791212346957.5,50025.0,.
P01,S01,8.0,down,KeyT,1791212347216.8,50026.0,t
P01,S01,8.0,up,KeyT,1791212347287.7,50026.0,t
P01,S01,8.0,down,KeyI,1791212347410.1,50027.0,i
P01,S01,8.0,up,KeyI,1791212347489.5,50027.0,i
P01,S01,8.0,down,KeyE,1791212347523.9,50028.0,e
P01,S01,8.0,up,KeyE,1791212347610.5,50028.0,e
P01,S01,8.0,down,Digit5,1791212347997.4,50029.0,5
P01,S01,8.0,up,Digit5,1791212348061.1,50029.0,5
P01,S01,8.0,down,ShiftLeft,1791212348218.5,50030.0,Shift
P01,S01,8.0,down,KeyR,1791212348315.1,50031.0,R
P01,S01,8.0,up,KeyR,1791212348371.0,50031.0,R
P01,S01,8.0,up,ShiftLeft,1791212348462.7,50030.0,Shift
P01,S01,8.0,down,KeyO,1791212348534.4,50032.0,o
P01,S01,8.0,up,KeyO,1791212348605.3,50032.0,o
P01,S01,8.0,down,KeyA,1791212348718.2,50033.0,a
P01,S01,8.0,up,KeyA,1791212348829.3,50033.0,a
P01,S01,8.0,down,KeyN,1791212348904.7,50034.0,n
P01,S01,8.0,up,KeyN,1791212348960.3,50034.0,n
P01,S01,8.0,down,KeyL,1791212349360.0,50035.0,l
P01,S01,8.0,up,KeyL,1791212349431.9,50035.0,l
P01,S01,8.0,down,Enter,1791212350753.4,50036.0,Enter
P01,S01,8.0,up,Enter,1791212350855.9,50036.0,Enter
P01,S01,9.0,down,Period,1791212352488.5,50037.0,.
P01,S01,9.0,up,Period,1791212352567.9,50037.0,.
P01,S01,9.0,down,KeyT,1791212352791.1,50038.0,t
P01,S01,9.0,up,KeyT,1791212352853.0,50038.0,t
P01,S01,9.0,down,KeyI,1791212352963.6,50039.0,i
P01,S01,9.0,up,KeyI,1791212353050.3,50039.0,i
P01,S01,9.0,down,KeyE,1791212353088.9,50040.0,e
P01,S01,9.0,up,KeyE,1791212353184.1,50040.0,e
P01,S01,9.0,down,Digit5,1791212353726.6,50041.0,5
P01,S01,9.0,up,Digit5,1791212353799.2,50041.0,5
P01,S01,9.0,down,ShiftLeft,1791212353986.3,50042.0,Shift
P01,S01,9.0,down,KeyR,1791212354115.3,50043.0,R
P01,S01,9.0,up,KeyR,1791212354171.0,50043.0,R
P01,S01,9.0,up,ShiftLeft,1791212354262.9,50042.0,Shift
P01,S01,9.0,down,KeyO,1791212354335.3,50044.0,o
P01,S01,9.0,up,KeyO,1791212354422.9,50044.0,o
P01,S01,9.0,down,KeyA,1791212354507.6,50045.0,a
P01,S01,9.0,up,KeyA,1791212354626.6,50045.0,a
P01,S01,9.0,down,KeyN,1791212354688.2,50046.0,n
P01,S01,9.0,up,KeyN,1791212354753.2,50046.0,n
P01,S01,9.0,down,KeyL,1791212355023.8,50047.0,l
P01,S01,9.0,up,KeyL,1791212355092.5,50047.0,l
P01,S01,9.0,down,Enter,1791212355839.6,50048.0,Enter
P01,S01,9.0,up,Enter,1791212355926.2,50048.0,Enter
P01,S01,10.0,down,Period,1791212357894.9,50049.0,.
P01,S01,10.0,up,Period,1791212357958.5,50049.0,.
P01,S01,10.0,down,KeyT,1791212358187.6,50050.0,t
P01,S01,10.0,up,KeyT,1791212358244.6,50050.0,t
P01,S01,10.0,down,KeyE,1791212358483.8,50051.0,e
P01,S01,10.0,up,KeyE,1791212358579.2,50051.0,e
P01,S01,10.0,down,Backspace,1791212359152.6,50052.0,Backspace
P01,S01,10.0,up,Backspace,1791212359249.4,50052.0,Backspace
P01,S01,10.0,down,KeyI,1791212359561.6,50053.0,i
P01,S01,10.0,up,KeyI,1791212359625.3,50053.0,i
P01,S01,10.0,down,KeyE,1791212359698.7,50054.0,e
P01,S01,10.0,up,KeyE,1791212359786.4,50054.0,e
P01,S01,10.0,down,Digit5,1791212360025.8,50055.0,5
P01,S01,10.0,up,Digit5,1791212360088.4,50055.0,5
P01,S01,10.0,down,ShiftLeft,1791212360289.3,50056.0,Shift
P01,S01,10.0,down,KeyR,1791212360490.4,50057.0,R
P01,S01,10.0,up,KeyR,1791212360544.8,50057.0,R
P01,S01,10.0,up,ShiftLeft,1791212360612.5,50056.0,Shift
P01,S01,10.0,down,KeyO,1791212360719.6,50058.0,o
P01,S01,10.0,up,KeyO,1791212360798.9,50058.0,o
P01,S01,10.0,down,KeyA,1791212360867.5,50059.0,a
P01,S01,10.0,up,KeyA,1791212360978.7,50059.0,a
P01,S01,10.0,down,KeyN,1791212361006.8,50060.0,n
P01,S01,10.0,up,KeyN,1791212361077.5,50060.0,n
P01,S01,10.0,down,KeyL,1791212361180.6,50061.0,l
P01,S01,10.0,up,KeyL,1791212361268.3,50061.0,l
P01,S01,10.0,down,Enter,1791212361797.6,50062.0,Enter
P01,S01,10.0,up,Enter,1791212361844.1,50062.0,Enter
P01,S01,11.0,down,Period,1791212364768.4,50063.0,.
P01,S01,11.0,up,Period,1791212364846.6,50063.0,.
P01,S01,11.0,down,KeyT,1791212365026.8,50064.0,t
P01,S01,11.0,up,KeyT,1791212365081.8,50064.0,t
P01,S01,11.0,down,KeyI,1791212365222.4,50065.0,i
P01,S01,11.0,up,KeyI,1791212365301.2,50065.0,i
P01,S01,11.0,down,KeyE,1791212365357.9,50066.0,e
P01,S01,11.0,up,KeyE,1791212365445.0,50066.0,e
P01,S01,11.0,down,Digit5,1791212365732.8,50067.0,5
P01,S01,11.0,up,Digit5,1791212365805.4,50067.0,5
P01,S01,11.0,down,ShiftLeft,1791212365907.4,50068.0,Shift
P01,S01,11.0,down,KeyR,1791212365973.5,50069.0,R
P01,S01,11.0,up,KeyR,1791212366043.4,50069.0,R
P01,S01,11.0,up,ShiftLeft,1791212366144.0,50068.0,Shift
P01,S01,11.0,down,KeyO,1791212366225.0,50070.0,o
P01,S01,11.0,up,KeyO,1791212366295.7,50070.0,o
P01,S01,11.0,down,KeyA,1791212366386.7,50071.0,a
P01,S01,11.0,up,KeyA,1791212366497.8,50071.0,a
P01,S01,11.0,down,KeyN,1791212366560.8,50072.0,n
P01,S01,11.0,up,KeyN,1791212366625.0,50072.0,n
P01,S01,11.0,down,KeyL,1791212366738.9,50073.0,l
P01,S01,11.0,up,KeyL,1791212366818.6,50073.0,l
P01,S01,11.0,down,Enter,1791212367083.8,50074.0,Enter
P01,S01,11.0,up,Enter,1791212367177.8,50074.0,Enter
P01,S01,12.0,down,Period,1791212369425.7,50075.0,.
P01,S01,12.0,up,Period,1791212369497.0,50075.0,.
P01,S01,12.0,down,KeyT,1791212369721.8,50076.0,t
P01,S01,12.0,up,KeyT,1791212369792.7,50076.0,t
P01,S01,12.0,down,KeyI,1791212369920.8,50077.0,i
P01,S01,12.0,up,KeyI,1791212370000.7,50077.0,i
P01,S01,12.0,down,KeyE,1791212370050.7,50078.0,e
P01,S01,12.0,up,KeyE,1791212370144.3,50078.0,e
P01,S01,12.0,down,ShiftLeft,1791212370848.0,50079.0,Shift
P01,S01,12.0,up,ShiftLeft,1791212371076.2,50079.0,Shift
P01,S01,12.0,down,Digit5,1791212371321.5,50080.0,5
P01,S01,12.0,up,Digit5,1791212371384.8,50080.0,5
P01,S01,12.0,down,ShiftLeft,1791212371495.3,50081.0,Shift
P01,S01,12.0,down,KeyR,1791212371940.0,50082.0,R
P01,S01,12.0,up,KeyR,1791212372010.6,50082.0,R
P01,S01,12.0,up,ShiftLeft,1791212372048.2,50081.0,Shift
P01,S01,12.0,down,KeyO,1791212372188.7,50083.0,o
P01,S01,12.0,up,KeyO,1791212372283.4,50083.0,o
P01,S01,12.0,down,KeyA,1791212372363.9,50084.0,a
P01,S01,12.0,up,KeyA,1791212372475.0,50084.0,a
P01,S01,12.0,down,KeyN,1791212372497.0,50085.0,n
P01,S01,12.0,up,KeyN,1791212372560.4,50085.0,n
P01,S01,12.0,down,KeyL,1791212372688.0,50086.0,l
P01,S01,12.0,up,KeyL,1791212372767.8,50086.0,l
P01,S01,12.0,down,Enter,1791212372919.0,50087.0,Enter
P01,S01,12.0,up,Enter,1791212373037.6,50087.0,Enter
P01,S01,13.0,down,Period,1791212374904.3,50088.0,.
P01,S01,13.0,up,Period,1791212374975.7,50088.0,.
P01,S01,13.0,down,KeyT,1791212375322.3,50089.0,t
P01,S01,13.0,up,KeyT,1791212375393.7,50089.0,t
P01,S01,13.0,down,KeyE,1791212375643.4,50090.0,e
P01,S01,13.0,up,KeyE,1791212375731.5,50090.0,e
P01,S01,13.0,down,Backspace,1791212376154.9,50091.0,Backspace
P01,S01,13.0,up,Backspace,1791212376233.8,50091.0,Backspace
P01,S01,13.0,down,Backspace,1791212376335.8,50092.0,Backspace
P01,S01,13.0,up,Backspace,1791212376358.7,50092.0,Backspace
P01,S01,13.0,down,KeyT,1791212377016.9,50093.0,t
P01,S01,13.0,up,KeyT,1791212377063.7,50093.0,t
P01,S01,13.0,down,KeyI,1791212377225.9,50094.0,i
P01,S01,13.0,up,KeyI,1791212377296.6,50094.0,i
P01,S01,13.0,down,KeyE,1791212377342.6,50095.0,e
P01,S01,13.0,up,KeyE,1791212377413.7,50095.0,e
P01,S01,13.0,down,Digit5,1791212377706.4,50096.0,5
P01,S01,13.0,up,Digit5,1791212377769.6,50096.0,5
P01,S01,13.0,down,ShiftLeft,1791212377876.4,50097.0,Shift
P01,S01,13.0,down,KeyR,1791212377989.6,50098.0,R
P01,S01,13.0,up,KeyR,1791212378053.4,50098.0,R
P01,S01,13.0,up,ShiftLeft,1791212378153.2,50097.0,Shift
P01,S01,13.0,down,KeyO,1791212378250.1,50099.0,o
P01,S01,13.0,up,KeyO,1791212378322.2,50099.0,o
P01,S01,13.0,down,KeyA,1791212378405.0,50100.0,a
P01,S01,13.0,up,KeyA,1791212378516.7,50100.0,a
P01,S01,13.0,down,KeyN,1791212378556.0,50101.0,n
P01,S01,13.0,up,KeyN,1791212378603.6,50101.0,n
P01,S01,13.0,down,KeyL,1791212378734.8,50102.0,l
P01,S01,13.0,up,KeyL,1791212378803.5,50102.0,l
P01,S01,13.0,down,Enter,1791212379168.6,50103.0,Enter
P01,S01,13.0,up,Enter,1791212379239.8,50103.0,Enter
P01,S01,14.0,down,Period,1791212380733.8,50104.0,.
P01,S01,14.0,up,Period,1791212380805.3,50104.0,.
P01,S01,14.0,down,KeyT,1791212381020.4,50105.0,t
P01,S01,14.0,up,KeyT,1791212381083.6,50105.0,t
P01,S01,14.0,down,KeyI,1791212381211.7,50106.0,i
P01,S01,14.0,up,KeyI,1791212381312.1,50106.0,i
P01,S01,14.0,down,KeyE,1791212381312.7,50107.0,e
P01,S01,14.0,up,KeyE,1791212381382.6,50107.0,e
P01,S01,14.0,down,Digit5,1791212382265.7,50108.0,5
P01,S01,14.0,up,Digit5,1791212382328.9,50108.0,5
P01,S01,14.0,down,ShiftLeft,1791212384546.7,50109.0,Shift
P01,S01,14.0,down,KeyR,1791212384701.8,50110.0,R
P01,S01,14.0,up,KeyR,1791212384764.1,50110.0,R
P01,S01,14.0,up,ShiftLeft,1791212384856.4,50109.0,Shift
P01,S01,14.0,down,KeyO,1791212384937.0,50111.0,o
P01,S01,14.0,up,KeyO,1791212384999.0,50111.0,o
P01,S01,14.0,down,KeyA,1791212385075.9,50112.0,a
P01,S01,14.0,up,KeyA,1791212385187.2,50112.0,a
P01,S01,14.0,down,KeyN,1791212385214.8,50113.0,n
P01,S01,14.0,up,KeyN,1791212385277.5,50113.0,n
P01,S01,14.0,down,KeyL,1791212385388.4,50114.0,l
P01,S01,14.0,up,KeyL,1791212385475.5,50114.0,l
P01,S01,14.0,down,Enter,1791212385807.9,50115.0,Enter
P01,S01,14.0,up,Enter,1791212385895.6,50115.0,Enter
P01,S01,15.0,down,Period,1791212392368.6,50116.0,.
P01,S01,15.0,up,Period,1791212392449.9,50116.0,.
P01,S01,15.0,down,ShiftLeft,1791212392606.5,50117.0,Shift
P01,S01,15.0,up,ShiftLeft,1791212392788.9,50117.0,Shift
P01,S01,15.0,down,KeyT,1791212393023.8,50118.0,t
P01,S01,15.0,up,KeyT,1791212393087.5,50118.0,t
P01,S01,15.0,down,KeyI,1791212393232.5,50119.0,i
P01,S01,15.0,up,KeyI,1791212393288.1,50119.0,i
P01,S01,15.0,down,KeyE,1791212393371.4,50120.0,e
P01,S01,15.0,up,KeyE,1791212393481.5,50120.0,e
P01,S01,15.0,down,Digit5,1791212394006.2,50121.0,5
P01,S01,15.0,up,Digit5,1791212394070.3,50121.0,5
P01,S01,15.0,down,ShiftLeft,1791212394178.9,50122.0,Shift
P01,S01,15.0,down,KeyR,1791212394396.3,50123.0,R
P01,S01,15.0,up,KeyR,1791212394457.9,50123.0,R
P01,S01,15.0,up,ShiftLeft,1791212394542.9,50122.0,Shift
P01,S01,15.0,down,KeyO,1791212394650.6,50124.0,o
P01,S01,15.0,up,KeyO,1791212394746.0,50124.0,o
P01,S01,15.0,down,KeyA,1791212394825.1,50125.0,a
P01,S01,15.0,down,KeyN,1791212394945.7,50126.0,n
P01,S01,15.0,up,KeyA,1791212394948.8,50125.0,a
P01,S01,15.0,up,KeyN,1791212395007.5,50126.0,n
P01,S01,15.0,down,KeyL,1791212395120.6,50127.0,l
P01,S01,15.0,up,KeyL,1791212395207.7,50127.0,l
P01,S01,15.0,down,Enter,1791212395897.6,50128.0,Enter
P01,S01,15.0,up,Enter,1791212395991.9,50128.0,Enter
P01,S01,16.0,down,ShiftLeft,1791212402135.5,50129.0,Shift
P01,S01,16.0,down,KeyH,1791212402376.1,50130.0,H
P01,S01,16.0,up,ShiftLeft,1791212402461.9,50129.0,Shift
P01,S01,16.0,up,KeyH,1791212402464.5,50130.0,H
P01,S01,16.0,down,KeyE,1791212402554.4,50131.0,e
P01,S01,16.0,up,KeyE,1791212402664.0,50131.0,e
P01,S01,16.0,down,KeyL,1791212402727.0,50132.0,l
P01,S01,16.0,up,KeyL,1791212402814.8,50132.0,l
P01,S01,16.0,down,KeyL,1791212402884.1,50133.0,l
P01,S01,16.0,up,KeyL,1791212402963.1,50133.0,l
P01,S01,16.0,down,KeyO,1791212403042.8,50134.0,o
P01,S01,16.0,up,KeyO,1791212403107.4,50134.0,o
P01,S01,16.0,down,Space,1791212403217.0,50135.0, 
P01,S01,16.0,up,Space,1791212403293.2,50135.0, 
P01,S01,16.0,down,KeyC,1791212403518.2,50136.0,c
P01,S01,16.0,up,KeyC,1791212403606.1,50136.0,c
P01,S01,16.0,down,KeyH,1791212403623.0,50137.0,h
P01,S01,16.0,up,KeyH,1791212403702.1,50137.0,h
P01,S01,16.0,down,KeyA,1791212403748.0,50138.0,a
P01,S01,16.0,down,KeyT,1791212403868.0,50139.0,t
P01,S01,16.0,up,KeyA,1791212403870.1,50138.0,a
P01,S01,16.0,up,KeyT,1791212403923.0,50139.0,t
P01,S01,16.0,down,Space,1791212404016.4,50140.0, 
P01,S01,16.0,up,Space,1791212404110.7,50140.0, 
P01,S01,16.0,down,Backspace,1791212404609.7,50141.0,Backspace
P01,S01,16.0,up,Backspace,1791212404689.1,50141.0,Backspace
"P01,S01,16,down,Comma,1791212404896.7,50142,"",""",,,,Unidentified,,,
"P01,S01,16,up,Comma,1791212404999.1,50142,"",""",,,,Unidentified,,,
P01,S01,16.0,down,Space,1791212405074.5,50143.0, 
P01,S01,16.0,up,Space,1791212405153.9,50143.0, 
P01,S01,16.0,down,KeyW,1791212405213.3,50144.0,w
P01,S01,16.0,down,KeyH,1791212405292.8,50145.0,h
P01,S01,16.0,up,KeyW,1791212405294.8,50144.0,w
P01,S01,16.0,up,KeyH,1791212405379.9,50145.0,h
P01,S01,16.0,down,KeyA,1791212405430.9,50146.0,a
P01,S01,16.0,down,KeyT,1791212405495.2,50147.0,t
P01,S01,16.0,up,KeyA,1791212405534.0,50146.0,a
P01,S01,16.0,up,KeyT,1791212405566.0,50147.0,t
P01,S01,16.0,down,Minus,1791212406116.9,50148.0,'
P01,S01,16.0,up,Minus,1791212406180.7,50148.0,'
P01,S01,16.0,down,KeyS,1791212406231.7,50149.0,s
P01,S01,16.0,down,Space,1791212406345.3,50150.0, 
P01,S01,16.0,up,KeyS,1791212406347.9,50149.0,s
P01,S01,16.0,up,Space,1791212406392.3,50150.0, 
P01,S01,16.0,down,KeyU,1791212406531.8,50151.0,u
P01,S01,16.0,up,KeyU,1791212406603.8,50151.0,u
P01,S01,16.0,down,KeyP,1791212406741.1,50152.0,p
P01,S01,16.0,up,KeyP,1791212406828.3,50152.0,p
P01,S01,16.0,down,ShiftLeft,1791212406877.7,50153.0,Shift
P01,S01,16.0,down,Minus,1791212406960.1,50154.0,?
P01,S01,16.0,up,Minus,1791212407040.0,50154.0,?
P01,S01,16.0,up,ShiftLeft,1791212407098.1,50153.0,Shift
P01,S01,16.0,down,Enter,1791212407124.5,50155.0,Enter
P01,S01,16.0,up,Enter,1791212407243.0,50155.0,Enter
P01,S01,17.0,down,ShiftLeft,1791212413074.5,50156.0,Shift
P01,S01,17.0,down,KeyN,1791212413656.9,50157.0,N
P01,S01,17.0,up,KeyN,1791212413713.2,50157.0,N
P01,S01,17.0,up,ShiftLeft,1791212413788.0,50156.0,Shift
P01,S01,17.0,down,KeyO,1791212413854.1,50158.0,o
P01,S01,17.0,up,KeyO,1791212413915.8,50158.0,o
P01,S01,17.0,down,KeyT,1791212414050.6,50159.0,t
P01,S01,17.0,up,KeyT,1791212414103.8,50159.0,t
P01,S01,17.0,down,Space,1791212414204.4,50160.0, 
P01,S01,17.0,up,Space,1791212414276.0,50160.0, 
P01,S01,17.0,down,KeyT,1791212414380.3,50161.0,t
P01,S01,17.0,up,KeyT,1791212414435.4,50161.0,t
P01,S01,17.0,down,KeyH,1791212414536.0,50162.0,h
P01,S01,17.0,up,KeyH,1791212414631.4,50162.0,h
P01,S01,17.0,down,KeyA,1791212414632.4,50163.0,a
P01,S01,17.0,down,KeyT,1791212414707.5,50164.0,t
P01,S01,17.0,up,KeyA,1791212414735.7,50163.0,a
P01,S01,17.0,up,KeyT,1791212414770.1,50164.0,t
P01,S01,17.0,down,Space,1791212414861.8,50165.0, 
P01,S01,17.0,up,Space,1791212414940.5,50165.0, 
P01,S01,17.0,down,KeyW,1791212415003.2,50166.0,w
P01,S01,17.0,up,KeyW,1791212415098.7,50166.0,w
P01,S01,17.0,down,KeyE,1791212415208.9,50167.0,e
P01,S01,17.0,up,KeyE,1791212415319.7,50167.0,e
P01,S01,17.0,down,KeyL,1791212415581.8,50168.0,l
P01,S01,17.0,up,KeyL,1791212415653.8,50168.0,l
P01,S01,17.0,down,KeyL,1791212415720.4,50169.0,l
P01,S01,17.0,up,KeyL,1791212415799.4,50169.0,l
"P01,S01,17,down,Comma,1791212415966.7,50170,"",""",,,,Unidentified,,,
"P01,S01,17,up,Comma,1791212416054.1,50170,"",""",,,,Unidentified,,,
P01,S01,17.0,down,Space,1791212416146.3,50171.0, 
P01,S01,17.0,up,Space,1791212416218.4,50171.0, 
P01,S01,17.0,down,ShiftLeft,1791212416447.9,50172.0,Shift
P01,S01,17.0,down,KeyI,1791212416647.6,50173.0,I
P01,S01,17.0,up,KeyI,1791212416718.7,50173.0,I
P01,S01,17.0,up,ShiftLeft,1791212416818.3,50172.0,Shift
P01,S01,17.0,down,Minus,1791212416863.8,50174.0,'
P01,S01,17.0,up,Minus,1791212416959.1,50174.0,'
P01,S01,17.0,down,KeyM,1791212417139.1,50175.0,m
P01,S01,17.0,up,KeyM,1791212417201.8,50175.0,m
P01,S01,17.0,down,Space,1791212417297.1,50176.0, 
P01,S01,17.0,up,Space,1791212417352.0,50176.0, 
P01,S01,17.0,down,KeyL,1791212417482.8,50177.0,l
P01,S01,17.0,up,KeyL,1791212417555.3,50177.0,l
P01,S01,17.0,down,KeyI,1791212417659.8,50178.0,i
P01,S01,17.0,up,KeyI,1791212417722.7,50178.0,i
P01,S01,17.0,down,KeyV,1791212417872.4,50179.0,v
P01,S01,17.0,up,KeyV,1791212417928.5,50179.0,v
P01,S01,17.0,down,KeyI,1791212418065.7,50180.0,i
P01,S01,17.0,up,KeyI,1791212418153.2,50180.0,i
P01,S01,17.0,down,KeyN,1791212418283.5,50181.0,n
P01,S01,17.0,up,KeyN,1791212418366.9,50181.0,n
P01,S01,17.0,down,KeyG,1791212418447.6,50182.0,g
P01,S01,17.0,up,KeyG,1791212418495.1,50182.0,g
P01,S01,17.0,down,Space,1791212418583.0,50183.0, 
P01,S01,17.0,up,Space,1791212418682.9,50183.0, 
P01,S01,17.0,down,KeyA,1791212418684.0,50184.0,a
P01,S01,17.0,down,KeyT,1791212418782.6,50185.0,t
P01,S01,17.0,up,KeyA,1791212418786.0,50184.0,a
P01,S01,17.0,up,KeyT,1791212418823.5,50185.0,t
P01,S01,17.0,down,Space,1791212418916.9,50186.0, 
P01,S01,17.0,up,Space,1791212418995.7,50186.0, 
P01,S01,17.0,down,KeyT,1791212419103.2,50187.0,t
P01,S01,17.0,up,KeyT,1791212419157.3,50187.0,t
P01,S01,17.0,down,KeyH,1791212419266.2,50188.0,h
P01,S01,17.0,down,KeyE,1791212419328.2,50189.0,e
P01,S01,17.0,up,KeyH,1791212419353.1,50188.0,h
P01,S01,17.0,up,KeyE,1791212419398.2,50189.0,e
P01,S01,17.0,down,Space,1791212419431.5,50190.0, 
P01,S01,17.0,up,Space,1791212419510.6,50190.0, 
P01,S01,17.0,down,KeyI,1791212419661.4,50191.0,i
P01,S01,17.0,up,KeyI,1791212419732.8,50191.0,i
P01,S01,17.0,down,KeyN,1791212419846.1,50192.0,n
P01,S01,17.0,up,KeyN,1791212419917.3,50192.0,n
P01,S01,17.0,down,KeyS,1791212419979.1,50193.0,s
P01,S01,17.0,up,KeyS,1791212420058.0,50193.0,s
P01,S01,17.0,down,KeyA,1791212420223.1,50194.0,a
P01,S01,17.0,up,KeyA,1791212420326.6,50194.0,a
P01,S01,17.0,down,Space,1791212420353.8,50195.0, 
P01,S01,17.0,up,Space,1791212420416.7,50195.0, 
P01,S01,17.0,down,KeyR,1791212424048.7,50196.0,r
P01,S01,17.0,up,KeyR,1791212424120.5,50196.0,r
P01,S01,17.0,down,KeyE,1791212424215.4,50197.0,e
P01,S01,17.0,up,KeyE,1791212424303.4,50197.0,e
P01,S01,17.0,down,KeyS,1791212424409.2,50198.0,s
P01,S01,17.0,up,KeyS,1791212424493.9,50198.0,s
P01,S01,17.0,down,KeyI,1791212424521.3,50199.0,i
P01,S01,17.0,up,KeyI,1791212424584.8,50199.0,i
P01,S01,17.0,down,KeyD,1791212424680.6,50200.0,d
P01,S01,17.0,up,KeyD,1791212424752.4,50200.0,d
P01,S01,17.0,down,KeyE,1791212424841.9,50201.0,e
P01,S01,17.0,down,KeyN,1791212424937.1,50202.0,n
P01,S01,17.0,up,KeyE,1791212424939.6,50201.0,e
P01,S01,17.0,up,KeyN,1791212424983.4,50202.0,n
P01,S01,17.0,down,KeyC,1791212425014.0,50203.0,c
P01,S01,17.0,up,KeyC,1791212425092.5,50203.0,c
P01,S01,17.0,down,KeyE,1791212425209.5,50204.0,e
P01,S01,17.0,up,KeyE,1791212425305.5,50204.0,e
P01,S01,17.0,down,KeyS,1791212425393.3,50205.0,s
"P01,S01,17,down,Comma,1791212425490.8,50206,"",""",,,,Unidentified,,,
P01,S01,17.0,up,KeyS,1791212425527.7,50205.0,s
"P01,S01,17,up,Comma,1791212425576.1,50206,"",""",,,,Unidentified,,,
P01,S01,17.0,down,Space,1791212425675.6,50207.0, 
P01,S01,17.0,up,Space,1791212425730.6,50207.0, 
P01,S01,17.0,down,KeyA,1791212425777.2,50208.0,a
P01,S01,17.0,up,KeyA,1791212425848.2,50208.0,a
P01,S01,17.0,down,KeyN,1791212425864.6,50209.0,n
P01,S01,17.0,up,KeyN,1791212425935.1,50209.0,n
P01,S01,17.0,down,KeyD,1791212425976.0,50210.0,d
P01,S01,17.0,down,Space,1791212426021.0,50211.0, 
P01,S01,17.0,up,Space,1791212426081.6,50211.0, 
P01,S01,17.0,up,KeyD,1791212426083.2,50210.0,d
P01,S01,17.0,down,KeyM,1791212426178.0,50212.0,m
P01,S01,17.0,up,KeyM,1791212426247.3,50212.0,m
P01,S01,17.0,down,KeyY,1791212426360.4,50213.0,y
P01,S01,17.0,up,KeyY,1791212426412.1,50213.0,y
P01,S01,17.0,down,Space,1791212426507.7,50214.0, 
P01,S01,17.0,up,Space,1791212426596.2,50214.0, 
P01,S01,17.0,down,KeyS,1791212426636.8,50215.0,s
P01,S01,17.0,up,KeyS,1791212426754.5,50215.0,s
P01,S01,17.0,down,KeyT,1791212426785.6,50216.0,t
P01,S01,17.0,up,KeyT,1791212426840.7,50216.0,t
P01,S01,17.0,down,KeyO,1791212427036.1,50217.0,o
P01,S01,17.0,up,KeyO,1791212427103.8,50217.0,o
P01,S01,17.0,down,KeyV,1791212427795.7,50218.0,v
P01,S01,17.0,up,KeyV,1791212427884.0,50218.0,v
P01,S01,17.0,down,KeyE,1791212427933.5,50219.0,e
P01,S01,17.0,down,Space,1791212428028.8,50220.0, 
P01,S01,17.0,up,KeyE,1791212428032.2,50219.0,e
P01,S01,17.0,up,Space,1791212428101.9,50220.0, 
P01,S01,17.0,down,KeyK,1791212428437.1,50221.0,k
P01,S01,17.0,up,KeyK,1791212428564.0,50221.0,k
P01,S01,17.0,down,KeyE,1791212428967.6,50222.0,e
P01,S01,17.0,up,KeyE,1791212429031.0,50222.0,e
P01,S01,17.0,down,KeyE,1791212429142.6,50223.0,e
P01,S01,17.0,up,KeyE,1791212429229.7,50223.0,e
P01,S01,17.0,down,KeyP,1791212429677.4,50224.0,p
P01,S01,17.0,up,KeyP,1791212429767.9,50224.0,p
P01,S01,17.0,down,KeyS,1791212429795.0,50225.0,s
P01,S01,17.0,up,KeyS,1791212429905.7,50225.0,s
P01,S01,17.0,down,Space,1791212429965.7,50226.0, 
P01,S01,17.0,up,Space,1791212430029.0,50226.0, 
P01,S01,17.0,down,KeyD,1791212432490.4,50227.0,d
P01,S01,17.0,up,KeyD,1791212432584.2,50227.0,d
P01,S01,17.0,down,Backspace,1791212432851.8,50228.0,Backspace
P01,S01,17.0,up,Backspace,1791212432938.2,50228.0,Backspace
P01,S01,17.0,down,KeyS,1791212434558.5,50229.0,s
P01,S01,17.0,up,KeyS,1791212434629.7,50229.0,s
P01,S01,17.0,down,KeyE,1791212434772.5,50230.0,e
P01,S01,17.0,up,KeyE,1791212434883.4,50230.0,e
P01,S01,17.0,down,KeyT,1791212434998.5,50231.0,t
P01,S01,17.0,up,KeyT,1791212435061.0,50231.0,t
P01,S01,17.0,down,KeyT,1791212435148.0,50232.0,t
P01,S01,17.0,up,KeyT,1791212435219.2,50232.0,t
P01,S01,17.0,down,KeyI,1791212435375.9,50233.0,i
P01,S01,17.0,up,KeyI,1791212435447.3,50233.0,i
P01,S01,17.0,down,KeyN,1791212435628.3,50234.0,n
P01,S01,17.0,up,KeyN,1791212435707.0,50234.0,n
P01,S01,17.0,down,KeyG,1791212435800.1,50235.0,g
P01,S01,17.0,up,KeyG,1791212435855.2,50235.0,g
P01,S01,17.0,down,Space,1791212435936.8,50236.0, 
P01,S01,17.0,up,Space,1791212436017.5,50236.0, 
P01,S01,17.0,down,KeyO,1791212436125.2,50237.0,o
P01,S01,17.0,up,KeyO,1791212436204.5,50237.0,o
P01,S01,17.0,down,KeyF,1791212436314.4,50238.0,f
P01,S01,17.0,up,KeyF,1791212436370.1,50238.0,f
P01,S01,17.0,down,KeyF,1791212436481.4,50239.0,f
P01,S01,17.0,down,Space,1791212436538.5,50240.0, 
P01,S01,17.0,up,KeyF,1791212436568.4,50239.0,f
P01,S01,17.0,up,Space,1791212436607.7,50240.0, 
P01,S01,17.0,down,KeyM,1791212436733.2,50241.0,m
P01,S01,17.0,up,KeyM,1791212436812.8,50241.0,m
P01,S01,17.0,down,KeyY,1791212436927.3,50242.0,y
P01,S01,17.0,up,KeyY,1791212436990.0,50242.0,y
P01,S01,17.0,down,Space,1791212437099.8,50243.0, 
P01,S01,17.0,up,Space,1791212437178.8,50243.0, 
P01,S01,17.0,down,KeyE,1791212437208.7,50244.0,e
P01,S01,17.0,up,KeyE,1791212437295.5,50244.0,e
P01,S01,17.0,down,KeyL,1791212437325.4,50245.0,l
P01,S01,17.0,up,KeyL,1791212437419.6,50245.0,l
P01,S01,17.0,down,KeyE,1791212437420.6,50246.0,e
P01,S01,17.0,up,KeyE,1791212437487.7,50246.0,e
P01,S01,17.0,down,KeyC,1791212437576.1,50247.0,c
P01,S01,17.0,down,KeyT,1791212437655.6,50248.0,t
P01,S01,17.0,up,KeyC,1791212437659.6,50247.0,c
P01,S01,17.0,up,KeyT,1791212437725.2,50248.0,t
P01,S01,17.0,down,KeyR,1791212437793.4,50249.0,r
P01,S01,17.0,down,KeyI,1791212437887.5,50250.0,i
P01,S01,17.0,up,KeyR,1791212437888.9,50249.0,r
P01,S01,17.0,up,KeyI,1791212437952.4,50250.0,i
P01,S01,17.0,down,KeyC,1791212438067.6,50251.0,c
P01,S01,17.0,up,KeyC,1791212438170.9,50251.0,c
P01,S01,17.0,down,KeyI,1791212438200.5,50252.0,i
P01,S01,17.0,up,KeyI,1791212438272.0,50252.0,i
P01,S01,17.0,down,KeyT,1791212438414.4,50253.0,t
P01,S01,17.0,up,KeyT,1791212438462.9,50253.0,t
P01,S01,17.0,down,KeyY,1791212438577.4,50254.0,y
P01,S01,17.0,up,KeyY,1791212438641.3,50254.0,y
P01,S01,17.0,down,Space,1791212438758.0,50255.0, 
P01,S01,17.0,up,Space,1791212438837.5,50255.0, 
P01,S01,17.0,down,Enter,1791212439240.1,50256.0,Enter
P01,S01,17.0,up,Enter,1791212439311.2,50256.0,Enter
P01,S01,18.0,down,ShiftLeft,1791212447448.1,50257.0,Shift
P01,S01,18.0,down,KeyI,1791212447696.4,50258.0,I
P01,S01,18.0,up,KeyI,1791212447775.7,50258.0,I
P01,S01,18.0,up,ShiftLeft,1791212447828.0,50257.0,Shift
P01,S01,18.0,down,Space,1791212448076.2,50259.0, 
P01,S01,18.0,up,Space,1791212448139.3,50259.0, 
P01,S01,18.0,down,KeyM,1791212448257.5,50260.0,m
P01,S01,18.0,up,KeyM,1791212448343.5,50260.0,m
P01,S01,18.0,down,KeyE,1791212448344.4,50261.0,e
P01,S01,18.0,up,KeyE,1791212448421.1,50261.0,e
P01,S01,18.0,down,KeyA,1791212448544.0,50262.0,a
P01,S01,18.0,down,KeyN,1791212448595.5,50263.0,n
P01,S01,18.0,up,KeyA,1791212448638.0,50262.0,a
P01,S01,18.0,up,KeyN,1791212448655.5,50263.0,n
P01,S01,18.0,down,Space,1791212448749.1,50264.0, 
P01,S01,18.0,up,Space,1791212448821.0,50264.0, 
P01,S01,18.0,down,KeyM,1791212449395.7,50265.0,m
P01,S01,18.0,up,KeyM,1791212449498.3,50265.0,m
P01,S01,18.0,down,KeyY,1791212449609.4,50266.0,y
P01,S01,18.0,up,KeyY,1791212449664.7,50266.0,y
P01,S01,18.0,down,Space,1791212449742.9,50267.0, 
P01,S01,18.0,up,Space,1791212449821.5,50267.0, 
P01,S01,18.0,down,KeyR,1791212449862.3,50268.0,r
P01,S01,18.0,up,KeyR,1791212449949.5,50268.0,r
P01,S01,18.0,down,KeyO,1791212449979.1,50269.0,o
P01,S01,18.0,up,KeyO,1791212450039.8,50269.0,o
P01,S01,18.0,down,KeyO,1791212450136.9,50270.0,o
P01,S01,18.0,up,KeyO,1791212450210.1,50270.0,o
P01,S01,18.0,down,KeyM,1791212450329.0,50271.0,m
P01,S01,18.0,up,KeyM,1791212450391.9,50271.0,m
P01,S01,18.0,down,Space,1791212450462.9,50272.0, 
P01,S01,18.0,up,Space,1791212450552.8,50272.0, 
P01,S01,18.0,down,KeyH,1791212450647.4,50273.0,h
P01,S01,18.0,up,KeyH,1791212450717.7,50273.0,h
P01,S01,18.0,down,KeyA,1791212450769.8,50274.0,a
P01,S01,18.0,up,KeyA,1791212450856.1,50274.0,a
P01,S01,18.0,down,KeyS,1791212450938.0,50275.0,s
P01,S01,18.0,down,Space,1791212451005.3,50276.0, 
P01,S01,18.0,up,KeyS,1791212451035.4,50275.0,s
P01,S01,18.0,up,Space,1791212451074.7,50276.0, 
P01,S01,18.0,down,KeyA,1791212451156.7,50277.0,a
P01,S01,18.0,up,KeyA,1791212451268.3,50277.0,a
P01,S01,18.0,down,KeyN,1791212451479.2,50278.0,n
P01,S01,18.0,up,KeyN,1791212451541.7,50278.0,n
P01,S01,18.0,down,Space,1791212451610.3,50279.0, 
P01,S01,18.0,up,Space,1791212451698.5,50279.0, 
P01,S01,18.0,down,KeyE,1791212451771.5,50280.0,e
P01,S01,18.0,up,KeyE,1791212451851.3,50280.0,e
P01,S01,18.0,down,KeyL,1791212451890.1,50281.0,l
P01,S01,18.0,up,KeyL,1791212451945.2,50281.0,l
P01,S01,18.0,down,KeyE,1791212451977.0,50282.0,e
P01,S01,18.0,up,KeyE,1791212452055.9,50282.0,e
P01,S01,18.0,down,KeyC,1791212452158.1,50283.0,c
P01,S01,18.0,down,KeyT,1791212452225.3,50284.0,t
P01,S01,18.0,up,KeyC,1791212452228.0,50283.0,c
P01,S01,18.0,up,KeyT,1791212452295.3,50284.0,t
P01,S01,18.0,down,KeyR,1791212452354.3,50285.0,r
P01,S01,18.0,down,KeyI,1791212452449.0,50286.0,i
P01,S01,18.0,up,KeyR,1791212452452.3,50285.0,r
P01,S01,18.0,up,KeyI,1791212452513.3,50286.0,i
P01,S01,18.0,down,KeyC,1791212452856.2,50287.0,c
P01,S01,18.0,up,KeyC,1791212452920.8,50287.0,c
P01,S01,18.0,down,KeyA,1791212452976.3,50288.0,a
P01,S01,18.0,up,KeyA,1791212453071.5,50288.0,a
P01,S01,18.0,down,KeyL,1791212453141.9,50289.0,l
P01,S01,18.0,up,KeyL,1791212453253.4,50289.0,l
P01,S01,18.0,down,Space,1791212453343.6,50290.0, 
P01,S01,18.0,up,Space,1791212453430.5,50290.0, 
P01,S01,18.0,down,KeyC,1791212456143.0,50291.0,c
P01,S01,18.0,up,KeyC,1791212456204.9,50291.0,c
P01,S01,18.0,down,KeyE,1791212456322.2,50292.0,e
P01,S01,18.0,down,KeyN,1791212456394.2,50293.0,n
P01,S01,18.0,up,KeyE,1791212456424.4,50292.0,e
P01,S01,18.0,up,KeyN,1791212456472.7,50293.0,n
P01,S01,18.0,down,KeyT,1791212457633.0,50294.0,t
P01,S01,18.0,up,KeyT,1791212457704.7,50294.0,t
P01,S01,18.0,down,KeyR,1791212457794.7,50295.0,r
P01,S01,18.0,up,KeyR,1791212457850.8,50295.0,r
P01,S01,18.0,down,KeyA,1791212457876.1,50296.0,a
P01,S01,18.0,up,KeyA,1791212457995.5,50296.0,a
P01,S01,18.0,down,KeyL,1791212458048.6,50297.0,l
P01,S01,18.0,up,KeyL,1791212458128.8,50297.0,l
"P01,S01,18,down,Comma,1791212458271.2,50298,"",""",,,,Unidentified,,,
"P01,S01,18,up,Comma,1791212458333.8,50298,"",""",,,,Unidentified,,,
P01,S01,18.0,down,Space,1791212458418.6,50299.0, 
P01,S01,18.0,up,Space,1791212458491.0,50299.0, 
P01,S01,18.0,down,KeyL,1791212458616.7,50300.0,l
P01,S01,18.0,up,KeyL,1791212458663.9,50300.0,l
P01,S01,18.0,down,KeyI,1791212458764.0,50301.0,i
P01,S01,18.0,up,KeyI,1791212458827.6,50301.0,i
P01,S01,18.0,down,KeyK,1791212458901.7,50302.0,k
P01,S01,18.0,up,KeyK,1791212458989.0,50302.0,k
P01,S01,18.0,down,KeyE,1791212458990.0,50303.0,e
P01,S01,18.0,up,KeyE,1791212459041.0,50303.0,e
P01,S01,18.0,down,Space,1791212459089.4,50304.0, 
P01,S01,18.0,up,Space,1791212459161.0,50304.0, 
P01,S01,18.0,down,KeyW,1791212459189.0,50305.0,w
P01,S01,18.0,up,KeyW,1791212459283.6,50305.0,w
P01,S01,18.0,down,KeyH,1791212459299.7,50306.0,h
P01,S01,18.0,up,KeyH,1791212459370.9,50306.0,h
P01,S01,18.0,down,KeyE,1791212459406.9,50307.0,e
P01,S01,18.0,up,KeyE,1791212459494.5,50307.0,e
P01,S01,18.0,down,KeyR,1791212459589.6,50308.0,r
P01,S01,18.0,up,KeyR,1791212459661.3,50308.0,r
P01,S01,18.0,down,KeyE,1791212459751.4,50309.0,e
P01,S01,18.0,down,Space,1791212459856.7,50310.0, 
P01,S01,18.0,up,KeyE,1791212459859.2,50309.0,e
P01,S01,18.0,up,Space,1791212459912.1,50310.0, 
P01,S01,18.0,down,KeyA,1791212459963.4,50311.0,a
P01,S01,18.0,up,KeyA,1791212460082.6,50311.0,a
P01,S01,18.0,down,KeyL,1791212460113.5,50312.0,l
P01,S01,18.0,up,KeyL,1791212460168.7,50312.0,l
P01,S01,18.0,down,KeyL,1791212460255.7,50313.0,l
P01,S01,18.0,up,KeyL,1791212460336.1,50313.0,l
P01,S01,18.0,down,Space,1791212460444.6,50314.0, 
P01,S01,18.0,up,Space,1791212460524.7,50314.0, 
P01,S01,18.0,down,KeyT,1791212460681.2,50315.0,t
P01,S01,18.0,up,KeyT,1791212460728.9,50315.0,t
P01,S01,18.0,down,KeyH,1791212460844.8,50316.0,h
P01,S01,18.0,up,KeyH,1791212460947.4,50316.0,h
P01,S01,18.0,down,KeyE,1791212460948.6,50317.0,e
P01,S01,18.0,up,KeyE,1791212461003.7,50317.0,e
P01,S01,18.0,down,Space,1791212461043.8,50318.0, 
P01,S01,18.0,up,Space,1791212461138.5,50318.0, 
P01,S01,18.0,down,KeyW,1791212461230.0,50319.0,w
P01,S01,18.0,up,KeyW,1791212461341.1,50319.0,w
P01,S01,18.0,down,Backspace,1791212462295.9,50320.0,Backspace
P01,S01,18.0,up,Backspace,1791212462407.9,50320.0,Backspace
P01,S01,18.0,down,KeyS,1791212462493.3,50321.0,s
P01,S01,18.0,up,KeyS,1791212462564.4,50321.0,s
P01,S01,18.0,down,KeyW,1791212463080.0,50322.0,w
P01,S01,18.0,up,KeyW,1791212463166.6,50322.0,w
P01,S01,18.0,down,KeyI,1791212463257.5,50323.0,i
P01,S01,18.0,up,KeyI,1791212463333.5,50323.0,i
P01,S01,18.0,down,KeyT,1791212463451.8,50324.0,t
P01,S01,18.0,up,KeyT,1791212463523.3,50324.0,t
P01,S01,18.0,down,KeyC,1791212463596.4,50325.0,c
P01,S01,18.0,down,KeyH,1791212463676.2,50326.0,h
P01,S01,18.0,up,KeyC,1791212463679.2,50325.0,c
P01,S01,18.0,up,KeyH,1791212463771.1,50326.0,h
P01,S01,18.0,down,KeyE,1791212463840.5,50327.0,e
P01,S01,18.0,up,KeyE,1791212463919.2,50327.0,e
P01,S01,18.0,down,KeyS,1791212464027.3,50328.0,s
P01,S01,18.0,down,Space,1791212464122.6,50329.0, 
P01,S01,18.0,up,KeyS,1791212464126.0,50328.0,s
P01,S01,18.0,up,Space,1791212464188.2,50329.0, 
P01,S01,18.0,down,KeyA,1791212464240.6,50330.0,a
P01,S01,18.0,up,KeyA,1791212464325.5,50330.0,a
P01,S01,18.0,down,KeyR,1791212464444.5,50331.0,r
P01,S01,18.0,up,KeyR,1791212464516.5,50331.0,r
P01,S01,18.0,down,KeyE,1791212464622.4,50332.0,e
P01,S01,18.0,up,KeyE,1791212464716.0,50332.0,e
P01,S01,18.0,down,Space,1791212464762.5,50333.0, 
P01,S01,18.0,up,Space,1791212464850.2,50333.0, 
P01,S01,18.0,down,ShiftLeft,1791212466734.0,50334.0,Shift
P01,S01,18.0,down,Digit8,1791212466839.9,50335.0,(
P01,S01,18.0,down,Digit9,1791212466894.7,50336.0,)
P01,S01,18.0,up,Digit8,1791212466958.9,50335.0,(
P01,S01,18.0,up,ShiftLeft,1791212467032.9,50334.0,Shift
P01,S01,18.0,up,Digit9,1791212467034.7,50336.0,)
P01,S01,18.0,down,ArrowLeft,1791212467233.0,50337.0,ArrowLeft
P01,S01,18.0,up,ArrowLeft,1791212467367.7,50337.0,ArrowLeft
P01,S01,18.0,down,ShiftLeft,1791212467749.7,50338.0,Shift
P01,S01,18.0,down,KeyI,1791212467927.9,50339.0,I
P01,S01,18.0,up,ShiftLeft,1791212468003.5,50338.0,Shift
P01,S01,18.0,up,KeyI,1791212468005.3,50339.0,I
P01,S01,18.0,down,Space,1791212468095.2,50340.0, 
P01,S01,18.0,up,Space,1791212468158.2,50340.0, 
P01,S01,18.0,down,KeyD,1791212468215.6,50341.0,d
P01,S01,18.0,down,KeyO,1791212468309.1,50342.0,o
P01,S01,18.0,up,KeyD,1791212468311.2,50341.0,d
P01,S01,18.0,up,KeyO,1791212468373.8,50342.0,o
P01,S01,18.0,down,KeyN,1791212468475.0,50343.0,n
P01,S01,18.0,up,KeyN,1791212468530.1,50343.0,n
P01,S01,18.0,down,Minus,1791212468740.2,50344.0,'
P01,S01,18.0,up,Minus,1791212468828.9,50344.0,'
P01,S01,18.0,down,KeyT,1791212468983.9,50345.0,t
P01,S01,18.0,up,KeyT,1791212469055.1,50345.0,t
P01,S01,18.0,down,Space,1791212469153.0,50346.0, 
P01,S01,18.0,up,Space,1791212469232.8,50346.0, 
P01,S01,18.0,down,KeyR,1791212469299.2,50347.0,r
P01,S01,18.0,up,KeyR,1791212469370.2,50347.0,r
P01,S01,18.0,down,KeyE,1791212469470.1,50348.0,e
P01,S01,18.0,up,KeyE,1791212469541.4,50348.0,e
P01,S01,18.0,down,KeyA,1791212469645.4,50349.0,a
P01,S01,18.0,up,KeyA,1791212469756.8,50349.0,a
P01,S01,18.0,down,KeyL,1791212469796.6,50350.0,l
P01,S01,18.0,up,KeyL,1791212469866.1,50350.0,l
P01,S01,18.0,down,KeyL,1791212469933.1,50351.0,l
P01,S01,18.0,up,KeyL,1791212470020.2,50351.0,l
P01,S01,18.0,down,KeyY,1791212470157.1,50352.0,y
P01,S01,18.0,up,KeyY,1791212470219.1,50352.0,y
P01,S01,18.0,down,Space,1791212470321.7,50353.0, 
P01,S01,18.0,up,Space,1791212470401.9,50353.0, 
P01,S01,18.0,down,KeyK,1791212470518.4,50354.0,k
P01,S01,18.0,up,KeyK,1791212470598.1,50354.0,k
P01,S01,18.0,down,KeyN,1791212470685.8,50355.0,n
P01,S01,18.0,up,KeyN,1791212470732.7,50355.0,n
P01,S01,18.0,down,KeyO,1791212470851.8,50356.0,o
P01,S01,18.0,up,KeyO,1791212470961.2,50356.0,o
P01,S01,18.0,down,KeyW,1791212470962.8,50357.0,w
P01,S01,18.0,up,KeyW,1791212471037.3,50357.0,w
P01,S01,18.0,down,Space,1791212471059.9,50358.0, 
P01,S01,18.0,up,Space,1791212471123.9,50358.0, 
P01,S01,18.0,down,KeyH,1791212471296.0,50359.0,h
P01,S01,18.0,up,KeyH,1791212471360.6,50359.0,h
P01,S01,18.0,down,KeyO,1791212471473.8,50360.0,o
P01,S01,18.0,up,KeyO,1791212471576.3,50360.0,o
P01,S01,18.0,down,KeyW,1791212471577.5,50361.0,w
P01,S01,18.0,up,KeyW,1791212471667.8,50361.0,w
P01,S01,18.0,down,Space,1791212471693.5,50362.0, 
P01,S01,18.0,up,Space,1791212471764.9,50362.0, 
P01,S01,18.0,down,KeyT,1791212471879.7,50363.0,t
P01,S01,18.0,up,KeyT,1791212471942.0,50363.0,t
P01,S01,18.0,down,KeyE,1791212472039.9,50364.0,e
P01,S01,18.0,down,KeyH,1791212472055.8,50365.0,h
P01,S01,18.0,up,KeyH,1791212472151.9,50365.0,h
P01,S01,18.0,up,KeyE,1791212472153.8,50364.0,e
P01,S01,18.0,down,Backspace,1791212472732.9,50366.0,Backspace
P01,S01,18.0,up,Backspace,1791212472812.0,50366.0,Backspace
P01,S01,18.0,down,Backspace,1791212472912.4,50367.0,Backspace
P01,S01,18.0,up,Backspace,1791212472983.1,50367.0,Backspace
P01,S01,18.0,down,KeyH,1791212473309.3,50368.0,h
P01,S01,18.0,up,KeyH,1791212473412.3,50368.0,h
P01,S01,18.0,down,KeyA,1791212473449.7,50369.0,a
P01,S01,18.0,down,KeyT,1791212473569.1,50370.0,t
P01,S01,18.0,up,KeyA,1791212473572.2,50369.0,a
P01,S01,18.0,up,KeyT,1791212473623.4,50370.0,t
P01,S01,18.0,down,Minus,1791212474446.8,50371.0,'
P01,S01,18.0,up,Minus,1791212474517.7,50371.0,'
P01,S01,18.0,down,KeyS,1791212474567.8,50372.0,s
P01,S01,18.0,down,Space,1791212474665.2,50373.0, 
P01,S01,18.0,up,KeyS,1791212474667.5,50372.0,s
P01,S01,18.0,up,Space,1791212474727.8,50373.0, 
P01,S01,18.0,down,KeyC,1791212474843.1,50374.0,c
P01,S01,18.0,up,KeyC,1791212474890.5,50374.0,c
P01,S01,18.0,down,KeyA,1791212474912.3,50375.0,a
P01,S01,18.0,up,KeyA,1791212475000.1,50375.0,a
P01,S01,18.0,down,KeyL,1791212475230.3,50376.0,l
P01,S01,18.0,up,KeyL,1791212475300.6,50376.0,l
P01,S01,18.0,down,KeyE,1791212475360.0,50377.0,e
P01,S01,18.0,up,KeyE,1791212475439.8,50377.0,e
P01,S01,18.0,down,KeyD,1791212475526.1,50378.0,d
P01,S01,18.0,down,Space,1791212475560.6,50379.0, 
P01,S01,18.0,up,Space,1791212475647.9,50379.0, 
P01,S01,18.0,up,KeyD,1791212475650.1,50378.0,d
P01,S01,18.0,down,KeyI,1791212475751.3,50380.0,i
P01,S01,18.0,up,KeyI,1791212475812.4,50380.0,i
P01,S01,18.0,down,KeyN,1791212475909.9,50381.0,n
P01,S01,18.0,up,KeyN,1791212475973.9,50381.0,n
P01,S01,18.0,down,Space,1791212476054.9,50382.0, 
P01,S01,18.0,up,Space,1791212476118.2,50382.0, 
P01,S01,18.0,down,KeyE,1791212476147.2,50383.0,e
P01,S01,18.0,down,KeyN,1791212476248.5,50384.0,n
P01,S01,18.0,up,KeyE,1791212476252.0,50383.0,e
P01,S01,18.0,up,KeyN,1791212476313.8,50384.0,n
P01,S01,18.0,down,KeyG,1791212476419.1,50385.0,g
P01,S01,18.0,up,KeyG,1791212476483.2,50385.0,g
P01,S01,18.0,down,KeyL,1791212476632.6,50386.0,l
P01,S01,18.0,up,KeyL,1791212476728.2,50386.0,l
P01,S01,18.0,down,KeyI,1791212476816.1,50387.0,i
P01,S01,18.0,up,KeyI,1791212476879.8,50387.0,i
P01,S01,18.0,down,KeyS,1791212476936.1,50388.0,s
P01,S01,18.0,down,KeyH,1791212477047.6,50389.0,h
P01,S01,18.0,up,KeyS,1791212477051.3,50388.0,s
P01,S01,18.0,up,KeyH,1791212477094.9,50389.0,h
P01,S01,18.0,down,ArrowRight,1791212477402.5,50390.0,ArrowRight
P01,S01,18.0,up,ArrowRight,1791212477546.0,50390.0,ArrowRight
P01,S01,18.0,down,Space,1791212479000.6,50391.0, 
P01,S01,18.0,up,Space,1791212479087.1,50391.0, 
P01,S01,18.0,down,KeyA,1791212479320.8,50392.0,a
P01,S01,18.0,up,KeyA,1791212479447.4,50392.0,a
P01,S01,18.0,down,KeyN,1791212479467.3,50393.0,n
P01,S01,18.0,up,KeyN,1791212479554.3,50393.0,n
P01,S01,18.0,down,KeyD,1791212479581.8,50394.0,d
P01,S01,18.0,down,Space,1791212479679.5,50395.0, 
P01,S01,18.0,up,KeyD,1791212479682.2,50394.0,d
P01,S01,18.0,up,Space,1791212479750.1,50395.0, 
P01,S01,18.0,down,KeyW,1791212480372.4,50396.0,w
P01,S01,18.0,up,KeyW,1791212480460.5,50396.0,w
P01,S01,18.0,down,KeyH,1791212480502.9,50397.0,h
P01,S01,18.0,up,KeyH,1791212480588.9,50397.0,h
P01,S01,18.0,down,KeyE,1791212480589.9,50398.0,e
P01,S01,18.0,down,KeyN,1791212480666.7,50399.0,n
P01,S01,18.0,up,KeyE,1791212480697.7,50398.0,e
P01,S01,18.0,up,KeyN,1791212480753.4,50399.0,n
P01,S01,18.0,down,Space,1791212480838.8,50400.0, 
P01,S01,18.0,up,Space,1791212480910.0,50400.0, 
P01,S01,18.0,down,ShiftLeft,1791212480975.1,50401.0,Shift
P01,S01,18.0,down,KeyI,1791212481103.8,50402.0,I
P01,S01,18.0,up,KeyI,1791212481177.1,50402.0,I
P01,S01,18.0,up,ShiftLeft,1791212481205.5,50401.0,Shift
P01,S01,18.0,down,Space,1791212481283.0,50403.0, 
P01,S01,18.0,up,Space,1791212481369.0,50403.0, 
P01,S01,18.0,down,KeyT,1791212481526.8,50404.0,t
P01,S01,18.0,up,KeyT,1791212481598.5,50404.0,t
P01,S01,18.0,down,KeyU,1791212481726.0,50405.0,u
P01,S01,18.0,up,KeyU,1791212481805.5,50405.0,u
P01,S01,18.0,down,KeyR,1791212481862.3,50406.0,r
P01,S01,18.0,down,KeyN,1791212481924.1,50407.0,n
P01,S01,18.0,up,KeyR,1791212481947.0,50406.0,r
P01,S01,18.0,up,KeyN,1791212482002.3,50407.0,n
P01,S01,18.0,down,Space,1791212482269.4,50408.0, 
P01,S01,18.0,up,Space,1791212482332.6,50408.0, 
P01,S01,18.0,down,KeyI,1791212482511.8,50409.0,i
P01,S01,18.0,up,KeyI,1791212482582.0,50409.0,i
P01,S01,18.0,down,KeyT,1791212482726.5,50410.0,t
P01,S01,18.0,up,KeyT,1791212482790.1,50410.0,t
P01,S01,18.0,down,Space,1791212482890.0,50411.0, 
P01,S01,18.0,up,Space,1791212482968.5,50411.0, 
P01,S01,18.0,down,KeyO,1791212483091.1,50412.0,o
P01,S01,18.0,up,KeyO,1791212483170.5,50412.0,o
P01,S01,18.0,down,KeyN,1791212483267.7,50413.0,n
P01,S01,18.0,up,KeyN,1791212483339.1,50413.0,n
P01,S01,18.0,down,Space,1791212483405.2,50414.0, 
P01,S01,18.0,up,Space,1791212483508.9,50414.0, 
P01,S01,18.0,down,KeyI,1791212483644.6,50415.0,i
P01,S01,18.0,up,KeyI,1791212483722.2,50415.0,i
P01,S01,18.0,down,KeyT,1791212483863.4,50416.0,t
P01,S01,18.0,up,KeyT,1791212483926.1,50416.0,t
P01,S01,18.0,down,Space,1791212484020.4,50417.0, 
P01,S01,18.0,up,Space,1791212484099.1,50417.0, 
P01,S01,18.0,down,KeyJ,1791212484207.5,50418.0,j
P01,S01,18.0,up,KeyJ,1791212484294.0,50418.0,j
P01,S01,18.0,down,KeyU,1791212484387.9,50419.0,u
P01,S01,18.0,up,KeyU,1791212484458.9,50419.0,u
P01,S01,18.0,down,KeyS,1791212484493.0,50420.0,s
P01,S01,18.0,down,KeyT,1791212484588.2,50421.0,t
P01,S01,18.0,up,KeyS,1791212484590.5,50420.0,s
P01,S01,18.0,up,KeyT,1791212484643.4,50421.0,t
P01,S01,18.0,down,Space,1791212484726.9,50422.0, 
P01,S01,18.0,up,Space,1791212484814.6,50422.0, 
P01,S01,18.0,down,KeyO,1791212485200.3,50423.0,o
P01,S01,18.0,up,KeyO,1791212485279.7,50423.0,o
P01,S01,18.0,down,KeyU,1791212485398.5,50424.0,u
P01,S01,18.0,up,KeyU,1791212485470.8,50424.0,u
P01,S01,18.0,down,KeyR,1791212485542.7,50425.0,r
P01,S01,18.0,up,KeyR,1791212485622.4,50425.0,r
P01,S01,18.0,down,KeyT,1791212485657.5,50426.0,t
P01,S01,18.0,up,KeyT,1791212485712.5,50426.0,t
P01,S01,18.0,down,KeyI,1791212485916.8,50427.0,i
P01,S01,18.0,up,KeyI,1791212486003.3,50427.0,i
P01,S01,18.0,down,KeyG,1791212486131.4,50428.0,g
P01,S01,18.0,up,KeyG,1791212486187.4,50428.0,g
P01,S01,18.0,down,KeyH,1791212486267.4,50429.0,h
P01,S01,18.0,up,KeyH,1791212486346.9,50429.0,h
P01,S01,18.0,down,KeyT,1791212486439.2,50430.0,t
P01,S01,18.0,up,KeyT,1791212486512.0,50430.0,t
P01,S01,18.0,down,Space,1791212486611.0,50431.0, 
P01,S01,18.0,up,Space,1791212486707.1,50431.0, 
P01,S01,18.0,down,Backspace,1791212487155.0,50432.0,Backspace
P01,S01,18.0,up,Backspace,1791212487242.7,50432.0,Backspace
P01,S01,18.0,down,Space,1791212487773.4,50433.0, 
P01,S01,18.0,up,Space,1791212487837.8,50433.0, 
P01,S01,18.0,down,KeyT,1791212488554.5,50434.0,t
P01,S01,18.0,up,KeyT,1791212488633.9,50434.0,t
P01,S01,18.0,down,KeyU,1791212488738.3,50435.0,u
P01,S01,18.0,up,KeyU,1791212488825.7,50435.0,u
P01,S01,18.0,down,KeyR,1791212488852.0,50436.0,r
P01,S01,18.0,up,KeyR,1791212488948.0,50436.0,r
P01,S01,18.0,down,KeyN,1791212488968.2,50437.0,n
P01,S01,18.0,up,KeyN,1791212489063.4,50437.0,n
P01,S01,18.0,down,KeyS,1791212489123.2,50438.0,s
P01,S01,18.0,up,KeyS,1791212489217.9,50438.0,s
P01,S01,18.0,down,Space,1791212489244.1,50439.0, 
P01,S01,18.0,up,Space,1791212489308.4,50439.0, 
P01,S01,18.0,down,KeyE,1791212489391.5,50440.0,e
P01,S01,18.0,up,KeyE,1791212489478.2,50440.0,e
P01,S01,18.0,down,KeyV,1791212489507.6,50441.0,v
P01,S01,18.0,up,KeyV,1791212489610.1,50441.0,v
P01,S01,18.0,down,KeyE,1791212489611.0,50442.0,e
P01,S01,18.0,up,KeyE,1791212489711.8,50442.0,e
P01,S01,18.0,down,KeyR,1791212489802.3,50443.0,r
P01,S01,18.0,down,KeyY,1791212489889.9,50444.0,y
P01,S01,18.0,up,KeyR,1791212489913.9,50443.0,r
P01,S01,18.0,up,KeyY,1791212489937.5,50444.0,y
P01,S01,18.0,down,KeyT,1791212490041.6,50445.0,t
P01,S01,18.0,up,KeyT,1791212490097.3,50445.0,t
P01,S01,18.0,down,KeyH,1791212490177.5,50446.0,h
P01,S01,18.0,up,KeyH,1791212490265.5,50446.0,h
P01,S01,18.0,down,KeyI,1791212490356.6,50447.0,i
P01,S01,18.0,up,KeyI,1791212490444.4,50447.0,i
P01,S01,18.0,down,KeyN,1791212490535.8,50448.0,n
P01,S01,18.0,up,KeyN,1791212490613.1,50448.0,n
P01,S01,18.0,down,KeyG,1791212490706.2,50449.0,g
P01,S01,18.0,up,KeyG,1791212490769.2,50449.0,g
P01,S01,18.0,down,Space,1791212490841.1,50450.0, 
P01,S01,18.0,up,Space,1791212490920.5,50450.0, 
P01,S01,18.0,down,KeyO,1791212491022.9,50451.0,o
P01,S01,18.0,up,KeyO,1791212491091.5,50451.0,o
P01,S01,18.0,down,KeyF,1791212491273.5,50452.0,f
P01,S01,18.0,up,KeyF,1791212491337.4,50452.0,f
P01,S01,18.0,down,KeyF,1791212491444.1,50453.0,f
P01,S01,18.0,up,KeyF,1791212491547.4,50453.0,f
P01,S01,18.0,down,Period,1791212491632.9,50454.0,.
P01,S01,18.0,up,Period,1791212491719.6,50454.0,.
P01,S01,18.0,down,Space,1791212491817.2,50455.0, 
P01,S01,18.0,up,Space,1791212491887.7,50455.0, 
P01,S01,18.0,down,ShiftLeft,1791212491968.6,50456.0,Shift
P01,S01,18.0,down,KeyL,1791212492122.6,50457.0,L
P01,S01,18.0,up,KeyL,1791212492218.2,50457.0,L
P01,S01,18.0,up,ShiftLeft,1791212492293.0,50456.0,Shift
P01,S01,18.0,down,KeyI,1791212492326.5,50458.0,i
P01,S01,18.0,up,KeyI,1791212492398.5,50458.0,i
P01,S01,18.0,down,KeyK,1791212492474.3,50459.0,k
P01,S01,18.0,up,KeyK,1791212492561.1,50459.0,k
P01,S01,18.0,down,KeyE,1791212492591.6,50460.0,e
P01,S01,18.0,down,Space,1791212492671.9,50461.0, 
P01,S01,18.0,up,KeyE,1791212492674.1,50460.0,e
P01,S01,18.0,up,Space,1791212492718.9,50461.0, 
P01,S01,18.0,down,KeyT,1791212492846.3,50462.0,t
P01,S01,18.0,up,KeyT,1791212492906.2,50462.0,t
P01,S01,18.0,down,KeyH,1791212492991.1,50463.0,h
P01,S01,18.0,up,KeyH,1791212493078.4,50463.0,h
P01,S01,18.0,down,KeyE,1791212493099.8,50464.0,e
P01,S01,18.0,down,Space,1791212493188.9,50465.0, 
P01,S01,18.0,up,KeyE,1791212493192.1,50464.0,e
P01,S01,18.0,up,Space,1791212493259.9,50465.0, 
P01,S01,18.0,down,KeyM,1791212493359.2,50466.0,m
P01,S01,18.0,up,KeyM,1791212493447.6,50466.0,m
P01,S01,18.0,down,KeyA,1791212493515.6,50467.0,a
P01,S01,18.0,up,KeyA,1791212493602.0,50467.0,a
P01,S01,18.0,down,KeyN,1791212493790.1,50468.0,n
P01,S01,18.0,up,KeyN,1791212493854.0,50468.0,n
P01,S01,18.0,down,Backspace,1791212494156.3,50469.0,Backspace
P01,S01,18.0,up,Backspace,1791212494242.6,50469.0,Backspace
P01,S01,18.0,down,KeyI,1791212494538.1,50470.0,i
P01,S01,18.0,up,KeyI,1791212494617.6,50470.0,i
P01,S01,18.0,down,KeyN,1791212494728.1,50471.0,n
P01,S01,18.0,up,KeyN,1791212494790.3,50471.0,n
P01,S01,18.0,down,Space,1791212494871.5,50472.0, 
P01,S01,18.0,up,Space,1791212494958.5,50472.0, 
P01,S01,18.0,down,KeyS,1791212496120.8,50473.0,s
P01,S01,18.0,up,KeyS,1791212496207.6,50473.0,s
P01,S01,18.0,down,KeyW,1791212496305.7,50474.0,w
P01,S01,18.0,down,KeyI,1791212496400.2,50475.0,i
P01,S01,18.0,up,KeyW,1791212496403.1,50474.0,w
P01,S01,18.0,up,KeyI,1791212496466.0,50475.0,i
P01,S01,18.0,down,KeyT,1791212496602.2,50476.0,t
P01,S01,18.0,up,KeyT,1791212496673.0,50476.0,t
P01,S01,18.0,down,KeyC,1791212496765.0,50477.0,c
P01,S01,18.0,down,KeyH,1791212496868.8,50478.0,h
P01,S01,18.0,up,KeyC,1791212496871.8,50477.0,c
P01,S01,18.0,up,KeyH,1791212496930.7,50478.0,h
"P01,S01,18,down,Comma,1791212497087.8,50479,"",""",,,,Unidentified,,,
"P01,S01,18,up,Comma,1791212497190.4,50479,"",""",,,,Unidentified,,,
P01,S01,18.0,down,Space,1791212497286.3,50480.0, 
P01,S01,18.0,up,Space,1791212497357.1,50480.0, 
P01,S01,18.0,down,KeyT,1791212497478.8,50481.0,t
P01,S01,18.0,up,KeyT,1791212497541.1,50481.0,t
P01,S01,18.0,down,KeyH,1791212497640.9,50482.0,h
P01,S01,18.0,up,KeyH,1791212497716.8,50482.0,h
P01,S01,18.0,down,KeyE,1791212497742.3,50483.0,e
P01,S01,18.0,down,Space,1791212497823.4,50484.0, 
P01,S01,18.0,up,KeyE,1791212497852.5,50483.0,e
P01,S01,18.0,up,Space,1791212497895.2,50484.0, 
P01,S01,18.0,down,KeyO,1791212497999.0,50485.0,o
P01,S01,18.0,up,KeyO,1791212498071.8,50485.0,o
P01,S01,18.0,down,KeyN,1791212498151.8,50486.0,n
P01,S01,18.0,up,KeyN,1791212498206.6,50486.0,n
P01,S01,18.0,down,KeyE,1791212498273.3,50487.0,e
P01,S01,18.0,down,Space,1791212498354.5,50488.0, 
P01,S01,18.0,up,KeyE,1791212498356.6,50487.0,e
P01,S01,18.0,up,Space,1791212498420.5,50488.0, 
P01,S01,18.0,down,KeyT,1791212498551.4,50489.0,t
P01,S01,18.0,up,KeyT,1791212498622.4,50489.0,t
P01,S01,18.0,down,KeyH,1791212498708.5,50490.0,h
P01,S01,18.0,up,KeyH,1791212498802.7,50490.0,h
P01,S01,18.0,down,KeyA,1791212498823.7,50491.0,a
P01,S01,18.0,down,KeyT,1791212498896.4,50492.0,t
P01,S01,18.0,up,KeyA,1791212498927.7,50491.0,a
P01,S01,18.0,up,KeyT,1791212498974.0,50492.0,t
P01,S01,18.0,down,Space,1791212499068.4,50493.0, 
P01,S01,18.0,up,Space,1791212499158.0,50493.0, 
P01,S01,18.0,down,KeyE,1791212499159.3,50494.0,e
P01,S01,18.0,up,KeyE,1791212499228.2,50494.0,e
P01,S01,18.0,down,KeyN,1791212499245.4,50495.0,n
P01,S01,18.0,up,KeyN,1791212499325.0,50495.0,n
P01,S01,18.0,down,KeyA,1791212499382.2,50496.0,a
P01,S01,18.0,up,KeyA,1791212499486.5,50496.0,a
P01,S01,18.0,down,KeyB,1791212499513.7,50497.0,b
P01,S01,18.0,up,KeyB,1791212499585.2,50497.0,b
P01,S01,18.0,down,KeyL,1791212499711.1,50498.0,l
P01,S01,18.0,up,KeyL,1791212499805.1,50498.0,l
P01,S01,18.0,down,KeyE,1791212499828.8,50499.0,e
P01,S01,18.0,up,KeyE,1791212499916.3,50499.0,e
P01,S01,18.0,down,KeyS,1791212500017.9,50500.0,s
P01,S01,18.0,down,Space,1791212500052.5,50501.0, 
P01,S01,18.0,up,Space,1791212500128.1,50501.0, 
P01,S01,18.0,up,KeyS,1791212500129.8,50500.0,s
P01,S01,18.0,down,KeyT,1791212500228.5,50502.0,t
P01,S01,18.0,up,KeyT,1791212500299.2,50502.0,t
P01,S01,18.0,down,KeyH,1791212500374.4,50503.0,h
P01,S01,18.0,up,KeyH,1791212500476.9,50503.0,h
P01,S01,18.0,down,KeyE,1791212500477.8,50504.0,e
P01,S01,18.0,up,KeyE,1791212500554.3,50504.0,e
P01,S01,18.0,down,Space,1791212500599.3,50505.0, 
P01,S01,18.0,up,Space,1791212500677.9,50505.0, 
P01,S01,18.0,down,KeyR,1791212500715.2,50506.0,r
P01,S01,18.0,up,KeyR,1791212500786.9,50506.0,r
P01,S01,18.0,down,KeyE,1791212500881.7,50507.0,e
P01,S01,18.0,up,KeyE,1791212500968.6,50507.0,e
P01,S01,18.0,down,KeyS,1791212501048.2,50508.0,s
P01,S01,18.0,down,KeyT,1791212501136.4,50509.0,t
P01,S01,18.0,up,KeyS,1791212501174.4,50508.0,s
P01,S01,18.0,up,KeyT,1791212501205.9,50509.0,t
P01,S01,18.0,down,Space,1791212501409.5,50510.0, 
P01,S01,18.0,up,Space,1791212501484.5,50510.0, 
P01,S01,18.0,down,Backspace,1791212501664.5,50511.0,Backspace
P01,S01,18.0,up,Backspace,1791212501735.9,50511.0,Backspace
P01,S01,18.0,down,Space,1791212501962.3,50512.0, 
P01,S01,18.0,up,Space,1791212502048.9,50512.0, 
P01,S01,18.0,down,KeyT,1791212502685.2,50513.0,t
P01,S01,18.0,up,KeyT,1791212502763.7,50513.0,t
P01,S01,18.0,down,KeyU,1791212502857.2,50514.0,u
P01,S01,18.0,up,KeyU,1791212502936.1,50514.0,u
P01,S01,18.0,down,KeyR,1791212502996.9,50515.0,r
P01,S01,18.0,up,KeyR,1791212503092.4,50515.0,r
P01,S01,18.0,down,KeyN,1791212503121.6,50516.0,n
P01,S01,18.0,up,KeyN,1791212503216.3,50516.0,n
P01,S01,18.0,down,KeyS,1791212503271.7,50517.0,s
P01,S01,18.0,up,KeyS,1791212503381.8,50517.0,s
P01,S01,18.0,down,Backspace,1791212503597.8,50518.0,Backspace
P01,S01,18.0,up,Backspace,1791212503668.8,50518.0,Backspace
P01,S01,18.0,down,Backspace,1791212503767.4,50519.0,Backspace
P01,S01,18.0,up,Backspace,1791212503830.5,50519.0,Backspace
P01,S01,18.0,down,Backspace,1791212503942.9,50520.0,Backspace
P01,S01,18.0,up,Backspace,1791212504006.3,50520.0,Backspace
P01,S01,18.0,down,Backspace,1791212504124.9,50521.0,Backspace
P01,S01,18.0,up,Backspace,1791212504179.9,50521.0,Backspace
P01,S01,18.0,down,Backspace,1791212504288.1,50522.0,Backspace
P01,S01,18.0,up,Backspace,1791212504359.2,50522.0,Backspace
P01,S01,18.0,down,KeyR,1791212504944.1,50523.0,r
P01,S01,18.0,up,KeyR,1791212505039.7,50523.0,r
P01,S01,18.0,down,KeyU,1791212505054.7,50524.0,u
P01,S01,18.0,up,KeyU,1791212505117.6,50524.0,u
P01,S01,18.0,down,KeyN,1791212505222.4,50525.0,n
P01,S01,18.0,up,KeyN,1791212505307.2,50525.0,n
P01,S01,18.0,down,KeyS,1791212505388.6,50526.0,s
P01,S01,18.0,up,KeyS,1791212505506.4,50526.0,s
P01,S01,18.0,down,Backspace,1791212505839.9,50527.0,Backspace
P01,S01,18.0,up,Backspace,1791212505911.6,50527.0,Backspace
P01,S01,18.0,down,Backspace,1791212506043.6,50528.0,Backspace
P01,S01,18.0,up,Backspace,1791212506103.3,50528.0,Backspace
P01,S01,18.0,down,Backspace,1791212506204.8,50529.0,Backspace
P01,S01,18.0,up,Backspace,1791212506275.3,50529.0,Backspace
P01,S01,18.0,down,Backspace,1791212506378.8,50530.0,Backspace
P01,S01,18.0,up,Backspace,1791212506443.0,50530.0,Backspace
P01,S01,18.0,down,KeyT,1791212506816.2,50531.0,t
P01,S01,18.0,up,KeyT,1791212506888.9,50531.0,t
P01,S01,18.0,down,KeyU,1791212506994.5,50532.0,u
P01,S01,18.0,up,KeyU,1791212507074.2,50532.0,u
P01,S01,18.0,down,KeyR,1791212507109.0,50533.0,r
P01,S01,18.0,down,KeyN,1791212507196.6,50534.0,n
P01,S01,18.0,up,KeyR,1791212507198.8,50533.0,r
P01,S01,18.0,up,KeyN,1791212507282.2,50534.0,n
P01,S01,18.0,down,KeyS,1791212507330.3,50535.0,s
P01,S01,18.0,up,KeyS,1791212507433.6,50535.0,s
P01,S01,18.0,down,Space,1791212507474.6,50536.0, 
P01,S01,18.0,up,Space,1791212507561.3,50536.0, 
P01,S01,18.0,down,KeyO,1791212507728.9,50537.0,o
P01,S01,18.0,up,KeyO,1791212507792.6,50537.0,o
P01,S01,18.0,down,KeyF,1791212507852.3,50538.0,f
P01,S01,18.0,up,KeyF,1791212507947.8,50538.0,f
P01,S01,18.0,down,KeyF,1791212508220.4,50539.0,f
P01,S01,18.0,up,KeyF,1791212508299.4,50539.0,f
P01,S01,18.0,down,Enter,1791212509197.3,50540.0,Enter
P01,S01,18.0,up,Enter,1791212509284.0,50540.0,Enter
P01,S01,19.0,down,ShiftLeft,1791212532428.3,50541.0,Shift
P01,S01,19.0,down,KeyB,1791212532635.8,50542.0,B
P01,S01,19.0,up,KeyB,1791212532715.5,50542.0,B
P01,S01,19.0,up,ShiftLeft,1791212532776.1,50541.0,Shift
P01,S01,19.0,down,KeyU,1791212532851.2,50543.0,u
P01,S01,19.0,up,KeyU,1791212532930.5,50543.0,u
P01,S01,19.0,down,KeyT,1791212533046.2,50544.0,t
P01,S01,19.0,up,KeyT,1791212533107.9,50544.0,t
P01,S01,19.0,down,Space,1791212533208.8,50545.0, 
P01,S01,19.0,up,Space,1791212533272.3,50545.0, 
P01,S01,19.0,down,KeyR,1791212533379.5,50546.0,r
P01,S01,19.0,up,KeyR,1791212533435.1,50546.0,r
P01,S01,19.0,down,KeyE,1791212533578.2,50547.0,e
P01,S01,19.0,up,KeyE,1791212533658.8,50547.0,e
P01,S01,19.0,down,KeyP,1791212533742.4,50548.0,p
P01,S01,19.0,up,KeyP,1791212533806.0,50548.0,p
P01,S01,19.0,down,KeyO,1791212533892.9,50549.0,o
P01,S01,19.0,up,KeyO,1791212533967.1,50549.0,o
P01,S01,19.0,down,KeyR,1791212534029.1,50550.0,r
P01,S01,19.0,down,KeyT,1791212534146.3,50551.0,t
P01,S01,19.0,up,KeyR,1791212534149.5,50550.0,r
P01,S01,19.0,up,KeyT,1791212534201.6,50551.0,t
P01,S01,19.0,down,KeyI,1791212534339.8,50552.0,i
P01,S01,19.0,up,KeyI,1791212534426.4,50552.0,i
P01,S01,19.0,down,KeyN,1791212534540.1,50553.0,n
P01,S01,19.0,up,KeyN,1791212534619.6,50553.0,n
P01,S01,19.0,down,KeyG,1791212534706.1,50554.0,g
P01,S01,19.0,up,KeyG,1791212534769.6,50554.0,g
P01,S01,19.0,down,Space,1791212534840.0,50555.0, 
P01,S01,19.0,up,Space,1791212534919.7,50555.0, 
P01,S01,19.0,down,KeyT,1791212535033.5,50556.0,t
P01,S01,19.0,up,KeyT,1791212535096.6,50556.0,t
P01,S01,19.0,down,KeyO,1791212535233.2,50557.0,o
P01,S01,19.0,up,KeyO,1791212535304.6,50557.0,o
P01,S01,19.0,down,Space,1791212535421.9,50558.0, 
P01,S01,19.0,up,Space,1791212535501.6,50558.0, 
P01,S01,19.0,down,KeyI,1791212535694.5,50559.0,i
P01,S01,19.0,up,KeyI,1791212535766.2,50559.0,i
P01,S01,19.0,down,KeyN,1791212535870.3,50560.0,n
P01,S01,19.0,up,KeyN,1791212535942.6,50560.0,n
P01,S01,19.0,down,KeyS,1791212535969.3,50561.0,s
P01,S01,19.0,up,KeyS,1791212536049.2,50561.0,s
P01,S01,19.0,down,KeyA,1791212536154.9,50562.0,a
P01,S01,19.0,down,Space,1791212536198.0,50563.0, 
P01,S01,19.0,up,KeyA,1791212536241.6,50562.0,a
P01,S01,19.0,up,Space,1791212536284.3,50563.0, 
P01,S01,19.0,down,KeyI,1791212536408.5,50564.0,i
P01,S01,19.0,up,KeyI,1791212536480.6,50564.0,i
P01,S01,19.0,down,KeyS,1791212536528.6,50565.0,s
P01,S01,19.0,down,Space,1791212536611.0,50566.0, 
P01,S01,19.0,up,KeyS,1791212536640.0,50565.0,s
P01,S01,19.0,up,Space,1791212536680.9,50566.0, 
P01,S01,19.0,down,KeyS,1791212536763.9,50567.0,s
P01,S01,19.0,up,KeyS,1791212536890.6,50567.0,s
P01,S01,19.0,down,KeyU,1791212536966.3,50568.0,u
P01,S01,19.0,up,KeyU,1791212537045.1,50568.0,u
P01,S01,19.0,down,KeyC,1791212537101.0,50569.0,c
P01,S01,19.0,up,KeyC,1791212537180.3,50569.0,c
P01,S01,19.0,down,KeyH,1791212537220.6,50570.0,h
P01,S01,19.0,up,KeyH,1791212537300.2,50570.0,h
P01,S01,19.0,down,Space,1791212537388.5,50571.0, 
P01,S01,19.0,up,Space,1791212537459.4,50571.0, 
P01,S01,19.0,down,KeyA,1791212537460.6,50572.0,a
P01,S01,19.0,down,Space,1791212537569.1,50573.0, 
P01,S01,19.0,up,KeyA,1791212537571.8,50572.0,a
P01,S01,19.0,up,Space,1791212537639.6,50573.0, 
P01,S01,19.0,down,KeyP,1791212537754.8,50574.0,p
P01,S01,19.0,up,KeyP,1791212537842.3,50574.0,p
P01,S01,19.0,down,KeyA,1791212537985.5,50575.0,a
P01,S01,19.0,down,KeyI,1791212538103.6,50576.0,i
P01,S01,19.0,up,KeyA,1791212538106.4,50575.0,a
P01,S01,19.0,up,KeyI,1791212538177.4,50576.0,i
P01,S01,19.0,down,KeyN,1791212538269.6,50577.0,n
P01,S01,19.0,up,KeyN,1791212538356.3,50577.0,n
"P01,S01,19,down,Comma,1791212538480.5,50578,"",""",,,,Unidentified,,,
"P01,S01,19,up,Comma,1791212538577.1,50578,"",""",,,,Unidentified,,,
P01,S01,19.0,down,Space,1791212538647.9,50579.0, 
P01,S01,19.0,up,Space,1791212538719.5,50579.0, 
P01,S01,19.0,down,ShiftLeft,1791212539325.2,50580.0,Shift
P01,S01,19.0,down,KeyI,1791212539518.7,50581.0,I
P01,S01,19.0,up,KeyI,1791212539582.1,50581.0,I
P01,S01,19.0,up,ShiftLeft,1791212539617.9,50580.0,Shift
P01,S01,19.0,down,Space,1791212539692.7,50582.0, 
P01,S01,19.0,up,Space,1791212539771.7,50582.0, 
P01,S01,19.0,down,KeyR,1791212539843.4,50583.0,r
P01,S01,19.0,up,KeyR,1791212539922.0,50583.0,r
P01,S01,19.0,down,KeyE,1791212540015.3,50584.0,e
P01,S01,19.0,up,KeyE,1791212540086.7,50584.0,e
P01,S01,19.0,down,KeyA,1791212540184.8,50585.0,a
P01,S01,19.0,up,KeyA,1791212540296.1,50585.0,a
P01,S01,19.0,down,KeyL,1791212540322.2,50586.0,l
P01,S01,19.0,up,KeyL,1791212540382.3,50586.0,l
P01,S01,19.0,down,KeyL,1791212540471.0,50587.0,l
P01,S01,19.0,up,KeyL,1791212540563.7,50587.0,l
P01,S01,19.0,down,Space,1791212540675.9,50588.0, 
P01,S01,19.0,up,Space,1791212540794.7,50588.0, 
P01,S01,19.0,down,Backspace,1791212541089.4,50589.0,Backspace
P01,S01,19.0,up,Backspace,1791212541193.1,50589.0,Backspace
P01,S01,19.0,down,KeyY,1791212541349.2,50590.0,y
P01,S01,19.0,up,KeyY,1791212541420.3,50590.0,y
P01,S01,19.0,down,Space,1791212541574.0,50591.0, 
P01,S01,19.0,up,Space,1791212541660.9,50591.0, 
P01,S01,19.0,down,KeyH,1791212542380.6,50592.0,h
P01,S01,19.0,up,KeyH,1791212542447.6,50592.0,h
P01,S01,19.0,down,KeyA,1791212542481.8,50593.0,a
P01,S01,19.0,up,KeyA,1791212542577.6,50593.0,a
P01,S01,19.0,down,KeyT,1791212542628.7,50594.0,t
P01,S01,19.0,up,KeyT,1791212542703.0,50594.0,t
P01,S01,19.0,down,KeyE,1791212542735.5,50595.0,e
P01,S01,19.0,down,Space,1791212542809.6,50596.0, 
P01,S01,19.0,up,KeyE,1791212542839.6,50595.0,e
P01,S01,19.0,up,Space,1791212542903.1,50596.0, 
P01,S01,19.0,down,KeyC,1791212543157.6,50597.0,c
P01,S01,19.0,up,KeyC,1791212543227.8,50597.0,c
P01,S01,19.0,down,KeyA,1791212543348.1,50598.0,a
P01,S01,19.0,up,KeyA,1791212543460.2,50598.0,a
P01,S01,19.0,down,KeyL,1791212543477.4,50599.0,l
P01,S01,19.0,up,KeyL,1791212543562.7,50599.0,l
P01,S01,19.0,down,KeyL,1791212543625.6,50600.0,l
P01,S01,19.0,up,KeyL,1791212543711.8,50600.0,l
P01,S01,19.0,down,KeyI,1791212543797.5,50601.0,i
P01,S01,19.0,up,KeyI,1791212543867.0,50601.0,i
P01,S01,19.0,down,KeyN,1791212543955.6,50602.0,n
P01,S01,19.0,up,KeyN,1791212544035.2,50602.0,n
P01,S01,19.0,down,KeyG,1791212544133.6,50603.0,g
P01,S01,19.0,up,KeyG,1791212544189.0,50603.0,g
P01,S01,19.0,down,Space,1791212544265.9,50604.0, 
P01,S01,19.0,up,Space,1791212544352.8,50604.0, 
P01,S01,19.0,down,KeyP,1791212544461.5,50605.0,p
P01,S01,19.0,up,KeyP,1791212544574.5,50605.0,p
P01,S01,19.0,down,KeyE,1791212544576.7,50606.0,e
P01,S01,19.0,up,KeyE,1791212544647.5,50606.0,e
P01,S01,19.0,down,KeyO,1791212544679.1,50607.0,o
P01,S01,19.0,up,KeyO,1791212544757.4,50607.0,o
P01,S01,19.0,down,KeyP,1791212544850.5,50608.0,p
P01,S01,19.0,up,KeyP,1791212544929.7,50608.0,p
P01,S01,19.0,down,KeyL,1791212545001.3,50609.0,l
P01,S01,19.0,up,KeyL,1791212545081.2,50609.0,l
P01,S01,19.0,down,KeyE,1791212545111.7,50610.0,e
P01,S01,19.0,down,Space,1791212545198.8,50611.0, 
P01,S01,19.0,up,KeyE,1791212545201.6,50610.0,e
P01,S01,19.0,up,Space,1791212545240.5,50611.0, 
P01,S01,19.0,down,KeyI,1791212545398.0,50612.0,i
P01,S01,19.0,up,KeyI,1791212545462.7,50612.0,i
P01,S01,19.0,down,KeyN,1791212545591.5,50613.0,n
P01,S01,19.0,up,KeyN,1791212545650.8,50613.0,n
P01,S01,19.0,down,KeyT,1791212545779.4,50614.0,t
P01,S01,19.0,up,KeyT,1791212545840.9,50614.0,t
P01,S01,19.0,down,KeyO,1791212545962.2,50615.0,o
P01,S01,19.0,up,KeyO,1791212546048.8,50615.0,o
P01,S01,19.0,down,Space,1791212546151.2,50616.0, 
P01,S01,19.0,up,Space,1791212546206.9,50616.0, 
P01,S01,19.0,down,KeyM,1791212546316.3,50617.0,m
P01,S01,19.0,up,KeyM,1791212546388.4,50617.0,m
P01,S01,19.0,down,KeyY,1791212546497.4,50618.0,y
P01,S01,19.0,up,KeyY,1791212546560.9,50618.0,y
P01,S01,19.0,down,Space,1791212546642.1,50619.0, 
P01,S01,19.0,up,Space,1791212546729.3,50619.0, 
P01,S01,19.0,down,KeyO,1791212546824.6,50620.0,o
P01,S01,19.0,up,KeyO,1791212546896.8,50620.0,o
P01,S01,19.0,down,KeyW,1791212546938.8,50621.0,w
P01,S01,19.0,down,KeyN,1791212547010.2,50622.0,n
P01,S01,19.0,up,KeyW,1791212547032.9,50621.0,w
P01,S01,19.0,up,KeyN,1791212547091.8,50622.0,n
P01,S01,19.0,down,Space,1791212547152.0,50623.0, 
P01,S01,19.0,up,Space,1791212547231.8,50623.0, 
P01,S01,19.0,down,KeyP,1791212547356.8,50624.0,p
P01,S01,19.0,up,KeyP,1791212547429.0,50624.0,p
P01,S01,19.0,down,KeyE,1791212547465.1,50625.0,e
P01,S01,19.0,up,KeyE,1791212547560.8,50625.0,e
P01,S01,19.0,down,KeyR,1791212547656.4,50626.0,r
P01,S01,19.0,up,KeyR,1791212547711.6,50626.0,r
P01,S01,19.0,down,KeyS,1791212547811.1,50627.0,s
P01,S01,19.0,down,KeyO,1791212547877.0,50628.0,o
P01,S01,19.0,up,KeyS,1791212547909.3,50627.0,s
P01,S01,19.0,up,KeyO,1791212547939.3,50628.0,o
P01,S01,19.0,down,KeyN,1791212548027.8,50629.0,n
P01,S01,19.0,up,KeyN,1791212548113.8,50629.0,n
P01,S01,19.0,down,KeyA,1791212548115.0,50630.0,a
P01,S01,19.0,up,KeyA,1791212548182.4,50630.0,a
P01,S01,19.0,down,KeyL,1791212548209.3,50631.0,l
P01,S01,19.0,up,KeyL,1791212548297.4,50631.0,l
P01,S01,19.0,down,Space,1791212548381.8,50632.0, 
P01,S01,19.0,up,Space,1791212548442.8,50632.0, 
P01,S01,19.0,down,KeyS,1791212548479.6,50633.0,s
P01,S01,19.0,up,KeyS,1791212548574.7,50633.0,s
P01,S01,19.0,down,KeyP,1791212548598.6,50634.0,p
P01,S01,19.0,up,KeyP,1791212548667.9,50634.0,p
P01,S01,19.0,down,KeyA,1791212548690.6,50635.0,a
P01,S01,19.0,up,KeyA,1791212548768.6,50635.0,a
P01,S01,19.0,down,KeyC,1791212548869.5,50636.0,c
P01,S01,19.0,up,KeyC,1791212548932.9,50636.0,c
P01,S01,19.0,down,KeyE,1791212549056.3,50637.0,e
"P01,S01,19,down,Comma,1791212549104.4,50638,"",""",,,,Unidentified,,,
P01,S01,19.0,up,KeyE,1791212549152.0,50637.0,e
"P01,S01,19,up,Comma,1791212549198.6,50638,"",""",,,,Unidentified,,,
P01,S01,19.0,down,ShiftLeft,1791212549404.6,50639.0,Shift
P01,S01,19.0,up,ShiftLeft,1791212549587.7,50639.0,Shift
P01,S01,19.0,down,Space,1791212549625.8,50640.0, 
P01,S01,19.0,up,Space,1791212549712.9,50640.0, 
P01,S01,19.0,down,ShiftLeft,1791212549785.2,50641.0,Shift
P01,S01,19.0,down,KeyI,1791212549907.8,50642.0,I
P01,S01,19.0,up,KeyI,1791212549970.7,50642.0,I
P01,S01,19.0,up,ShiftLeft,1791212550006.4,50641.0,Shift
P01,S01,19.0,down,Space,1791212550062.7,50643.0, 
P01,S01,19.0,up,Space,1791212550126.8,50643.0, 
P01,S01,19.0,down,KeyH,1791212550232.2,50644.0,h
P01,S01,19.0,up,KeyH,1791212550316.8,50644.0,h
P01,S01,19.0,down,KeyA,1791212550318.0,50645.0,a
P01,S01,19.0,up,KeyA,1791212550402.8,50645.0,a
P01,S01,19.0,down,KeyV,1791212550426.5,50646.0,v
P01,S01,19.0,up,KeyV,1791212550513.8,50646.0,v
P01,S01,19.0,down,KeyE,1791212550561.4,50647.0,e
P01,S01,19.0,down,Space,1791212550611.9,50648.0, 
P01,S01,19.0,up,KeyE,1791212550658.4,50647.0,e
P01,S01,19.0,up,Space,1791212550691.1,50648.0, 
P01,S01,19.0,down,KeyT,1791212550783.9,50649.0,t
P01,S01,19.0,up,KeyT,1791212550846.4,50649.0,t
P01,S01,19.0,down,Space,1791212551204.9,50650.0, 
P01,S01,19.0,up,Space,1791212551285.0,50650.0, 
P01,S01,19.0,down,Backspace,1791212551691.0,50651.0,Backspace
P01,S01,19.0,up,Backspace,1791212551763.3,50651.0,Backspace
P01,S01,19.0,down,KeyO,1791212551975.5,50652.0,o
P01,S01,19.0,up,KeyO,1791212552049.8,50652.0,o
P01,S01,19.0,down,Space,1791212552160.8,50653.0, 
P01,S01,19.0,up,Space,1791212552240.6,50653.0, 
P01,S01,19.0,down,KeyS,1791212552330.8,50654.0,s
P01,S01,19.0,up,KeyS,1791212552419.6,50654.0,s
P01,S01,19.0,down,KeyE,1791212552518.3,50655.0,e
P01,S01,19.0,up,KeyE,1791212552606.2,50655.0,e
P01,S01,19.0,down,KeyP,1791212552659.3,50656.0,p
P01,S01,19.0,up,KeyP,1791212552730.7,50656.0,p
P01,S01,19.0,down,KeyA,1791212552870.6,50657.0,a
P01,S01,19.0,up,KeyA,1791212552989.9,50657.0,a
P01,S01,19.0,down,Backspace,1791212553283.5,50658.0,Backspace
P01,S01,19.0,up,Backspace,1791212553354.8,50658.0,Backspace
P01,S01,19.0,down,Backspace,1791212553462.5,50659.0,Backspace
P01,S01,19.0,up,Backspace,1791212553525.9,50659.0,Backspace
P01,S01,19.0,down,Backspace,1791212553597.0,50660.0,Backspace
P01,S01,19.0,up,Backspace,1791212553692.5,50660.0,Backspace
P01,S01,19.0,down,KeyP,1791212553922.4,50661.0,p
P01,S01,19.0,up,KeyP,1791212554002.1,50661.0,p
P01,S01,19.0,down,KeyE,1791212554068.8,50662.0,e
P01,S01,19.0,up,KeyE,1791212554149.2,50662.0,e
P01,S01,19.0,down,KeyA,1791212554270.3,50663.0,a
P01,S01,19.0,down,KeyL,1791212554413.8,50664.0,l
P01,S01,19.0,up,KeyA,1791212554417.8,50663.0,a
P01,S01,19.0,up,KeyL,1791212554429.4,50664.0,l
P01,S01,19.0,down,Backspace,1791212555041.0,50665.0,Backspace
P01,S01,19.0,up,Backspace,1791212555112.1,50665.0,Backspace
P01,S01,19.0,down,KeyK,1791212555239.2,50666.0,k
P01,S01,19.0,up,KeyK,1791212555310.7,50666.0,k
P01,S01,19.0,down,Space,1791212555407.3,50667.0, 
P01,S01,19.0,up,Space,1791212555477.0,50667.0, 
P01,S01,19.0,down,KeyF,1791212555627.5,50668.0,f
P01,S01,19.0,up,KeyF,1791212555691.0,50668.0,f
P01,S01,19.0,down,KeyR,1791212555792.8,50669.0,r
P01,S01,19.0,up,KeyR,1791212555865.2,50669.0,r
P01,S01,19.0,down,KeyE,1791212555956.1,50670.0,e
P01,S01,19.0,up,KeyE,1791212556019.5,50670.0,e
P01,S01,19.0,down,KeyC,1791212556120.5,50671.0,c
P01,S01,19.0,up,KeyC,1791212556207.6,50671.0,c
P01,S01,19.0,down,KeyN,1791212556361.7,50672.0,n
P01,S01,19.0,up,KeyN,1791212556441.4,50672.0,n
P01,S01,19.0,down,KeyH,1791212556772.5,50673.0,h
P01,S01,19.0,up,KeyH,1791212556858.7,50673.0,h
P01,S01,19.0,down,Backspace,1791212557177.3,50674.0,Backspace
P01,S01,19.0,up,Backspace,1791212557248.2,50674.0,Backspace
P01,S01,19.0,down,Backspace,1791212557353.4,50675.0,Backspace
P01,S01,19.0,up,Backspace,1791212557416.8,50675.0,Backspace
P01,S01,19.0,down,Backspace,1791212557543.3,50676.0,Backspace
P01,S01,19.0,up,Backspace,1791212557614.3,50676.0,Backspace
P01,S01,19.0,down,KeyN,1791212558048.4,50677.0,n
P01,S01,19.0,up,KeyN,1791212558113.4,50677.0,n
P01,S01,19.0,down,KeyC,1791212558206.4,50678.0,c
P01,S01,19.0,down,KeyH,1791212558301.8,50679.0,h
P01,S01,19.0,up,KeyC,1791212558305.1,50678.0,c
P01,S01,19.0,up,KeyH,1791212558356.2,50679.0,h
P01,S01,19.0,down,Space,1791212558447.3,50680.0, 
P01,S01,19.0,up,Space,1791212558534.3,50680.0, 
P01,S01,19.0,down,KeyW,1791212558650.3,50681.0,w
P01,S01,19.0,down,KeyI,1791212558746.1,50682.0,i
P01,S01,19.0,up,KeyW,1791212558750.2,50681.0,w
P01,S01,19.0,up,KeyI,1791212558811.0,50682.0,i
P01,S01,19.0,down,KeyT,1791212558937.2,50683.0,t
P01,S01,19.0,up,KeyT,1791212559000.5,50683.0,t
P01,S01,19.0,down,KeyH,1791212559084.6,50684.0,h
P01,S01,19.0,up,KeyH,1791212559181.7,50684.0,h
P01,S01,19.0,down,Space,1791212559256.6,50685.0, 
P01,S01,19.0,up,Space,1791212559336.1,50685.0, 
P01,S01,19.0,down,KeyT,1791212559445.9,50686.0,t
P01,S01,19.0,up,KeyT,1791212559515.3,50686.0,t
P01,S01,19.0,down,KeyE,1791212559516.4,50687.0,e
P01,S01,19.0,up,KeyE,1791212559593.8,50687.0,e
P01,S01,19.0,down,KeyR,1791212559706.7,50688.0,r
P01,S01,19.0,down,KeyM,1791212559801.5,50689.0,m
P01,S01,19.0,up,KeyR,1791212559804.4,50688.0,r
P01,S01,19.0,up,KeyM,1791212559880.6,50689.0,m
P01,S01,19.0,down,KeyS,1791212559944.2,50690.0,s
P01,S01,19.0,down,Space,1791212560049.8,50691.0, 
P01,S01,19.0,up,KeyS,1791212560052.7,50690.0,s
P01,S01,19.0,up,Space,1791212560128.4,50691.0, 
P01,S01,19.0,down,ShiftLeft,1791212560359.3,50692.0,Shift
P01,S01,19.0,down,KeyI,1791212560456.6,50693.0,I
P01,S01,19.0,up,KeyI,1791212560536.9,50693.0,I
P01,S01,19.0,up,ShiftLeft,1791212560571.6,50692.0,Shift
P01,S01,19.0,down,Space,1791212560654.4,50694.0, 
P01,S01,19.0,up,Space,1791212560713.5,50694.0, 
P01,S01,19.0,down,KeyD,1791212560788.3,50695.0,d
P01,S01,19.0,down,KeyO,1791212560877.7,50696.0,o
P01,S01,19.0,up,KeyD,1791212560908.8,50695.0,d
P01,S01,19.0,up,KeyO,1791212560955.1,50696.0,o
P01,S01,19.0,down,KeyN,1791212561063.2,50697.0,n
P01,S01,19.0,up,KeyN,1791212561127.5,50697.0,n
P01,S01,19.0,down,Minus,1791212561303.5,50698.0,'
P01,S01,19.0,up,Minus,1791212561382.3,50698.0,'
P01,S01,19.0,down,KeyT,1791212561565.2,50699.0,t
P01,S01,19.0,up,KeyT,1791212561628.3,50699.0,t
P01,S01,19.0,down,Space,1791212561732.1,50700.0, 
P01,S01,19.0,up,Space,1791212561826.9,50700.0, 
P01,S01,19.0,down,KeyR,1791212561872.0,50701.0,r
P01,S01,19.0,up,KeyR,1791212561927.6,50701.0,r
P01,S01,19.0,down,KeyE,1791212562047.9,50702.0,e
P01,S01,19.0,up,KeyE,1791212562134.6,50702.0,e
P01,S01,19.0,down,KeyA,1791212562245.0,50703.0,a
P01,S01,19.0,down,KeyL,1791212562330.8,50704.0,l
P01,S01,19.0,up,KeyA,1791212562359.9,50703.0,a
P01,S01,19.0,up,KeyL,1791212562385.3,50704.0,l
P01,S01,19.0,down,KeyL,1791212562471.4,50705.0,l
P01,S01,19.0,up,KeyL,1791212562551.1,50705.0,l
P01,S01,19.0,down,KeyY,1791212562681.1,50706.0,y
P01,S01,19.0,up,KeyY,1791212562744.8,50706.0,y
P01,S01,19.0,down,Space,1791212562838.6,50707.0, 
P01,S01,19.0,up,Space,1791212562917.9,50707.0, 
P01,S01,19.0,down,KeyK,1791212563029.8,50708.0,k
P01,S01,19.0,up,KeyK,1791212563101.4,50708.0,k
P01,S01,19.0,down,KeyN,1791212563198.4,50709.0,n
P01,S01,19.0,up,KeyN,1791212563268.9,50709.0,n
P01,S01,19.0,down,KeyO,1791212563367.4,50710.0,o
P01,S01,19.0,up,KeyO,1791212563470.9,50710.0,o
P01,S01,19.0,down,KeyW,1791212563485.7,50711.0,w
P01,S01,19.0,down,Space,1791212563596.1,50712.0, 
P01,S01,19.0,up,KeyW,1791212563598.2,50711.0,w
P01,S01,19.0,up,Space,1791212563662.4,50712.0, 
P01,S01,19.0,down,KeyA,1791212563744.9,50713.0,a
P01,S01,19.0,up,KeyA,1791212563840.7,50713.0,a
P01,S01,19.0,down,KeyN,1791212563861.7,50714.0,n
P01,S01,19.0,up,KeyN,1791212563941.9,50714.0,n
P01,S01,19.0,down,KeyD,1791212563966.8,50715.0,d
P01,S01,19.0,down,Space,1791212564069.0,50716.0, 
P01,S01,19.0,up,KeyD,1791212564072.2,50715.0,d
P01,S01,19.0,up,Space,1791212564150.4,50716.0, 
P01,S01,19.0,down,KeyE,1791212564328.5,50717.0,e
P01,S01,19.0,up,KeyE,1791212564431.6,50717.0,e
P01,S01,19.0,down,KeyX,1791212564551.0,50718.0,x
P01,S01,19.0,down,KeyP,1791212564664.3,50719.0,p
P01,S01,19.0,up,KeyX,1791212564667.4,50718.0,x
P01,S01,19.0,up,KeyP,1791212564743.1,50719.0,p
P01,S01,19.0,down,KeyL,1791212564836.1,50720.0,l
P01,S01,19.0,up,KeyL,1791212564923.7,50720.0,l
P01,S01,19.0,down,KeyA,1791212564924.9,50721.0,a
P01,S01,19.0,down,KeyI,1791212565008.1,50722.0,i
P01,S01,19.0,up,KeyA,1791212565037.4,50721.0,a
P01,S01,19.0,up,KeyI,1791212565078.7,50722.0,i
P01,S01,19.0,down,KeyN,1791212565232.5,50723.0,n
P01,S01,19.0,up,KeyN,1791212565304.2,50723.0,n
P01,S01,19.0,down,Space,1791212565418.0,50724.0, 
P01,S01,19.0,up,Space,1791212565490.3,50724.0, 
P01,S01,19.0,down,KeyM,1791212565605.5,50725.0,m
P01,S01,19.0,up,KeyM,1791212565684.6,50725.0,m
P01,S01,19.0,down,KeyY,1791212565795.4,50726.0,y
P01,S01,19.0,up,KeyY,1791212565850.9,50726.0,y
P01,S01,19.0,down,Space,1791212565965.7,50727.0, 
P01,S01,19.0,up,Space,1791212566060.3,50727.0, 
P01,S01,19.0,down,KeyS,1791212566134.1,50728.0,s
P01,S01,19.0,down,KeyI,1791212566244.5,50729.0,i
P01,S01,19.0,up,KeyS,1791212566247.2,50728.0,s
P01,S01,19.0,up,KeyI,1791212566302.7,50729.0,i
P01,S01,19.0,down,KeyT,1791212566434.4,50730.0,t
P01,S01,19.0,up,KeyT,1791212566481.7,50730.0,t
P01,S01,19.0,down,KeyU,1791212566596.2,50731.0,u
P01,S01,19.0,up,KeyU,1791212566684.3,50731.0,u
P01,S01,19.0,down,KeyA,1791212566704.3,50732.0,a
P01,S01,19.0,down,KeyT,1791212566831.3,50733.0,t
P01,S01,19.0,up,KeyA,1791212566833.4,50732.0,a
P01,S01,19.0,up,KeyT,1791212566885.6,50733.0,t
P01,S01,19.0,down,KeyI,1791212567010.8,50734.0,i
P01,S01,19.0,up,KeyI,1791212567101.4,50734.0,i
P01,S01,19.0,down,KeyO,1791212567190.9,50735.0,o
P01,S01,19.0,up,KeyO,1791212567270.4,50735.0,o
P01,S01,19.0,down,KeyN,1791212567376.6,50736.0,n
P01,S01,19.0,up,KeyN,1791212567439.0,50736.0,n
P01,S01,19.0,down,Space,1791212567517.4,50737.0, 
P01,S01,19.0,up,Space,1791212567596.6,50737.0, 
P01,S01,19.0,down,KeyT,1791212567722.1,50738.0,t
P01,S01,19.0,up,KeyT,1791212567778.7,50738.0,t
P01,S01,19.0,down,KeyO,1791212567907.9,50739.0,o
P01,S01,19.0,up,KeyO,1791212567995.5,50739.0,o
P01,S01,19.0,down,Space,1791212568099.9,50740.0, 
P01,S01,19.0,up,Space,1791212568161.0,50740.0, 
P01,S01,19.0,down,KeyA,1791212568187.7,50741.0,a
P01,S01,19.0,down,KeyN,1791212568306.8,50742.0,n
P01,S01,19.0,up,KeyA,1791212568309.7,50741.0,a
P01,S01,19.0,up,KeyN,1791212568385.2,50742.0,n
P01,S01,19.0,down,Space,1791212568459.0,50743.0, 
P01,S01,19.0,up,Space,1791212568538.9,50743.0, 
P01,S01,19.0,down,KeyE,1791212568596.4,50744.0,e
P01,S01,19.0,down,KeyL,1791212568692.2,50745.0,l
P01,S01,19.0,up,KeyE,1791212568694.1,50744.0,e
P01,S01,19.0,up,KeyL,1791212568774.5,50745.0,l
P01,S01,19.0,down,KeyE,1791212568799.5,50746.0,e
P01,S01,19.0,up,KeyE,1791212568879.7,50746.0,e
P01,S01,19.0,down,KeyC,1791212568966.2,50747.0,c
P01,S01,19.0,down,KeyT,1791212569063.1,50748.0,t
P01,S01,19.0,up,KeyC,1791212569065.6,50747.0,c
P01,S01,19.0,up,KeyT,1791212569131.9,50748.0,t
P01,S01,19.0,down,KeyR,1791212569193.2,50749.0,r
P01,S01,19.0,down,KeyI,1791212569279.9,50750.0,i
P01,S01,19.0,up,KeyR,1791212569283.0,50749.0,r
P01,S01,19.0,up,KeyI,1791212569350.5,50750.0,i
P01,S01,19.0,down,KeyC,1791212569396.9,50751.0,c
P01,S01,19.0,down,KeyI,1791212569493.3,50752.0,i
P01,S01,19.0,up,KeyC,1791212569496.7,50751.0,c
P01,S01,19.0,up,KeyI,1791212569571.8,50752.0,i
P01,S01,19.0,down,KeyA,1791212569630.3,50753.0,a
P01,S01,19.0,up,KeyA,1791212569734.4,50753.0,a
P01,S01,19.0,down,KeyN,1791212569753.5,50754.0,n
P01,S01,19.0,up,KeyN,1791212569834.8,50754.0,n
P01,S01,19.0,down,Space,1791212569909.3,50755.0, 
P01,S01,19.0,up,Space,1791212569980.9,50755.0, 
P01,S01,19.0,down,KeyT,1791212570087.7,50756.0,t
P01,S01,19.0,up,KeyT,1791212570151.2,50756.0,t
P01,S01,19.0,down,KeyH,1791212570246.9,50757.0,h
P01,S01,19.0,up,KeyH,1791212570350.5,50757.0,h
P01,S01,19.0,down,KeyA,1791212570351.6,50758.0,a
P01,S01,19.0,down,KeyT,1791212570441.6,50759.0,t
P01,S01,19.0,up,KeyA,1791212570443.8,50758.0,a
P01,S01,19.0,up,KeyT,1791212570496.4,50759.0,t
P01,S01,19.0,down,Space,1791212570587.1,50760.0, 
P01,S01,19.0,up,Space,1791212570682.1,50760.0, 
P01,S01,19.0,down,KeyP,1791212571032.2,50761.0,p
P01,S01,19.0,up,KeyP,1791212571096.1,50761.0,p
P01,S01,19.0,down,KeyR,1791212571116.6,50762.0,r
P01,S01,19.0,down,KeyO,1791212571219.7,50763.0,o
P01,S01,19.0,up,KeyR,1791212571221.9,50762.0,r
P01,S01,19.0,up,KeyO,1791212571306.0,50763.0,o
P01,S01,19.0,down,KeyA,1791212572248.1,50764.0,a
P01,S01,19.0,up,KeyA,1791212572343.3,50764.0,a
P01,S01,19.0,down,Backspace,1791212572921.5,50765.0,Backspace
P01,S01,19.0,up,Backspace,1791212573001.0,50765.0,Backspace
P01,S01,19.0,down,KeyB,1791212573181.7,50766.0,b
P01,S01,19.0,up,KeyB,1791212573252.4,50766.0,b
P01,S01,19.0,down,KeyA,1791212573301.7,50767.0,a
P01,S01,19.0,up,KeyA,1791212573376.1,50767.0,a
P01,S01,19.0,down,KeyB,1791212573476.9,50768.0,b
P01,S01,19.0,up,KeyB,1791212573540.2,50768.0,b
P01,S01,19.0,down,KeyL,1791212573708.0,50769.0,l
P01,S01,19.0,up,KeyL,1791212573801.7,50769.0,l
P01,S01,19.0,down,KeyY,1791212573955.9,50770.0,y
P01,S01,19.0,up,KeyY,1791212574019.1,50770.0,y
P01,S01,19.0,down,Space,1791212574126.3,50771.0, 
P01,S01,19.0,up,Space,1791212574197.9,50771.0, 
P01,S01,19.0,down,KeyI,1791212574304.3,50772.0,i
P01,S01,19.0,up,KeyI,1791212574383.4,50772.0,i
P01,S01,19.0,down,KeyS,1791212574438.4,50773.0,s
P01,S01,19.0,down,KeyN,1791212574552.4,50774.0,n
P01,S01,19.0,up,KeyS,1791212574556.3,50773.0,s
P01,S01,19.0,up,KeyN,1791212574600.7,50774.0,n
P01,S01,19.0,down,Minus,1791212574782.2,50775.0,'
P01,S01,19.0,up,Minus,1791212574869.9,50775.0,'
P01,S01,19.0,down,KeyT,1791212575095.5,50776.0,t
P01,S01,19.0,up,KeyT,1791212575158.6,50776.0,t
P01,S01,19.0,down,Space,1791212575266.2,50777.0, 
P01,S01,19.0,up,Space,1791212575353.4,50777.0, 
P01,S01,19.0,down,KeyB,1791212575460.6,50778.0,b
P01,S01,19.0,up,KeyB,1791212575532.4,50778.0,b
P01,S01,19.0,down,Backspace,1791212575783.2,50779.0,Backspace
P01,S01,19.0,up,Backspace,1791212575870.2,50779.0,Backspace
P01,S01,19.0,down,KeyP,1791212576021.3,50780.0,p
P01,S01,19.0,up,KeyP,1791212576099.5,50780.0,p
P01,S01,19.0,down,KeyA,1791212576125.5,50781.0,a
P01,S01,19.0,up,KeyA,1791212576214.4,50781.0,a
P01,S01,19.0,down,KeyI,1791212576230.1,50782.0,i
P01,S01,19.0,up,KeyI,1791212576308.4,50782.0,i
P01,S01,19.0,down,KeyD,1791212576431.2,50783.0,d
P01,S01,19.0,up,KeyD,1791212576544.4,50783.0,d
P01,S01,19.0,down,Space,1791212576583.8,50784.0, 
P01,S01,19.0,up,Space,1791212576650.9,50784.0, 
P01,S01,19.0,down,KeyE,1791212576721.6,50785.0,e
P01,S01,19.0,down,KeyN,1791212576802.7,50786.0,n
P01,S01,19.0,up,KeyE,1791212576826.7,50785.0,e
P01,S01,19.0,up,KeyN,1791212576871.8,50786.0,n
P01,S01,19.0,down,KeyO,1791212577008.3,50787.0,o
P01,S01,19.0,up,KeyO,1791212577110.2,50787.0,o
P01,S01,19.0,down,KeyU,1791212577312.0,50788.0,u
P01,S01,19.0,up,KeyU,1791212577374.7,50788.0,u
P01,S01,19.0,down,KeyG,1791212577506.2,50789.0,g
P01,S01,19.0,up,KeyG,1791212577560.4,50789.0,g
P01,S01,19.0,down,KeyH,1791212577669.6,50790.0,h
P01,S01,19.0,up,KeyH,1791212577742.3,50790.0,h
P01,S01,19.0,down,Space,1791212577851.7,50791.0, 
P01,S01,19.0,up,Space,1791212577931.1,50791.0, 
P01,S01,19.0,down,KeyT,1791212578039.3,50792.0,t
P01,S01,19.0,up,KeyT,1791212578102.7,50792.0,t
P01,S01,19.0,down,KeyO,1791212578258.4,50793.0,o
P01,S01,19.0,up,KeyO,1791212578345.9,50793.0,o
P01,S01,19.0,down,Space,1791212578448.9,50794.0, 
P01,S01,19.0,up,Space,1791212578529.0,50794.0, 
P01,S01,19.0,down,KeyD,1791212578583.1,50795.0,d
P01,S01,19.0,up,KeyD,1791212578648.2,50795.0,d
P01,S01,19.0,down,KeyE,1791212578750.5,50796.0,e
P01,S01,19.0,up,KeyE,1791212578821.9,50796.0,e
P01,S01,19.0,down,KeyA,1791212578933.3,50797.0,a
P01,S01,19.0,down,KeyL,1791212578990.9,50798.0,l
P01,S01,19.0,up,KeyA,1791212579044.0,50797.0,a
P01,S01,19.0,up,KeyL,1791212579069.4,50798.0,l
P01,S01,19.0,down,Space,1791212579172.6,50799.0, 
P01,S01,19.0,up,Space,1791212579253.1,50799.0, 
P01,S01,19.0,down,KeyW,1791212579273.2,50800.0,w
P01,S01,19.0,up,KeyW,1791212579377.1,50800.0,w
P01,S01,19.0,down,KeyI,1791212579407.2,50801.0,i
P01,S01,19.0,up,KeyI,1791212579495.4,50801.0,i
P01,S01,19.0,down,KeyT,1791212579628.1,50802.0,t
P01,S01,19.0,up,KeyT,1791212579691.1,50802.0,t
P01,S01,19.0,down,KeyH,1791212579780.9,50803.0,h
P01,S01,19.0,up,KeyH,1791212579877.3,50803.0,h
P01,S01,19.0,down,Space,1791212579953.4,50804.0, 
P01,S01,19.0,up,Space,1791212580033.2,50804.0, 
P01,S01,19.0,down,KeyM,1791212580138.3,50805.0,m
P01,S01,19.0,up,KeyM,1791212580217.2,50805.0,m
P01,S01,19.0,down,KeyY,1791212580340.6,50806.0,y
P01,S01,19.0,up,KeyY,1791212580403.9,50806.0,y
P01,S01,19.0,down,Space,1791212580480.6,50807.0, 
P01,S01,19.0,up,Space,1791212580567.3,50807.0, 
P01,S01,19.0,down,KeyL,1791212580664.9,50808.0,l
P01,S01,19.0,up,KeyL,1791212580777.1,50808.0,l
P01,S01,19.0,down,KeyA,1791212580779.2,50809.0,a
P01,S01,19.0,up,KeyA,1791212580842.5,50809.0,a
P01,S01,19.0,down,KeyC,1791212580950.8,50810.0,c
P01,S01,19.0,up,KeyC,1791212581062.3,50810.0,c
P01,S01,19.0,down,KeyK,1791212581082.6,50811.0,k
P01,S01,19.0,up,KeyK,1791212581163.5,50811.0,k
P01,S01,19.0,down,Space,1791212581254.0,50812.0, 
P01,S01,19.0,up,Space,1791212581349.5,50812.0, 
P01,S01,19.0,down,KeyO,1791212581501.9,50813.0,o
P01,S01,19.0,up,KeyO,1791212581579.8,50813.0,o
P01,S01,19.0,down,KeyF,1791212581640.3,50814.0,f
P01,S01,19.0,down,Space,1791212581750.7,50815.0, 
P01,S01,19.0,up,KeyF,1791212581751.6,50814.0,f
P01,S01,19.0,up,Space,1791212581854.6,50815.0, 
P01,S01,19.0,down,KeyS,1791212583031.2,50816.0,s
P01,S01,19.0,up,KeyS,1791212583119.5,50816.0,s
P01,S01,19.0,down,KeyA,1791212583218.4,50817.0,a
P01,S01,19.0,down,KeyP,1791212583316.4,50818.0,p
P01,S01,19.0,up,KeyA,1791212583346.2,50817.0,a
P01,S01,19.0,up,KeyP,1791212583394.8,50818.0,p
P01,S01,19.0,down,KeyI,1791212583509.2,50819.0,i
P01,S01,19.0,up,KeyI,1791212583571.1,50819.0,i
P01,S01,19.0,down,KeyE,1791212583597.7,50820.0,e
P01,S01,19.0,up,KeyE,1791212583693.4,50820.0,e
P01,S01,19.0,down,KeyN,1791212583709.2,50821.0,n
P01,S01,19.0,up,KeyN,1791212583787.9,50821.0,n
P01,S01,19.0,down,KeyC,1791212583908.0,50822.0,c
P01,S01,19.0,up,KeyC,1791212583981.5,50822.0,c
P01,S01,19.0,down,KeyE,1791212583982.4,50823.0,e
P01,S01,19.0,down,Space,1791212584070.3,50824.0, 
P01,S01,19.0,up,KeyE,1791212584099.5,50823.0,e
P01,S01,19.0,up,Space,1791212584156.1,50824.0, 
P01,S01,19.0,down,KeyI,1791212584268.9,50825.0,i
P01,S01,19.0,up,KeyI,1791212584340.9,50825.0,i
P01,S01,19.0,down,KeyN,1791212584439.6,50826.0,n
P01,S01,19.0,up,KeyN,1791212584501.7,50826.0,n
P01,S01,19.0,down,Space,1791212584578.2,50827.0, 
P01,S01,19.0,up,Space,1791212584657.6,50827.0, 
P01,S01,19.0,down,KeyH,1791212584765.2,50828.0,h
P01,S01,19.0,up,KeyH,1791212584828.2,50828.0,h
P01,S01,19.0,down,KeyI,1791212584921.6,50829.0,i
P01,S01,19.0,up,KeyI,1791212585008.9,50829.0,i
P01,S01,19.0,down,KeyS,1791212585010.3,50830.0,s
P01,S01,19.0,down,Space,1791212585115.5,50831.0, 
P01,S01,19.0,up,KeyS,1791212585118.6,50830.0,s
P01,S01,19.0,up,Space,1791212585181.8,50831.0, 
P01,S01,19.0,down,KeyL,1791212585276.7,50832.0,l
P01,S01,19.0,down,KeyA,1791212585320.4,50833.0,a
P01,S01,19.0,up,KeyL,1791212585353.8,50832.0,l
P01,S01,19.0,up,KeyA,1791212585421.8,50833.0,a
P01,S01,19.0,down,KeyN,1791212585490.2,50834.0,n
P01,S01,19.0,up,KeyN,1791212585569.9,50834.0,n
P01,S01,19.0,down,KeyG,1791212585706.3,50835.0,g
P01,S01,19.0,up,KeyG,1791212585744.9,50835.0,g
P01,S01,19.0,down,KeyU,1791212586023.3,50836.0,u
P01,S01,19.0,up,KeyU,1791212586100.6,50836.0,u
P01,S01,19.0,down,KeyA,1791212586206.6,50837.0,a
P01,S01,19.0,up,KeyA,1791212586318.1,50837.0,a
P01,S01,19.0,down,KeyG,1791212586775.5,50838.0,g
P01,S01,19.0,up,KeyG,1791212586839.0,50838.0,g
P01,S01,19.0,down,KeyE,1791212586882.6,50839.0,e
P01,S01,19.0,up,KeyE,1791212586977.4,50839.0,e
P01,S01,19.0,down,Enter,1791212587008.9,50840.0,Enter
P01,S01,19.0,up,Enter,1791212587096.8,50840.0,Enter
P01,S01,20.0,down,ShiftLeft,1791212611279.1,50841.0,Shift
P01,S01,20.0,down,KeyT,1791212611439.7,50842.0,T
P01,S01,20.0,up,ShiftLeft,1791212611516.4,50841.0,Shift
P01,S01,20.0,up,KeyT,1791212611521.7,50842.0,T
P01,S01,20.0,down,KeyH,1791212611627.2,50843.0,h
P01,S01,20.0,up,KeyH,1791212611650.2,50843.0,h
P01,S01,20.0,down,KeyE,1791212611696.2,50844.0,e
P01,S01,20.0,up,KeyE,1791212611784.7,50844.0,e
P01,S01,20.0,down,Space,1791212611802.6,50845.0, 
P01,S01,20.0,up,Space,1791212611898.1,50845.0, 
P01,S01,20.0,down,KeyW,1791212612423.7,50846.0,w
P01,S01,20.0,up,KeyW,1791212612559.4,50846.0,w
P01,S01,20.0,down,KeyH,1791212612574.8,50847.0,h
P01,S01,20.0,up,KeyH,1791212612630.9,50847.0,h
P01,S01,20.0,down,KeyO,1791212612750.7,50848.0,o
P01,S01,20.0,up,KeyO,1791212612829.9,50848.0,o
P01,S01,20.0,down,KeyL,1791212612945.8,50849.0,l
P01,S01,20.0,up,KeyL,1791212613030.9,50849.0,l
P01,S01,20.0,down,KeyE,1791212613031.8,50850.0,e
P01,S01,20.0,up,KeyE,1791212613116.7,50850.0,e
P01,S01,20.0,down,Space,1791212613156.6,50851.0, 
P01,S01,20.0,up,Space,1791212613235.5,50851.0, 
P01,S01,20.0,down,KeyR,1791212613269.3,50852.0,r
P01,S01,20.0,up,KeyR,1791212613356.8,50852.0,r
P01,S01,20.0,down,KeyO,1791212613385.7,50853.0,o
P01,S01,20.0,up,KeyO,1791212613457.3,50853.0,o
P01,S01,20.0,down,KeyO,1791212613549.6,50854.0,o
P01,S01,20.0,up,KeyO,1791212613611.5,50854.0,o
P01,S01,20.0,down,KeyM,1791212613737.2,50855.0,m
P01,S01,20.0,up,KeyM,1791212613792.8,50855.0,m
P01,S01,20.0,down,Space,1791212613888.6,50856.0, 
P01,S01,20.0,up,Space,1791212613960.3,50856.0, 
P01,S01,20.0,down,KeyH,1791212614472.0,50857.0,h
P01,S01,20.0,up,KeyH,1791212614620.5,50857.0,h
P01,S01,20.0,down,KeyA,1791212614622.4,50858.0,a
P01,S01,20.0,up,KeyA,1791212614681.5,50858.0,a
P01,S01,20.0,down,KeyS,1791212614754.4,50859.0,s
P01,S01,20.0,up,KeyS,1791212614842.2,50859.0,s
P01,S01,20.0,down,Space,1791212614859.5,50860.0, 
P01,S01,20.0,up,Space,1791212614947.4,50860.0, 
P01,S01,20.0,down,KeyA,1791212614948.5,50861.0,a
P01,S01,20.0,down,Space,1791212615044.1,50862.0, 
P01,S01,20.0,up,KeyA,1791212615046.8,50861.0,a
P01,S01,20.0,up,Space,1791212615110.4,50862.0, 
P01,S01,20.0,down,KeyB,1791212615202.1,50863.0,b
P01,S01,20.0,up,KeyB,1791212615273.8,50863.0,b
P01,S01,20.0,down,KeyU,1791212615395.7,50864.0,u
P01,S01,20.0,up,KeyU,1791212615458.8,50864.0,u
P01,S01,20.0,down,KeyN,1791212615589.0,50865.0,n
P01,S01,20.0,up,KeyN,1791212615658.8,50865.0,n
P01,S01,20.0,down,KeyC,1791212615692.7,50866.0,c
P01,S01,20.0,down,KeyH,1791212615794.9,50867.0,h
P01,S01,20.0,up,KeyC,1791212615797.4,50866.0,c
P01,S01,20.0,up,KeyH,1791212615856.9,50867.0,h
P01,S01,20.0,down,Space,1791212615944.2,50868.0, 
P01,S01,20.0,up,Space,1791212616031.9,50868.0, 
P01,S01,20.0,down,KeyO,1791212616148.6,50869.0,o
P01,S01,20.0,up,KeyO,1791212616227.3,50869.0,o
P01,S01,20.0,down,KeyF,1791212616303.4,50870.0,f
P01,S01,20.0,up,KeyF,1791212616374.9,50870.0,f
P01,S01,20.0,down,Space,1791212616410.4,50871.0, 
P01,S01,20.0,up,Space,1791212616481.5,50871.0, 
P01,S01,20.0,down,KeyI,1791212616602.5,50872.0,i
P01,S01,20.0,up,KeyI,1791212616658.1,50872.0,i
P01,S01,20.0,down,KeyS,1791212616728.7,50873.0,s
P01,S01,20.0,up,KeyS,1791212616810.7,50873.0,s
P01,S01,20.0,down,KeyS,1791212616893.8,50874.0,s
P01,S01,20.0,up,KeyS,1791212616975.9,50874.0,s
P01,S01,20.0,down,KeyU,1791212617011.8,50875.0,u
P01,S01,20.0,up,KeyU,1791212617075.1,50875.0,u
P01,S01,20.0,down,KeyE,1791212617137.8,50876.0,e
P01,S01,20.0,up,KeyE,1791212617225.5,50876.0,e
P01,S01,20.0,down,KeyS,1791212617324.4,50877.0,s
P01,S01,20.0,down,Period,1791212617373.3,50878.0,.
P01,S01,20.0,up,KeyS,1791212617442.3,50877.0,s
P01,S01,20.0,up,Period,1791212617484.0,50878.0,.
P01,S01,20.0,down,Space,1791212617575.2,50879.0, 
P01,S01,20.0,up,Space,1791212617677.7,50879.0, 
P01,S01,20.0,down,ShiftLeft,1791212617713.9,50880.0,Shift
P01,S01,20.0,down,KeyT,1791212617841.8,50881.0,T
P01,S01,20.0,up,KeyT,1791212617922.2,50881.0,T
P01,S01,20.0,up,ShiftLeft,1791212617957.2,50880.0,Shift
P01,S01,20.0,down,KeyH,1791212618031.1,50882.0,h
P01,S01,20.0,up,KeyH,1791212618117.2,50882.0,h
P01,S01,20.0,down,KeyE,1791212618241.1,50883.0,e
P01,S01,20.0,up,KeyE,1791212618314.3,50883.0,e
P01,S01,20.0,down,Space,1791212618337.6,50884.0, 
P01,S01,20.0,up,Space,1791212618417.3,50884.0, 
P01,S01,20.0,down,KeyL,1791212619948.1,50885.0,l
P01,S01,20.0,up,KeyL,1791212620018.9,50885.0,l
P01,S01,20.0,down,KeyI,1791212620138.6,50886.0,i
P01,S01,20.0,up,KeyI,1791212620193.5,50886.0,i
P01,S01,20.0,down,KeyG,1791212620324.1,50887.0,g
P01,S01,20.0,up,KeyG,1791212620379.1,50887.0,g
P01,S01,20.0,down,KeyH,1791212620467.2,50888.0,h
P01,S01,20.0,up,KeyH,1791212620544.4,50888.0,h
P01,S01,20.0,down,KeyT,1791212620621.5,50889.0,t
P01,S01,20.0,up,KeyT,1791212620693.1,50889.0,t
P01,S01,20.0,down,KeyS,1791212620742.9,50890.0,s
P01,S01,20.0,down,Space,1791212620829.0,50891.0, 
P01,S01,20.0,up,KeyS,1791212620831.8,50890.0,s
P01,S01,20.0,up,Space,1791212620910.7,50891.0, 
P01,S01,20.0,down,KeyA,1791212620988.1,50892.0,a
P01,S01,20.0,up,KeyA,1791212621063.8,50892.0,a
P01,S01,20.0,down,KeyR,1791212621180.1,50893.0,r
P01,S01,20.0,up,KeyR,1791212621261.1,50893.0,r
P01,S01,20.0,down,KeyE,1791212621352.1,50894.0,e
P01,S01,20.0,down,Space,1791212621393.4,50895.0, 
P01,S01,20.0,up,Space,1791212621472.2,50895.0, 
P01,S01,20.0,up,KeyE,1791212621473.8,50894.0,e
P01,S01,20.0,down,KeyV,1791212621557.1,50896.0,v
P01,S01,20.0,up,KeyV,1791212621650.2,50896.0,v
P01,S01,20.0,down,KeyE,1791212621651.2,50897.0,e
P01,S01,20.0,up,KeyE,1791212621720.4,50897.0,e
P01,S01,20.0,down,KeyR,1791212621831.1,50898.0,r
P01,S01,20.0,down,KeyY,1791212621880.4,50899.0,y
P01,S01,20.0,up,KeyR,1791212621924.6,50898.0,r
P01,S01,20.0,up,KeyY,1791212621955.7,50899.0,y
P01,S01,20.0,down,Space,1791212622052.9,50900.0, 
P01,S01,20.0,up,Space,1791212622141.2,50900.0, 
P01,S01,20.0,down,KeyD,1791212622220.0,50901.0,d
P01,S01,20.0,down,KeyI,1791212622285.3,50902.0,i
P01,S01,20.0,up,KeyD,1791212622310.5,50901.0,d
P01,S01,20.0,up,KeyI,1791212622362.9,50902.0,i
P01,S01,20.0,down,KeyM,1791212622543.1,50903.0,m
P01,S01,20.0,up,KeyM,1791212622663.4,50903.0,m
"P01,S01,20,down,Comma,1791212622875.7,50904,"",""",,,,Unidentified,,,
"P01,S01,20,up,Comma,1791212622954.8,50904,"",""",,,,Unidentified,,,
P01,S01,20.0,down,Space,1791212623047.7,50905.0, 
P01,S01,20.0,up,Space,1791212623102.9,50905.0, 
P01,S01,20.0,down,KeyA,1791212623129.2,50906.0,a
P01,S01,20.0,up,KeyA,1791212623230.2,50906.0,a
P01,S01,20.0,down,KeyN,1791212623250.7,50907.0,n
P01,S01,20.0,up,KeyN,1791212623336.7,50907.0,n
P01,S01,20.0,down,KeyD,1791212623337.7,50908.0,d
P01,S01,20.0,down,Space,1791212623409.5,50909.0, 
P01,S01,20.0,up,KeyD,1791212623437.5,50908.0,d
P01,S01,20.0,up,Space,1791212623475.4,50909.0, 
P01,S01,20.0,down,KeyP,1791212623632.6,50910.0,p
P01,S01,20.0,up,KeyP,1791212623712.4,50910.0,p
P01,S01,20.0,down,KeyU,1791212623858.3,50911.0,u
P01,S01,20.0,up,KeyU,1791212623904.9,50911.0,u
P01,S01,20.0,down,KeyT,1791212624027.0,50912.0,t
P01,S01,20.0,up,KeyT,1791212624090.1,50912.0,t
P01,S01,20.0,down,Space,1791212624191.1,50913.0, 
P01,S01,20.0,up,Space,1791212624265.6,50913.0, 
P01,S01,20.0,down,KeyI,1791212624376.2,50914.0,i
P01,S01,20.0,up,KeyI,1791212624448.0,50914.0,i
P01,S01,20.0,down,KeyN,1791212624566.0,50915.0,n
P01,S01,20.0,up,KeyN,1791212624621.2,50915.0,n
P01,S01,20.0,down,Space,1791212624709.3,50916.0, 
P01,S01,20.0,up,Space,1791212624795.9,50916.0, 
P01,S01,20.0,down,KeyS,1791212624830.8,50917.0,s
P01,S01,20.0,up,KeyS,1791212624926.3,50917.0,s
P01,S01,20.0,down,KeyT,1791212624946.7,50918.0,t
P01,S01,20.0,up,KeyT,1791212625017.4,50918.0,t
P01,S01,20.0,down,KeyR,1791212625111.9,50919.0,r
P01,S01,20.0,up,KeyR,1791212625167.1,50919.0,r
P01,S01,20.0,down,KeyA,1791212625206.0,50920.0,a
P01,S01,20.0,down,KeyN,1791212625309.8,50921.0,n
P01,S01,20.0,up,KeyA,1791212625312.1,50920.0,a
P01,S01,20.0,up,KeyN,1791212625405.0,50921.0,n
P01,S01,20.0,down,KeyG,1791212625485.9,50922.0,g
P01,S01,20.0,up,KeyG,1791212625564.4,50922.0,g
P01,S01,20.0,down,KeyE,1791212625565.5,50923.0,e
P01,S01,20.0,down,Space,1791212625650.0,50924.0, 
P01,S01,20.0,up,KeyE,1791212625652.9,50923.0,e
P01,S01,20.0,up,Space,1791212625715.4,50924.0, 
P01,S01,20.0,down,KeyP,1791212625872.0,50925.0,p
P01,S01,20.0,up,KeyP,1791212625934.9,50925.0,p
P01,S01,20.0,down,KeyO,1791212626166.6,50926.0,o
P01,S01,20.0,up,KeyO,1791212626286.4,50926.0,o
P01,S01,20.0,down,KeyS,1791212626746.7,50927.0,s
P01,S01,20.0,up,KeyS,1791212626833.7,50927.0,s
P01,S01,20.0,down,KeyI,1791212626892.6,50928.0,i
P01,S01,20.0,up,KeyI,1791212626970.3,50928.0,i
P01,S01,20.0,down,KeyT,1791212627096.5,50929.0,t
P01,S01,20.0,up,KeyT,1791212627159.8,50929.0,t
P01,S01,20.0,down,KeyI,1791212627307.3,50930.0,i
P01,S01,20.0,up,KeyI,1791212627376.0,50930.0,i
P01,S01,20.0,down,KeyO,1791212627473.7,50931.0,o
P01,S01,20.0,up,KeyO,1791212627553.7,50931.0,o
P01,S01,20.0,down,KeyN,1791212627664.2,50932.0,n
P01,S01,20.0,up,KeyN,1791212627728.4,50932.0,n
P01,S01,20.0,down,KeyS,1791212627821.4,50933.0,s
P01,S01,20.0,up,KeyS,1791212627916.8,50933.0,s
P01,S01,20.0,down,Space,1791212627948.1,50934.0, 
P01,S01,20.0,up,Space,1791212628051.3,50934.0, 
P01,S01,20.0,down,KeyS,1791212628285.6,50935.0,s
P01,S01,20.0,down,KeyO,1791212628406.0,50936.0,o
P01,S01,20.0,up,KeyS,1791212628408.4,50935.0,s
P01,S01,20.0,up,KeyO,1791212628486.6,50936.0,o
P01,S01,20.0,down,Space,1791212628683.0,50937.0, 
P01,S01,20.0,up,Space,1791212628715.8,50937.0, 
P01,S01,20.0,down,KeyT,1791212628863.8,50938.0,t
P01,S01,20.0,up,KeyT,1791212628932.4,50938.0,t
P01,S01,20.0,down,KeyH,1791212629019.4,50939.0,h
P01,S01,20.0,up,KeyH,1791212629112.1,50939.0,h
P01,S01,20.0,down,KeyE,1791212629112.6,50940.0,e
P01,S01,20.0,up,KeyE,1791212629181.4,50940.0,e
P01,S01,20.0,down,KeyY,1791212629197.1,50941.0,y
P01,S01,20.0,up,KeyY,1791212629259.9,50941.0,y
P01,S01,20.0,down,Space,1791212629368.8,50942.0, 
P01,S01,20.0,up,Space,1791212629439.7,50942.0, 
P01,S01,20.0,down,KeyL,1791212629569.9,50943.0,l
P01,S01,20.0,up,KeyL,1791212629657.1,50943.0,l
P01,S01,20.0,down,KeyI,1791212629751.8,50944.0,i
P01,S01,20.0,up,KeyI,1791212629822.4,50944.0,i
P01,S01,20.0,down,KeyG,1791212629939.9,50945.0,g
P01,S01,20.0,up,KeyG,1791212629991.1,50945.0,g
P01,S01,20.0,down,KeyH,1791212630098.6,50946.0,h
P01,S01,20.0,up,KeyH,1791212630188.2,50946.0,h
P01,S01,20.0,down,KeyT,1791212630273.8,50947.0,t
P01,S01,20.0,up,KeyT,1791212630337.3,50947.0,t
P01,S01,20.0,down,Space,1791212630423.0,50948.0, 
P01,S01,20.0,up,Space,1791212630502.1,50948.0, 
P01,S01,20.0,down,KeyU,1791212630608.4,50949.0,u
P01,S01,20.0,up,KeyU,1791212630672.0,50949.0,u
P01,S01,20.0,down,KeyP,1791212630810.7,50950.0,p
P01,S01,20.0,up,KeyP,1791212630914.0,50950.0,p
P01,S01,20.0,down,Space,1791212631022.3,50951.0, 
P01,S01,20.0,up,Space,1791212631078.2,50951.0, 
P01,S01,20.0,down,KeyV,1791212631244.1,50952.0,v
P01,S01,20.0,up,KeyV,1791212631329.5,50952.0,v
P01,S01,20.0,down,KeyE,1791212631379.9,50953.0,e
P01,S01,20.0,up,KeyE,1791212631458.6,50953.0,e
P01,S01,20.0,down,KeyR,1791212631551.9,50954.0,r
P01,S01,20.0,down,KeyY,1791212631604.5,50955.0,y
P01,S01,20.0,up,KeyR,1791212631663.3,50954.0,r
P01,S01,20.0,up,KeyY,1791212631665.2,50955.0,y
P01,S01,20.0,down,Space,1791212631770.4,50956.0, 
P01,S01,20.0,up,Space,1791212631849.3,50956.0, 
P01,S01,20.0,down,KeyS,1791212631871.6,50957.0,s
P01,S01,20.0,up,KeyS,1791212631943.6,50957.0,s
P01,S01,20.0,down,KeyP,1791212632009.4,50958.0,p
P01,S01,20.0,down,KeyE,1791212632060.6,50959.0,e
P01,S01,20.0,up,KeyP,1791212632079.1,50958.0,p
P01,S01,20.0,up,KeyE,1791212632148.7,50959.0,e
P01,S01,20.0,down,KeyC,1791212632235.3,50960.0,c
P01,S01,20.0,up,KeyC,1791212632313.5,50960.0,c
P01,S01,20.0,down,KeyI,1791212632337.7,50961.0,i
P01,S01,20.0,up,KeyI,1791212632417.6,50961.0,i
P01,S01,20.0,down,KeyF,1791212632491.8,50962.0,f
P01,S01,20.0,up,KeyF,1791212632603.1,50962.0,f
P01,S01,20.0,down,KeyI,1791212632745.6,50963.0,i
P01,S01,20.0,up,KeyI,1791212632837.1,50963.0,i
P01,S01,20.0,down,KeyC,1791212633579.7,50964.0,c
P01,S01,20.0,up,KeyC,1791212633682.1,50964.0,c
P01,S01,20.0,down,Space,1791212633748.4,50965.0, 
P01,S01,20.0,up,Space,1791212633839.9,50965.0, 
P01,S01,20.0,down,KeyA,1791212633841.0,50966.0,a
P01,S01,20.0,up,KeyA,1791212633940.5,50966.0,a
P01,S01,20.0,down,KeyN,1791212634002.7,50967.0,n
P01,S01,20.0,up,KeyN,1791212634081.8,50967.0,n
P01,S01,20.0,down,KeyA,1791212634110.7,50968.0,a
P01,S01,20.0,up,KeyA,1791212634205.8,50968.0,a
P01,S01,20.0,down,Backspace,1791212634492.0,50969.0,Backspace
P01,S01,20.0,up,Backspace,1791212634571.0,50969.0,Backspace
P01,S01,20.0,down,KeyD,1791212634610.5,50970.0,d
P01,S01,20.0,up,KeyD,1791212634687.6,50970.0,d
P01,S01,20.0,down,Space,1791212634796.6,50971.0, 
P01,S01,20.0,up,Space,1791212634867.9,50971.0, 
P01,S01,20.0,down,KeyA,1791212634913.2,50972.0,a
P01,S01,20.0,up,KeyA,1791212634984.3,50972.0,a
P01,S01,20.0,down,Space,1791212635003.0,50973.0, 
P01,S01,20.0,up,Space,1791212635075.6,50973.0, 
P01,S01,20.0,down,KeyB,1791212635530.1,50974.0,b
P01,S01,20.0,up,KeyB,1791212635609.3,50974.0,b
P01,S01,20.0,down,KeyU,1791212635771.5,50975.0,u
P01,S01,20.0,up,KeyU,1791212635865.6,50975.0,u
P01,S01,20.0,down,KeyT,1791212636001.0,50976.0,t
P01,S01,20.0,up,KeyT,1791212636065.5,50976.0,t
P01,S01,20.0,down,Space,1791212636180.5,50977.0, 
P01,S01,20.0,up,Space,1791212636267.2,50977.0, 
P01,S01,20.0,down,Backspace,1791212636453.8,50978.0,Backspace
P01,S01,20.0,up,Backspace,1791212636525.2,50978.0,Backspace
P01,S01,20.0,down,Backspace,1791212636630.8,50979.0,Backspace
P01,S01,20.0,up,Backspace,1791212636694.7,50979.0,Backspace
P01,S01,20.0,down,Backspace,1791212636798.8,50980.0,Backspace
P01,S01,20.0,up,Backspace,1791212636864.2,50980.0,Backspace
P01,S01,20.0,down,KeyT,1791212637484.5,50981.0,t
P01,S01,20.0,up,KeyT,1791212637547.9,50981.0,t
P01,S01,20.0,down,Backspace,1791212637842.6,50982.0,Backspace
P01,S01,20.0,up,Backspace,1791212637924.0,50982.0,Backspace
P01,S01,20.0,down,KeyI,1791212638081.4,50983.0,i
P01,S01,20.0,up,KeyI,1791212638168.9,50983.0,i
P01,S01,20.0,down,KeyT,1791212638323.9,50984.0,t
P01,S01,20.0,up,KeyT,1791212638387.9,50984.0,t
P01,S01,20.0,down,Space,1791212638501.1,50985.0, 
P01,S01,20.0,up,Space,1791212638572.1,50985.0, 
P01,S01,20.0,down,KeyU,1791212638680.7,50986.0,u
P01,S01,20.0,up,KeyU,1791212638752.6,50986.0,u
P01,S01,20.0,down,KeyS,1791212638781.8,50987.0,s
P01,S01,20.0,up,KeyS,1791212638862.7,50987.0,s
P01,S01,20.0,down,KeyE,1791212638948.6,50988.0,e
P01,S01,20.0,up,KeyE,1791212639035.7,50988.0,e
P01,S01,20.0,down,KeyL,1791212639073.6,50989.0,l
P01,S01,20.0,up,KeyL,1791212639162.1,50989.0,l
P01,S01,20.0,down,KeyE,1791212639181.7,50990.0,e
P01,S01,20.0,up,KeyE,1791212639260.5,50990.0,e
P01,S01,20.0,down,KeyS,1791212639390.2,50991.0,s
P01,S01,20.0,up,KeyS,1791212639453.9,50991.0,s
P01,S01,20.0,down,KeyS,1791212639555.7,50992.0,s
P01,S01,20.0,down,Space,1791212639676.9,50993.0, 
P01,S01,20.0,up,KeyS,1791212639681.0,50992.0,s
P01,S01,20.0,up,Space,1791212639716.5,50993.0, 
P01,S01,20.0,down,KeyP,1791212639872.9,50994.0,p
P01,S01,20.0,up,KeyP,1791212639968.4,50994.0,p
P01,S01,20.0,down,KeyA,1791212640012.5,50995.0,a
P01,S01,20.0,up,KeyA,1791212640075.4,50995.0,a
P01,S01,20.0,down,KeyR,1791212640202.9,50996.0,r
P01,S01,20.0,up,KeyR,1791212640290.5,50996.0,r
P01,S01,20.0,down,KeyT,1791212640329.5,50997.0,t
P01,S01,20.0,up,KeyT,1791212640382.4,50997.0,t
P01,S01,20.0,down,KeyS,1791212640448.1,50998.0,s
P01,S01,20.0,down,Space,1791212640523.5,50999.0, 
P01,S01,20.0,up,KeyS,1791212640526.3,50998.0,s
P01,S01,20.0,up,Space,1791212640586.5,50999.0, 
P01,S01,20.0,down,KeyO,1791212640717.6,51000.0,o
P01,S01,20.0,down,KeyF,1791212640742.4,51001.0,f
P01,S01,20.0,up,KeyO,1791212640767.4,51000.0,o
P01,S01,20.0,up,KeyF,1791212640837.7,51001.0,f
P01,S01,20.0,down,Space,1791212640882.6,51002.0, 
P01,S01,20.0,up,Space,1791212640946.2,51002.0, 
P01,S01,20.0,down,KeyM,1791212641043.9,51003.0,m
P01,S01,20.0,up,KeyM,1791212641115.5,51003.0,m
P01,S01,20.0,down,KeyY,1791212641281.0,51004.0,y
P01,S01,20.0,up,KeyY,1791212641359.8,51004.0,y
P01,S01,20.0,down,Space,1791212641466.1,51005.0, 
P01,S01,20.0,up,Space,1791212641561.9,51005.0, 
P01,S01,20.0,down,KeyR,1791212641713.2,51006.0,r
P01,S01,20.0,up,KeyR,1791212641816.6,51006.0,r
P01,S01,20.0,down,KeyO,1791212641836.3,51007.0,o
P01,S01,20.0,up,KeyO,1791212641923.2,51007.0,o
P01,S01,20.0,down,KeyO,1791212642034.1,51008.0,o
P01,S01,20.0,up,KeyO,1791212642096.9,51008.0,o
P01,S01,20.0,down,KeyM,1791212642227.6,51009.0,m
P01,S01,20.0,up,KeyM,1791212642322.3,51009.0,m
P01,S01,20.0,down,Period,1791212642486.4,51010.0,.
P01,S01,20.0,up,Period,1791212642621.3,51010.0,.
P01,S01,20.0,down,Space,1791212642737.7,51011.0, 
P01,S01,20.0,up,Space,1791212642801.3,51011.0, 
P01,S01,20.0,down,ShiftLeft,1791212642893.5,51012.0,Shift
P01,S01,20.0,up,ShiftLeft,1791212643263.1,51012.0,Shift
P01,S01,20.0,down,ShiftLeft,1791212644397.9,51013.0,Shift
P01,S01,20.0,down,KeyI,1791212644564.6,51014.0,I
P01,S01,20.0,up,KeyI,1791212644629.2,51014.0,I
P01,S01,20.0,up,ShiftLeft,1791212644672.3,51013.0,Shift
P01,S01,20.0,down,Space,1791212644739.9,51015.0, 
P01,S01,20.0,up,Space,1791212644831.8,51015.0, 
P01,S01,20.0,down,KeyD,1791212644832.8,51016.0,d
P01,S01,20.0,up,KeyD,1791212644910.3,51016.0,d
P01,S01,20.0,down,KeyE,1791212645010.4,51017.0,e
P01,S01,20.0,down,KeyP,1791212645081.6,51018.0,p
P01,S01,20.0,up,KeyE,1791212645084.4,51017.0,e
P01,S01,20.0,up,KeyP,1791212645129.8,51018.0,p
P01,S01,20.0,down,KeyE,1791212645196.7,51019.0,e
P01,S01,20.0,up,KeyE,1791212645275.5,51019.0,e
P01,S01,20.0,down,KeyN,1791212645295.0,51020.0,n
P01,S01,20.0,up,KeyN,1791212645357.7,51020.0,n
P01,S01,20.0,down,KeyD,1791212645379.0,51021.0,d
P01,S01,20.0,down,Space,1791212645492.3,51022.0, 
P01,S01,20.0,up,KeyD,1791212645494.9,51021.0,d
P01,S01,20.0,up,Space,1791212645562.8,51022.0, 
P01,S01,20.0,down,KeyO,1791212645675.5,51023.0,o
P01,S01,20.0,up,KeyO,1791212645746.9,51023.0,o
P01,S01,20.0,down,KeyN,1791212645868.0,51024.0,n
P01,S01,20.0,up,KeyN,1791212645955.3,51024.0,n
P01,S01,20.0,down,Space,1791212646041.6,51025.0, 
P01,S01,20.0,up,Space,1791212646119.8,51025.0, 
P01,S01,20.0,down,KeyL,1791212646272.9,51026.0,l
P01,S01,20.0,up,KeyL,1791212646342.6,51026.0,l
P01,S01,20.0,down,KeyA,1791212646365.6,51027.0,a
P01,S01,20.0,up,KeyA,1791212646469.0,51027.0,a
P01,S01,20.0,down,KeyM,1791212646533.3,51028.0,m
P01,S01,20.0,up,KeyM,1791212646584.0,51028.0,m
P01,S01,20.0,down,KeyP,1791212646725.3,51029.0,p
P01,S01,20.0,up,KeyP,1791212646815.2,51029.0,p
P01,S01,20.0,down,KeyS,1791212646816.1,51030.0,s
P01,S01,20.0,up,KeyS,1791212646900.9,51030.0,s
P01,S01,20.0,down,Space,1791212646947.0,51031.0, 
P01,S01,20.0,up,Space,1791212647010.2,51031.0, 
P01,S01,20.0,down,KeyT,1791212647123.5,51032.0,t
P01,S01,20.0,up,KeyT,1791212647193.9,51032.0,t
P01,S01,20.0,down,KeyO,1791212647351.2,51033.0,o
P01,S01,20.0,up,KeyO,1791212647422.6,51033.0,o
P01,S01,20.0,down,Space,1791212647541.1,51034.0, 
P01,S01,20.0,up,Space,1791212647612.3,51034.0, 
P01,S01,20.0,down,KeyS,1791212647660.9,51035.0,s
P01,S01,20.0,up,KeyS,1791212647777.1,51035.0,s
P01,S01,20.0,down,KeyT,1791212647825.8,51036.0,t
P01,S01,20.0,up,KeyT,1791212647865.7,51036.0,t
P01,S01,20.0,down,Backspace,1791212648541.5,51037.0,Backspace
P01,S01,20.0,up,Backspace,1791212648613.0,51037.0,Backspace
P01,S01,20.0,down,KeyT,1791212648966.1,51038.0,t
P01,S01,20.0,up,KeyT,1791212649054.9,51038.0,t
P01,S01,20.0,down,KeyU,1791212649224.6,51039.0,u
P01,S01,20.0,up,KeyU,1791212649311.2,51039.0,u
P01,S01,20.0,down,KeyD,1791212649394.4,51040.0,d
P01,S01,20.0,down,KeyY,1791212649521.0,51041.0,y
P01,S01,20.0,up,KeyD,1791212649523.9,51040.0,d
P01,S01,20.0,up,KeyY,1791212649576.3,51041.0,y
P01,S01,20.0,down,Space,1791212649718.1,51042.0, 
P01,S01,20.0,up,Space,1791212649801.4,51042.0, 
P01,S01,20.0,down,KeyB,1791212650142.3,51043.0,b
P01,S01,20.0,up,KeyB,1791212650214.3,51043.0,b
P01,S01,20.0,down,KeyE,1791212650250.6,51044.0,e
P01,S01,20.0,up,KeyE,1791212650329.5,51044.0,e
P01,S01,20.0,down,KeyC,1791212650380.0,51045.0,c
P01,S01,20.0,up,KeyC,1791212650451.6,51045.0,c
P01,S01,20.0,down,KeyA,1791212650490.3,51046.0,a
P01,S01,20.0,up,KeyA,1791212650593.6,51046.0,a
P01,S01,20.0,down,KeyU,1791212650630.4,51047.0,u
P01,S01,20.0,up,KeyU,1791212650711.9,51047.0,u
P01,S01,20.0,down,KeyS,1791212650733.6,51048.0,s
P01,S01,20.0,up,KeyS,1791212650822.3,51048.0,s
P01,S01,20.0,down,KeyE,1791212650910.9,51049.0,e
P01,S01,20.0,down,Space,1791212651008.2,51050.0, 
P01,S01,20.0,up,KeyE,1791212651044.7,51049.0,e
P01,S01,20.0,up,Space,1791212651087.1,51050.0, 
P01,S01,20.0,down,KeyT,1791212651254.1,51051.0,t
P01,S01,20.0,up,KeyT,1791212651308.3,51051.0,t
P01,S01,20.0,down,KeyH,1791212651412.6,51052.0,h
P01,S01,20.0,up,KeyH,1791212651523.2,51052.0,h
P01,S01,20.0,down,KeyE,1791212651524.1,51053.0,e
P01,S01,20.0,up,KeyE,1791212651576.8,51053.0,e
P01,S01,20.0,down,KeyR,1791212651727.9,51054.0,r
P01,S01,20.0,up,KeyR,1791212651805.3,51054.0,r
P01,S01,20.0,down,KeyE,1791212651930.4,51055.0,e
P01,S01,20.0,up,KeyE,1791212652008.5,51055.0,e
P01,S01,20.0,down,Minus,1791212652142.5,51056.0,'
P01,S01,20.0,up,Minus,1791212652204.7,51056.0,'
P01,S01,20.0,down,KeyS,1791212652277.5,51057.0,s
P01,S01,20.0,up,KeyS,1791212652355.8,51057.0,s
P01,S01,20.0,down,Space,1791212652410.9,51058.0, 
P01,S01,20.0,up,Space,1791212652473.7,51058.0, 
P01,S01,20.0,down,KeyV,1791212652602.0,51059.0,v
P01,S01,20.0,up,KeyV,1791212652681.6,51059.0,v
P01,S01,20.0,down,KeyE,1791212652722.7,51060.0,e
P01,S01,20.0,up,KeyE,1791212652801.2,51060.0,e
P01,S01,20.0,down,KeyR,1791212652899.4,51061.0,r
P01,S01,20.0,down,KeyY,1791212652920.6,51062.0,y
P01,S01,20.0,up,KeyY,1791212653013.3,51062.0,y
P01,S01,20.0,up,KeyR,1791212653017.3,51061.0,r
P01,S01,20.0,down,Space,1791212653084.5,51063.0, 
P01,S01,20.0,up,Space,1791212653163.8,51063.0, 
P01,S01,20.0,down,KeyL,1791212653280.4,51064.0,l
P01,S01,20.0,up,KeyL,1791212653367.6,51064.0,l
P01,S01,20.0,down,KeyI,1791212653462.9,51065.0,i
P01,S01,20.0,up,KeyI,1791212653551.2,51065.0,i
P01,S01,20.0,down,KeyT,1791212653693.7,51066.0,t
P01,S01,20.0,up,KeyT,1791212653741.6,51066.0,t
P01,S01,20.0,down,KeyT,1791212653815.9,51067.0,t
P01,S01,20.0,up,KeyT,1791212653871.2,51067.0,t
P01,S01,20.0,down,KeyL,1791212654033.3,51068.0,l
P01,S01,20.0,up,KeyL,1791212654096.9,51068.0,l
P01,S01,20.0,down,KeyE,1791212654134.6,51069.0,e
P01,S01,20.0,down,Space,1791212654228.5,51070.0, 
P01,S01,20.0,up,KeyE,1791212654231.2,51069.0,e
P01,S01,20.0,up,Space,1791212654270.8,51070.0, 
P01,S01,20.0,down,KeyL,1791212654391.2,51071.0,l
P01,S01,20.0,up,KeyL,1791212654477.9,51071.0,l
P01,S01,20.0,down,KeyI,1791212654590.3,51072.0,i
P01,S01,20.0,up,KeyI,1791212654661.0,51072.0,i
P01,S01,20.0,down,KeyG,1791212654772.6,51073.0,g
P01,S01,20.0,up,KeyG,1791212654819.7,51073.0,g
P01,S01,20.0,down,KeyH,1791212654918.7,51074.0,h
P01,S01,20.0,up,KeyH,1791212655005.8,51074.0,h
P01,S01,20.0,down,KeyT,1791212655091.1,51075.0,t
P01,S01,20.0,up,KeyT,1791212655162.7,51075.0,t
P01,S01,20.0,down,Space,1791212655241.6,51076.0, 
P01,S01,20.0,up,Space,1791212655321.1,51076.0, 
P01,S01,20.0,down,KeyI,1791212655428.9,51077.0,i
P01,S01,20.0,up,KeyI,1791212655500.8,51077.0,i
P01,S01,20.0,down,KeyN,1791212655600.1,51078.0,n
P01,S01,20.0,up,KeyN,1791212655671.0,51078.0,n
P01,S01,20.0,down,Space,1791212655764.6,51079.0, 
P01,S01,20.0,up,Space,1791212655807.4,51079.0, 
P01,S01,20.0,down,KeyT,1791212655919.8,51080.0,t
P01,S01,20.0,up,KeyT,1791212655990.8,51080.0,t
P01,S01,20.0,down,KeyH,1791212656074.8,51081.0,h
P01,S01,20.0,up,KeyH,1791212656170.7,51081.0,h
P01,S01,20.0,down,KeyE,1791212656171.8,51082.0,e
P01,S01,20.0,up,KeyE,1791212656263.0,51082.0,e
P01,S01,20.0,down,Space,1791212656287.0,51083.0, 
P01,S01,20.0,up,Space,1791212656391.3,51083.0, 
P01,S01,20.0,down,KeyD,1791212656409.4,51084.0,d
P01,S01,20.0,up,KeyD,1791212656473.0,51084.0,d
P01,S01,20.0,down,KeyE,1791212656588.9,51085.0,e
P01,S01,20.0,up,KeyE,1791212656660.3,51085.0,e
P01,S01,20.0,down,KeyS,1791212656755.6,51086.0,s
P01,S01,20.0,up,KeyS,1791212656867.1,51086.0,s
P01,S01,20.0,down,KeyK,1791212657077.3,51087.0,k
P01,S01,20.0,up,KeyK,1791212657172.6,51087.0,k
P01,S01,20.0,down,Space,1791212657332.9,51088.0, 
P01,S01,20.0,up,Space,1791212657364.8,51088.0, 
P01,S01,20.0,down,KeyA,1791212657424.2,51089.0,a
P01,S01,20.0,up,KeyA,1791212657512.0,51089.0,a
P01,S01,20.0,down,KeyR,1791212657631.2,51090.0,r
P01,S01,20.0,up,KeyR,1791212657717.0,51090.0,r
P01,S01,20.0,down,KeyE,1791212657822.0,51091.0,e
P01,S01,20.0,up,KeyE,1791212657926.2,51091.0,e
P01,S01,20.0,down,KeyA,1791212658045.5,51092.0,a
P01,S01,20.0,up,KeyA,1791212658149.9,51092.0,a
P01,S01,20.0,down,Period,1791212658266.9,51093.0,.
P01,S01,20.0,up,Period,1791212658403.7,51093.0,.
P01,S01,20.0,down,Space,1791212658505.7,51094.0, 
P01,S01,20.0,up,Space,1791212658579.3,51094.0, 
P01,S01,20.0,down,ShiftLeft,1791212658632.9,51095.0,Shift
P01,S01,20.0,up,ShiftLeft,1791212659243.6,51095.0,Shift
P01,S01,20.0,down,KeyT,1791212659244.7,51096.0,t
P01,S01,20.0,up,KeyT,1791212659284.0,51096.0,t
P01,S01,20.0,down,KeyH,1791212659384.1,51097.0,h
P01,S01,20.0,up,KeyH,1791212659464.2,51097.0,h
P01,S01,20.0,down,KeyE,1791212659490.8,51098.0,e
P01,S01,20.0,down,Space,1791212659607.2,51099.0, 
P01,S01,20.0,up,KeyE,1791212659610.5,51098.0,e
P01,S01,20.0,up,Space,1791212659643.1,51099.0, 
P01,S01,20.0,down,KeyS,1791212659680.3,51100.0,s
P01,S01,20.0,down,KeyT,1791212659782.1,51101.0,t
P01,S01,20.0,up,KeyS,1791212659784.6,51100.0,s
P01,S01,20.0,up,KeyT,1791212659837.6,51101.0,t
P01,S01,20.0,down,KeyO,1791212659980.1,51102.0,o
P01,S01,20.0,up,KeyO,1791212660068.2,51102.0,o
P01,S01,20.0,down,KeyB,1791212660187.5,51103.0,b
P01,S01,20.0,up,KeyB,1791212660225.0,51103.0,b
P01,S01,20.0,down,KeyE,1791212660316.8,51104.0,e
P01,S01,20.0,up,KeyE,1791212660436.5,51104.0,e
P01,S01,20.0,down,Backspace,1791212660720.5,51105.0,Backspace
P01,S01,20.0,up,Backspace,1791212660783.2,51105.0,Backspace
P01,S01,20.0,down,KeyV,1791212661029.1,51106.0,v
P01,S01,20.0,up,KeyV,1791212661165.3,51106.0,v
P01,S01,20.0,down,Backspace,1791212661423.9,51107.0,Backspace
P01,S01,20.0,up,Backspace,1791212661495.1,51107.0,Backspace
P01,S01,20.0,down,Backspace,1791212661599.4,51108.0,Backspace
P01,S01,20.0,up,Backspace,1791212661655.0,51108.0,Backspace
P01,S01,20.0,down,Backspace,1791212661740.0,51109.0,Backspace
P01,S01,20.0,up,Backspace,1791212661810.2,51109.0,Backspace
P01,S01,20.0,down,Backspace,1791212661933.4,51110.0,Backspace
P01,S01,20.0,up,Backspace,1791212661973.5,51110.0,Backspace
P01,S01,20.0,down,Backspace,1791212662092.7,51111.0,Backspace
P01,S01,20.0,up,Backspace,1791212662137.8,51111.0,Backspace
P01,S01,20.0,down,Backspace,1791212662248.9,51112.0,Backspace
P01,S01,20.0,up,Backspace,1791212662312.1,51112.0,Backspace
P01,S01,20.0,down,Backspace,1791212662406.4,51113.0,Backspace
P01,S01,20.0,up,Backspace,1791212662478.3,51113.0,Backspace
P01,S01,20.0,down,Backspace,1791212662576.5,51114.0,Backspace
P01,S01,20.0,up,Backspace,1791212662635.2,51114.0,Backspace
P01,S01,20.0,down,Backspace,1791212662737.6,51115.0,Backspace
P01,S01,20.0,up,Backspace,1791212662801.0,51115.0,Backspace
P01,S01,20.0,down,ShiftLeft,1791212662935.8,51116.0,Shift
P01,S01,20.0,down,KeyT,1791212663084.9,51117.0,T
P01,S01,20.0,up,KeyT,1791212663163.7,51117.0,T
P01,S01,20.0,up,ShiftLeft,1791212663209.1,51116.0,Shift
P01,S01,20.0,down,KeyH,1791212663260.8,51118.0,h
P01,S01,20.0,up,KeyH,1791212663339.1,51118.0,h
P01,S01,20.0,down,KeyE,1791212663378.2,51119.0,e
P01,S01,20.0,down,Space,1791212663448.8,51120.0, 
P01,S01,20.0,up,KeyE,1791212663451.1,51119.0,e
P01,S01,20.0,up,Space,1791212663514.5,51120.0, 
P01,S01,20.0,down,KeyS,1791212663712.8,51121.0,s
P01,S01,20.0,down,KeyT,1791212663838.0,51122.0,t
P01,S01,20.0,up,KeyS,1791212663841.0,51121.0,s
P01,S01,20.0,up,KeyT,1791212663893.1,51122.0,t
P01,S01,20.0,down,KeyO,1791212664030.8,51123.0,o
P01,S01,20.0,up,KeyO,1791212664119.8,51123.0,o
P01,S01,20.0,down,KeyV,1791212664249.2,51124.0,v
P01,S01,20.0,up,KeyV,1791212664304.1,51124.0,v
P01,S01,20.0,down,KeyE,1791212664333.2,51125.0,e
P01,S01,20.0,down,Space,1791212664423.1,51126.0, 
P01,S01,20.0,up,KeyE,1791212664425.5,51125.0,e
P01,S01,20.0,up,Space,1791212664485.5,51126.0, 
P01,S01,20.0,down,KeyI,1791212664595.3,51127.0,i
P01,S01,20.0,up,KeyI,1791212664659.1,51127.0,i
P01,S01,20.0,down,KeyS,1791212664706.9,51128.0,s
P01,S01,20.0,up,KeyS,1791212664777.7,51128.0,s
P01,S01,20.0,down,Space,1791212664841.1,51129.0, 
P01,S01,20.0,up,Space,1791212664872.8,51129.0, 
P01,S01,20.0,down,KeyO,1791212665040.0,51130.0,o
P01,S01,20.0,up,KeyO,1791212665096.7,51130.0,o
P01,S01,20.0,down,KeyL,1791212665183.1,51131.0,l
P01,S01,20.0,up,KeyL,1791212665270.3,51131.0,l
P01,S01,20.0,down,KeyD,1791212665324.6,51132.0,d
P01,S01,20.0,up,KeyD,1791212665427.1,51132.0,d
"P01,S01,20,down,Comma,1791212665475.6,51133,"",""",,,,Unidentified,,,
"P01,S01,20,up,Comma,1791212665602.7,51133,"",""",,,,Unidentified,,,
P01,S01,20.0,down,Space,1791212665694.4,51134.0, 
P01,S01,20.0,up,Space,1791212665780.2,51134.0, 
P01,S01,20.0,down,KeyV,1791212666072.9,51135.0,v
P01,S01,20.0,up,KeyV,1791212666106.0,51135.0,v
P01,S01,20.0,down,KeyE,1791212666136.5,51136.0,e
P01,S01,20.0,up,KeyE,1791212666213.5,51136.0,e
P01,S01,20.0,down,KeyR,1791212666315.6,51137.0,r
P01,S01,20.0,down,KeyY,1791212666386.2,51138.0,y
P01,S01,20.0,up,KeyR,1791212666409.3,51137.0,r
P01,S01,20.0,up,KeyY,1791212666448.2,51138.0,y
"P01,S01,20,down,Comma,1791212667734.3,51139,"",""",,,,Unidentified,,,
"P01,S01,20,up,Comma,1791212667813.4,51139,"",""",,,,Unidentified,,,
P01,S01,20.0,down,Space,1791212667939.4,51140.0, 
P01,S01,20.0,up,Space,1791212667993.7,51140.0, 
P01,S01,20.0,down,KeyV,1791212668121.9,51141.0,v
P01,S01,20.0,up,KeyV,1791212668232.1,51141.0,v
P01,S01,20.0,down,KeyE,1791212668233.0,51142.0,e
P01,S01,20.0,up,KeyE,1791212668294.5,51142.0,e
P01,S01,20.0,down,KeyR,1791212668389.4,51143.0,r
P01,S01,20.0,down,KeyY,1791212668450.7,51144.0,y
P01,S01,20.0,up,KeyR,1791212668481.8,51143.0,r
P01,S01,20.0,up,KeyY,1791212668514.0,51144.0,y
P01,S01,20.0,down,Space,1791212668602.2,51145.0, 
P01,S01,20.0,up,Space,1791212668681.3,51145.0, 
P01,S01,20.0,down,KeyO,1791212668791.0,51146.0,o
P01,S01,20.0,up,KeyO,1791212668868.1,51146.0,o
P01,S01,20.0,down,KeyL,1791212668943.9,51147.0,l
P01,S01,20.0,up,KeyL,1791212669023.1,51147.0,l
P01,S01,20.0,down,KeyD,1791212669051.7,51148.0,d
P01,S01,20.0,up,KeyD,1791212669138.5,51148.0,d
P01,S01,20.0,down,Period,1791212669292.3,51149.0,.
P01,S01,20.0,up,Period,1791212669396.2,51149.0,.
P01,S01,20.0,down,Space,1791212669551.5,51150.0, 
P01,S01,20.0,up,Space,1791212669622.4,51150.0, 
P01,S01,20.0,down,ShiftLeft,1791212669650.7,51151.0,Shift
P01,S01,20.0,down,KeyO,1791212669764.9,51152.0,O
P01,S01,20.0,up,KeyO,1791212669837.0,51152.0,O
P01,S01,20.0,up,ShiftLeft,1791212669895.8,51151.0,Shift
P01,S01,20.0,down,KeyN,1791212669989.7,51153.0,n
P01,S01,20.0,up,KeyN,1791212670015.3,51153.0,n
P01,S01,20.0,down,KeyE,1791212670076.0,51154.0,e
P01,S01,20.0,down,Space,1791212670115.9,51155.0, 
P01,S01,20.0,up,KeyE,1791212670161.5,51154.0,e
P01,S01,20.0,up,Space,1791212670194.5,51155.0, 
P01,S01,20.0,down,KeyO,1791212670294.3,51156.0,o
P01,S01,20.0,down,KeyF,1791212670349.0,51157.0,f
P01,S01,20.0,up,KeyO,1791212670380.6,51156.0,o
P01,S01,20.0,up,KeyF,1791212670442.9,51157.0,f
P01,S01,20.0,down,Space,1791212670479.5,51158.0, 
P01,S01,20.0,up,Space,1791212670551.6,51158.0, 
P01,S01,20.0,down,KeyT,1791212670656.1,51159.0,t
P01,S01,20.0,up,KeyT,1791212670718.5,51159.0,t
P01,S01,20.0,down,KeyH,1791212670815.2,51160.0,h
P01,S01,20.0,up,KeyH,1791212670903.1,51160.0,h
P01,S01,20.0,down,KeyO,1791212671038.3,51161.0,o
P01,S01,20.0,up,KeyO,1791212671129.3,51161.0,o
P01,S01,20.0,down,KeyS,1791212671130.2,51162.0,s
P01,S01,20.0,up,KeyS,1791212671199.9,51162.0,s
P01,S01,20.0,down,KeyE,1791212671366.0,51163.0,e
P01,S01,20.0,up,KeyE,1791212671469.7,51163.0,e
P01,S01,20.0,down,Space,1791212671513.4,51164.0, 
P01,S01,20.0,up,Space,1791212671585.5,51164.0, 
P01,S01,20.0,down,KeyW,1791212672018.2,51165.0,w
P01,S01,20.0,up,KeyW,1791212672129.5,51165.0,w
P01,S01,20.0,down,KeyH,1791212672180.4,51166.0,h
P01,S01,20.0,up,KeyH,1791212672267.9,51166.0,h
P01,S01,20.0,down,KeyE,1791212672303.1,51167.0,e
P01,S01,20.0,up,KeyE,1791212672374.5,51167.0,e
P01,S01,20.0,down,KeyR,1791212672467.8,51168.0,r
P01,S01,20.0,up,KeyR,1791212672539.2,51168.0,r
P01,S01,20.0,down,Space,1791212672655.7,51169.0, 
P01,S01,20.0,down,KeyE,1791212672657.4,51170.0,e
P01,S01,20.0,up,Space,1791212672726.6,51169.0, 
P01,S01,20.0,up,KeyE,1791212672762.9,51170.0,e
P01,S01,20.0,down,KeyY,1791212672847.3,51171.0,y
P01,S01,20.0,up,KeyY,1791212672919.1,51171.0,y
P01,S01,20.0,down,KeyO,1791212673259.6,51172.0,o
P01,S01,20.0,up,KeyO,1791212673338.7,51172.0,o
P01,S01,20.0,down,KeyU,1791212673500.6,51173.0,u
P01,S01,20.0,up,KeyU,1791212673571.3,51173.0,u
P01,S01,20.0,down,Space,1791212673671.5,51174.0, 
P01,S01,20.0,up,Space,1791212673726.6,51174.0, 
P01,S01,20.0,down,KeyH,1791212673820.3,51175.0,h
P01,S01,20.0,up,KeyH,1791212673904.5,51175.0,h
P01,S01,20.0,down,KeyA,1791212673906.4,51176.0,a
P01,S01,20.0,up,KeyA,1791212673983.4,51176.0,a
P01,S01,20.0,down,KeyV,1791212674003.8,51177.0,v
P01,S01,20.0,up,KeyV,1791212674068.7,51177.0,v
P01,S01,20.0,down,KeyE,1791212674113.3,51178.0,e
P01,S01,20.0,down,Space,1791212674155.0,51179.0, 
P01,S01,20.0,up,KeyE,1791212674207.0,51178.0,e
P01,S01,20.0,up,Space,1791212674233.2,51179.0, 
P01,S01,20.0,down,KeyT,1791212674328.5,51180.0,t
P01,S01,20.0,up,KeyT,1791212674398.1,51180.0,t
P01,S01,20.0,down,KeyO,1791212674554.0,51181.0,o
P01,S01,20.0,up,KeyO,1791212674620.7,51181.0,o
P01,S01,20.0,down,Space,1791212674705.7,51182.0, 
P01,S01,20.0,up,Space,1791212674776.4,51182.0, 
P01,S01,20.0,down,KeyC,1791212675093.7,51183.0,c
P01,S01,20.0,up,KeyC,1791212675171.8,51183.0,c
P01,S01,20.0,down,KeyR,1791212675285.2,51184.0,r
P01,S01,20.0,up,KeyR,1791212675360.7,51184.0,r
P01,S01,20.0,down,KeyA,1791212675479.4,51185.0,a
P01,S01,20.0,up,KeyA,1791212675590.4,51185.0,a
P01,S01,20.0,down,KeyN,1791212675860.4,51186.0,n
P01,S01,20.0,up,KeyN,1791212675939.7,51186.0,n
P01,S01,20.0,down,KeyK,1791212676046.8,51187.0,k
P01,S01,20.0,up,KeyK,1791212676126.7,51187.0,k
P01,S01,20.0,down,Space,1791212676226.6,51188.0, 
P01,S01,20.0,up,Space,1791212676306.0,51188.0, 
P01,S01,20.0,down,KeyS,1791212676548.7,51189.0,s
P01,S01,20.0,up,KeyS,1791212676644.4,51189.0,s
P01,S01,20.0,down,KeyO,1791212676669.9,51190.0,o
P01,S01,20.0,up,KeyO,1791212676733.1,51190.0,o
P01,S01,20.0,down,KeyM,1791212676844.8,51191.0,m
P01,S01,20.0,up,KeyM,1791212676940.1,51191.0,m
P01,S01,20.0,down,KeyE,1791212676941.3,51192.0,e
P01,S01,20.0,up,KeyE,1791212677040.5,51192.0,e
P01,S01,20.0,down,KeyT,1791212677079.2,51193.0,t
P01,S01,20.0,up,KeyT,1791212677134.5,51193.0,t
P01,S01,20.0,down,KeyH,1791212677237.1,51194.0,h
P01,S01,20.0,up,KeyH,1791212677317.8,51194.0,h
P01,S01,20.0,down,KeyI,1791212677430.4,51195.0,i
P01,S01,20.0,up,KeyI,1791212677517.7,51195.0,i
P01,S01,20.0,down,KeyN,1791212677611.7,51196.0,n
P01,S01,20.0,up,KeyN,1791212677686.5,51196.0,n
P01,S01,20.0,down,KeyG,1791212677784.1,51197.0,g
P01,S01,20.0,up,KeyG,1791212677847.1,51197.0,g
P01,S01,20.0,down,Space,1791212677916.6,51198.0, 
P01,S01,20.0,up,Space,1791212678019.5,51198.0, 
P01,S01,20.0,down,KeyT,1791212678417.8,51199.0,t
P01,S01,20.0,up,KeyT,1791212678513.5,51199.0,t
P01,S01,20.0,down,KeyO,1791212678669.0,51200.0,o
P01,S01,20.0,up,KeyO,1791212678766.1,51200.0,o
P01,S01,20.0,down,Space,1791212678865.2,51201.0, 
P01,S01,20.0,up,Space,1791212678952.6,51201.0, 
P01,S01,20.0,down,KeyM,1791212679157.0,51202.0,m
P01,S01,20.0,up,KeyM,1791212679244.5,51202.0,m
P01,S01,20.0,down,KeyA,1791212679299.1,51203.0,a
P01,S01,20.0,up,KeyA,1791212679386.7,51203.0,a
P01,S01,20.0,down,KeyK,1791212679403.5,51204.0,k
P01,S01,20.0,up,KeyK,1791212679490.0,51204.0,k
P01,S01,20.0,down,KeyE,1791212679540.1,51205.0,e
P01,S01,20.0,down,Space,1791212679605.4,51206.0, 
P01,S01,20.0,up,KeyE,1791212679635.1,51205.0,e
P01,S01,20.0,up,Space,1791212679668.0,51206.0, 
P01,S01,20.0,down,KeyI,1791212679822.6,51207.0,i
P01,S01,20.0,up,KeyI,1791212679898.9,51207.0,i
P01,S01,20.0,down,KeyT,1791212680034.5,51208.0,t
P01,S01,20.0,up,KeyT,1791212680098.7,51208.0,t
P01,S01,20.0,down,Space,1791212680198.0,51209.0, 
P01,S01,20.0,up,Space,1791212680300.7,51209.0, 
P01,S01,20.0,down,KeyW,1791212680327.4,51210.0,w
P01,S01,20.0,up,KeyW,1791212680430.4,51210.0,w
P01,S01,20.0,down,KeyO,1791212680505.1,51211.0,o
P01,S01,20.0,up,KeyO,1791212680561.1,51211.0,o
P01,S01,20.0,down,KeyR,1791212680585.4,51212.0,r
P01,S01,20.0,up,KeyR,1791212680687.6,51212.0,r
P01,S01,20.0,down,KeyK,1791212680718.5,51213.0,k
P01,S01,20.0,up,KeyK,1791212680798.1,51213.0,k
"P01,S01,20,down,Comma,1791212680938.6,51214,"",""",,,,Unidentified,,,
"P01,S01,20,up,Comma,1791212681026.3,51214,"",""",,,,Unidentified,,,
P01,S01,20.0,down,Backspace,1791212681315.2,51215.0,Backspace
P01,S01,20.0,up,Backspace,1791212681402.9,51215.0,Backspace
P01,S01,20.0,down,Space,1791212681594.7,51216.0, 
P01,S01,20.0,up,Space,1791212681649.0,51216.0, 
P01,S01,20.0,down,Backspace,1791212681998.5,51217.0,Backspace
P01,S01,20.0,up,Backspace,1791212683185.2,51217.0,Backspace
P01,S01,20.0,down,Backspace,1791212683343.2,51218.0,Backspace
P01,S01,20.0,up,Backspace,1791212683399.7,51218.0,Backspace
P01,S01,20.0,down,Backspace,1791212683511.5,51219.0,Backspace
P01,S01,20.0,up,Backspace,1791212683575.2,51219.0,Backspace
P01,S01,20.0,down,Backspace,1791212683695.3,51220.0,Backspace
P01,S01,20.0,up,Backspace,1791212683750.5,51220.0,Backspace
P01,S01,20.0,down,Backspace,1791212683856.8,51221.0,Backspace
P01,S01,20.0,up,Backspace,1791212683919.7,51221.0,Backspace
P01,S01,20.0,down,Backspace,1791212684020.1,51222.0,Backspace
P01,S01,20.0,up,Backspace,1791212684075.7,51222.0,Backspace
P01,S01,20.0,down,Space,1791212684468.8,51223.0, 
P01,S01,20.0,up,Space,1791212684502.9,51223.0, 
P01,S01,20.0,down,Backspace,1791212685535.8,51224.0,Backspace
P01,S01,20.0,up,Backspace,1791212685607.6,51224.0,Backspace
P01,S01,20.0,down,KeyT,1791212685835.5,51225.0,t
P01,S01,20.0,up,KeyT,1791212685907.4,51225.0,t
P01,S01,20.0,down,KeyH,1791212685996.3,51226.0,h
P01,S01,20.0,up,KeyH,1791212686092.6,51226.0,h
P01,S01,20.0,down,KeyE,1791212686119.8,51227.0,e
P01,S01,20.0,down,Space,1791212686185.4,51228.0, 
P01,S01,20.0,up,KeyE,1791212686237.6,51227.0,e
P01,S01,20.0,up,Space,1791212686295.4,51228.0, 
P01,S01,20.0,down,KeyH,1791212688251.1,51229.0,h
P01,S01,20.0,up,KeyH,1791212688314.5,51229.0,h
P01,S01,20.0,down,KeyA,1791212688357.5,51230.0,a
P01,S01,20.0,up,KeyA,1791212688458.9,51230.0,a
P01,S01,20.0,down,KeyN,1791212688475.9,51231.0,n
P01,S01,20.0,up,KeyN,1791212688547.0,51231.0,n
P01,S01,20.0,down,KeyD,1791212688613.7,51232.0,d
P01,S01,20.0,up,KeyD,1791212688692.6,51232.0,d
P01,S01,20.0,down,KeyL,1791212688735.3,51233.0,l
P01,S01,20.0,up,KeyL,1791212688822.5,51233.0,l
P01,S01,20.0,down,KeyE,1791212688874.1,51234.0,e
P01,S01,20.0,down,Space,1791212688954.3,51235.0, 
P01,S01,20.0,up,KeyE,1791212688982.3,51234.0,e
P01,S01,20.0,up,Space,1791212689016.1,51235.0, 
P01,S01,20.0,down,KeyT,1791212689180.6,51236.0,t
P01,S01,20.0,up,KeyT,1791212689252.8,51236.0,t
P01,S01,20.0,down,KeyO,1791212689409.5,51237.0,o
P01,S01,20.0,up,KeyO,1791212689494.2,51237.0,o
P01,S01,20.0,down,Space,1791212689609.1,51238.0, 
P01,S01,20.0,up,Space,1791212689664.9,51238.0, 
P01,S01,20.0,down,KeyM,1791212689780.3,51239.0,m
P01,S01,20.0,up,KeyM,1791212689851.3,51239.0,m
P01,S01,20.0,down,KeyA,1791212689880.0,51240.0,a
P01,S01,20.0,down,KeyK,1791212689969.0,51241.0,k
P01,S01,20.0,up,KeyA,1791212689972.0,51240.0,a
P01,S01,20.0,up,KeyK,1791212690039.4,51241.0,k
P01,S01,20.0,down,KeyE,1791212690098.6,51242.0,e
P01,S01,20.0,down,Space,1791212690156.0,51243.0, 
P01,S01,20.0,up,KeyE,1791212690192.3,51242.0,e
P01,S01,20.0,up,Space,1791212690218.3,51243.0, 
P01,S01,20.0,down,KeyI,1791212690352.0,51244.0,i
P01,S01,20.0,up,KeyI,1791212690414.5,51244.0,i
P01,S01,20.0,down,KeyT,1791212690547.1,51245.0,t
P01,S01,20.0,up,KeyT,1791212690633.4,51245.0,t
P01,S01,20.0,down,Space,1791212690723.8,51246.0, 
P01,S01,20.0,up,Space,1791212690811.3,51246.0, 
P01,S01,20.0,down,KeyW,1791212690830.9,51247.0,w
P01,S01,20.0,up,KeyW,1791212690933.6,51247.0,w
P01,S01,20.0,down,KeyO,1791212690993.7,51248.0,o
P01,S01,20.0,up,KeyO,1791212691064.2,51248.0,o
P01,S01,20.0,down,KeyR,1791212691106.2,51249.0,r
P01,S01,20.0,up,KeyR,1791212691225.7,51249.0,r
P01,S01,20.0,down,KeyK,1791212691241.6,51250.0,k
P01,S01,20.0,up,KeyK,1791212691312.2,51250.0,k
P01,S01,20.0,down,Period,1791212692152.8,51251.0,.
P01,S01,20.0,up,Period,1791212692216.3,51251.0,.
P01,S01,20.0,down,Space,1791212692542.3,51252.0, 
P01,S01,20.0,up,Space,1791212692607.1,51252.0, 
P01,S01,20.0,down,ShiftLeft,1791212692698.2,51253.0,Shift
P01,S01,20.0,down,KeyL,1791212692900.2,51254.0,L
P01,S01,20.0,up,KeyL,1791212692971.3,51254.0,L
P01,S01,20.0,up,ShiftLeft,1791212692990.8,51253.0,Shift
P01,S01,20.0,down,KeyI,1791212693063.6,51255.0,i
P01,S01,20.0,up,KeyI,1791212693127.1,51255.0,i
P01,S01,20.0,down,KeyK,1791212693215.0,51256.0,k
P01,S01,20.0,up,KeyK,1791212693294.3,51256.0,k
P01,S01,20.0,down,KeyE,1791212693295.4,51257.0,e
P01,S01,20.0,up,KeyE,1791212693389.5,51257.0,e
P01,S01,20.0,down,Space,1791212693402.3,51258.0, 
P01,S01,20.0,up,Space,1791212693479.0,51258.0, 
P01,S01,20.0,down,KeyA,1791212693479.9,51259.0,a
P01,S01,20.0,up,KeyA,1791212693553.1,51259.0,a
P01,S01,20.0,down,Space,1791212693571.6,51260.0, 
P01,S01,20.0,up,Space,1791212693658.1,51260.0, 
P01,S01,20.0,down,KeyS,1791212693700.9,51261.0,s
P01,S01,20.0,up,KeyS,1791212693821.4,51261.0,s
P01,S01,20.0,down,KeyT,1791212693860.9,51262.0,t
P01,S01,20.0,up,KeyT,1791212693925.2,51262.0,t
P01,S01,20.0,down,KeyO,1791212694095.8,51263.0,o
P01,S01,20.0,up,KeyO,1791212694167.9,51263.0,o
P01,S01,20.0,down,KeyP,1791212694270.2,51264.0,p
P01,S01,20.0,up,KeyP,1791212694366.0,51264.0,p
P01,S01,20.0,down,KeyW,1791212694558.1,51265.0,w
P01,S01,20.0,up,KeyW,1791212694645.3,51265.0,w
P01,S01,20.0,down,KeyA,1791212694750.3,51266.0,a
P01,S01,20.0,up,KeyA,1791212694853.1,51266.0,a
P01,S01,20.0,down,KeyT,1791212695004.0,51267.0,t
P01,S01,20.0,up,KeyT,1791212695075.7,51267.0,t
P01,S01,20.0,down,KeyC,1791212695183.7,51268.0,c
P01,S01,20.0,up,KeyC,1791212695247.4,51268.0,c
P01,S01,20.0,down,KeyH,1791212695317.3,51269.0,h
P01,S01,20.0,up,KeyH,1791212695409.6,51269.0,h
P01,S01,20.0,down,Enter,1791212695707.2,51270.0,Enter
P01,S01,20.0,up,Enter,1791212695802.2,51270.0,Enter
P01,S01,21.0,down,ShiftLeft,1791212719867.3,51271.0,Shift
P01,S01,21.0,down,KeyI,1791212720068.6,51272.0,I
P01,S01,21.0,up,KeyI,1791212720123.6,51272.0,I
P01,S01,21.0,up,ShiftLeft,1791212720175.7,51271.0,Shift
P01,S01,21.0,down,Space,1791212720252.2,51273.0, 
P01,S01,21.0,up,Space,1791212720299.7,51273.0, 
P01,S01,21.0,down,KeyG,1791212720407.5,51274.0,g
P01,S01,21.0,up,KeyG,1791212720472.3,51274.0,g
P01,S01,21.0,down,KeyU,1791212720569.6,51275.0,u
P01,S01,21.0,up,KeyU,1791212720663.1,51275.0,u
P01,S01,21.0,down,KeyE,1791212720664.1,51276.0,e
P01,S01,21.0,up,KeyE,1791212720749.6,51276.0,e
P01,S01,21.0,down,KeyS,1791212720854.4,51277.0,s
P01,S01,21.0,up,KeyS,1791212720940.9,51277.0,s
P01,S01,21.0,down,KeyS,1791212721040.3,51278.0,s
P01,S01,21.0,up,KeyS,1791212721142.6,51278.0,s
P01,S01,21.0,down,Period,1791212721190.4,51279.0,.
P01,S01,21.0,up,Period,1791212721317.6,51279.0,.
P01,S01,21.0,down,Space,1791212721420.6,51280.0, 
P01,S01,21.0,up,Space,1791212721477.2,51280.0, 
P01,S01,21.0,down,ShiftLeft,1791212721548.1,51281.0,Shift
P01,S01,21.0,down,KeyB,1791212722416.8,51282.0,B
P01,S01,21.0,up,KeyB,1791212722480.2,51282.0,B
P01,S01,21.0,up,ShiftLeft,1791212722508.6,51281.0,Shift
P01,S01,21.0,down,KeyU,1791212722617.2,51283.0,u
P01,S01,21.0,up,KeyU,1791212722698.9,51283.0,u
P01,S01,21.0,down,KeyT,1791212722797.7,51284.0,t
P01,S01,21.0,up,KeyT,1791212722861.3,51284.0,t
P01,S01,21.0,down,Space,1791212722962.4,51285.0, 
P01,S01,21.0,up,Space,1791212723034.1,51285.0, 
P01,S01,21.0,down,KeyL,1791212723165.3,51286.0,l
P01,S01,21.0,up,KeyL,1791212723250.6,51286.0,l
P01,S01,21.0,down,KeyE,1791212723252.1,51287.0,e
P01,S01,21.0,up,KeyE,1791212723352.9,51287.0,e
P01,S01,21.0,down,KeyT,1791212723416.7,51288.0,t
P01,S01,21.0,up,KeyT,1791212723478.3,51288.0,t
P01,S01,21.0,down,Minus,1791212723655.7,51289.0,'
P01,S01,21.0,up,Minus,1791212723734.3,51289.0,'
P01,S01,21.0,down,KeyS,1791212723799.3,51290.0,s
P01,S01,21.0,down,Space,1791212723891.0,51291.0, 
P01,S01,21.0,up,KeyS,1791212723894.2,51290.0,s
P01,S01,21.0,up,Space,1791212723933.2,51291.0, 
P01,S01,21.0,down,KeyT,1791212724060.7,51292.0,t
P01,S01,21.0,up,KeyT,1791212724115.5,51292.0,t
P01,S01,21.0,down,KeyA,1791212724158.6,51293.0,a
P01,S01,21.0,down,KeyL,1791212724279.8,51294.0,l
P01,S01,21.0,up,KeyA,1791212724282.8,51293.0,a
P01,S01,21.0,up,KeyL,1791212724356.2,51294.0,l
P01,S01,21.0,down,KeyK,1791212724786.9,51295.0,k
P01,S01,21.0,up,KeyK,1791212724850.0,51295.0,k
P01,S01,21.0,down,Space,1791212725011.6,51296.0, 
P01,S01,21.0,up,Space,1791212725082.2,51296.0, 
P01,S01,21.0,down,KeyA,1791212725175.0,51297.0,a
P01,S01,21.0,up,KeyA,1791212725285.7,51297.0,a
P01,S01,21.0,down,KeyB,1791212725387.4,51298.0,b
P01,S01,21.0,up,KeyB,1791212725450.6,51298.0,b
P01,S01,21.0,down,KeyO,1791212725600.6,51299.0,o
P01,S01,21.0,up,KeyO,1791212725695.9,51299.0,o
P01,S01,21.0,down,KeyU,1791212725817.0,51300.0,u
P01,S01,21.0,up,KeyU,1791212725865.8,51300.0,u
P01,S01,21.0,down,KeyT,1791212726022.3,51301.0,t
P01,S01,21.0,up,KeyT,1791212726047.5,51301.0,t
P01,S01,21.0,down,Space,1791212726140.6,51302.0, 
P01,S01,21.0,up,Space,1791212726212.6,51302.0, 
P01,S01,21.0,down,KeyS,1791212726235.6,51303.0,s
P01,S01,21.0,up,KeyS,1791212726314.9,51303.0,s
P01,S01,21.0,down,KeyO,1791212726331.4,51304.0,o
P01,S01,21.0,up,KeyO,1791212726394.7,51304.0,o
P01,S01,21.0,down,KeyM,1791212726500.2,51305.0,m
P01,S01,21.0,up,KeyM,1791212726569.6,51305.0,m
P01,S01,21.0,down,KeyE,1791212726612.6,51306.0,e
P01,S01,21.0,down,KeyT,1791212726708.5,51307.0,t
P01,S01,21.0,up,KeyE,1791212726711.4,51306.0,e
P01,S01,21.0,up,KeyT,1791212726761.9,51307.0,t
P01,S01,21.0,down,KeyH,1791212726861.0,51308.0,h
P01,S01,21.0,up,KeyH,1791212726941.8,51308.0,h
P01,S01,21.0,down,KeyI,1791212727075.0,51309.0,i
P01,S01,21.0,up,KeyI,1791212727106.3,51309.0,i
P01,S01,21.0,down,KeyN,1791212727214.2,51310.0,n
P01,S01,21.0,up,KeyN,1791212727293.8,51310.0,n
P01,S01,21.0,down,KeyG,1791212727375.6,51311.0,g
P01,S01,21.0,up,KeyG,1791212727430.7,51311.0,g
P01,S01,21.0,down,Space,1791212727509.1,51312.0, 
P01,S01,21.0,up,Space,1791212727613.2,51312.0, 
P01,S01,21.0,down,KeyE,1791212727638.0,51313.0,e
P01,S01,21.0,up,KeyE,1791212727716.4,51313.0,e
P01,S01,21.0,down,KeyL,1791212727784.5,51314.0,l
P01,S01,21.0,up,KeyL,1791212727833.2,51314.0,l
P01,S01,21.0,down,KeyS,1791212727863.3,51315.0,s
P01,S01,21.0,up,KeyS,1791212727934.2,51315.0,s
P01,S01,21.0,down,KeyE,1791212728044.9,51316.0,e
P01,S01,21.0,down,Period,1791212728116.0,51317.0,.
P01,S01,21.0,up,KeyE,1791212728154.6,51316.0,e
P01,S01,21.0,up,Period,1791212728234.4,51317.0,.
P01,S01,21.0,down,Enter,1791212728616.3,51318.0,Enter
P01,S01,21.0,up,Enter,1791212728687.7,51318.0,Enter
P01,S01,22.0,down,ShiftLeft,1791212735106.7,51319.0,Shift
P01,S01,22.0,down,KeyI,1791212735498.4,51320.0,I
P01,S01,22.0,up,KeyI,1791212735569.4,51320.0,I
P01,S01,22.0,up,ShiftLeft,1791212735652.5,51319.0,Shift
P01,S01,22.0,down,Minus,1791212735944.1,51321.0,'
P01,S01,22.0,up,Minus,1791212736048.3,51321.0,'
P01,S01,22.0,down,KeyV,1791212736209.0,51322.0,v
P01,S01,22.0,up,KeyV,1791212736271.6,51322.0,v
P01,S01,22.0,down,KeyE,1791212736318.4,51323.0,e
P01,S01,22.0,down,Space,1791212736370.6,51324.0, 
P01,S01,22.0,up,KeyE,1791212736408.4,51323.0,e
P01,S01,22.0,up,Space,1791212736441.3,51324.0, 
P01,S01,22.0,down,KeyB,1791212736533.1,51325.0,b
P01,S01,22.0,up,KeyB,1791212736595.3,51325.0,b
P01,S01,22.0,down,KeyE,1791212736632.1,51326.0,e
P01,S01,22.0,up,KeyE,1791212736704.7,51326.0,e
P01,S01,22.0,down,KeyE,1791212736818.3,51327.0,e
P01,S01,22.0,down,KeyN,1791212736920.4,51328.0,n
P01,S01,22.0,up,KeyE,1791212736923.0,51327.0,e
P01,S01,22.0,up,KeyN,1791212736990.3,51328.0,n
P01,S01,22.0,down,Space,1791212737067.4,51329.0, 
P01,S01,22.0,up,Space,1791212737145.6,51329.0, 
P01,S01,22.0,down,KeyM,1791212737327.7,51330.0,m
P01,S01,22.0,up,KeyM,1791212737408.4,51330.0,m
P01,S01,22.0,down,KeyE,1791212737432.7,51331.0,e
P01,S01,22.0,up,KeyE,1791212737489.4,51331.0,e
P01,S01,22.0,down,KeyA,1791212737627.1,51332.0,a
P01,S01,22.0,down,KeyN,1791212737691.5,51333.0,n
P01,S01,22.0,up,KeyA,1791212737721.3,51332.0,a
P01,S01,22.0,up,KeyN,1791212737761.7,51333.0,n
P01,S01,22.0,down,KeyI,1791212737861.4,51334.0,i
P01,S01,22.0,up,KeyI,1791212737940.7,51334.0,i
P01,S01,22.0,down,KeyN,1791212738040.4,51335.0,n
P01,S01,22.0,up,KeyN,1791212738074.8,51335.0,n
P01,S01,22.0,down,KeyG,1791212738199.7,51336.0,g
P01,S01,22.0,up,KeyG,1791212738263.9,51336.0,g
P01,S01,22.0,down,Space,1791212738346.7,51337.0, 
P01,S01,22.0,up,Space,1791212738423.8,51337.0, 
P01,S01,22.0,down,KeyT,1791212738524.6,51338.0,t
P01,S01,22.0,up,KeyT,1791212738585.9,51338.0,t
P01,S01,22.0,down,KeyO,1791212738757.7,51339.0,o
P01,S01,22.0,up,KeyO,1791212738843.0,51339.0,o
P01,S01,22.0,down,Space,1791212738969.2,51340.0, 
P01,S01,22.0,up,Space,1791212739049.3,51340.0, 
P01,S01,22.0,down,KeyF,1791212739819.1,51341.0,f
P01,S01,22.0,down,KeyI,1791212739904.6,51342.0,i
P01,S01,22.0,up,KeyF,1791212739906.9,51341.0,f
P01,S01,22.0,up,KeyI,1791212739969.7,51342.0,i
P01,S01,22.0,down,KeyN,1791212740062.7,51343.0,n
P01,S01,22.0,up,KeyN,1791212740125.7,51343.0,n
P01,S01,22.0,down,KeyD,1791212740213.4,51344.0,d
P01,S01,22.0,up,KeyD,1791212740322.5,51344.0,d
P01,S01,22.0,down,Space,1791212740388.0,51345.0, 
P01,S01,22.0,up,Space,1791212740459.2,51345.0, 
P01,S01,22.0,down,KeyA,1791212740533.0,51346.0,a
P01,S01,22.0,down,Space,1791212740644.0,51347.0, 
P01,S01,22.0,up,KeyA,1791212740647.2,51346.0,a
P01,S01,22.0,up,Space,1791212740693.0,51347.0, 
P01,S01,22.0,down,KeyN,1791212740816.5,51348.0,n
P01,S01,22.0,up,KeyN,1791212740872.5,51348.0,n
P01,S01,22.0,down,KeyI,1791212740963.1,51349.0,i
P01,S01,22.0,up,KeyI,1791212741063.8,51349.0,i
P01,S01,22.0,down,KeyC,1791212741074.6,51350.0,c
P01,S01,22.0,up,KeyC,1791212741145.3,51350.0,c
P01,S01,22.0,down,KeyE,1791212741249.6,51351.0,e
P01,S01,22.0,down,Space,1791212741283.6,51352.0, 
P01,S01,22.0,up,KeyE,1791212741328.6,51351.0,e
P01,S01,22.0,up,Space,1791212741361.6,51352.0, 
P01,S01,22.0,down,KeyR,1791212741473.8,51353.0,r
P01,S01,22.0,up,KeyR,1791212741546.2,51353.0,r
P01,S01,22.0,down,KeyE,1791212741648.3,51354.0,e
P01,S01,22.0,up,KeyE,1791212741727.5,51354.0,e
P01,S01,22.0,down,KeyS,1791212741815.1,51355.0,s
P01,S01,22.0,up,KeyS,1791212741894.2,51355.0,s
P01,S01,22.0,down,KeyT,1791212742142.1,51356.0,t
P01,S01,22.0,up,KeyT,1791212742221.5,51356.0,t
P01,S01,22.0,down,KeyA,1791212742296.3,51357.0,a
P01,S01,22.0,up,KeyA,1791212742400.4,51357.0,a
P01,S01,22.0,down,KeyU,1791212742537.0,51358.0,u
P01,S01,22.0,up,KeyU,1791212742609.3,51358.0,u
P01,S01,22.0,down,KeyR,1791212742663.8,51359.0,r
P01,S01,22.0,up,KeyR,1791212742735.6,51359.0,r
P01,S01,22.0,down,KeyA,1791212742861.8,51360.0,a
P01,S01,22.0,down,KeyN,1791212742918.6,51361.0,n
P01,S01,22.0,up,KeyA,1791212742964.2,51360.0,a
P01,S01,22.0,up,KeyN,1791212742988.7,51361.0,n
P01,S01,22.0,down,KeyT,1791212743100.0,51362.0,t
P01,S01,22.0,up,KeyT,1791212743161.6,51362.0,t
P01,S01,22.0,down,Space,1791212743282.0,51363.0, 
P01,S01,22.0,up,Space,1791212743377.6,51363.0, 
P01,S01,22.0,down,KeyI,1791212743590.4,51364.0,i
P01,S01,22.0,up,KeyI,1791212743645.9,51364.0,i
P01,S01,22.0,down,KeyN,1791212743798.5,51365.0,n
P01,S01,22.0,up,KeyN,1791212743885.8,51365.0,n
P01,S01,22.0,down,Space,1791212744046.0,51366.0, 
P01,S01,22.0,up,Space,1791212744157.7,51366.0, 
P01,S01,22.0,down,ShiftLeft,1791212744297.6,51367.0,Shift
P01,S01,22.0,down,KeyL,1791212744403.1,51368.0,L
P01,S01,22.0,up,KeyL,1791212744482.1,51368.0,L
P01,S01,22.0,up,ShiftLeft,1791212744558.5,51367.0,Shift
P01,S01,22.0,down,KeyY,1791212744632.9,51369.0,y
P01,S01,22.0,up,KeyY,1791212744687.2,51369.0,y
P01,S01,22.0,down,KeyO,1791212744820.7,51370.0,o
P01,S01,22.0,up,KeyO,1791212744915.9,51370.0,o
P01,S01,22.0,down,KeyN,1791212745022.8,51371.0,n
P01,S01,22.0,up,KeyN,1791212745087.0,51371.0,n
P01,S01,22.0,down,Space,1791212745159.7,51372.0, 
P01,S01,22.0,up,Space,1791212745281.1,51372.0, 
P01,S01,22.0,down,KeyF,1791212745284.7,51373.0,f
P01,S01,22.0,up,KeyF,1791212745379.3,51373.0,f
P01,S01,22.0,down,KeyO,1791212745394.9,51374.0,o
P01,S01,22.0,up,KeyO,1791212745466.4,51374.0,o
P01,S01,22.0,down,KeyR,1791212745500.1,51375.0,r
P01,S01,22.0,down,Space,1791212745620.6,51376.0, 
P01,S01,22.0,up,KeyR,1791212745623.0,51375.0,r
P01,S01,22.0,up,Space,1791212745667.8,51376.0, 
P01,S01,22.0,down,KeyM,1791212745783.7,51377.0,m
P01,S01,22.0,up,KeyM,1791212745854.0,51377.0,m
P01,S01,22.0,down,KeyY,1791212745960.3,51378.0,y
P01,S01,22.0,up,KeyY,1791212746014.7,51378.0,y
P01,S01,22.0,down,Space,1791212746108.5,51379.0, 
P01,S01,22.0,up,Space,1791212746188.2,51379.0, 
P01,S01,22.0,down,KeyD,1791212746277.3,51380.0,d
P01,S01,22.0,up,KeyD,1791212746402.5,51380.0,d
P01,S01,22.0,down,KeyA,1791212746479.4,51381.0,a
P01,S01,22.0,up,KeyA,1791212746551.0,51381.0,a
P01,S01,22.0,down,KeyD,1791212746657.3,51382.0,d
P01,S01,22.0,up,KeyD,1791212746744.0,51382.0,d
P01,S01,22.0,down,Minus,1791212746793.2,51383.0,'
P01,S01,22.0,up,Minus,1791212746857.3,51383.0,'
P01,S01,22.0,down,KeyS,1791212746904.7,51384.0,s
P01,S01,22.0,up,KeyS,1791212746999.0,51384.0,s
P01,S01,22.0,down,Space,1791212747037.0,51385.0, 
P01,S01,22.0,up,Space,1791212747092.8,51385.0, 
P01,S01,22.0,down,KeyB,1791212747242.2,51386.0,b
P01,S01,22.0,up,KeyB,1791212747297.9,51386.0,b
P01,S01,22.0,down,KeyI,1791212747427.2,51387.0,i
P01,S01,22.0,up,KeyI,1791212747507.1,51387.0,i
P01,S01,22.0,down,KeyR,1791212747509.5,51388.0,r
P01,S01,22.0,up,KeyR,1791212747592.1,51388.0,r
P01,S01,22.0,down,KeyT,1791212747631.4,51389.0,t
P01,S01,22.0,up,KeyT,1791212747695.2,51389.0,t
P01,S01,22.0,down,KeyH,1791212747776.4,51390.0,h
P01,S01,22.0,up,KeyH,1791212747873.4,51390.0,h
P01,S01,22.0,down,KeyD,1791212747936.6,51391.0,d
P01,S01,22.0,up,KeyD,1791212748015.4,51391.0,d
P01,S01,22.0,down,KeyA,1791212748128.8,51392.0,a
P01,S01,22.0,down,KeyY,1791212748201.5,51393.0,y
P01,S01,22.0,up,KeyA,1791212748239.6,51392.0,a
P01,S01,22.0,up,KeyY,1791212748264.5,51393.0,y
P01,S01,22.0,down,Period,1791212748419.4,51394.0,.
P01,S01,22.0,up,Period,1791212748570.0,51394.0,.
P01,S01,22.0,down,Space,1791212748664.3,51395.0, 
P01,S01,22.0,up,Space,1791212748719.3,51395.0, 
P01,S01,22.0,down,ShiftLeft,1791212748784.2,51396.0,Shift
P01,S01,22.0,down,KeyI,1791212749040.8,51397.0,I
P01,S01,22.0,up,ShiftLeft,1791212749103.9,51396.0,Shift
P01,S01,22.0,up,KeyI,1791212749105.0,51397.0,I
P01,S01,22.0,down,Space,1791212749197.6,51398.0, 
P01,S01,22.0,up,Space,1791212749268.9,51398.0, 
P01,S01,22.0,down,KeyW,1791212749292.6,51399.0,w
P01,S01,22.0,up,KeyW,1791212749363.7,51399.0,w
P01,S01,22.0,down,KeyA,1791212749478.5,51400.0,a
P01,S01,22.0,up,KeyA,1791212749549.7,51400.0,a
P01,S01,22.0,down,KeyS,1791212749633.3,51401.0,s
P01,S01,22.0,up,KeyS,1791212749753.1,51401.0,s
P01,S01,22.0,down,Space,1791212749788.4,51402.0, 
P01,S01,22.0,up,Space,1791212749867.0,51402.0, 
P01,S01,22.0,down,Backspace,1791212750099.7,51403.0,Backspace
P01,S01,22.0,up,Backspace,1791212750162.3,51403.0,Backspace
P01,S01,22.0,down,Backspace,1791212750272.6,51404.0,Backspace
P01,S01,22.0,up,Backspace,1791212750336.2,51404.0,Backspace
P01,S01,22.0,down,KeyN,1791212750662.7,51405.0,n
P01,S01,22.0,up,KeyN,1791212750773.1,51405.0,n
P01,S01,22.0,down,KeyT,1791212750841.8,51406.0,t
P01,S01,22.0,up,KeyT,1791212750912.2,51406.0,t
P01,S01,22.0,down,KeyE,1791212750912.7,51407.0,e
P01,S01,22.0,up,KeyE,1791212750983.2,51407.0,e
P01,S01,22.0,down,KeyD,1791212751083.0,51408.0,d
P01,S01,22.0,down,Space,1791212751119.0,51409.0, 
P01,S01,22.0,up,KeyD,1791212751177.3,51408.0,d
P01,S01,22.0,up,Space,1791212751202.9,51409.0, 
P01,S01,22.0,down,KeyT,1791212751305.3,51410.0,t
P01,S01,22.0,up,KeyT,1791212751361.9,51410.0,t
P01,S01,22.0,down,KeyO,1791212751481.8,51411.0,o
P01,S01,22.0,up,KeyO,1791212751577.1,51411.0,o
P01,S01,22.0,down,Space,1791212751672.1,51412.0, 
P01,S01,22.0,up,Space,1791212751736.0,51412.0, 
P01,S01,22.0,down,KeyH,1791212751848.6,51413.0,h
P01,S01,22.0,up,KeyH,1791212751927.7,51413.0,h
P01,S01,22.0,down,KeyA,1791212751967.8,51414.0,a
P01,S01,22.0,up,KeyA,1791212752029.9,51414.0,a
P01,S01,22.0,down,KeyV,1791212752059.6,51415.0,v
P01,S01,22.0,up,KeyV,1791212752122.8,51415.0,v
P01,S01,22.0,down,KeyE,1791212752171.1,51416.0,e
P01,S01,22.0,down,Space,1791212752265.1,51417.0, 
P01,S01,22.0,up,KeyE,1791212752266.1,51416.0,e
P01,S01,22.0,up,Space,1791212752338.8,51417.0, 
P01,S01,22.0,down,KeyH,1791212752582.8,51418.0,h
P01,S01,22.0,up,KeyH,1791212752648.5,51418.0,h
P01,S01,22.0,down,KeyO,1791212752791.2,51419.0,o
P01,S01,22.0,up,KeyO,1791212752859.8,51419.0,o
P01,S01,22.0,down,KeyM,1791212752987.5,51420.0,m
P01,S01,22.0,up,KeyM,1791212753058.7,51420.0,m
P01,S01,22.0,down,Backspace,1791212753757.6,51421.0,Backspace
P01,S01,22.0,up,Backspace,1791212753813.5,51421.0,Backspace
P01,S01,22.0,down,Backspace,1791212753921.5,51422.0,Backspace
P01,S01,22.0,up,Backspace,1791212753976.7,51422.0,Backspace
P01,S01,22.0,down,KeyI,1791212754419.2,51423.0,i
P01,S01,22.0,up,KeyI,1791212754482.6,51423.0,i
P01,S01,22.0,down,KeyM,1791212754584.0,51424.0,m
P01,S01,22.0,up,KeyM,1791212754655.7,51424.0,m
P01,S01,22.0,down,Space,1791212754720.5,51425.0, 
P01,S01,22.0,up,Space,1791212754791.2,51425.0, 
P01,S01,22.0,down,KeyG,1791212754997.6,51426.0,g
P01,S01,22.0,up,KeyG,1791212755084.3,51426.0,g
P01,S01,22.0,down,KeyO,1791212755243.7,51427.0,o
P01,S01,22.0,up,KeyO,1791212755330.6,51427.0,o
P01,S01,22.0,down,Space,1791212755434.4,51428.0, 
P01,S01,22.0,up,Space,1791212755489.7,51428.0, 
P01,S01,22.0,down,KeyT,1791212755612.3,51429.0,t
P01,S01,22.0,up,KeyT,1791212755659.6,51429.0,t
P01,S01,22.0,down,KeyO,1791212755807.1,51430.0,o
P01,S01,22.0,up,KeyO,1791212755870.3,51430.0,o
P01,S01,22.0,down,Space,1791212756003.6,51431.0, 
P01,S01,22.0,up,Space,1791212756083.0,51431.0, 
P01,S01,22.0,down,KeyA,1791212756201.1,51432.0,a
P01,S01,22.0,up,KeyA,1791212756312.0,51432.0,a
P01,S01,22.0,down,Space,1791212756330.7,51433.0, 
P01,S01,22.0,up,Space,1791212756378.2,51433.0, 
P01,S01,22.0,down,KeyL,1791212757935.2,51434.0,l
P01,S01,22.0,up,KeyL,1791212758038.7,51434.0,l
P01,S01,22.0,down,KeyY,1791212758242.5,51435.0,y
P01,S01,22.0,up,KeyY,1791212758298.1,51435.0,y
P01,S01,22.0,down,KeyO,1791212758458.0,51436.0,o
P01,S01,22.0,up,KeyO,1791212758544.2,51436.0,o
P01,S01,22.0,down,KeyN,1791212758657.7,51437.0,n
P01,S01,22.0,up,KeyN,1791212758721.3,51437.0,n
P01,S01,22.0,down,KeyN,1791212761075.1,51438.0,n
P01,S01,22.0,up,KeyN,1791212761138.3,51438.0,n
P01,S01,22.0,down,KeyA,1791212761196.2,51439.0,a
P01,S01,22.0,up,KeyA,1791212761290.2,51439.0,a
P01,S01,22.0,down,KeyI,1791212761298.4,51440.0,i
P01,S01,22.0,up,KeyI,1791212761370.3,51440.0,i
P01,S01,22.0,down,KeyS,1791212761410.3,51441.0,s
P01,S01,22.0,down,Space,1791212761513.4,51442.0, 
P01,S01,22.0,up,KeyS,1791212761515.6,51441.0,s
P01,S01,22.0,up,Space,1791212761586.8,51442.0, 
P01,S01,22.0,down,KeyB,1791212761921.6,51443.0,b
P01,S01,22.0,up,KeyB,1791212761984.2,51443.0,b
P01,S01,22.0,down,KeyO,1791212762180.8,51444.0,o
P01,S01,22.0,up,KeyO,1791212762260.0,51444.0,o
P01,S01,22.0,down,KeyU,1791212762379.6,51445.0,u
P01,S01,22.0,up,KeyU,1791212762444.0,51445.0,u
P01,S01,22.0,down,KeyC,1791212762524.1,51446.0,c
P01,S01,22.0,up,KeyC,1791212762602.5,51446.0,c
P01,S01,22.0,down,KeyH,1791212762644.8,51447.0,h
P01,S01,22.0,up,KeyH,1791212762715.9,51447.0,h
P01,S01,22.0,down,KeyO,1791212762854.4,51448.0,o
P01,S01,22.0,up,KeyO,1791212762942.6,51448.0,o
P01,S01,22.0,down,KeyN,1791212763040.4,51449.0,n
P01,S01,22.0,up,KeyN,1791212763113.1,51449.0,n
P01,S01,22.0,down,Space,1791212763193.5,51450.0, 
P01,S01,22.0,up,Space,1791212763286.3,51450.0, 
P01,S01,22.0,down,Backspace,1791212763702.6,51451.0,Backspace
P01,S01,22.0,up,Backspace,1791212763782.3,51451.0,Backspace
"P01,S01,22,down,Comma,1791212763992.8,51452,"",""",,,,Unidentified,,,
"P01,S01,22,up,Comma,1791212764047.7,51452,"",""",,,,Unidentified,,,
P01,S01,22.0,down,Space,1791212764170.1,51453.0, 
P01,S01,22.0,up,Space,1791212764226.0,51453.0, 
P01,S01,22.0,down,KeyA,1791212764596.1,51454.0,a
P01,S01,22.0,down,KeyN,1791212764709.3,51455.0,n
P01,S01,22.0,up,KeyA,1791212764713.2,51454.0,a
P01,S01,22.0,up,KeyN,1791212764787.8,51455.0,n
P01,S01,22.0,down,KeyD,1791212764836.3,51456.0,d
P01,S01,22.0,down,Space,1791212764871.9,51457.0, 
P01,S01,22.0,up,KeyD,1791212764930.6,51456.0,d
P01,S01,22.0,up,Space,1791212764957.5,51457.0, 
P01,S01,22.0,down,KeyS,1791212765187.3,51458.0,s
P01,S01,22.0,up,KeyS,1791212765329.8,51458.0,s
P01,S01,22.0,down,Backspace,1791212765603.2,51459.0,Backspace
P01,S01,22.0,up,Backspace,1791212765657.8,51459.0,Backspace
P01,S01,22.0,down,KeyS,1791212765768.9,51460.0,s
P01,S01,22.0,up,KeyS,1791212765880.6,51460.0,s
P01,S01,22.0,down,KeyE,1791212765958.6,51461.0,e
P01,S01,22.0,up,KeyE,1791212766094.4,51461.0,e
P01,S01,22.0,down,KeyT,1791212766141.1,51462.0,t
P01,S01,22.0,up,KeyT,1791212766194.9,51462.0,t
P01,S01,22.0,down,Space,1791212766331.0,51463.0, 
P01,S01,22.0,up,Space,1791212766418.4,51463.0, 
P01,S01,22.0,down,KeyM,1791212766619.0,51464.0,m
P01,S01,22.0,up,KeyM,1791212766653.6,51464.0,m
P01,S01,22.0,down,KeyY,1791212767113.5,51465.0,y
P01,S01,22.0,up,KeyY,1791212767177.6,51465.0,y
P01,S01,22.0,down,Space,1791212767281.8,51466.0, 
P01,S01,22.0,up,Space,1791212767361.2,51466.0, 
P01,S01,22.0,down,KeyS,1791212767391.4,51467.0,s
P01,S01,22.0,down,KeyI,1791212767495.9,51468.0,i
P01,S01,22.0,up,KeyS,1791212767498.1,51467.0,s
P01,S01,22.0,up,KeyI,1791212767558.8,51468.0,i
P01,S01,22.0,down,KeyG,1791212767673.9,51469.0,g
P01,S01,22.0,up,KeyG,1791212767729.2,51469.0,g
P01,S01,22.0,down,KeyH,1791212767813.8,51470.0,h
P01,S01,22.0,up,KeyH,1791212767902.9,51470.0,h
P01,S01,22.0,down,KeyT,1791212767983.4,51471.0,t
P01,S01,22.0,up,KeyT,1791212768046.9,51471.0,t
P01,S01,22.0,down,KeyS,1791212768107.9,51472.0,s
P01,S01,22.0,down,Space,1791212768167.0,51473.0, 
P01,S01,22.0,up,KeyS,1791212768212.4,51472.0,s
P01,S01,22.0,up,Space,1791212768238.1,51473.0, 
P01,S01,22.0,down,KeyI,1791212768355.5,51474.0,i
P01,S01,22.0,up,KeyI,1791212768434.7,51474.0,i
P01,S01,22.0,down,KeyN,1791212768531.2,51475.0,n
P01,S01,22.0,up,KeyN,1791212768594.4,51475.0,n
P01,S01,22.0,down,Space,1791212768671.3,51476.0, 
P01,S01,22.0,up,Space,1791212768755.7,51476.0, 
P01,S01,22.0,down,KeyT,1791212768849.6,51477.0,t
P01,S01,22.0,up,KeyT,1791212768915.1,51477.0,t
P01,S01,22.0,down,KeyH,1791212768998.7,51478.0,h
P01,S01,22.0,up,KeyH,1791212769107.8,51478.0,h
P01,S01,22.0,down,KeyE,1791212769108.7,51479.0,e
P01,S01,22.0,down,Space,1791212769200.7,51480.0, 
P01,S01,22.0,up,KeyE,1791212769203.6,51479.0,e
P01,S01,22.0,up,Space,1791212769274.4,51480.0, 
P01,S01,22.0,down,KeyP,1791212769581.4,51481.0,p
P01,S01,22.0,up,KeyP,1791212769621.2,51481.0,p
P01,S01,22.0,down,KeyA,1791212770121.8,51482.0,a
P01,S01,22.0,up,KeyA,1791212770191.4,51482.0,a
P01,S01,22.0,down,KeyL,1791212770681.1,51483.0,l
P01,S01,22.0,up,KeyL,1791212770760.1,51483.0,l
P01,S01,22.0,down,KeyA,1791212770843.8,51484.0,a
P01,S01,22.0,up,KeyA,1791212770902.6,51484.0,a
P01,S01,22.0,down,KeyI,1791212771099.3,51485.0,i
P01,S01,22.0,up,KeyI,1791212771178.1,51485.0,i
P01,S01,22.0,down,KeyS,1791212771262.4,51486.0,s
P01,S01,22.0,down,Space,1791212771361.1,51487.0, 
P01,S01,22.0,up,KeyS,1791212771363.4,51486.0,s
P01,S01,22.0,up,Space,1791212771431.3,51487.0, 
P01,S01,22.0,down,KeyG,1791212771652.7,51488.0,g
P01,S01,22.0,up,KeyG,1791212771715.2,51488.0,g
P01,S01,22.0,down,KeyR,1791212771805.8,51489.0,r
P01,S01,22.0,up,KeyR,1791212771933.4,51489.0,r
P01,S01,22.0,down,KeyI,1791212771938.4,51490.0,i
P01,S01,22.0,up,KeyI,1791212771997.5,51490.0,i
P01,S01,22.0,down,KeyL,1791212772145.7,51491.0,l
P01,S01,22.0,up,KeyL,1791212772208.2,51491.0,l
P01,S01,22.0,down,KeyL,1791212772290.6,51492.0,l
P01,S01,22.0,up,KeyL,1791212772368.2,51492.0,l
P01,S01,22.0,down,KeyE,1791212772369.5,51493.0,e
P01,S01,22.0,up,KeyE,1791212772470.7,51493.0,e
P01,S01,22.0,down,KeyT,1791212772604.1,51494.0,t
P01,S01,22.0,up,KeyT,1791212772659.0,51494.0,t
P01,S01,22.0,down,Period,1791212772998.9,51495.0,.
P01,S01,22.0,up,Period,1791212773118.2,51495.0,.
P01,S01,22.0,down,Space,1791212773242.9,51496.0, 
P01,S01,22.0,up,Space,1791212773306.5,51496.0, 
P01,S01,22.0,down,ShiftLeft,1791212773366.3,51497.0,Shift
P01,S01,22.0,down,KeyS,1791212773717.2,51498.0,S
P01,S01,22.0,up,ShiftLeft,1791212773818.6,51497.0,Shift
P01,S01,22.0,up,KeyS,1791212773836.2,51498.0,S
P01,S01,22.0,down,Backspace,1791212774410.0,51499.0,Backspace
P01,S01,22.0,up,Backspace,1791212774473.3,51499.0,Backspace
P01,S01,22.0,down,ShiftLeft,1791212774642.0,51500.0,Shift
P01,S01,22.0,down,KeyI,1791212774739.9,51501.0,I
P01,S01,22.0,up,KeyI,1791212774803.9,51501.0,I
P01,S01,22.0,up,ShiftLeft,1791212774856.5,51500.0,Shift
P01,S01,22.0,down,Space,1791212774911.3,51502.0, 
P01,S01,22.0,up,Space,1791212774967.2,51502.0, 
P01,S01,22.0,down,KeyL,1791212775086.7,51503.0,l
P01,S01,22.0,up,KeyL,1791212775158.0,51503.0,l
P01,S01,22.0,down,KeyI,1791212775250.7,51504.0,i
P01,S01,22.0,up,KeyI,1791212775314.1,51504.0,i
P01,S01,22.0,down,KeyK,1791212775389.6,51505.0,k
P01,S01,22.0,up,KeyK,1791212775476.8,51505.0,k
P01,S01,22.0,down,KeyE,1791212775477.8,51506.0,e
P01,S01,22.0,up,KeyE,1791212775552.8,51506.0,e
P01,S01,22.0,down,KeyD,1791212775668.0,51507.0,d
P01,S01,22.0,down,Space,1791212775724.3,51508.0, 
P01,S01,22.0,up,KeyD,1791212775759.3,51507.0,d
P01,S01,22.0,up,Space,1791212775785.3,51508.0, 
P01,S01,22.0,down,KeyI,1791212775895.8,51509.0,i
P01,S01,22.0,up,KeyI,1791212775967.1,51509.0,i
P01,S01,22.0,down,KeyT,1791212776084.9,51510.0,t
P01,S01,22.0,up,KeyT,1791212776148.2,51510.0,t
P01,S01,22.0,down,Space,1791212776244.7,51511.0, 
P01,S01,22.0,up,Space,1791212776340.5,51511.0, 
P01,S01,22.0,down,KeyB,1791212776744.9,51512.0,b
P01,S01,22.0,up,KeyB,1791212776809.3,51512.0,b
P01,S01,22.0,down,KeyE,1791212776810.4,51513.0,e
P01,S01,22.0,up,KeyE,1791212776886.9,51513.0,e
P01,S01,22.0,down,KeyC,1791212776921.6,51514.0,c
P01,S01,22.0,up,KeyC,1791212776985.9,51514.0,c
P01,S01,22.0,down,KeyA,1791212777067.2,51515.0,a
P01,S01,22.0,up,KeyA,1791212777106.1,51515.0,a
P01,S01,22.0,down,KeyU,1791212777142.6,51516.0,u
P01,S01,22.0,up,KeyU,1791212777221.7,51516.0,u
P01,S01,22.0,down,KeyS,1791212777248.4,51517.0,s
P01,S01,22.0,up,KeyS,1791212777334.8,51517.0,s
P01,S01,22.0,down,KeyE,1791212777433.5,51518.0,e
P01,S01,22.0,down,Space,1791212777476.3,51519.0, 
P01,S01,22.0,up,Space,1791212777555.3,51519.0, 
P01,S01,22.0,up,KeyE,1791212777556.9,51518.0,e
P01,S01,22.0,down,KeyI,1791212777691.3,51520.0,i
P01,S01,22.0,up,KeyI,1791212777770.3,51520.0,i
P01,S01,22.0,down,KeyT,1791212777901.8,51521.0,t
P01,S01,22.0,up,KeyT,1791212777966.0,51521.0,t
P01,S01,22.0,down,Space,1791212778094.6,51522.0, 
P01,S01,22.0,up,Space,1791212778147.9,51522.0, 
P01,S01,22.0,down,KeyI,1791212778263.8,51523.0,i
P01,S01,22.0,up,KeyI,1791212778333.5,51523.0,i
P01,S01,22.0,down,KeyS,1791212778364.4,51524.0,s
P01,S01,22.0,down,Space,1791212778461.4,51525.0, 
P01,S01,22.0,up,KeyS,1791212778465.1,51524.0,s
P01,S01,22.0,up,Space,1791212778539.3,51525.0, 
P01,S01,22.0,down,KeyA,1791212778588.0,51526.0,a
P01,S01,22.0,down,Space,1791212778695.2,51527.0, 
P01,S01,22.0,up,KeyA,1791212778697.8,51526.0,a
P01,S01,22.0,up,Space,1791212778773.0,51527.0, 
P01,S01,22.0,down,KeyR,1791212778831.2,51528.0,r
P01,S01,22.0,up,KeyR,1791212778911.3,51528.0,r
P01,S01,22.0,down,KeyE,1791212779009.0,51529.0,e
P01,S01,22.0,up,KeyE,1791212779160.3,51529.0,e
P01,S01,22.0,down,KeyG,1791212779170.1,51530.0,g
P01,S01,22.0,up,KeyG,1791212779242.1,51530.0,g
P01,S01,22.0,down,KeyO,1791212779384.8,51531.0,o
P01,S01,22.0,up,KeyO,1791212779464.9,51531.0,o
P01,S01,22.0,down,Backspace,1791212780260.5,51532.0,Backspace
P01,S01,22.0,up,Backspace,1791212780348.5,51532.0,Backspace
P01,S01,22.0,down,Backspace,1791212780479.1,51533.0,Backspace
P01,S01,22.0,up,Backspace,1791212780560.3,51533.0,Backspace
P01,S01,22.0,down,KeyC,1791212780653.2,51534.0,c
P01,S01,22.0,up,KeyC,1791212780740.4,51534.0,c
P01,S01,22.0,down,KeyO,1791212780813.3,51535.0,o
P01,S01,22.0,up,KeyO,1791212780876.8,51535.0,o
P01,S01,22.0,down,KeyG,1791212781459.2,51536.0,g
P01,S01,22.0,up,KeyG,1791212781551.6,51536.0,g
P01,S01,22.0,down,KeyN,1791212781631.9,51537.0,n
P01,S01,22.0,up,KeyN,1791212781703.2,51537.0,n
P01,S01,22.0,down,KeyI,1791212781805.9,51538.0,i
P01,S01,22.0,up,KeyI,1791212781892.8,51538.0,i
P01,S01,22.0,down,KeyZ,1791212781923.4,51539.0,z
P01,S01,22.0,up,KeyZ,1791212782011.9,51539.0,z
P01,S01,22.0,down,KeyE,1791212782104.8,51540.0,e
P01,S01,22.0,up,KeyE,1791212782200.3,51540.0,e
P01,S01,22.0,down,KeyD,1791212782292.6,51541.0,d
P01,S01,22.0,down,Space,1791212782319.6,51542.0, 
P01,S01,22.0,up,Space,1791212782381.6,51542.0, 
P01,S01,22.0,up,KeyD,1791212782401.9,51541.0,d
P01,S01,22.0,down,KeyB,1791212782493.4,51543.0,b
P01,S01,22.0,up,KeyB,1791212782553.3,51543.0,b
P01,S01,22.0,down,KeyO,1791212782742.3,51544.0,o
P01,S01,22.0,up,KeyO,1791212782801.9,51544.0,o
P01,S01,22.0,down,KeyU,1791212782907.9,51545.0,u
P01,S01,22.0,up,KeyU,1791212782971.0,51545.0,u
P01,S01,22.0,down,KeyC,1791212783021.2,51546.0,c
P01,S01,22.0,down,KeyH,1791212783123.4,51547.0,h
P01,S01,22.0,up,KeyC,1791212783125.8,51546.0,c
P01,S01,22.0,up,KeyH,1791212783171.1,51547.0,h
P01,S01,22.0,down,KeyO,1791212783322.6,51548.0,o
P01,S01,22.0,up,KeyO,1791212783394.3,51548.0,o
P01,S01,22.0,down,KeyN,1791212783498.9,51549.0,n
P01,S01,22.0,up,KeyN,1791212783561.5,51549.0,n
P01,S01,22.0,down,Space,1791212783642.8,51550.0, 
P01,S01,22.0,up,Space,1791212783714.4,51550.0, 
P01,S01,22.0,down,KeyB,1791212783822.8,51551.0,b
P01,S01,22.0,up,KeyB,1791212783886.2,51551.0,b
P01,S01,22.0,down,KeyU,1791212784029.7,51552.0,u
P01,S01,22.0,up,KeyU,1791212784117.6,51552.0,u
P01,S01,22.0,down,KeyT,1791212784220.6,51553.0,t
P01,S01,22.0,up,KeyT,1791212784292.4,51553.0,t
P01,S01,22.0,down,Space,1791212784384.6,51554.0, 
P01,S01,22.0,up,Space,1791212784464.3,51554.0, 
P01,S01,22.0,down,KeyI,1791212784587.7,51555.0,i
P01,S01,22.0,up,KeyI,1791212784665.4,51555.0,i
P01,S01,22.0,down,KeyT,1791212784809.5,51556.0,t
P01,S01,22.0,up,KeyT,1791212784841.9,51556.0,t
P01,S01,22.0,down,Minus,1791212785113.8,51557.0,'
P01,S01,22.0,up,Minus,1791212785200.8,51557.0,'
P01,S01,22.0,down,KeyS,1791212785297.6,51558.0,s
P01,S01,22.0,up,KeyS,1791212785386.2,51558.0,s
P01,S01,22.0,down,Space,1791212785596.2,51559.0, 
P01,S01,22.0,up,Space,1791212785659.9,51559.0, 
P01,S01,22.0,down,KeyN,1791212785765.3,51560.0,n
P01,S01,22.0,up,KeyN,1791212785908.3,51560.0,n
P01,S01,22.0,down,KeyO,1791212785966.3,51561.0,o
P01,S01,22.0,up,KeyO,1791212786053.2,51561.0,o
P01,S01,22.0,down,Space,1791212786194.4,51562.0, 
P01,S01,22.0,up,Space,1791212786264.9,51562.0, 
P01,S01,22.0,down,ShiftLeft,1791212786401.2,51563.0,Shift
P01,S01,22.0,down,KeyT,1791212786537.0,51564.0,T
P01,S01,22.0,up,KeyT,1791212786611.0,51564.0,T
P01,S01,22.0,down,KeyH,1791212786702.2,51565.0,H
P01,S01,22.0,up,KeyH,1791212786858.4,51565.0,H
P01,S01,22.0,down,KeyA,1791212786861.2,51566.0,A
P01,S01,22.0,down,KeyT,1791212786937.4,51567.0,T
P01,S01,22.0,up,KeyA,1791212786964.5,51566.0,A
P01,S01,22.0,up,KeyT,1791212787006.7,51567.0,T
P01,S01,22.0,up,ShiftLeft,1791212787034.8,51563.0,Shift
P01,S01,22.0,down,Space,1791212787128.7,51568.0, 
P01,S01,22.0,up,Space,1791212787209.3,51568.0, 
P01,S01,22.0,down,KeyT,1791212787400.8,51569.0,t
P01,S01,22.0,up,KeyT,1791212787472.1,51569.0,t
P01,S01,22.0,down,KeyR,1791212787538.9,51570.0,r
P01,S01,22.0,up,KeyR,1791212787661.4,51570.0,r
P01,S01,22.0,down,KeyI,1791212787709.1,51571.0,i
P01,S01,22.0,up,KeyI,1791212787789.0,51571.0,i
P01,S01,22.0,down,KeyP,1791212787916.6,51572.0,p
P01,S01,22.0,up,KeyP,1791212787996.2,51572.0,p
P01,S01,22.0,down,KeyE,1791212788023.1,51573.0,e
P01,S01,22.0,up,KeyE,1791212788118.7,51573.0,e
P01,S01,22.0,down,Space,1791212788135.0,51574.0, 
P01,S01,22.0,up,Space,1791212788198.1,51574.0, 
P01,S01,22.0,down,KeyH,1791212788327.2,51575.0,h
P01,S01,22.0,up,KeyH,1791212788406.5,51575.0,h
P01,S01,22.0,down,KeyE,1791212788466.4,51576.0,e
P01,S01,22.0,up,KeyE,1791212788553.7,51576.0,e
P01,S01,22.0,down,KeyA,1791212788720.5,51577.0,a
P01,S01,22.0,up,KeyA,1791212788839.6,51577.0,a
P01,S01,22.0,down,KeyV,1791212789301.1,51578.0,v
P01,S01,22.0,up,KeyV,1791212789396.6,51578.0,v
P01,S01,22.0,down,KeyY,1791212789436.5,51579.0,y
P01,S01,22.0,up,KeyY,1791212789500.1,51579.0,y
P01,S01,22.0,down,Period,1791212789675.3,51580.0,.
P01,S01,22.0,up,Period,1791212789778.4,51580.0,.
P01,S01,22.0,down,Space,1791212789883.1,51581.0, 
P01,S01,22.0,up,Space,1791212789981.9,51581.0, 
P01,S01,22.0,down,ShiftLeft,1791212789983.6,51582.0,Shift
P01,S01,22.0,down,KeyB,1791212790084.6,51583.0,B
P01,S01,22.0,up,KeyB,1791212790148.1,51583.0,B
P01,S01,22.0,up,ShiftLeft,1791212790263.6,51582.0,Shift
P01,S01,22.0,down,KeyU,1791212790284.9,51584.0,u
P01,S01,22.0,up,KeyU,1791212790372.6,51584.0,u
P01,S01,22.0,down,KeyT,1791212790479.1,51585.0,t
P01,S01,22.0,up,KeyT,1791212790540.1,51585.0,t
P01,S01,22.0,down,Space,1791212790633.2,51586.0, 
P01,S01,22.0,down,KeyA,1791212790700.6,51587.0,a
P01,S01,22.0,up,Space,1791212790735.1,51586.0, 
P01,S01,22.0,up,KeyA,1791212790802.7,51587.0,a
P01,S01,22.0,down,KeyR,1791212790918.1,51588.0,r
P01,S01,22.0,up,KeyR,1791212791046.9,51588.0,r
P01,S01,22.0,down,KeyE,1791212791105.1,51589.0,e
P01,S01,22.0,down,Space,1791212791141.7,51590.0, 
P01,S01,22.0,up,Space,1791212791214.9,51590.0, 
P01,S01,22.0,up,KeyE,1791212791216.7,51589.0,e
P01,S01,22.0,down,KeyT,1791212791311.0,51591.0,t
P01,S01,22.0,up,KeyT,1791212791374.4,51591.0,t
P01,S01,22.0,down,KeyH,1791212791465.8,51592.0,h
P01,S01,22.0,down,KeyE,1791212791503.6,51593.0,e
P01,S01,22.0,up,KeyH,1791212791560.2,51592.0,h
P01,S01,22.0,up,KeyE,1791212791581.7,51593.0,e
P01,S01,22.0,down,KeyR,1791212791676.8,51594.0,r
P01,S01,22.0,up,KeyR,1791212791755.4,51594.0,r
P01,S01,22.0,down,KeyE,1791212791845.3,51595.0,e
P01,S01,22.0,down,Space,1791212791942.7,51596.0, 
P01,S01,22.0,up,KeyE,1791212791944.9,51595.0,e
P01,S01,22.0,up,Space,1791212792005.9,51596.0, 
P01,S01,22.0,down,KeyA,1791212792073.8,51597.0,a
P01,S01,22.0,down,KeyN,1791212792129.5,51598.0,n
P01,S01,22.0,up,KeyA,1791212792180.0,51597.0,a
P01,S01,22.0,up,KeyN,1791212792207.3,51598.0,n
P01,S01,22.0,down,KeyY,1791212792310.6,51599.0,y
P01,S01,22.0,up,KeyY,1791212792373.4,51599.0,y
P01,S01,22.0,down,Space,1791212792461.8,51600.0, 
P01,S01,22.0,up,Space,1791212792541.0,51600.0, 
P01,S01,22.0,down,KeyA,1791212792542.0,51601.0,a
P01,S01,22.0,up,KeyA,1791212792646.0,51601.0,a
P01,S01,22.0,down,KeyL,1791212792663.7,51602.0,l
P01,S01,22.0,up,KeyL,1791212792751.1,51602.0,l
P01,S01,22.0,down,KeyT,1791212792889.4,51603.0,t
P01,S01,22.0,up,KeyT,1791212792967.0,51603.0,t
P01,S01,22.0,down,KeyE,1791212792968.1,51604.0,e
P01,S01,22.0,up,KeyE,1791212793036.5,51604.0,e
P01,S01,22.0,down,KeyR,1791212793124.3,51605.0,r
P01,S01,22.0,down,KeyN,1791212793163.8,51606.0,n
P01,S01,22.0,up,KeyR,1791212793209.0,51605.0,r
P01,S01,22.0,up,KeyN,1791212793240.8,51606.0,n
P01,S01,22.0,down,KeyA,1791212793341.6,51607.0,a
P01,S01,22.0,down,KeyT,1791212793397.7,51608.0,t
P01,S01,22.0,up,KeyT,1791212793460.7,51608.0,t
P01,S01,22.0,up,KeyA,1791212793462.7,51607.0,a
P01,S01,22.0,down,KeyI,1791212793584.7,51609.0,i
P01,S01,22.0,up,KeyI,1791212793682.6,51609.0,i
P01,S01,22.0,down,KeyV,1791212793806.9,51610.0,v
P01,S01,22.0,up,KeyV,1791212793886.4,51610.0,v
P01,S01,22.0,down,KeyE,1791212793887.3,51611.0,e
P01,S01,22.0,up,KeyE,1791212793963.1,51611.0,e
P01,S01,22.0,down,KeyS,1791212794058.6,51612.0,s
P01,S01,22.0,up,KeyS,1791212794225.2,51612.0,s
P01,S01,22.0,down,ShiftLeft,1791212794405.4,51613.0,Shift
P01,S01,22.0,down,Minus,1791212794677.8,51614.0,?
P01,S01,22.0,up,Minus,1791212794750.1,51614.0,?
P01,S01,22.0,up,ShiftLeft,1791212794791.2,51613.0,Shift
P01,S01,22.0,down,Enter,1791212794887.7,51615.0,Enter
P01,S01,22.0,up,Enter,1791212794974.7,51615.0,Enter
P01,S01,23.0,down,ShiftLeft,1791212854613.1,51616.0,Shift
P01,S01,23.0,down,KeyI,1791212854845.8,51617.0,I
P01,S01,23.0,up,KeyI,1791212854925.1,51617.0,I
P01,S01,23.0,up,ShiftLeft,1791212854968.7,51616.0,Shift
P01,S01,23.0,down,Space,1791212855038.4,51618.0, 
P01,S01,23.0,up,Space,1791212855116.5,51618.0, 
P01,S01,23.0,down,KeyG,1791212855220.7,51619.0,g
P01,S01,23.0,up,KeyG,1791212855292.9,51619.0,g
P01,S01,23.0,down,KeyE,1791212855373.7,51620.0,e
P01,S01,23.0,up,KeyE,1791212855469.5,51620.0,e
P01,S01,23.0,down,KeyT,1791212855651.8,51621.0,t
P01,S01,23.0,up,KeyT,1791212855724.4,51621.0,t
P01,S01,23.0,down,Space,1791212855837.8,51622.0, 
P01,S01,23.0,up,Space,1791212855901.2,51622.0, 
P01,S01,23.0,down,KeyY,1791212856063.8,51623.0,y
P01,S01,23.0,up,KeyY,1791212856113.2,51623.0,y
P01,S01,23.0,down,KeyO,1791212856275.5,51624.0,o
P01,S01,23.0,up,KeyO,1791212856354.6,51624.0,o
P01,S01,23.0,down,KeyU,1791212856467.7,51625.0,u
P01,S01,23.0,up,KeyU,1791212856568.6,51625.0,u
"P01,S01,23,down,Comma,1791212856683.3,51626,"",""",,,,Unidentified,,,
"P01,S01,23,up,Comma,1791212856771.3,51626,"",""",,,,Unidentified,,,
P01,S01,23.0,down,Space,1791212856889.7,51627.0, 
P01,S01,23.0,up,Space,1791212856959.5,51627.0, 
P01,S01,23.0,down,KeyB,1791212857046.0,51628.0,b
P01,S01,23.0,up,KeyB,1791212857109.1,51628.0,b
P01,S01,23.0,down,KeyT,1791212857444.9,51629.0,t
P01,S01,23.0,up,KeyT,1791212857506.1,51629.0,t
P01,S01,23.0,down,Backspace,1791212857814.0,51630.0,Backspace
P01,S01,23.0,up,Backspace,1791212857867.0,51630.0,Backspace
P01,S01,23.0,down,KeyU,1791212858125.6,51631.0,u
P01,S01,23.0,up,KeyU,1791212858201.8,51631.0,u
P01,S01,23.0,down,KeyT,1791212858322.9,51632.0,t
P01,S01,23.0,up,KeyT,1791212858386.4,51632.0,t
P01,S01,23.0,down,Space,1791212858490.1,51633.0, 
P01,S01,23.0,up,Space,1791212858560.3,51633.0, 
P01,S01,23.0,down,KeyT,1791212858667.8,51634.0,t
P01,S01,23.0,up,KeyT,1791212858722.6,51634.0,t
P01,S01,23.0,down,KeyH,1791212858822.0,51635.0,h
P01,S01,23.0,up,KeyH,1791212858917.4,51635.0,h
P01,S01,23.0,down,KeyE,1791212858953.7,51636.0,e
P01,S01,23.0,down,Space,1791212859018.5,51637.0, 
P01,S01,23.0,up,KeyE,1791212859051.7,51636.0,e
P01,S01,23.0,up,Space,1791212859141.1,51637.0, 
P01,S01,23.0,down,KeyP,1791212859227.4,51638.0,p
P01,S01,23.0,up,KeyP,1791212859298.5,51638.0,p
P01,S01,23.0,down,KeyA,1791212859337.8,51639.0,a
P01,S01,23.0,up,KeyA,1791212859417.0,51639.0,a
P01,S01,23.0,down,KeyP,1791212859479.1,51640.0,p
P01,S01,23.0,up,KeyP,1791212859510.5,51640.0,p
P01,S01,23.0,down,Backspace,1791212859808.8,51641.0,Backspace
P01,S01,23.0,up,Backspace,1791212859897.1,51641.0,Backspace
P01,S01,23.0,down,KeyL,1791212860108.7,51642.0,l
P01,S01,23.0,up,KeyL,1791212860207.5,51642.0,l
P01,S01,23.0,down,KeyA,1791212860234.6,51643.0,a
P01,S01,23.0,up,KeyA,1791212860322.2,51643.0,a
P01,S01,23.0,down,KeyI,1791212860338.6,51644.0,i
P01,S01,23.0,up,KeyI,1791212860418.0,51644.0,i
P01,S01,23.0,down,KeyS,1791212860452.2,51645.0,s
P01,S01,23.0,down,Space,1791212860526.4,51646.0, 
P01,S01,23.0,up,KeyS,1791212860554.0,51645.0,s
P01,S01,23.0,up,Space,1791212860612.7,51646.0, 
P01,S01,23.0,down,KeyS,1791212860814.8,51647.0,s
P01,S01,23.0,up,KeyS,1791212860917.9,51647.0,s
P01,S01,23.0,down,KeyT,1791212861064.4,51648.0,t
P01,S01,23.0,up,KeyT,1791212861135.7,51648.0,t
P01,S01,23.0,down,KeyI,1791212861268.9,51649.0,i
P01,S01,23.0,up,KeyI,1791212861398.7,51649.0,i
P01,S01,23.0,down,KeyL,1791212861505.5,51650.0,l
P01,S01,23.0,up,KeyL,1791212861552.6,51650.0,l
P01,S01,23.0,down,KeyL,1791212861651.8,51651.0,l
P01,S01,23.0,up,KeyL,1791212861714.9,51651.0,l
P01,S01,23.0,down,Space,1791212861829.5,51652.0, 
P01,S01,23.0,up,Space,1791212861892.5,51652.0, 
P01,S01,23.0,down,KeyH,1791212862461.0,51653.0,h
P01,S01,23.0,up,KeyH,1791212862545.4,51653.0,h
P01,S01,23.0,down,KeyA,1791212862566.3,51654.0,a
P01,S01,23.0,up,KeyA,1791212862645.8,51654.0,a
P01,S01,23.0,down,KeyS,1791212862729.1,51655.0,s
P01,S01,23.0,down,Space,1791212862763.0,51656.0, 
P01,S01,23.0,up,KeyS,1791212862838.7,51655.0,s
P01,S01,23.0,up,Space,1791212862857.9,51656.0, 
P01,S01,23.0,down,KeyT,1791212862963.9,51657.0,t
P01,S01,23.0,up,KeyT,1791212863027.7,51657.0,t
P01,S01,23.0,down,KeyH,1791212863124.0,51658.0,h
P01,S01,23.0,up,KeyH,1791212863226.7,51658.0,h
P01,S01,23.0,down,KeyA,1791212863228.4,51659.0,a
P01,S01,23.0,down,KeyT,1791212863326.6,51660.0,t
P01,S01,23.0,up,KeyA,1791212863330.0,51659.0,a
P01,S01,23.0,up,KeyT,1791212863381.9,51660.0,t
P01,S01,23.0,down,Space,1791212863459.8,51661.0, 
P01,S01,23.0,up,Space,1791212863562.3,51661.0, 
P01,S01,23.0,down,KeyO,1791212863982.5,51662.0,o
P01,S01,23.0,up,KeyO,1791212864062.2,51662.0,o
P01,S01,23.0,down,KeyF,1791212864199.4,51663.0,f
P01,S01,23.0,up,KeyF,1791212864269.1,51663.0,f
P01,S01,23.0,down,KeyF,1791212864366.8,51664.0,f
P01,S01,23.0,up,KeyF,1791212864446.9,51664.0,f
P01,S01,23.0,down,KeyI,1791212864497.8,51665.0,i
P01,S01,23.0,up,KeyI,1791212864577.4,51665.0,i
P01,S01,23.0,down,KeyC,1791212864773.8,51666.0,c
P01,S01,23.0,up,KeyC,1791212864853.2,51666.0,c
P01,S01,23.0,down,KeyI,1791212864913.3,51667.0,i
P01,S01,23.0,up,KeyI,1791212864997.6,51667.0,i
P01,S01,23.0,down,KeyA,1791212865091.7,51668.0,a
P01,S01,23.0,up,KeyA,1791212865205.0,51668.0,a
P01,S01,23.0,down,KeyL,1791212865213.1,51669.0,l
P01,S01,23.0,up,KeyL,1791212865300.9,51669.0,l
P01,S01,23.0,down,Space,1791212865401.5,51670.0, 
P01,S01,23.0,up,Space,1791212865464.7,51670.0, 
P01,S01,23.0,down,KeyB,1791212865617.8,51671.0,b
P01,S01,23.0,up,KeyB,1791212865681.7,51671.0,b
P01,S01,23.0,down,KeyO,1791212865854.3,51672.0,o
P01,S01,23.0,up,KeyO,1791212865941.8,51672.0,o
P01,S01,23.0,down,KeyU,1791212866072.6,51673.0,u
P01,S01,23.0,up,KeyU,1791212866173.7,51673.0,u
P01,S01,23.0,down,KeyC,1791212866193.4,51674.0,c
P01,S01,23.0,down,KeyH,1791212866296.9,51675.0,h
P01,S01,23.0,up,KeyC,1791212866300.0,51674.0,c
P01,S01,23.0,up,KeyH,1791212866351.0,51675.0,h
P01,S01,23.0,down,KeyO,1791212866467.8,51676.0,o
P01,S01,23.0,up,KeyO,1791212866546.5,51676.0,o
P01,S01,23.0,down,KeyN,1791212866658.5,51677.0,n
P01,S01,23.0,up,KeyN,1791212866721.0,51677.0,n
P01,S01,23.0,down,Space,1791212866795.6,51678.0, 
P01,S01,23.0,up,Space,1791212866866.3,51678.0, 
P01,S01,23.0,down,KeyC,1791212866968.9,51679.0,c
P01,S01,23.0,up,KeyC,1791212867035.0,51679.0,c
P01,S01,23.0,down,KeyE,1791212867037.0,51680.0,e
P01,S01,23.0,up,KeyE,1791212867102.4,51680.0,e
P01,S01,23.0,down,KeyR,1791212867218.6,51681.0,r
P01,S01,23.0,down,KeyT,1791212867267.6,51682.0,t
P01,S01,23.0,up,KeyR,1791212867288.6,51681.0,r
P01,S01,23.0,up,KeyT,1791212867343.4,51682.0,t
P01,S01,23.0,down,KeyI,1791212867469.2,51683.0,i
P01,S01,23.0,up,KeyI,1791212867556.5,51683.0,i
P01,S01,23.0,down,KeyF,1791212867618.3,51684.0,f
P01,S01,23.0,down,KeyI,1791212867697.0,51685.0,i
P01,S01,23.0,up,KeyF,1791212867699.3,51684.0,f
P01,S01,23.0,up,KeyI,1791212867760.3,51685.0,i
P01,S01,23.0,down,KeyC,1791212867821.9,51686.0,c
P01,S01,23.0,up,KeyC,1791212867908.6,51686.0,c
P01,S01,23.0,down,KeyA,1791212868021.4,51687.0,a
P01,S01,23.0,down,KeyT,1791212868168.5,51688.0,t
P01,S01,23.0,up,KeyA,1791212868172.3,51687.0,a
P01,S01,23.0,up,KeyT,1791212868264.0,51688.0,t
P01,S01,23.0,down,KeyI,1791212868361.9,51689.0,i
P01,S01,23.0,up,KeyI,1791212868441.8,51689.0,i
P01,S01,23.0,down,KeyO,1791212868531.0,51690.0,o
P01,S01,23.0,up,KeyO,1791212868602.9,51690.0,o
P01,S01,23.0,down,KeyN,1791212868704.4,51691.0,n
P01,S01,23.0,up,KeyN,1791212868759.8,51691.0,n
P01,S01,23.0,down,Space,1791212868849.5,51692.0, 
P01,S01,23.0,up,Space,1791212868911.9,51692.0, 
P01,S01,23.0,down,KeyG,1791212869020.1,51693.0,g
P01,S01,23.0,up,KeyG,1791212869059.3,51693.0,g
P01,S01,23.0,down,KeyO,1791212869248.3,51694.0,o
P01,S01,23.0,up,KeyO,1791212869348.2,51694.0,o
P01,S01,23.0,down,KeyI,1791212869439.3,51695.0,i
P01,S01,23.0,up,KeyI,1791212869502.5,51695.0,i
P01,S01,23.0,down,KeyN,1791212869634.1,51696.0,n
P01,S01,23.0,up,KeyN,1791212869697.9,51696.0,n
P01,S01,23.0,down,KeyG,1791212870042.0,51697.0,g
P01,S01,23.0,up,KeyG,1791212870097.2,51697.0,g
P01,S01,23.0,down,Space,1791212870198.3,51698.0, 
P01,S01,23.0,up,Space,1791212870293.8,51698.0, 
P01,S01,23.0,down,KeyF,1791212870758.1,51699.0,f
P01,S01,23.0,up,KeyF,1791212870821.4,51699.0,f
P01,S01,23.0,down,KeyO,1791212870871.6,51700.0,o
P01,S01,23.0,up,KeyO,1791212870965.1,51700.0,o
P01,S01,23.0,down,KeyR,1791212870966.9,51701.0,r
P01,S01,23.0,down,Space,1791212871067.2,51702.0, 
P01,S01,23.0,up,KeyR,1791212871069.7,51701.0,r
P01,S01,23.0,up,Space,1791212871123.1,51702.0, 
P01,S01,23.0,down,KeyI,1791212871238.1,51703.0,i
P01,S01,23.0,up,KeyI,1791212871317.4,51703.0,i
P01,S01,23.0,down,KeyT,1791212871424.8,51704.0,t
P01,S01,23.0,up,KeyT,1791212871481.3,51704.0,t
P01,S01,23.0,down,Period,1791212871667.7,51705.0,.
P01,S01,23.0,up,Period,1791212871790.1,51705.0,.
P01,S01,23.0,down,Space,1791212871889.1,51706.0, 
P01,S01,23.0,up,Space,1791212871958.1,51706.0, 
P01,S01,23.0,down,ShiftLeft,1791212873243.9,51707.0,Shift
P01,S01,23.0,down,KeyA,1791212873439.7,51708.0,A
P01,S01,23.0,up,ShiftLeft,1791212873510.3,51707.0,Shift
P01,S01,23.0,up,KeyA,1791212873566.0,51708.0,A
P01,S01,23.0,down,KeyN,1791212873606.7,51709.0,n
P01,S01,23.0,up,KeyN,1791212873693.1,51709.0,n
P01,S01,23.0,down,KeyD,1791212873694.5,51710.0,d
P01,S01,23.0,down,Space,1791212873757.7,51711.0, 
P01,S01,23.0,up,KeyD,1791212873802.0,51710.0,d
P01,S01,23.0,up,Space,1791212873827.6,51711.0, 
P01,S01,23.0,down,KeyI,1791212873951.7,51712.0,i
P01,S01,23.0,up,KeyI,1791212874029.7,51712.0,i
P01,S01,23.0,down,KeyT,1791212874156.8,51713.0,t
P01,S01,23.0,up,KeyT,1791212874229.2,51713.0,t
P01,S01,23.0,down,KeyS,1791212874545.3,51714.0,s
P01,S01,23.0,up,KeyS,1791212874646.7,51714.0,s
P01,S01,23.0,down,Backspace,1791212874965.1,51715.0,Backspace
P01,S01,23.0,up,Backspace,1791212875091.8,51715.0,Backspace
P01,S01,23.0,down,Minus,1791212875700.6,51716.0,'
P01,S01,23.0,up,Minus,1791212875788.1,51716.0,'
P01,S01,23.0,down,KeyS,1791212875995.8,51717.0,s
P01,S01,23.0,up,KeyS,1791212876068.0,51717.0,s
P01,S01,23.0,down,Space,1791212876171.3,51718.0, 
P01,S01,23.0,up,Space,1791212876235.8,51718.0, 
P01,S01,23.0,down,KeyQ,1791212876274.8,51719.0,q
P01,S01,23.0,up,KeyQ,1791212876378.1,51719.0,q
P01,S01,23.0,down,KeyI,1791212876599.4,51720.0,i
P01,S01,23.0,up,KeyI,1791212876664.6,51720.0,i
P01,S01,23.0,down,KeyT,1791212876838.7,51721.0,t
P01,S01,23.0,up,KeyT,1791212876887.7,51721.0,t
P01,S01,23.0,down,KeyE,1791212876944.1,51722.0,e
P01,S01,23.0,up,KeyE,1791212877031.3,51722.0,e
P01,S01,23.0,down,Backspace,1791212877212.4,51723.0,Backspace
P01,S01,23.0,up,Backspace,1791212877283.7,51723.0,Backspace
P01,S01,23.0,down,Backspace,1791212877378.1,51724.0,Backspace
P01,S01,23.0,up,Backspace,1791212877441.2,51724.0,Backspace
P01,S01,23.0,down,Backspace,1791212877546.6,51725.0,Backspace
P01,S01,23.0,up,Backspace,1791212877616.6,51725.0,Backspace
P01,S01,23.0,down,KeyU,1791212877834.9,51726.0,u
P01,S01,23.0,up,KeyU,1791212877899.0,51726.0,u
P01,S01,23.0,down,KeyI,1791212877991.1,51727.0,i
P01,S01,23.0,up,KeyI,1791212878086.7,51727.0,i
P01,S01,23.0,down,KeyT,1791212878280.8,51728.0,t
P01,S01,23.0,up,KeyT,1791212878336.8,51728.0,t
P01,S01,23.0,down,KeyE,1791212878425.2,51729.0,e
P01,S01,23.0,down,Space,1791212878530.6,51730.0, 
P01,S01,23.0,up,KeyE,1791212878533.0,51729.0,e
P01,S01,23.0,up,Space,1791212878617.1,51730.0, 
P01,S01,23.0,down,KeyN,1791212878809.4,51731.0,n
P01,S01,23.0,up,KeyN,1791212878882.9,51731.0,n
P01,S01,23.0,down,KeyI,1791212879001.0,51732.0,i
P01,S01,23.0,up,KeyI,1791212879107.3,51732.0,i
P01,S01,23.0,down,KeyC,1791212879108.2,51733.0,c
P01,S01,23.0,up,KeyC,1791212879236.1,51733.0,c
P01,S01,23.0,down,KeyE,1791212879277.4,51734.0,e
P01,S01,23.0,up,KeyE,1791212879381.3,51734.0,e
P01,S01,23.0,down,Period,1791212879871.4,51735.0,.
P01,S01,23.0,up,Period,1791212879983.2,51735.0,.
P01,S01,23.0,down,Space,1791212880074.9,51736.0, 
P01,S01,23.0,down,ShiftLeft,1791212880137.3,51737.0,Shift
P01,S01,23.0,up,Space,1791212880144.8,51736.0, 
P01,S01,23.0,down,KeyA,1791212880205.0,51738.0,A
P01,S01,23.0,up,ShiftLeft,1791212880251.4,51737.0,Shift
P01,S01,23.0,down,KeyL,1791212880351.9,51739.0,l
P01,S01,23.0,up,KeyA,1791212880356.3,51738.0,A
P01,S01,23.0,up,KeyL,1791212880393.5,51739.0,l
P01,S01,23.0,down,KeyT,1791212880545.1,51740.0,t
P01,S01,23.0,up,KeyT,1791212880607.2,51740.0,t
P01,S01,23.0,down,KeyH,1791212880687.7,51741.0,h
P01,S01,23.0,up,KeyH,1791212880773.5,51741.0,h
P01,S01,23.0,down,KeyO,1791212880905.4,51742.0,o
P01,S01,23.0,up,KeyO,1791212881007.1,51742.0,o
P01,S01,23.0,down,KeyU,1791212881108.9,51743.0,u
P01,S01,23.0,up,KeyU,1791212881180.8,51743.0,u
P01,S01,23.0,down,KeyG,1791212881324.6,51744.0,g
P01,S01,23.0,up,KeyG,1791212881346.0,51744.0,g
P01,S01,23.0,down,KeyH,1791212881424.3,51745.0,h
P01,S01,23.0,up,KeyH,1791212881504.3,51745.0,h
P01,S01,23.0,down,Space,1791212881570.2,51746.0, 
P01,S01,23.0,up,Space,1791212881657.5,51746.0, 
P01,S01,23.0,down,KeyI,1791212881749.2,51747.0,i
P01,S01,23.0,up,KeyI,1791212881828.6,51747.0,i
P01,S01,23.0,down,Space,1791212881911.0,51748.0, 
P01,S01,23.0,up,Space,1791212881990.9,51748.0, 
P01,S01,23.0,down,KeyD,1791212882050.0,51749.0,d
P01,S01,23.0,down,KeyO,1791212882114.6,51750.0,o
P01,S01,23.0,up,KeyD,1791212882142.6,51749.0,d
P01,S01,23.0,up,KeyO,1791212882201.4,51750.0,o
P01,S01,23.0,down,Space,1791212882282.3,51751.0, 
P01,S01,23.0,up,Space,1791212882414.4,51751.0, 
P01,S01,23.0,down,KeyF,1791212882527.3,51752.0,f
P01,S01,23.0,up,KeyF,1791212882606.2,51752.0,f
P01,S01,23.0,down,KeyE,1791212882736.9,51753.0,e
P01,S01,23.0,up,KeyE,1791212882824.3,51753.0,e
P01,S01,23.0,down,KeyA,1791212883000.1,51754.0,a
P01,S01,23.0,up,KeyA,1791212883087.0,51754.0,a
P01,S01,23.0,down,KeyR,1791212883203.9,51755.0,r
P01,S01,23.0,down,Space,1791212883269.1,51756.0, 
P01,S01,23.0,up,KeyR,1791212883314.5,51755.0,r
P01,S01,23.0,up,Space,1791212883331.2,51756.0, 
P01,S01,23.0,down,KeyI,1791212883453.0,51757.0,i
P01,S01,23.0,up,KeyI,1791212883530.8,51757.0,i
P01,S01,23.0,down,KeyT,1791212883648.3,51758.0,t
P01,S01,23.0,up,KeyT,1791212883717.2,51758.0,t
P01,S01,23.0,down,KeyS,1791212883748.7,51759.0,s
P01,S01,23.0,up,KeyS,1791212883851.8,51759.0,s
P01,S01,23.0,down,Backspace,1791212884055.1,51760.0,Backspace
P01,S01,23.0,up,Backspace,1791212884150.6,51760.0,Backspace
P01,S01,23.0,down,Minus,1791212884440.3,51761.0,'
P01,S01,23.0,up,Minus,1791212884527.6,51761.0,'
P01,S01,23.0,down,KeyS,1791212884563.3,51762.0,s
P01,S01,23.0,up,KeyS,1791212884645.0,51762.0,s
P01,S01,23.0,down,Space,1791212884671.2,51763.0, 
P01,S01,23.0,up,Space,1791212884733.2,51763.0, 
P01,S01,23.0,down,KeyA,1791212884774.1,51764.0,a
P01,S01,23.0,down,Space,1791212884856.6,51765.0, 
P01,S01,23.0,up,KeyA,1791212884885.1,51764.0,a
P01,S01,23.0,up,Space,1791212884943.0,51765.0, 
P01,S01,23.0,down,KeyL,1791212885134.4,51766.0,l
P01,S01,23.0,up,KeyL,1791212885220.8,51766.0,l
P01,S01,23.0,down,KeyI,1791212885347.6,51767.0,i
P01,S01,23.0,up,KeyI,1791212885427.6,51767.0,i
P01,S01,23.0,down,KeyT,1791212885569.0,51768.0,t
P01,S01,23.0,up,KeyT,1791212885625.3,51768.0,t
P01,S01,23.0,down,KeyT,1791212885715.5,51769.0,t
P01,S01,23.0,up,KeyT,1791212885774.3,51769.0,t
P01,S01,23.0,down,KeyL,1791212885917.2,51770.0,l
P01,S01,23.0,up,KeyL,1791212886020.6,51770.0,l
P01,S01,23.0,down,KeyE,1791212886021.6,51771.0,e
P01,S01,23.0,down,Space,1791212886123.3,51772.0, 
P01,S01,23.0,up,KeyE,1791212886126.3,51771.0,e
P01,S01,23.0,up,Space,1791212886192.9,51772.0, 
P01,S01,23.0,down,KeyT,1791212886313.2,51773.0,t
P01,S01,23.0,up,KeyT,1791212886384.5,51773.0,t
P01,S01,23.0,down,KeyO,1791212886534.5,51774.0,o
P01,S01,23.0,up,KeyO,1791212886615.9,51774.0,o
P01,S01,23.0,down,KeyO,1791212886689.6,51775.0,o
P01,S01,23.0,up,KeyO,1791212886771.3,51775.0,o
P01,S01,23.0,down,Space,1791212886878.3,51776.0, 
P01,S01,23.0,up,Space,1791212886940.6,51776.0, 
P01,S01,23.0,down,KeyI,1791212887058.5,51777.0,i
P01,S01,23.0,up,KeyI,1791212887136.8,51777.0,i
P01,S01,23.0,down,KeyN,1791212887227.9,51778.0,n
P01,S01,23.0,up,KeyN,1791212887308.2,51778.0,n
P01,S01,23.0,down,KeyF,1791212887357.5,51779.0,f
P01,S01,23.0,up,KeyF,1791212887429.0,51779.0,f
P01,S01,23.0,down,KeyO,1791212887455.4,51780.0,o
P01,S01,23.0,up,KeyO,1791212887534.0,51780.0,o
P01,S01,23.0,down,KeyR,1791212887562.9,51781.0,r
P01,S01,23.0,up,KeyR,1791212887642.2,51781.0,r
P01,S01,23.0,down,KeyM,1791212887666.8,51782.0,m
P01,S01,23.0,up,KeyM,1791212887732.9,51782.0,m
P01,S01,23.0,down,KeyA,1791212887792.0,51783.0,a
P01,S01,23.0,down,KeyL,1791212887886.7,51784.0,l
P01,S01,23.0,up,KeyA,1791212887889.2,51783.0,a
P01,S01,23.0,up,KeyL,1791212887967.6,51784.0,l
P01,S01,23.0,down,Space,1791212888058.7,51785.0, 
P01,S01,23.0,up,Space,1791212888114.2,51785.0, 
P01,S01,23.0,down,KeyT,1791212888250.8,51786.0,t
P01,S01,23.0,up,KeyT,1791212888314.0,51786.0,t
P01,S01,23.0,down,KeyO,1791212888452.8,51787.0,o
P01,S01,23.0,up,KeyO,1791212888548.0,51787.0,o
P01,S01,23.0,down,Space,1791212888650.1,51788.0, 
P01,S01,23.0,up,Space,1791212888713.1,51788.0, 
P01,S01,23.0,down,KeyG,1791212889147.6,51789.0,g
P01,S01,23.0,up,KeyG,1791212889242.8,51789.0,g
P01,S01,23.0,down,KeyO,1791212889270.2,51790.0,o
P01,S01,23.0,up,KeyO,1791212889341.7,51790.0,o
P01,S01,23.0,down,Space,1791212889446.2,51791.0, 
P01,S01,23.0,up,Space,1791212889517.7,51791.0, 
P01,S01,23.0,down,KeyW,1791212889609.3,51792.0,w
P01,S01,23.0,down,KeyI,1791212889728.9,51793.0,i
P01,S01,23.0,up,KeyW,1791212889732.7,51792.0,w
P01,S01,23.0,up,KeyI,1791212889784.9,51793.0,i
P01,S01,23.0,down,KeyT,1791212889914.1,51794.0,t
P01,S01,23.0,up,KeyT,1791212889977.2,51794.0,t
P01,S01,23.0,down,KeyH,1791212890053.0,51795.0,h
P01,S01,23.0,up,KeyH,1791212890149.0,51795.0,h
P01,S01,23.0,down,Space,1791212890227.0,51796.0, 
P01,S01,23.0,up,Space,1791212890306.9,51796.0, 
P01,S01,23.0,down,KeyM,1791212890388.2,51797.0,m
P01,S01,23.0,up,KeyM,1791212890467.8,51797.0,m
P01,S01,23.0,down,KeyY,1791212890579.5,51798.0,y
P01,S01,23.0,up,KeyY,1791212890651.0,51798.0,y
P01,S01,23.0,down,Space,1791212890729.0,51799.0, 
P01,S01,23.0,up,Space,1791212890837.1,51799.0, 
P01,S01,23.0,down,KeyD,1791212890838.6,51800.0,d
P01,S01,23.0,up,KeyD,1791212890898.1,51800.0,d
P01,S01,23.0,down,KeyA,1791212891045.4,51801.0,a
P01,S01,23.0,up,KeyA,1791212891105.9,51801.0,a
P01,S01,23.0,down,KeyD,1791212891199.6,51802.0,d
P01,S01,23.0,down,Space,1791212891296.6,51803.0, 
P01,S01,23.0,up,KeyD,1791212891298.7,51802.0,d
P01,S01,23.0,up,Space,1791212891343.5,51803.0, 
P01,S01,23.0,down,KeyI,1791212891474.3,51804.0,i
P01,S01,23.0,up,KeyI,1791212891553.1,51804.0,i
P01,S01,23.0,down,KeyN,1791212891647.9,51805.0,n
P01,S01,23.0,up,KeyN,1791212891728.4,51805.0,n
P01,S01,23.0,down,Space,1791212891818.8,51806.0, 
P01,S01,23.0,up,Space,1791212891913.4,51806.0, 
P01,S01,23.0,down,Backspace,1791212892181.1,51807.0,Backspace
P01,S01,23.0,up,Backspace,1791212892236.6,51807.0,Backspace
P01,S01,23.0,down,Backspace,1791212892352.2,51808.0,Backspace
P01,S01,23.0,up,Backspace,1791212892406.9,51808.0,Backspace
P01,S01,23.0,down,Backspace,1791212892505.9,51809.0,Backspace
P01,S01,23.0,up,Backspace,1791212892569.8,51809.0,Backspace
P01,S01,23.0,down,KeyO,1791212892728.0,51810.0,o
P01,S01,23.0,up,KeyO,1791212892807.6,51810.0,o
P01,S01,23.0,down,KeyN,1791212892910.7,51811.0,n
P01,S01,23.0,up,KeyN,1791212892973.9,51811.0,n
P01,S01,23.0,down,Space,1791212893054.2,51812.0, 
P01,S01,23.0,up,Space,1791212893145.4,51812.0, 
P01,S01,23.0,down,KeyS,1791212893240.7,51813.0,s
P01,S01,23.0,up,KeyS,1791212893303.5,51813.0,s
P01,S01,23.0,down,KeyU,1791212893336.2,51814.0,u
P01,S01,23.0,up,KeyU,1791212893429.5,51814.0,u
P01,S01,23.0,down,KeyC,1791212893500.9,51815.0,c
P01,S01,23.0,down,KeyH,1791212893611.9,51816.0,h
P01,S01,23.0,up,KeyC,1791212893614.1,51815.0,c
P01,S01,23.0,up,KeyH,1791212893682.7,51816.0,h
P01,S01,23.0,down,Space,1791212893781.5,51817.0, 
P01,S01,23.0,up,Space,1791212893864.8,51817.0, 
P01,S01,23.0,down,KeyA,1791212893865.6,51818.0,a
P01,S01,23.0,up,KeyA,1791212893960.5,51818.0,a
P01,S01,23.0,down,Space,1791212894018.8,51819.0, 
P01,S01,23.0,up,Space,1791212894064.3,51819.0, 
P01,S01,23.0,down,KeyS,1791212894785.0,51820.0,s
P01,S01,23.0,up,KeyS,1791212894879.9,51820.0,s
P01,S01,23.0,down,KeyP,1791212894962.2,51821.0,p
P01,S01,23.0,up,KeyP,1791212895025.7,51821.0,p
P01,S01,23.0,down,KeyE,1791212895063.6,51822.0,e
P01,S01,23.0,up,KeyE,1791212895161.1,51822.0,e
P01,S01,23.0,down,KeyC,1791212895251.2,51823.0,c
P01,S01,23.0,down,KeyI,1791212895338.3,51824.0,i
P01,S01,23.0,up,KeyC,1791212895340.3,51823.0,c
P01,S01,23.0,up,KeyI,1791212895418.4,51824.0,i
P01,S01,23.0,down,KeyA,1791212895472.3,51825.0,a
P01,S01,23.0,down,KeyL,1791212895545.7,51826.0,l
P01,S01,23.0,up,KeyA,1791212895573.8,51825.0,a
P01,S01,23.0,up,KeyL,1791212895623.6,51826.0,l
P01,S01,23.0,down,Space,1791212895714.2,51827.0, 
P01,S01,23.0,up,Space,1791212895777.9,51827.0, 
P01,S01,23.0,down,KeyO,1791212895900.4,51828.0,o
P01,S01,23.0,up,KeyO,1791212895978.8,51828.0,o
P01,S01,23.0,down,KeyC,1791212896040.7,51829.0,c
P01,S01,23.0,up,KeyC,1791212896128.0,51829.0,c
P01,S01,23.0,down,KeyC,1791212896227.3,51830.0,c
P01,S01,23.0,up,KeyC,1791212896371.6,51830.0,c
P01,S01,23.0,down,KeyA,1791212896425.9,51831.0,a
P01,S01,23.0,up,KeyA,1791212896545.4,51831.0,a
P01,S01,23.0,down,KeyT,1791212896587.4,51832.0,t
P01,S01,23.0,up,KeyT,1791212896650.7,51832.0,t
P01,S01,23.0,down,KeyI,1791212896807.0,51833.0,i
P01,S01,23.0,up,KeyI,1791212896861.9,51833.0,i
P01,S01,23.0,down,KeyO,1791212896967.2,51834.0,o
P01,S01,23.0,up,KeyO,1791212897038.8,51834.0,o
P01,S01,23.0,down,KeyN,1791212897140.9,51835.0,n
P01,S01,23.0,up,KeyN,1791212897196.7,51835.0,n
P01,S01,23.0,down,Backspace,1791212897456.3,51836.0,Backspace
P01,S01,23.0,up,Backspace,1791212897520.0,51836.0,Backspace
P01,S01,23.0,down,Backspace,1791212897608.6,51837.0,Backspace
P01,S01,23.0,up,Backspace,1791212897713.5,51837.0,Backspace
P01,S01,23.0,down,Backspace,1791212897780.6,51838.0,Backspace
P01,S01,23.0,up,Backspace,1791212897841.8,51838.0,Backspace
P01,S01,23.0,down,Backspace,1791212897942.4,51839.0,Backspace
P01,S01,23.0,up,Backspace,1791212898005.0,51839.0,Backspace
P01,S01,23.0,down,KeyS,1791212898219.1,51840.0,s
P01,S01,23.0,up,KeyS,1791212898331.0,51840.0,s
P01,S01,23.0,down,KeyO,1791212898386.2,51841.0,o
P01,S01,23.0,up,KeyO,1791212898484.4,51841.0,o
P01,S01,23.0,down,Backspace,1791212898920.7,51842.0,Backspace
P01,S01,23.0,up,Backspace,1791212899023.6,51842.0,Backspace
P01,S01,23.0,down,KeyI,1791212899175.1,51843.0,i
P01,S01,23.0,up,KeyI,1791212899230.2,51843.0,i
P01,S01,23.0,down,KeyO,1791212899333.1,51844.0,o
P01,S01,23.0,up,KeyO,1791212899395.6,51844.0,o
P01,S01,23.0,down,KeyN,1791212899545.6,51845.0,n
P01,S01,23.0,up,KeyN,1791212899563.1,51845.0,n
P01,S01,23.0,down,Period,1791212900214.2,51846.0,.
P01,S01,23.0,up,Period,1791212900277.0,51846.0,.
P01,S01,23.0,down,Enter,1791212900430.4,51847.0,Enter
P01,S01,23.0,up,Enter,1791212900508.6,51847.0,Enter
P01,S01,24.0,down,ShiftLeft,1791212946178.4,51848.0,Shift
P01,S01,24.0,down,KeyP,1791212946371.8,51849.0,P
P01,S01,24.0,up,KeyP,1791212946428.8,51849.0,P
P01,S01,24.0,up,ShiftLeft,1791212946453.5,51848.0,Shift
P01,S01,24.0,down,KeyL,1791212946540.1,51850.0,l
P01,S01,24.0,up,KeyL,1791212946610.1,51850.0,l
P01,S01,24.0,down,KeyE,1791212946637.8,51851.0,e
P01,S01,24.0,up,KeyE,1791212946725.0,51851.0,e
P01,S01,24.0,down,KeyA,1791212946844.2,51852.0,a
P01,S01,24.0,up,KeyA,1791212946931.5,51852.0,a
P01,S01,24.0,down,KeyS,1791212947013.9,51853.0,s
P01,S01,24.0,up,KeyS,1791212947101.3,51853.0,s
P01,S01,24.0,down,KeyE,1791212947179.9,51854.0,e
"P01,S01,24,down,Comma,1791212947306.7,51855,"",""",,,,Unidentified,,,
P01,S01,24.0,up,KeyE,1791212947310.4,51854.0,e
"P01,S01,24,up,Comma,1791212947361.8,51855,"",""",,,,Unidentified,,,
P01,S01,24.0,down,Backspace,1791212947610.2,51856.0,Backspace
P01,S01,24.0,up,Backspace,1791212947669.8,51856.0,Backspace
P01,S01,24.0,down,Space,1791212947863.4,51857.0, 
P01,S01,24.0,up,Space,1791212947926.6,51857.0, 
P01,S01,24.0,down,KeyD,1791212948355.9,51858.0,d
P01,S01,24.0,up,KeyD,1791212948441.1,51858.0,d
P01,S01,24.0,down,KeyO,1791212948480.6,51859.0,o
P01,S01,24.0,up,KeyO,1791212948567.9,51859.0,o
P01,S01,24.0,down,Space,1791212948661.6,51860.0, 
P01,S01,24.0,up,Space,1791212948731.6,51860.0, 
P01,S01,24.0,down,Backspace,1791212948917.1,51861.0,Backspace
P01,S01,24.0,up,Backspace,1791212948989.2,51861.0,Backspace
P01,S01,24.0,down,Period,1791212949507.7,51862.0,.
P01,S01,24.0,up,Period,1791212949562.9,51862.0,.
P01,S01,24.0,down,Space,1791212949703.2,51863.0, 
P01,S01,24.0,up,Space,1791212949789.4,51863.0, 
P01,S01,24.0,down,ShiftLeft,1791212950437.6,51864.0,Shift
P01,S01,24.0,down,KeyC,1791212950572.5,51865.0,C
P01,S01,24.0,up,ShiftLeft,1791212950722.0,51864.0,Shift
P01,S01,24.0,up,KeyC,1791212950723.6,51865.0,C
P01,S01,24.0,down,KeyJ,1791212950814.8,51866.0,j
P01,S01,24.0,up,KeyJ,1791212950818.9,51866.0,j
P01,S01,24.0,down,KeyE,1791212950896.7,51867.0,e
P01,S01,24.0,up,KeyE,1791212951023.4,51867.0,e
P01,S01,24.0,down,Backspace,1791212951372.4,51868.0,Backspace
P01,S01,24.0,up,Backspace,1791212951459.7,51868.0,Backspace
P01,S01,24.0,down,Backspace,1791212951532.4,51869.0,Backspace
P01,S01,24.0,up,Backspace,1791212951628.3,51869.0,Backspace
P01,S01,24.0,down,KeyJ,1791212951821.2,51870.0,j
P01,S01,24.0,up,KeyJ,1791212951925.2,51870.0,j
P01,S01,24.0,down,KeyE,1791212951989.0,51871.0,e
P01,S01,24.0,up,KeyE,1791212952067.9,51871.0,e
P01,S01,24.0,down,KeyC,1791212952178.0,51872.0,c
P01,S01,24.0,down,KeyK,1791212952279.2,51873.0,k
P01,S01,24.0,up,KeyC,1791212952282.6,51872.0,c
P01,S01,24.0,up,KeyK,1791212952335.4,51873.0,k
P01,S01,24.0,down,Space,1791212952425.0,51874.0, 
P01,S01,24.0,up,Space,1791212952504.1,51874.0, 
P01,S01,24.0,down,Backspace,1791212952761.4,51875.0,Backspace
P01,S01,24.0,up,Backspace,1791212952824.1,51875.0,Backspace
P01,S01,24.0,down,Backspace,1791212952961.3,51876.0,Backspace
P01,S01,24.0,up,Backspace,1791212952987.9,51876.0,Backspace
P01,S01,24.0,down,Backspace,1791212953086.4,51877.0,Backspace
P01,S01,24.0,up,Backspace,1791212953150.0,51877.0,Backspace
P01,S01,24.0,down,Backspace,1791212953255.2,51878.0,Backspace
P01,S01,24.0,up,Backspace,1791212953310.1,51878.0,Backspace
P01,S01,24.0,down,Backspace,1791212953428.2,51879.0,Backspace
P01,S01,24.0,up,Backspace,1791212953491.0,51879.0,Backspace
P01,S01,24.0,down,KeyH,1791212954056.3,51880.0,h
P01,S01,24.0,up,KeyH,1791212954107.1,51880.0,h
P01,S01,24.0,down,KeyE,1791212954159.9,51881.0,e
P01,S01,24.0,up,KeyE,1791212954237.6,51881.0,e
P01,S01,24.0,down,KeyC,1791212954337.0,51882.0,c
P01,S01,24.0,down,KeyK,1791212954449.8,51883.0,k
P01,S01,24.0,up,KeyC,1791212954453.0,51882.0,c
P01,S01,24.0,up,KeyK,1791212954519.6,51883.0,k
P01,S01,24.0,down,Space,1791212954611.6,51884.0, 
P01,S01,24.0,up,Space,1791212954667.5,51884.0, 
P01,S01,24.0,down,KeyF,1791212954722.7,51885.0,f
P01,S01,24.0,up,KeyF,1791212954794.6,51885.0,f
P01,S01,24.0,down,KeyO,1791212954832.6,51886.0,o
P01,S01,24.0,up,KeyO,1791212954926.5,51886.0,o
P01,S01,24.0,down,KeyR,1791212954928.0,51887.0,r
P01,S01,24.0,up,KeyR,1791212955020.5,51887.0,r
P01,S01,24.0,down,Space,1791212955045.3,51888.0, 
P01,S01,24.0,up,Space,1791212955117.1,51888.0, 
P01,S01,24.0,down,KeyT,1791212955727.3,51889.0,t
P01,S01,24.0,up,KeyT,1791212955799.4,51889.0,t
P01,S01,24.0,down,KeyY,1791212955888.1,51890.0,y
P01,S01,24.0,up,KeyY,1791212955977.1,51890.0,y
P01,S01,24.0,down,KeyP,1791212956137.3,51891.0,p
P01,S01,24.0,up,KeyP,1791212956241.4,51891.0,p
P01,S01,24.0,down,KeyI,1791212956344.1,51892.0,i
P01,S01,24.0,up,KeyI,1791212956407.1,51892.0,i
P01,S01,24.0,down,Backspace,1791212956606.5,51893.0,Backspace
P01,S01,24.0,up,Backspace,1791212957365.8,51893.0,Backspace
P01,S01,24.0,down,Backspace,1791212957492.7,51894.0,Backspace
P01,S01,24.0,up,Backspace,1791212957556.6,51894.0,Backspace
P01,S01,24.0,down,Backspace,1791212957668.5,51895.0,Backspace
P01,S01,24.0,up,Backspace,1791212957731.0,51895.0,Backspace
P01,S01,24.0,down,Backspace,1791212957827.7,51896.0,Backspace
P01,S01,24.0,up,Backspace,1791212957874.7,51896.0,Backspace
P01,S01,24.0,down,Backspace,1791212957985.4,51897.0,Backspace
P01,S01,24.0,up,Backspace,1791212958040.8,51897.0,Backspace
P01,S01,24.0,down,Backspace,1791212958131.9,51898.0,Backspace
P01,S01,24.0,up,Backspace,1791212958194.5,51898.0,Backspace
P01,S01,24.0,down,Backspace,1791212958307.3,51899.0,Backspace
P01,S01,24.0,up,Backspace,1791212958355.3,51899.0,Backspace
P01,S01,24.0,down,Backspace,1791212958455.9,51900.0,Backspace
P01,S01,24.0,up,Backspace,1791212958495.2,51900.0,Backspace
P01,S01,24.0,down,ShiftLeft,1791212958610.1,51901.0,Shift
P01,S01,24.0,up,ShiftLeft,1791212958801.6,51901.0,Shift
P01,S01,24.0,down,Space,1791212958999.1,51902.0, 
P01,S01,24.0,up,Space,1791212959061.9,51902.0, 
P01,S01,24.0,down,ShiftLeft,1791212959114.5,51903.0,Shift
P01,S01,24.0,down,KeyA,1791212959163.0,51904.0,A
P01,S01,24.0,up,ShiftLeft,1791212959240.0,51903.0,Shift
P01,S01,24.0,up,KeyA,1791212959298.7,51904.0,A
P01,S01,24.0,down,KeyL,1791212959371.9,51905.0,l
P01,S01,24.0,up,KeyL,1791212959443.7,51905.0,l
P01,S01,24.0,down,KeyT,1791212959607.2,51906.0,t
P01,S01,24.0,up,KeyT,1791212959740.4,51906.0,t
P01,S01,24.0,down,KeyH,1791212959765.5,51907.0,h
P01,S01,24.0,up,KeyH,1791212959849.8,51907.0,h
P01,S01,24.0,down,KeyO,1791212959998.4,51908.0,o
P01,S01,24.0,up,KeyO,1791212960093.8,51908.0,o
P01,S01,24.0,down,KeyU,1791212960210.1,51909.0,u
P01,S01,24.0,up,KeyU,1791212960266.3,51909.0,u
P01,S01,24.0,down,KeyG,1791212960375.6,51910.0,g
P01,S01,24.0,up,KeyG,1791212960423.5,51910.0,g
P01,S01,24.0,down,KeyH,1791212960507.5,51911.0,h
P01,S01,24.0,up,KeyH,1791212960578.1,51911.0,h
P01,S01,24.0,down,Space,1791212961051.9,51912.0, 
P01,S01,24.0,up,Space,1791212961139.3,51912.0, 
P01,S01,24.0,down,KeyT,1791212961312.0,51913.0,t
P01,S01,24.0,up,KeyT,1791212961359.0,51913.0,t
P01,S01,24.0,down,Backspace,1791212961870.6,51914.0,Backspace
P01,S01,24.0,up,Backspace,1791212961909.8,51914.0,Backspace
P01,S01,24.0,down,KeyT,1791212962428.5,51915.0,t
P01,S01,24.0,up,KeyT,1791212962490.9,51915.0,t
P01,S01,24.0,down,KeyA,1791212962537.6,51916.0,a
P01,S01,24.0,up,KeyA,1791212962624.8,51916.0,a
P01,S01,24.0,down,KeyK,1791212962663.4,51917.0,k
P01,S01,24.0,up,KeyK,1791212962742.7,51917.0,k
P01,S01,24.0,down,KeyE,1791212962793.8,51918.0,e
P01,S01,24.0,down,Space,1791212962843.7,51919.0, 
P01,S01,24.0,up,KeyE,1791212962879.8,51918.0,e
P01,S01,24.0,up,Space,1791212962897.7,51919.0, 
P01,S01,24.0,down,KeyI,1791212962998.5,51920.0,i
P01,S01,24.0,up,KeyI,1791212963055.1,51920.0,i
P01,S01,24.0,down,KeyN,1791212963155.1,51921.0,n
P01,S01,24.0,up,KeyN,1791212963218.1,51921.0,n
P01,S01,24.0,down,KeyT,1791212963338.2,51922.0,t
P01,S01,24.0,up,KeyT,1791212963385.8,51922.0,t
P01,S01,24.0,down,KeyO,1791212963529.7,51923.0,o
P01,S01,24.0,up,KeyO,1791212963624.8,51923.0,o
P01,S01,24.0,down,Space,1791212963755.7,51924.0, 
P01,S01,24.0,up,Space,1791212963782.7,51924.0, 
P01,S01,24.0,down,KeyA,1791212963814.0,51925.0,a
P01,S01,24.0,up,KeyA,1791212963897.3,51925.0,a
P01,S01,24.0,down,KeyC,1791212964056.9,51926.0,c
P01,S01,24.0,up,KeyC,1791212964104.0,51926.0,c
P01,S01,24.0,down,KeyC,1791212964218.6,51927.0,c
P01,S01,24.0,down,KeyO,1791212964311.9,51928.0,o
P01,S01,24.0,up,KeyC,1791212964315.4,51927.0,c
P01,S01,24.0,up,KeyO,1791212964378.2,51928.0,o
P01,S01,24.0,down,KeyU,1791212964477.1,51929.0,u
P01,S01,24.0,up,KeyU,1791212964531.8,51929.0,u
P01,S01,24.0,down,KeyN,1791212964626.0,51930.0,n
P01,S01,24.0,up,KeyN,1791212964697.0,51930.0,n
P01,S01,24.0,down,KeyT,1791212964780.3,51931.0,t
P01,S01,24.0,up,KeyT,1791212964865.5,51931.0,t
P01,S01,24.0,down,Space,1791212964935.4,51932.0, 
P01,S01,24.0,up,Space,1791212965005.9,51932.0, 
P01,S01,24.0,down,KeyY,1791212965111.8,51933.0,y
P01,S01,24.0,up,KeyY,1791212965154.0,51933.0,y
P01,S01,24.0,down,Backspace,1791212965748.9,51934.0,Backspace
P01,S01,24.0,up,Backspace,1791212965832.1,51934.0,Backspace
P01,S01,24.0,down,KeyT,1791212965996.0,51935.0,t
P01,S01,24.0,up,KeyT,1791212966053.5,51935.0,t
P01,S01,24.0,down,KeyH,1791212966164.1,51936.0,h
P01,S01,24.0,up,KeyH,1791212966266.1,51936.0,h
P01,S01,24.0,down,KeyA,1791212966267.1,51937.0,a
P01,S01,24.0,up,KeyA,1791212966350.8,51937.0,a
P01,S01,24.0,down,KeyT,1791212966367.5,51938.0,t
P01,S01,24.0,up,KeyT,1791212966437.6,51938.0,t
P01,S01,24.0,down,Space,1791212966687.8,51939.0, 
P01,S01,24.0,up,Space,1791212966750.7,51939.0, 
P01,S01,24.0,down,KeyW,1791212967362.7,51940.0,w
P01,S01,24.0,up,KeyW,1791212967434.1,51940.0,w
P01,S01,24.0,down,KeyE,1791212967584.3,51941.0,e
P01,S01,24.0,up,KeyE,1791212967703.6,51941.0,e
P01,S01,24.0,down,Minus,1791212968732.4,51942.0,'
P01,S01,24.0,up,Minus,1791212968811.9,51942.0,'
P01,S01,24.0,down,KeyR,1791212968875.8,51943.0,r
P01,S01,24.0,up,KeyR,1791212968947.0,51943.0,r
P01,S01,24.0,down,Backspace,1791212969215.1,51944.0,Backspace
P01,S01,24.0,up,Backspace,1791212969269.2,51944.0,Backspace
P01,S01,24.0,down,Backspace,1791212969365.3,51945.0,Backspace
P01,S01,24.0,up,Backspace,1791212969420.5,51945.0,Backspace
P01,S01,24.0,down,Backspace,1791212969532.1,51946.0,Backspace
P01,S01,24.0,up,Backspace,1791212969588.3,51946.0,Backspace
P01,S01,24.0,down,Backspace,1791212969686.5,51947.0,Backspace
P01,S01,24.0,up,Backspace,1791212969749.8,51947.0,Backspace
P01,S01,24.0,down,KeyT,1791212970149.3,51948.0,t
P01,S01,24.0,up,KeyT,1791212970184.6,51948.0,t
P01,S01,24.0,down,KeyH,1791212970262.4,51949.0,h
P01,S01,24.0,up,KeyH,1791212970366.7,51949.0,h
P01,S01,24.0,down,KeyE,1791212970392.0,51950.0,e
P01,S01,24.0,up,KeyE,1791212970488.6,51950.0,e
P01,S01,24.0,down,KeyY,1791212970508.6,51951.0,y
P01,S01,24.0,up,KeyY,1791212970572.0,51951.0,y
P01,S01,24.0,down,Minus,1791212970758.7,51952.0,'
P01,S01,24.0,up,Minus,1791212970822.4,51952.0,'
P01,S01,24.0,down,KeyR,1791212970916.2,51953.0,r
P01,S01,24.0,up,KeyR,1791212970994.9,51953.0,r
P01,S01,24.0,down,KeyE,1791212971089.5,51954.0,e
P01,S01,24.0,down,Space,1791212971169.9,51955.0, 
P01,S01,24.0,up,Space,1791212971216.9,51955.0, 
P01,S01,24.0,up,KeyE,1791212971218.5,51954.0,e
P01,S01,24.0,down,KeyT,1791212971381.1,51956.0,t
P01,S01,24.0,up,KeyT,1791212971447.1,51956.0,t
P01,S01,24.0,down,KeyO,1791212971593.5,51957.0,o
P01,S01,24.0,up,KeyO,1791212971680.7,51957.0,o
P01,S01,24.0,down,KeyU,1791212971780.4,51958.0,u
P01,S01,24.0,up,KeyU,1791212971836.4,51958.0,u
P01,S01,24.0,down,KeyR,1791212971871.4,51959.0,r
P01,S01,24.0,up,KeyR,1791212971926.4,51959.0,r
P01,S01,24.0,down,KeyI,1791212971991.0,51960.0,i
P01,S01,24.0,up,KeyI,1791212972078.8,51960.0,i
P01,S01,24.0,down,KeyS,1791212972133.6,51961.0,s
P01,S01,24.0,up,KeyS,1791212972236.0,51961.0,s
P01,S01,24.0,down,KeyT,1791212973055.5,51962.0,t
P01,S01,24.0,up,KeyT,1791212973127.3,51962.0,t
P01,S01,24.0,down,KeyS,1791212973371.6,51963.0,s
P01,S01,24.0,up,KeyS,1791212973466.7,51963.0,s
P01,S01,24.0,down,Space,1791212973531.9,51964.0, 
P01,S01,24.0,up,Space,1791212973594.6,51964.0, 
P01,S01,24.0,down,KeyA,1791212973631.5,51965.0,a
P01,S01,24.0,up,KeyA,1791212973726.1,51965.0,a
P01,S01,24.0,down,KeyN,1791212973753.5,51966.0,n
P01,S01,24.0,up,KeyN,1791212973839.1,51966.0,n
P01,S01,24.0,down,KeyD,1791212973839.9,51967.0,d
P01,S01,24.0,up,KeyD,1791212973916.7,51967.0,d
P01,S01,24.0,down,Space,1791212973960.3,51968.0, 
P01,S01,24.0,up,Space,1791212974032.9,51968.0, 
P01,S01,24.0,down,KeyW,1791212974063.5,51969.0,w
P01,S01,24.0,up,KeyW,1791212974158.4,51969.0,w
P01,S01,24.0,down,KeyE,1791212974245.0,51970.0,e
P01,S01,24.0,up,KeyE,1791212974405.3,51970.0,e
P01,S01,24.0,down,KeyD,1791212974563.0,51971.0,d
P01,S01,24.0,down,KeyO,1791212974627.8,51972.0,o
P01,S01,24.0,up,KeyD,1791212974659.9,51971.0,d
P01,S01,24.0,up,KeyO,1791212974706.0,51972.0,o
P01,S01,24.0,down,KeyN,1791212974813.2,51973.0,n
P01,S01,24.0,up,KeyN,1791212974876.5,51973.0,n
P01,S01,24.0,down,Minus,1791212975042.3,51974.0,'
P01,S01,24.0,up,Minus,1791212975122.5,51974.0,'
P01,S01,24.0,down,KeyT,1791212975287.7,51975.0,t
P01,S01,24.0,up,KeyT,1791212975396.5,51975.0,t
P01,S01,24.0,down,Space,1791212975451.3,51976.0, 
P01,S01,24.0,up,Space,1791212975546.8,51976.0, 
P01,S01,24.0,down,KeyW,1791212975566.4,51977.0,w
P01,S01,24.0,up,KeyW,1791212975661.5,51977.0,w
P01,S01,24.0,down,KeyA,1791212975776.2,51978.0,a
P01,S01,24.0,down,KeyN,1791212975833.4,51979.0,n
P01,S01,24.0,up,KeyA,1791212975886.4,51978.0,a
P01,S01,24.0,up,KeyN,1791212975911.0,51979.0,n
P01,S01,24.0,down,KeyT,1791212976042.3,51980.0,t
P01,S01,24.0,up,KeyT,1791212976097.2,51980.0,t
P01,S01,24.0,down,Space,1791212976200.6,51981.0, 
P01,S01,24.0,up,Space,1791212976279.1,51981.0, 
P01,S01,24.0,down,KeyT,1791212976374.1,51982.0,t
P01,S01,24.0,up,KeyT,1791212976473.8,51982.0,t
P01,S01,24.0,down,KeyO,1791212976590.3,51983.0,o
P01,S01,24.0,up,KeyO,1791212976677.5,51983.0,o
P01,S01,24.0,down,Space,1791212976771.6,51984.0, 
P01,S01,24.0,up,Space,1791212976843.0,51984.0, 
P01,S01,24.0,down,KeyB,1791212976932.0,51985.0,b
P01,S01,24.0,up,KeyB,1791212977012.8,51985.0,b
P01,S01,24.0,down,KeyE,1791212977014.1,51986.0,e
P01,S01,24.0,up,KeyE,1791212977079.8,51986.0,e
P01,S01,24.0,down,Space,1791212977102.1,51987.0, 
P01,S01,24.0,up,Space,1791212977189.6,51987.0, 
P01,S01,24.0,down,KeyB,1791212977293.5,51988.0,b
P01,S01,24.0,up,KeyB,1791212977373.2,51988.0,b
P01,S01,24.0,down,KeyR,1791212977430.9,51989.0,r
P01,S01,24.0,up,KeyR,1791212977548.1,51989.0,r
P01,S01,24.0,down,KeyO,1791212977555.0,51990.0,o
P01,S01,24.0,up,KeyO,1791212977637.0,51990.0,o
P01,S01,24.0,down,KeyK,1791212977728.0,51991.0,k
P01,S01,24.0,up,KeyK,1791212977831.4,51991.0,k
P01,S01,24.0,down,KeyE,1791212977883.4,51992.0,e
P01,S01,24.0,down,Space,1791212977988.5,51993.0, 
P01,S01,24.0,up,KeyE,1791212977989.8,51992.0,e
P01,S01,24.0,up,Space,1791212978052.9,51993.0, 
P01,S01,24.0,down,KeyA,1791212978132.6,51994.0,a
P01,S01,24.0,up,KeyA,1791212978220.2,51994.0,a
P01,S01,24.0,down,KeyF,1791212978465.5,51995.0,f
P01,S01,24.0,up,KeyF,1791212978591.4,51995.0,f
P01,S01,24.0,down,KeyT,1791212978631.6,51996.0,t
P01,S01,24.0,up,KeyT,1791212978709.2,51996.0,t
P01,S01,24.0,down,KeyE,1791212978709.7,51997.0,e
P01,S01,24.0,up,KeyE,1791212978787.3,51997.0,e
P01,S01,24.0,down,KeyR,1791212978889.4,51998.0,r
P01,S01,24.0,down,Space,1791212978947.2,51999.0, 
P01,S01,24.0,up,KeyR,1791212979000.1,51998.0,r
P01,S01,24.0,up,Space,1791212979025.5,51999.0, 
P01,S01,24.0,down,KeyS,1791212979436.2,52000.0,s
P01,S01,24.0,up,KeyS,1791212979538.8,52000.0,s
P01,S01,24.0,down,KeyO,1791212979569.3,52001.0,o
P01,S01,24.0,up,KeyO,1791212979700.3,52001.0,o
P01,S01,24.0,down,KeyM,1791212979751.0,52002.0,m
P01,S01,24.0,up,KeyM,1791212979830.3,52002.0,m
P01,S01,24.0,down,KeyE,1791212979896.2,52003.0,e
P01,S01,24.0,down,Space,1791212979937.6,52004.0, 
P01,S01,24.0,up,KeyE,1791212979990.1,52003.0,e
P01,S01,24.0,up,Space,1791212980007.5,52004.0, 
P01,S01,24.0,down,KeyN,1791212980113.9,52005.0,n
P01,S01,24.0,up,KeyN,1791212980176.9,52005.0,n
P01,S01,24.0,down,KeyI,1791212980284.1,52006.0,i
P01,S01,24.0,down,KeyC,1791212980352.9,52007.0,c
P01,S01,24.0,up,KeyI,1791212980378.8,52006.0,i
P01,S01,24.0,up,KeyC,1791212980431.6,52007.0,c
P01,S01,24.0,down,KeyE,1791212980534.7,52008.0,e
P01,S01,24.0,down,Space,1791212980612.6,52009.0, 
P01,S01,24.0,up,KeyE,1791212980628.5,52008.0,e
P01,S01,24.0,up,Space,1791212980677.6,52009.0, 
P01,S01,24.0,down,KeyF,1791212980867.9,52010.0,f
P01,S01,24.0,up,KeyF,1791212980972.5,52010.0,f
P01,S01,24.0,down,KeyO,1791212981023.8,52011.0,o
P01,S01,24.0,up,KeyO,1791212981079.7,52011.0,o
P01,S01,24.0,down,KeyO,1791212981159.9,52012.0,o
P01,S01,24.0,up,KeyO,1791212981222.8,52012.0,o
P01,S01,24.0,down,KeyF,1791212981321.3,52013.0,f
P01,S01,24.0,up,KeyF,1791212981425.3,52013.0,f
P01,S01,24.0,down,Period,1791212981636.9,52014.0,.
P01,S01,24.0,up,Period,1791212981793.5,52014.0,.
P01,S01,24.0,down,Backspace,1791212982034.9,52015.0,Backspace
P01,S01,24.0,up,Backspace,1791212982099.5,52015.0,Backspace
P01,S01,24.0,down,Backspace,1791212982201.8,52016.0,Backspace
P01,S01,24.0,up,Backspace,1791212982253.6,52016.0,Backspace
P01,S01,24.0,down,KeyD,1791212982254.8,52017.0,d
P01,S01,24.0,up,KeyD,1791212982347.7,52017.0,d
P01,S01,24.0,down,Period,1791212982434.2,52018.0,.
P01,S01,24.0,up,Period,1791212982520.8,52018.0,.
P01,S01,24.0,down,Space,1791212982646.2,52019.0, 
P01,S01,24.0,up,Space,1791212982711.1,52019.0, 
P01,S01,24.0,down,ShiftLeft,1791212982743.8,52020.0,Shift
P01,S01,24.0,down,KeyT,1791212982870.6,52021.0,T
P01,S01,24.0,up,ShiftLeft,1791212982923.2,52020.0,Shift
P01,S01,24.0,up,KeyT,1791212982964.2,52021.0,T
P01,S01,24.0,down,KeyH,1791212983025.1,52022.0,h
P01,S01,24.0,down,KeyA,1791212983101.5,52023.0,a
P01,S01,24.0,up,KeyH,1791212983129.4,52022.0,h
P01,S01,24.0,up,KeyA,1791212983204.3,52023.0,a
P01,S01,24.0,down,KeyT,1791212983219.3,52024.0,t
P01,S01,24.0,up,KeyT,1791212983291.0,52024.0,t
P01,S01,24.0,down,KeyP,1791212983859.4,52025.0,p
P01,S01,24.0,up,KeyP,1791212983983.0,52025.0,p
P01,S01,24.0,down,KeyS,1791212983990.4,52026.0,s
P01,S01,24.0,up,KeyS,1791212984062.4,52026.0,s
P01,S01,24.0,down,Space,1791212984130.6,52027.0, 
P01,S01,24.0,up,Space,1791212984185.3,52027.0, 
P01,S01,24.0,down,KeyA,1791212984204.7,52028.0,a
P01,S01,24.0,up,KeyA,1791212984306.4,52028.0,a
P01,S01,24.0,down,Backspace,1791212984437.6,52029.0,Backspace
P01,S01,24.0,up,Backspace,1791212984518.0,52029.0,Backspace
P01,S01,24.0,down,Backspace,1791212984619.6,52030.0,Backspace
P01,S01,24.0,up,Backspace,1791212984672.2,52030.0,Backspace
P01,S01,24.0,down,Backspace,1791212984787.1,52031.0,Backspace
P01,S01,24.0,up,Backspace,1791212984833.5,52031.0,Backspace
P01,S01,24.0,down,Backspace,1791212984960.6,52032.0,Backspace
P01,S01,24.0,up,Backspace,1791212985024.0,52032.0,Backspace
P01,S01,24.0,down,Minus,1791212985329.2,52033.0,'
P01,S01,24.0,up,Minus,1791212985464.3,52033.0,'
P01,S01,24.0,down,KeyS,1791212985493.5,52034.0,s
P01,S01,24.0,up,KeyS,1791212985572.6,52034.0,s
P01,S01,24.0,down,Space,1791212985626.5,52035.0, 
P01,S01,24.0,up,Space,1791212985690.0,52035.0, 
P01,S01,24.0,down,KeyA,1791212985711.0,52036.0,a
P01,S01,24.0,up,KeyA,1791212985822.2,52036.0,a
P01,S01,24.0,down,KeyL,1791212985894.8,52037.0,l
P01,S01,24.0,up,KeyL,1791212985997.9,52037.0,l
P01,S01,24.0,down,KeyS,1791212986050.8,52038.0,s
P01,S01,24.0,down,KeyO,1791212986152.3,52039.0,o
P01,S01,24.0,up,KeyS,1791212986155.1,52038.0,s
P01,S01,24.0,up,KeyO,1791212986201.4,52039.0,o
P01,S01,24.0,down,Space,1791212986393.4,52040.0, 
P01,S01,24.0,up,Space,1791212986399.5,52040.0, 
P01,S01,24.0,down,KeyW,1791212986422.6,52041.0,w
P01,S01,24.0,down,KeyH,1791212986531.4,52042.0,h
P01,S01,24.0,up,KeyW,1791212986532.7,52041.0,w
P01,S01,24.0,up,KeyH,1791212986588.6,52042.0,h
P01,S01,24.0,down,KeyY,1791212986692.0,52043.0,y
P01,S01,24.0,up,KeyY,1791212986754.9,52043.0,y
P01,S01,24.0,down,Space,1791212986845.9,52044.0, 
P01,S01,24.0,up,Space,1791212986917.8,52044.0, 
P01,S01,24.0,down,ShiftLeft,1791212986954.1,52045.0,Shift
P01,S01,24.0,down,KeyI,1791212987068.5,52046.0,I
P01,S01,24.0,up,ShiftLeft,1791212987143.7,52045.0,Shift
P01,S01,24.0,up,KeyI,1791212987145.3,52046.0,I
P01,S01,24.0,down,Space,1791212987250.8,52047.0, 
P01,S01,24.0,up,Space,1791212987291.1,52047.0, 
P01,S01,24.0,down,KeyC,1791212987503.6,52048.0,c
P01,S01,24.0,up,KeyC,1791212987592.2,52048.0,c
P01,S01,24.0,down,KeyH,1791212987964.3,52049.0,h
P01,S01,24.0,up,KeyH,1791212988035.4,52049.0,h
P01,S01,24.0,down,KeyO,1791212988146.9,52050.0,o
P01,S01,24.0,up,KeyO,1791212988250.4,52050.0,o
P01,S01,24.0,down,KeyS,1791212988251.5,52051.0,s
P01,S01,24.0,up,KeyS,1791212988410.8,52051.0,s
P01,S01,24.0,down,KeyE,1791212988683.9,52052.0,e
P01,S01,24.0,up,KeyE,1791212988786.7,52052.0,e
P01,S01,24.0,down,Space,1791212988871.0,52053.0, 
P01,S01,24.0,up,Space,1791212988942.3,52053.0, 
P01,S01,24.0,down,KeyT,1791212989059.4,52054.0,t
P01,S01,24.0,up,KeyT,1791212989122.6,52054.0,t
P01,S01,24.0,down,KeyH,1791212989218.7,52055.0,h
P01,S01,24.0,up,KeyH,1791212989322.3,52055.0,h
P01,S01,24.0,down,KeyE,1791212989323.5,52056.0,e
P01,S01,24.0,down,Space,1791212989483.7,52057.0, 
P01,S01,24.0,up,KeyE,1791212989487.2,52056.0,e
P01,S01,24.0,up,Space,1791212989491.1,52057.0, 
P01,S01,24.0,down,KeyP,1791212989626.1,52058.0,p
P01,S01,24.0,up,KeyP,1791212989707.0,52058.0,p
P01,S01,24.0,down,KeyA,1791212989729.7,52059.0,a
P01,S01,24.0,up,KeyA,1791212989817.2,52059.0,a
P01,S01,24.0,down,KeyL,1791212989897.3,52060.0,l
P01,S01,24.0,up,KeyL,1791212989983.8,52060.0,l
P01,S01,24.0,down,KeyA,1791212990037.1,52061.0,a
P01,S01,24.0,up,KeyA,1791212990139.1,52061.0,a
P01,S01,24.0,down,KeyI,1791212990282.6,52062.0,i
P01,S01,24.0,up,KeyI,1791212990354.3,52062.0,i
P01,S01,24.0,down,KeyS,1791212990411.0,52063.0,s
P01,S01,24.0,up,KeyS,1791212990565.6,52063.0,s
P01,S01,24.0,down,Period,1791212990575.6,52064.0,.
P01,S01,24.0,up,Period,1791212990719.1,52064.0,.
P01,S01,24.0,down,Space,1791212990811.1,52065.0, 
P01,S01,24.0,up,Space,1791212990882.6,52065.0, 
P01,S01,24.0,down,ShiftLeft,1791212990918.9,52066.0,Shift
P01,S01,24.0,down,KeyI,1791212991185.3,52067.0,I
P01,S01,24.0,up,ShiftLeft,1791212991275.5,52066.0,Shift
P01,S01,24.0,up,KeyI,1791212991276.8,52067.0,I
P01,S01,24.0,down,KeyT,1791212991402.3,52068.0,t
P01,S01,24.0,up,KeyT,1791212991466.4,52068.0,t
P01,S01,24.0,down,Minus,1791212991650.5,52069.0,'
P01,S01,24.0,up,Minus,1791212991746.1,52069.0,'
P01,S01,24.0,down,KeyS,1791212991841.8,52070.0,s
P01,S01,24.0,down,Space,1791212991952.0,52071.0, 
P01,S01,24.0,up,KeyS,1791212991958.9,52070.0,s
P01,S01,24.0,up,Space,1791212992001.4,52071.0, 
P01,S01,24.0,down,KeyG,1791212992527.0,52072.0,g
P01,S01,24.0,up,KeyG,1791212992598.4,52072.0,g
P01,S01,24.0,down,KeyO,1791212992804.2,52073.0,o
P01,S01,24.0,up,KeyO,1791212992890.2,52073.0,o
P01,S01,24.0,down,KeyT,1791212993024.3,52074.0,t
P01,S01,24.0,up,KeyT,1791212993095.8,52074.0,t
P01,S01,24.0,down,Space,1791212993200.2,52075.0, 
P01,S01,24.0,up,Space,1791212993288.3,52075.0, 
P01,S01,24.0,down,KeyD,1791212993783.5,52076.0,d
P01,S01,24.0,up,KeyD,1791212993910.4,52076.0,d
P01,S01,24.0,down,KeyE,1791212993952.3,52077.0,e
P01,S01,24.0,up,KeyE,1791212994014.2,52077.0,e
P01,S01,24.0,down,KeyE,1791212994143.0,52078.0,e
P01,S01,24.0,down,KeyN,1791212994270.5,52079.0,n
P01,S01,24.0,up,KeyE,1791212994279.3,52078.0,e
P01,S01,24.0,up,KeyN,1791212994356.9,52079.0,n
P01,S01,24.0,down,Backspace,1791212994697.2,52080.0,Backspace
P01,S01,24.0,up,Backspace,1791212994760.4,52080.0,Backspace
P01,S01,24.0,down,Backspace,1791212994854.1,52081.0,Backspace
P01,S01,24.0,up,Backspace,1791212994924.3,52081.0,Backspace
P01,S01,24.0,down,KeyC,1791212995137.6,52082.0,c
P01,S01,24.0,up,KeyC,1791212995208.4,52082.0,c
P01,S01,24.0,down,KeyE,1791212995329.6,52083.0,e
P01,S01,24.0,down,KeyN,1791212995440.4,52084.0,n
P01,S01,24.0,up,KeyE,1791212995445.7,52083.0,e
P01,S01,24.0,up,KeyN,1791212995519.2,52084.0,n
P01,S01,24.0,down,KeyT,1791212995635.6,52085.0,t
P01,S01,24.0,up,KeyT,1791212995699.0,52085.0,t
P01,S01,24.0,down,Space,1791212995787.8,52086.0, 
P01,S01,24.0,up,Space,1791212995858.2,52086.0, 
P01,S01,24.0,down,KeyP,1791212996012.3,52087.0,p
P01,S01,24.0,down,KeyR,1791212996041.0,52088.0,r
P01,S01,24.0,up,KeyP,1791212996091.0,52087.0,p
P01,S01,24.0,up,KeyR,1791212996114.6,52088.0,r
P01,S01,24.0,down,KeyI,1791212996234.5,52089.0,i
P01,S01,24.0,up,KeyI,1791212996298.0,52089.0,i
P01,S01,24.0,down,KeyC,1791212996328.2,52090.0,c
P01,S01,24.0,up,KeyC,1791212996423.7,52090.0,c
P01,S01,24.0,down,KeyI,1791212996442.4,52091.0,i
P01,S01,24.0,up,KeyI,1791212996521.4,52091.0,i
P01,S01,24.0,down,KeyN,1791212996675.4,52092.0,n
P01,S01,24.0,up,KeyN,1791212996747.4,52092.0,n
P01,S01,24.0,down,KeyG,1791212996858.9,52093.0,g
P01,S01,24.0,up,KeyG,1791212996921.9,52093.0,g
P01,S01,24.0,down,Space,1791212997017.4,52094.0, 
P01,S01,24.0,up,Space,1791212997104.0,52094.0, 
P01,S01,24.0,down,KeyF,1791212997196.1,52095.0,f
P01,S01,24.0,up,KeyF,1791212997349.9,52095.0,f
P01,S01,24.0,down,KeyO,1791212997352.6,52096.0,o
P01,S01,24.0,up,KeyO,1791212997442.3,52096.0,o
P01,S01,24.0,down,KeyR,1791212997451.3,52097.0,r
P01,S01,24.0,up,KeyR,1791212997533.4,52097.0,r
P01,S01,24.0,down,Space,1791212997553.4,52098.0, 
P01,S01,24.0,up,Space,1791212997625.5,52098.0, 
P01,S01,24.0,down,KeyA,1791212997668.5,52099.0,a
P01,S01,24.0,down,Space,1791212997771.8,52100.0, 
P01,S01,24.0,up,KeyA,1791212997774.6,52099.0,a
P01,S01,24.0,up,Space,1791212997821.8,52100.0, 
P01,S01,24.0,down,KeyH,1791212997973.9,52101.0,h
P01,S01,24.0,up,KeyH,1791212998037.0,52101.0,h
P01,S01,24.0,down,KeyI,1791212998148.1,52102.0,i
P01,S01,24.0,up,KeyI,1791212998226.8,52102.0,i
P01,S01,24.0,down,KeyG,1791212998372.6,52103.0,g
P01,S01,24.0,up,KeyG,1791212998402.6,52103.0,g
P01,S01,24.0,down,KeyH,1791212998487.4,52104.0,h
P01,S01,24.0,up,KeyH,1791212998576.1,52104.0,h
P01,S01,24.0,down,Space,1791212998655.9,52105.0, 
P01,S01,24.0,up,Space,1791212998752.1,52105.0, 
P01,S01,24.0,down,KeyE,1791212998884.3,52106.0,e
P01,S01,24.0,up,KeyE,1791212998972.1,52106.0,e
P01,S01,24.0,down,KeyN,1791212999567.5,52107.0,n
P01,S01,24.0,up,KeyN,1791212999622.9,52107.0,n
P01,S01,24.0,down,KeyD,1791212999686.0,52108.0,d
P01,S01,24.0,up,KeyD,1791212999781.4,52108.0,d
P01,S01,24.0,down,Space,1791212999809.0,52109.0, 
P01,S01,24.0,up,Space,1791212999886.9,52109.0, 
P01,S01,24.0,down,KeyR,1791213000022.2,52110.0,r
P01,S01,24.0,up,KeyR,1791213000085.1,52110.0,r
P01,S01,24.0,down,KeyE,1791213000192.6,52111.0,e
P01,S01,24.0,up,KeyE,1791213000279.3,52111.0,e
P01,S01,24.0,down,KeyS,1791213000377.8,52112.0,s
P01,S01,24.0,up,KeyS,1791213000474.7,52112.0,s
P01,S01,24.0,down,KeyT,1791213000917.3,52113.0,t
P01,S01,24.0,up,KeyT,1791213000967.5,52113.0,t
P01,S01,24.0,down,KeyA,1791213001094.2,52114.0,a
P01,S01,24.0,up,KeyA,1791213001214.2,52114.0,a
P01,S01,24.0,down,KeyU,1791213001308.1,52115.0,u
P01,S01,24.0,up,KeyU,1791213001355.7,52115.0,u
P01,S01,24.0,down,Backspace,1791213001590.4,52116.0,Backspace
P01,S01,24.0,up,Backspace,1791213001678.1,52116.0,Backspace
P01,S01,24.0,down,Backspace,1791213001769.4,52117.0,Backspace
P01,S01,24.0,up,Backspace,1791213001856.7,52117.0,Backspace
P01,S01,24.0,down,Backspace,1791213001942.9,52118.0,Backspace
P01,S01,24.0,up,Backspace,1791213002014.7,52118.0,Backspace
P01,S01,24.0,down,Backspace,1791213002118.7,52119.0,Backspace
P01,S01,24.0,up,Backspace,1791213002188.9,52119.0,Backspace
P01,S01,24.0,down,Backspace,1791213002310.5,52120.0,Backspace
P01,S01,24.0,up,Backspace,1791213002393.2,52120.0,Backspace
P01,S01,24.0,down,Backspace,1791213002556.7,52121.0,Backspace
P01,S01,24.0,up,Backspace,1791213002659.1,52121.0,Backspace
P01,S01,24.0,down,KeyT,1791213003064.5,52122.0,t
P01,S01,24.0,up,KeyT,1791213003127.4,52122.0,t
P01,S01,24.0,down,KeyY,1791213003229.8,52123.0,y
P01,S01,24.0,up,KeyY,1791213003306.8,52123.0,y
P01,S01,24.0,down,KeyP,1791213003467.4,52124.0,p
P01,S01,24.0,up,KeyP,1791213003539.3,52124.0,p
P01,S01,24.0,down,KeyI,1791213003662.6,52125.0,i
P01,S01,24.0,up,KeyI,1791213003741.0,52125.0,i
P01,S01,24.0,down,KeyC,1791213003797.1,52126.0,c
P01,S01,24.0,up,KeyC,1791213003861.1,52126.0,c
P01,S01,24.0,down,KeyA,1791213003971.6,52127.0,a
P01,S01,24.0,down,KeyL,1791213004061.5,52128.0,l
P01,S01,24.0,up,KeyA,1791213004090.3,52127.0,a
P01,S01,24.0,up,KeyL,1791213004163.5,52128.0,l
P01,S01,24.0,down,Space,1791213004261.6,52129.0, 
P01,S01,24.0,up,Space,1791213004323.7,52129.0, 
P01,S01,24.0,down,KeyR,1791213004604.9,52130.0,r
P01,S01,24.0,up,KeyR,1791213004633.6,52130.0,r
P01,S01,24.0,down,KeyE,1791213004755.0,52131.0,e
P01,S01,24.0,up,KeyE,1791213004825.8,52131.0,e
P01,S01,24.0,down,KeyS,1791213004930.9,52132.0,s
P01,S01,24.0,up,KeyS,1791213005018.0,52132.0,s
P01,S01,24.0,down,KeyT,1791213005034.2,52133.0,t
P01,S01,24.0,up,KeyT,1791213005097.5,52133.0,t
P01,S01,24.0,down,KeyA,1791213005137.0,52134.0,a
P01,S01,24.0,up,KeyA,1791213005232.2,52134.0,a
P01,S01,24.0,down,KeyU,1791213005260.5,52135.0,u
P01,S01,24.0,up,KeyU,1791213005332.6,52135.0,u
P01,S01,24.0,down,KeyR,1791213005430.7,52136.0,r
P01,S01,24.0,up,KeyR,1791213005515.7,52136.0,r
P01,S01,24.0,down,KeyA,1791213005648.6,52137.0,a
P01,S01,24.0,up,KeyA,1791213005776.6,52137.0,a
P01,S01,24.0,down,KeyN,1791213005795.0,52138.0,n
P01,S01,24.0,up,KeyN,1791213005889.6,52138.0,n
P01,S01,24.0,down,KeyT,1791213006033.6,52139.0,t
P01,S01,24.0,up,KeyT,1791213006105.6,52139.0,t
P01,S01,24.0,down,Period,1791213006276.1,52140.0,.
P01,S01,24.0,up,Period,1791213006464.3,52140.0,.
P01,S01,24.0,down,Space,1791213006506.9,52141.0, 
P01,S01,24.0,up,Space,1791213006601.6,52141.0, 
P01,S01,24.0,down,ShiftLeft,1791213009628.6,52142.0,Shift
P01,S01,24.0,down,KeyA,1791213009939.9,52143.0,A
P01,S01,24.0,up,ShiftLeft,1791213010002.3,52142.0,Shift
P01,S01,24.0,up,KeyA,1791213010075.7,52143.0,A
P01,S01,24.0,down,KeyR,1791213010204.3,52144.0,r
P01,S01,24.0,up,KeyR,1791213010275.3,52144.0,r
P01,S01,24.0,down,KeyE,1791213010378.5,52145.0,e
P01,S01,24.0,down,Space,1791213010489.5,52146.0, 
P01,S01,24.0,up,KeyE,1791213010492.9,52145.0,e
P01,S01,24.0,up,Space,1791213010554.7,52146.0, 
P01,S01,24.0,down,KeyT,1791213010814.4,52147.0,t
P01,S01,24.0,up,KeyT,1791213010878.1,52147.0,t
P01,S01,24.0,down,KeyH,1791213011000.8,52148.0,h
P01,S01,24.0,up,KeyH,1791213011082.1,52148.0,h
P01,S01,24.0,down,KeyE,1791213011082.8,52149.0,e
P01,S01,24.0,up,KeyE,1791213011143.5,52149.0,e
P01,S01,24.0,down,KeyR,1791213011245.8,52150.0,r
P01,S01,24.0,up,KeyR,1791213011324.8,52150.0,r
P01,S01,24.0,down,KeyE,1791213011449.6,52151.0,e
P01,S01,24.0,up,KeyE,1791213011561.0,52151.0,e
P01,S01,24.0,down,Space,1791213011725.5,52152.0, 
P01,S01,24.0,up,Space,1791213011796.2,52152.0, 
P01,S01,24.0,down,KeyA,1791213011836.2,52153.0,a
P01,S01,24.0,up,KeyA,1791213011955.0,52153.0,a
P01,S01,24.0,down,KeyN,1791213011986.7,52154.0,n
P01,S01,24.0,up,KeyN,1791213012050.6,52154.0,n
P01,S01,24.0,down,KeyY,1791213012166.7,52155.0,y
P01,S01,24.0,up,KeyY,1791213012238.6,52155.0,y
P01,S01,24.0,down,Space,1791213012336.6,52156.0, 
P01,S01,24.0,down,ShiftLeft,1791213012394.4,52157.0,Shift
P01,S01,24.0,up,Space,1791213012415.1,52156.0, 
P01,S01,24.0,down,KeyR,1791213012649.2,52158.0,R
P01,S01,24.0,up,KeyR,1791213012728.4,52158.0,R
P01,S01,24.0,down,KeyE,1791213012845.6,52159.0,E
P01,S01,24.0,up,KeyE,1791213012933.0,52159.0,E
P01,S01,24.0,down,KeyC,1791213013062.5,52160.0,C
P01,S01,24.0,up,KeyC,1791213013171.1,52160.0,C
P01,S01,24.0,down,KeyO,1791213013276.0,52161.0,O
P01,S01,24.0,up,KeyO,1791213013286.3,52161.0,O
P01,S01,24.0,down,KeyG,1791213013372.9,52162.0,G
P01,S01,24.0,up,KeyG,1791213013444.1,52162.0,G
P01,S01,24.0,down,KeyN,1791213013539.5,52163.0,N
P01,S01,24.0,up,KeyN,1791213013610.5,52163.0,N
P01,S01,24.0,down,KeyI,1791213013713.0,52164.0,I
P01,S01,24.0,up,KeyI,1791213013784.2,52164.0,I
P01,S01,24.0,down,KeyZ,1791213013843.5,52165.0,Z
P01,S01,24.0,up,KeyZ,1791213013979.4,52165.0,Z
P01,S01,24.0,down,KeyE,1791213014097.9,52166.0,E
P01,S01,24.0,up,KeyE,1791213014186.1,52166.0,E
P01,S01,24.0,down,KeyD,1791213014271.0,52167.0,D
P01,S01,24.0,up,ShiftLeft,1791213014382.5,52157.0,Shift
P01,S01,24.0,down,Space,1791213014383.0,52168.0, 
P01,S01,24.0,up,KeyD,1791213014384.0,52167.0,D
P01,S01,24.0,up,Space,1791213014436.8,52168.0, 
P01,S01,24.0,down,KeyB,1791213014540.4,52169.0,b
P01,S01,24.0,up,KeyB,1791213014588.3,52169.0,b
P01,S01,24.0,down,KeyO,1791213014729.4,52170.0,o
P01,S01,24.0,up,KeyO,1791213014825.4,52170.0,o
P01,S01,24.0,down,KeyU,1791213014929.2,52171.0,u
P01,S01,24.0,up,KeyU,1791213014992.0,52171.0,u
P01,S01,24.0,down,KeyC,1791213015066.7,52172.0,c
P01,S01,24.0,down,KeyH,1791213015170.1,52173.0,h
P01,S01,24.0,up,KeyC,1791213015172.4,52172.0,c
P01,S01,24.0,up,KeyH,1791213015241.1,52173.0,h
P01,S01,24.0,down,KeyO,1791213015386.6,52174.0,o
P01,S01,24.0,up,KeyO,1791213015458.9,52174.0,o
P01,S01,24.0,down,KeyN,1791213015568.7,52175.0,n
P01,S01,24.0,up,KeyN,1791213015640.7,52175.0,n
P01,S01,24.0,down,KeyS,1791213015718.4,52176.0,s
P01,S01,24.0,up,KeyS,1791213015829.1,52176.0,s
P01,S01,24.0,down,Space,1791213015869.4,52177.0, 
P01,S01,24.0,up,Space,1791213015946.7,52177.0, 
P01,S01,24.0,down,KeyL,1791213016240.1,52178.0,l
P01,S01,24.0,up,KeyL,1791213016421.0,52178.0,l
P01,S01,24.0,down,KeyI,1791213016468.2,52179.0,i
P01,S01,24.0,up,KeyI,1791213016539.8,52179.0,i
P01,S01,24.0,down,KeyK,1791213016618.0,52180.0,k
P01,S01,24.0,up,KeyK,1791213016711.5,52180.0,k
P01,S01,24.0,down,KeyE,1791213016713.0,52181.0,e
P01,S01,24.0,down,Space,1791213016820.0,52182.0, 
P01,S01,24.0,up,KeyE,1791213016822.5,52181.0,e
P01,S01,24.0,up,Space,1791213016877.6,52182.0, 
P01,S01,24.0,down,KeyI,1791213016990.5,52183.0,i
P01,S01,24.0,up,KeyI,1791213017070.9,52183.0,i
P01,S01,24.0,down,KeyT,1791213017185.3,52184.0,t
P01,S01,24.0,up,KeyT,1791213017252.4,52184.0,t
P01,S01,24.0,down,ShiftLeft,1791213017320.9,52185.0,Shift
P01,S01,24.0,down,Minus,1791213018255.3,52186.0,?
P01,S01,24.0,up,Minus,1791213018288.9,52186.0,?
P01,S01,24.0,up,ShiftLeft,1791213018377.1,52185.0,Shift
P01,S01,24.0,down,Enter,1791213018597.5,52187.0,Enter
P01,S01,24.0,up,Enter,1791213018692.1,52187.0,Enter
P01,S01,25.0,down,ShiftLeft,1791213092780.9,52188.0,Shift
P01,S01,25.0,down,KeyI,1791213093204.0,52189.0,I
P01,S01,25.0,up,ShiftLeft,1791213093306.5,52188.0,Shift
P01,S01,25.0,up,KeyI,1791213093313.3,52189.0,I
P01,S01,25.0,down,KeyF,1791213093536.7,52190.0,f
P01,S01,25.0,up,KeyF,1791213093614.0,52190.0,f
P01,S01,25.0,down,Space,1791213093647.8,52191.0, 
P01,S01,25.0,up,Space,1791213093721.2,52191.0, 
P01,S01,25.0,down,KeyY,1791213093825.0,52192.0,y
P01,S01,25.0,up,KeyY,1791213093888.3,52192.0,y
P01,S01,25.0,down,KeyO,1791213094009.4,52193.0,o
P01,S01,25.0,up,KeyO,1791213094112.6,52193.0,o
P01,S01,25.0,down,KeyU,1791213094201.1,52194.0,u
P01,S01,25.0,up,KeyU,1791213094263.8,52194.0,u
P01,S01,25.0,down,Space,1791213094372.7,52195.0, 
P01,S01,25.0,up,Space,1791213094436.6,52195.0, 
P01,S01,25.0,down,KeyA,1791213094623.3,52196.0,a
P01,S01,25.0,up,KeyA,1791213094721.4,52196.0,a
P01,S01,25.0,down,KeyN,1791213094740.8,52197.0,n
P01,S01,25.0,up,KeyN,1791213094828.2,52197.0,n
P01,S01,25.0,down,Backspace,1791213095506.2,52198.0,Backspace
P01,S01,25.0,up,Backspace,1791213095586.6,52198.0,Backspace
P01,S01,25.0,down,Backspace,1791213095684.2,52199.0,Backspace
P01,S01,25.0,up,Backspace,1791213095755.7,52199.0,Backspace
P01,S01,25.0,down,KeyC,1791213095808.8,52200.0,c
P01,S01,25.0,up,KeyC,1791213095894.7,52200.0,c
P01,S01,25.0,down,KeyA,1791213096032.1,52201.0,a
P01,S01,25.0,up,KeyA,1791213096137.2,52201.0,a
P01,S01,25.0,down,KeyN,1791213096187.4,52202.0,n
P01,S01,25.0,up,KeyN,1791213096258.6,52202.0,n
P01,S01,25.0,down,Space,1791213096332.0,52203.0, 
P01,S01,25.0,up,Space,1791213096427.6,52203.0, 
P01,S01,25.0,down,Backspace,1791213096616.9,52204.0,Backspace
P01,S01,25.0,up,Backspace,1791213096688.4,52204.0,Backspace
"P01,S01,25,down,Comma,1791213096900.6,52205,"",""",,,,Unidentified,,,
"P01,S01,25,up,Comma,1791213096948.8,52205,"",""",,,,Unidentified,,,
P01,S01,25.0,down,Space,1791213097041.3,52206.0, 
P01,S01,25.0,up,Space,1791213097160.3,52206.0, 
P01,S01,25.0,down,KeyF,1791213097510.4,52207.0,f
P01,S01,25.0,up,KeyF,1791213097597.6,52207.0,f
P01,S01,25.0,down,KeyI,1791213097617.8,52208.0,i
P01,S01,25.0,up,KeyI,1791213097705.7,52208.0,i
P01,S01,25.0,down,KeyN,1791213097810.8,52209.0,n
P01,S01,25.0,up,KeyN,1791213097874.5,52209.0,n
P01,S01,25.0,down,KeyD,1791213097977.4,52210.0,d
P01,S01,25.0,up,KeyD,1791213098078.8,52210.0,d
P01,S01,25.0,down,Space,1791213098088.9,52211.0, 
P01,S01,25.0,up,Space,1791213098168.5,52211.0, 
P01,S01,25.0,down,KeyS,1791213098201.5,52212.0,s
P01,S01,25.0,up,KeyS,1791213098288.3,52212.0,s
P01,S01,25.0,down,KeyO,1791213098314.2,52213.0,o
P01,S01,25.0,up,KeyO,1791213098401.6,52213.0,o
P01,S01,25.0,down,KeyM,1791213098489.6,52214.0,m
P01,S01,25.0,up,KeyM,1791213098570.6,52214.0,m
P01,S01,25.0,down,KeyE,1791213098626.9,52215.0,e
P01,S01,25.0,down,Space,1791213098725.0,52216.0, 
P01,S01,25.0,up,KeyE,1791213098728.3,52215.0,e
P01,S01,25.0,up,Space,1791213098795.4,52216.0, 
P01,S01,25.0,down,KeyP,1791213099755.7,52217.0,p
P01,S01,25.0,up,KeyP,1791213099874.5,52217.0,p
P01,S01,25.0,down,KeyL,1791213099977.7,52218.0,l
P01,S01,25.0,up,KeyL,1791213100049.4,52218.0,l
P01,S01,25.0,down,KeyA,1791213100077.3,52219.0,a
P01,S01,25.0,up,KeyA,1791213100149.4,52219.0,a
P01,S01,25.0,down,KeyT,1791213100206.1,52220.0,t
P01,S01,25.0,up,KeyT,1791213100270.1,52220.0,t
P01,S01,25.0,down,KeyE,1791213100304.5,52221.0,e
P01,S01,25.0,up,KeyE,1791213100384.3,52221.0,e
P01,S01,25.0,down,KeyS,1791213100478.3,52222.0,s
P01,S01,25.0,down,Space,1791213100589.1,52223.0, 
P01,S01,25.0,up,KeyS,1791213100592.0,52222.0,s
P01,S01,25.0,up,Space,1791213100647.2,52223.0, 
P01,S01,25.0,down,KeyT,1791213100833.5,52224.0,t
P01,S01,25.0,up,KeyT,1791213100889.3,52224.0,t
P01,S01,25.0,down,KeyH,1791213101003.1,52225.0,h
P01,S01,25.0,up,KeyH,1791213101139.1,52225.0,h
P01,S01,25.0,down,KeyE,1791213101142.3,52226.0,e
P01,S01,25.0,down,Space,1791213101214.8,52227.0, 
P01,S01,25.0,up,KeyE,1791213101217.9,52226.0,e
P01,S01,25.0,up,Space,1791213101293.3,52227.0, 
P01,S01,25.0,down,KeyR,1791213101915.1,52228.0,r
P01,S01,25.0,up,KeyR,1791213101986.4,52228.0,r
P01,S01,25.0,down,KeyE,1791213102089.7,52229.0,e
P01,S01,25.0,up,KeyE,1791213102219.5,52229.0,e
P01,S01,25.0,down,KeyS,1791213102254.5,52230.0,s
P01,S01,25.0,up,KeyS,1791213102341.2,52230.0,s
P01,S01,25.0,down,KeyT,1791213102366.5,52231.0,t
P01,S01,25.0,up,KeyT,1791213102437.5,52231.0,t
P01,S01,25.0,down,KeyA,1791213102467.4,52232.0,a
P01,S01,25.0,up,KeyA,1791213102570.4,52232.0,a
P01,S01,25.0,down,KeyU,1791213102629.3,52233.0,u
P01,S01,25.0,up,KeyU,1791213102708.2,52233.0,u
P01,S01,25.0,down,KeyR,1791213102760.3,52234.0,r
P01,S01,25.0,up,KeyR,1791213102822.0,52234.0,r
P01,S01,25.0,down,KeyA,1791213102948.1,52235.0,a
P01,S01,25.0,down,KeyN,1791213103085.9,52236.0,n
P01,S01,25.0,up,KeyA,1791213103088.4,52235.0,a
P01,S01,25.0,up,KeyN,1791213103106.1,52236.0,n
P01,S01,25.0,down,KeyT,1791213103220.8,52237.0,t
P01,S01,25.0,up,KeyT,1791213103261.5,52237.0,t
P01,S01,25.0,down,Space,1791213103374.0,52238.0, 
P01,S01,25.0,up,Space,1791213103473.9,52238.0, 
P01,S01,25.0,down,KeyS,1791213103475.7,52239.0,s
P01,S01,25.0,up,KeyS,1791213103543.6,52239.0,s
P01,S01,25.0,down,KeyE,1791213103618.6,52240.0,e
P01,S01,25.0,up,KeyE,1791213103697.9,52240.0,e
P01,S01,25.0,down,KeyR,1791213103783.8,52241.0,r
P01,S01,25.0,down,KeyV,1791213103867.8,52242.0,v
P01,S01,25.0,up,KeyR,1791213103870.0,52241.0,r
P01,S01,25.0,up,KeyV,1791213103931.5,52242.0,v
P01,S01,25.0,down,KeyE,1791213103983.2,52243.0,e
P01,S01,25.0,up,KeyE,1791213104062.9,52243.0,e
P01,S01,25.0,down,KeyS,1791213104168.9,52244.0,s
P01,S01,25.0,down,Period,1791213104360.8,52245.0,.
P01,S01,25.0,up,KeyS,1791213104364.4,52244.0,s
P01,S01,25.0,up,Period,1791213104384.4,52245.0,.
P01,S01,25.0,down,Space,1791213104486.2,52246.0, 
P01,S01,25.0,down,ShiftLeft,1791213104495.1,52247.0,Shift
P01,S01,25.0,up,Space,1791213104532.3,52246.0, 
P01,S01,25.0,down,KeyI,1791213104663.8,52248.0,I
P01,S01,25.0,up,ShiftLeft,1791213104744.0,52247.0,Shift
P01,S01,25.0,up,KeyI,1791213104745.7,52248.0,I
P01,S01,25.0,down,Space,1791213104838.8,52249.0, 
P01,S01,25.0,up,Space,1791213104902.4,52249.0, 
P01,S01,25.0,down,KeyK,1791213105014.1,52250.0,k
P01,S01,25.0,up,KeyK,1791213105075.1,52250.0,k
P01,S01,25.0,down,KeyN,1791213105173.0,52251.0,n
P01,S01,25.0,up,KeyN,1791213105245.8,52251.0,n
P01,S01,25.0,down,KeyO,1791213105377.1,52252.0,o
P01,S01,25.0,up,KeyO,1791213105449.3,52252.0,o
P01,S01,25.0,down,KeyW,1791213105450.1,52253.0,w
P01,S01,25.0,down,Space,1791213105542.8,52254.0, 
P01,S01,25.0,up,KeyW,1791213105546.2,52253.0,w
P01,S01,25.0,up,Space,1791213105585.3,52254.0, 
P01,S01,25.0,down,KeyI,1791213105711.0,52255.0,i
P01,S01,25.0,up,KeyI,1791213105789.8,52255.0,i
P01,S01,25.0,down,KeyT,1791213105909.0,52256.0,t
P01,S01,25.0,up,KeyT,1791213105974.4,52256.0,t
P01,S01,25.0,down,Space,1791213106077.4,52257.0, 
P01,S01,25.0,up,Space,1791213106149.0,52257.0, 
P01,S01,25.0,down,KeyH,1791213106221.0,52258.0,h
P01,S01,25.0,up,KeyH,1791213106355.9,52258.0,h
P01,S01,25.0,down,KeyA,1791213106358.0,52259.0,a
P01,S01,25.0,up,KeyA,1791213106391.8,52259.0,a
P01,S01,25.0,down,KeyS,1791213106469.2,52260.0,s
P01,S01,25.0,down,Space,1791213106564.1,52261.0, 
P01,S01,25.0,up,KeyS,1791213106566.6,52260.0,s
P01,S01,25.0,up,Space,1791213106622.7,52261.0, 
P01,S01,25.0,down,KeyA,1791213106671.1,52262.0,a
P01,S01,25.0,down,Space,1791213106753.8,52263.0, 
P01,S01,25.0,up,KeyA,1791213106781.6,52262.0,a
P01,S01,25.0,up,Space,1791213106848.3,52263.0, 
P01,S01,25.0,down,KeyF,1791213107007.6,52264.0,f
P01,S01,25.0,up,KeyF,1791213107078.5,52264.0,f
P01,S01,25.0,down,KeyI,1791213107131.0,52265.0,i
P01,S01,25.0,up,KeyI,1791213107214.2,52265.0,i
P01,S01,25.0,down,KeyX,1791213107278.9,52266.0,x
P01,S01,25.0,up,KeyX,1791213107485.1,52266.0,x
P01,S01,25.0,down,KeyE,1791213107551.5,52267.0,e
P01,S01,25.0,up,KeyE,1791213107621.1,52267.0,e
P01,S01,25.0,down,KeyD,1791213107717.3,52268.0,d
P01,S01,25.0,down,Space,1791213107766.8,52269.0, 
P01,S01,25.0,up,KeyD,1791213107797.5,52268.0,d
P01,S01,25.0,up,Space,1791213107837.3,52269.0, 
P01,S01,25.0,down,KeyM,1791213107922.5,52270.0,m
P01,S01,25.0,down,KeyE,1791213107967.9,52271.0,e
P01,S01,25.0,up,KeyM,1791213108009.0,52270.0,m
P01,S01,25.0,up,KeyE,1791213108069.9,52271.0,e
P01,S01,25.0,down,KeyN,1791213108119.1,52272.0,n
P01,S01,25.0,up,KeyN,1791213108192.8,52272.0,n
P01,S01,25.0,down,KeyU,1791213108292.3,52273.0,u
P01,S01,25.0,up,KeyU,1791213108355.7,52273.0,u
P01,S01,25.0,down,Space,1791213108527.2,52274.0, 
P01,S01,25.0,up,Space,1791213108532.3,52274.0, 
P01,S01,25.0,down,KeyL,1791213108652.9,52275.0,l
P01,S01,25.0,up,KeyL,1791213108755.0,52275.0,l
P01,S01,25.0,down,KeyE,1791213108755.7,52276.0,e
P01,S01,25.0,up,KeyE,1791213108865.5,52276.0,e
P01,S01,25.0,down,Backspace,1791213109415.2,52277.0,Backspace
P01,S01,25.0,up,Backspace,1791213109549.9,52277.0,Backspace
P01,S01,25.0,down,KeyY,1791213109636.6,52278.0,y
P01,S01,25.0,up,KeyY,1791213109708.8,52278.0,y
P01,S01,25.0,down,KeyO,1791213110477.3,52279.0,o
P01,S01,25.0,up,KeyO,1791213110548.1,52279.0,o
P01,S01,25.0,down,KeyN,1791213110674.8,52280.0,n
P01,S01,25.0,up,KeyN,1791213110811.2,52280.0,n
P01,S01,25.0,down,KeyN,1791213110924.1,52281.0,n
P01,S01,25.0,up,KeyN,1791213110997.5,52281.0,n
P01,S01,25.0,down,KeyA,1791213111070.3,52282.0,a
P01,S01,25.0,up,KeyA,1791213111173.9,52282.0,a
P01,S01,25.0,down,KeyI,1791213111249.9,52283.0,i
P01,S01,25.0,up,KeyI,1791213111329.3,52283.0,i
P01,S01,25.0,down,KeyS,1791213111363.7,52284.0,s
P01,S01,25.0,up,KeyS,1791213111466.3,52284.0,s
P01,S01,25.0,down,Space,1791213111562.9,52285.0, 
P01,S01,25.0,up,Space,1791213111642.1,52285.0, 
P01,S01,25.0,down,KeyB,1791213111922.4,52286.0,b
P01,S01,25.0,up,KeyB,1791213112010.5,52286.0,b
P01,S01,25.0,down,KeyU,1791213112114.6,52287.0,u
P01,S01,25.0,up,KeyU,1791213112201.3,52287.0,u
P01,S01,25.0,down,KeyT,1791213112319.8,52288.0,t
P01,S01,25.0,up,KeyT,1791213112382.8,52288.0,t
P01,S01,25.0,down,Space,1791213112486.2,52289.0, 
P01,S01,25.0,up,Space,1791213112589.6,52289.0, 
P01,S01,25.0,down,KeyI,1791213112848.5,52290.0,i
P01,S01,25.0,up,KeyI,1791213112989.7,52290.0,i
P01,S01,25.0,down,KeyT,1791213113061.5,52291.0,t
P01,S01,25.0,up,KeyT,1791213113126.2,52291.0,t
P01,S01,25.0,down,Minus,1791213113307.2,52292.0,'
P01,S01,25.0,up,Minus,1791213113378.2,52292.0,'
P01,S01,25.0,down,KeyS,1791213113489.5,52293.0,s
P01,S01,25.0,up,KeyS,1791213113592.4,52293.0,s
P01,S01,25.0,down,Space,1791213113637.4,52294.0, 
P01,S01,25.0,up,Space,1791213113701.6,52294.0, 
P01,S01,25.0,down,KeyM,1791213113844.4,52295.0,m
P01,S01,25.0,up,KeyM,1791213113974.7,52295.0,m
P01,S01,25.0,down,KeyA,1791213114213.9,52296.0,a
P01,S01,25.0,up,KeyA,1791213114331.6,52296.0,a
P01,S01,25.0,down,KeyI,1791213114511.9,52297.0,i
P01,S01,25.0,up,KeyI,1791213114582.9,52297.0,i
P01,S01,25.0,down,KeyN,1791213114701.0,52298.0,n
P01,S01,25.0,up,KeyN,1791213114752.7,52298.0,n
P01,S01,25.0,down,Space,1791213114825.7,52299.0, 
P01,S01,25.0,up,Space,1791213114904.7,52299.0, 
P01,S01,25.0,down,KeyD,1791213115036.2,52300.0,d
P01,S01,25.0,up,KeyD,1791213115041.5,52300.0,d
P01,S01,25.0,down,KeyI,1791213115043.9,52301.0,i
P01,S01,25.0,up,KeyI,1791213115128.1,52301.0,i
P01,S01,25.0,down,KeyS,1791213115157.3,52302.0,s
P01,S01,25.0,up,KeyS,1791213115253.1,52302.0,s
P01,S01,25.0,down,KeyH,1791213115289.6,52303.0,h
P01,S01,25.0,up,KeyH,1791213115369.0,52303.0,h
P01,S01,25.0,down,KeyE,1791213115397.4,52304.0,e
P01,S01,25.0,up,KeyE,1791213115483.8,52304.0,e
P01,S01,25.0,down,KeyS,1791213115597.8,52305.0,s
P01,S01,25.0,up,KeyS,1791213115692.9,52305.0,s
P01,S01,25.0,down,Space,1791213115721.3,52306.0, 
P01,S01,25.0,up,Space,1791213115808.6,52306.0, 
P01,S01,25.0,down,KeyA,1791213115874.3,52307.0,a
P01,S01,25.0,up,KeyA,1791213115969.9,52307.0,a
P01,S01,25.0,down,KeyR,1791213116130.3,52308.0,r
P01,S01,25.0,up,KeyR,1791213116215.2,52308.0,r
P01,S01,25.0,down,KeyE,1791213116306.2,52309.0,e
P01,S01,25.0,down,Space,1791213116420.1,52310.0, 
P01,S01,25.0,up,KeyE,1791213116422.9,52309.0,e
P01,S01,25.0,up,Space,1791213116497.3,52310.0, 
P01,S01,25.0,down,KeyS,1791213116877.4,52311.0,s
P01,S01,25.0,up,KeyS,1791213116956.9,52311.0,s
P01,S01,25.0,down,KeyE,1791213117107.2,52312.0,e
P01,S01,25.0,up,KeyE,1791213117121.6,52312.0,e
P01,S01,25.0,down,KeyA,1791213117255.1,52313.0,a
P01,S01,25.0,up,KeyA,1791213117325.7,52313.0,a
P01,S01,25.0,down,KeyS,1791213117417.1,52314.0,s
P01,S01,25.0,down,KeyO,1791213117481.4,52315.0,o
P01,S01,25.0,up,KeyO,1791213117552.8,52315.0,o
P01,S01,25.0,up,KeyS,1791213117554.3,52314.0,s
P01,S01,25.0,down,KeyN,1791213117663.1,52316.0,n
P01,S01,25.0,up,KeyN,1791213117741.7,52316.0,n
P01,S01,25.0,down,KeyA,1791213117762.0,52317.0,a
P01,S01,25.0,down,KeyL,1791213117884.5,52318.0,l
P01,S01,25.0,up,KeyA,1791213117889.4,52317.0,a
P01,S01,25.0,up,KeyL,1791213117986.8,52318.0,l
P01,S01,25.0,down,Space,1791213118064.5,52319.0, 
P01,S01,25.0,up,Space,1791213118144.6,52319.0, 
P01,S01,25.0,down,KeyA,1791213118153.5,52320.0,a
P01,S01,25.0,up,KeyA,1791213118240.8,52320.0,a
P01,S01,25.0,down,KeyN,1791213118256.7,52321.0,n
P01,S01,25.0,up,KeyN,1791213118336.0,52321.0,n
P01,S01,25.0,down,KeyD,1791213118368.2,52322.0,d
P01,S01,25.0,down,Space,1791213118425.6,52323.0, 
P01,S01,25.0,up,KeyD,1791213118446.5,52322.0,d
P01,S01,25.0,up,Space,1791213118512.1,52323.0, 
P01,S01,25.0,down,KeyC,1791213118573.6,52324.0,c
P01,S01,25.0,up,KeyC,1791213118661.1,52324.0,c
P01,S01,25.0,down,KeyH,1791213118691.6,52325.0,h
P01,S01,25.0,up,KeyH,1791213118761.5,52325.0,h
P01,S01,25.0,down,KeyA,1791213118803.2,52326.0,a
P01,S01,25.0,down,KeyN,1791213118895.5,52327.0,n
P01,S01,25.0,up,KeyA,1791213118920.9,52326.0,a
P01,S01,25.0,up,KeyN,1791213118970.5,52327.0,n
P01,S01,25.0,down,KeyG,1791213119086.6,52328.0,g
P01,S01,25.0,up,KeyG,1791213119149.8,52328.0,g
P01,S01,25.0,down,KeyE,1791213119172.9,52329.0,e
P01,S01,25.0,down,Space,1791213119282.7,52330.0, 
P01,S01,25.0,up,KeyE,1791213119284.8,52329.0,e
P01,S01,25.0,up,Space,1791213119357.0,52330.0, 
P01,S01,25.0,down,KeyW,1791213119852.1,52331.0,w
P01,S01,25.0,up,KeyW,1791213119947.8,52331.0,w
P01,S01,25.0,down,Backspace,1791213120262.1,52332.0,Backspace
P01,S01,25.0,up,Backspace,1791213120358.0,52332.0,Backspace
P01,S01,25.0,down,KeyE,1791213120388.0,52333.0,e
P01,S01,25.0,up,KeyE,1791213120483.7,52333.0,e
P01,S01,25.0,down,KeyV,1791213120584.9,52334.0,v
P01,S01,25.0,up,KeyV,1791213120619.0,52334.0,v
P01,S01,25.0,down,KeyE,1791213120701.4,52335.0,e
P01,S01,25.0,up,KeyE,1791213120772.2,52335.0,e
P01,S01,25.0,down,KeyR,1791213120884.8,52336.0,r
P01,S01,25.0,down,KeyY,1791213121019.2,52337.0,y
P01,S01,25.0,up,KeyR,1791213121021.8,52336.0,r
P01,S01,25.0,up,KeyY,1791213121082.5,52337.0,y
P01,S01,25.0,down,Space,1791213121207.0,52338.0, 
P01,S01,25.0,up,Space,1791213121347.4,52338.0, 
P01,S01,25.0,down,KeyD,1791213121597.4,52339.0,d
P01,S01,25.0,up,KeyD,1791213121668.5,52339.0,d
P01,S01,25.0,down,KeyA,1791213121823.1,52340.0,a
P01,S01,25.0,up,KeyA,1791213121982.6,52340.0,a
P01,S01,25.0,down,KeyY,1791213122002.7,52341.0,y
P01,S01,25.0,up,KeyY,1791213122073.4,52341.0,y
P01,S01,25.0,down,Space,1791213122169.5,52342.0, 
P01,S01,25.0,up,Space,1791213122276.4,52342.0, 
P01,S01,25.0,down,KeyO,1791213122406.0,52343.0,o
P01,S01,25.0,up,KeyO,1791213122472.8,52343.0,o
P01,S01,25.0,down,KeyR,1791213122474.0,52344.0,r
P01,S01,25.0,up,KeyR,1791213122560.5,52344.0,r
P01,S01,25.0,down,Space,1791213122593.8,52345.0, 
P01,S01,25.0,up,Space,1791213122673.1,52345.0, 
P01,S01,25.0,down,KeyW,1791213122908.6,52346.0,w
P01,S01,25.0,up,KeyW,1791213123003.3,52346.0,w
P01,S01,25.0,down,KeyE,1791213123126.9,52347.0,e
P01,S01,25.0,up,KeyE,1791213123186.9,52347.0,e
P01,S01,25.0,down,KeyE,1791213123302.1,52348.0,e
P01,S01,25.0,up,KeyE,1791213123486.5,52348.0,e
P01,S01,25.0,down,KeyK,1791213123505.2,52349.0,k
P01,S01,25.0,up,KeyK,1791213123529.6,52349.0,k
P01,S01,25.0,down,Period,1791213123705.7,52350.0,.
P01,S01,25.0,up,Period,1791213123809.2,52350.0,.
P01,S01,25.0,down,Space,1791213123965.9,52351.0, 
P01,S01,25.0,up,Space,1791213124028.6,52351.0, 
P01,S01,25.0,down,ShiftLeft,1791213126914.9,52352.0,Shift
P01,S01,25.0,down,KeyW,1791213127034.4,52353.0,W
P01,S01,25.0,up,ShiftLeft,1791213127170.9,52352.0,Shift
P01,S01,25.0,up,KeyW,1791213127172.4,52353.0,W
P01,S01,25.0,down,KeyH,1791213127201.3,52354.0,h
P01,S01,25.0,up,KeyH,1791213127256.8,52354.0,h
P01,S01,25.0,down,KeyE,1791213127329.4,52355.0,e
P01,S01,25.0,down,KeyN,1791213127376.8,52356.0,n
P01,S01,25.0,up,KeyE,1791213127439.0,52355.0,e
P01,S01,25.0,up,KeyN,1791213127455.1,52356.0,n
P01,S01,25.0,down,Space,1791213127533.5,52357.0, 
P01,S01,25.0,up,Space,1791213127621.7,52357.0, 
P01,S01,25.0,down,ShiftLeft,1791213127680.9,52358.0,Shift
P01,S01,25.0,down,KeyI,1791213127842.2,52359.0,I
P01,S01,25.0,up,KeyI,1791213127914.4,52359.0,I
P01,S01,25.0,up,ShiftLeft,1791213127981.3,52358.0,Shift
P01,S01,25.0,down,Space,1791213128031.5,52360.0, 
P01,S01,25.0,up,Space,1791213128100.9,52360.0, 
P01,S01,25.0,down,KeyW,1791213128131.4,52361.0,w
P01,S01,25.0,up,KeyW,1791213128263.9,52361.0,w
P01,S01,25.0,down,KeyE,1791213128306.0,52362.0,e
P01,S01,25.0,down,KeyN,1791213128353.9,52363.0,n
P01,S01,25.0,up,KeyN,1791213128433.7,52363.0,n
P01,S01,25.0,up,KeyE,1791213128435.2,52362.0,e
P01,S01,25.0,down,KeyT,1791213128550.4,52364.0,t
P01,S01,25.0,up,KeyT,1791213128613.4,52364.0,t
P01,S01,25.0,down,Space,1791213128715.5,52365.0, 
P01,S01,25.0,up,Space,1791213128802.9,52365.0, 
P01,S01,25.0,down,KeyI,1791213129523.1,52366.0,i
P01,S01,25.0,up,KeyI,1791213129610.2,52366.0,i
P01,S01,25.0,down,KeyN,1791213129744.9,52367.0,n
P01,S01,25.0,up,KeyN,1791213129824.8,52367.0,n
P01,S01,25.0,down,Space,1791213129896.9,52368.0, 
P01,S01,25.0,up,Space,1791213129976.6,52368.0, 
P01,S01,25.0,down,KeyT,1791213130080.0,52369.0,t
P01,S01,25.0,up,KeyT,1791213130151.4,52369.0,t
P01,S01,25.0,down,KeyH,1791213130236.3,52370.0,h
P01,S01,25.0,up,KeyH,1791213130339.4,52370.0,h
P01,S01,25.0,down,KeyE,1791213130340.7,52371.0,e
P01,S01,25.0,up,KeyE,1791213130416.5,52371.0,e
P01,S01,25.0,down,KeyR,1791213130518.5,52372.0,r
P01,S01,25.0,up,KeyR,1791213130602.9,52372.0,r
P01,S01,25.0,down,KeyE,1791213130682.1,52373.0,e
P01,S01,25.0,up,KeyE,1791213130777.0,52373.0,e
P01,S01,25.0,down,Space,1791213130807.2,52374.0, 
P01,S01,25.0,up,Space,1791213130879.2,52374.0, 
P01,S01,25.0,down,KeyW,1791213130897.3,52375.0,w
P01,S01,25.0,up,KeyW,1791213131014.5,52375.0,w
P01,S01,25.0,down,KeyA,1791213131136.0,52376.0,a
P01,S01,25.0,up,KeyA,1791213131224.5,52376.0,a
P01,S01,25.0,down,KeyS,1791213131303.8,52377.0,s
P01,S01,25.0,down,Space,1791213131337.2,52378.0, 
P01,S01,25.0,up,Space,1791213131408.6,52378.0, 
P01,S01,25.0,up,KeyS,1791213131428.3,52377.0,s
P01,S01,25.0,down,KeyT,1791213131524.8,52379.0,t
P01,S01,25.0,up,KeyT,1791213131596.6,52379.0,t
P01,S01,25.0,down,KeyH,1791213131697.5,52380.0,h
P01,S01,25.0,up,KeyH,1791213131785.3,52380.0,h
P01,S01,25.0,down,KeyI,1791213131894.7,52381.0,i
P01,S01,25.0,up,KeyI,1791213132011.2,52381.0,i
P01,S01,25.0,down,KeyS,1791213132027.2,52382.0,s
P01,S01,25.0,up,KeyS,1791213132081.1,52382.0,s
P01,S01,25.0,down,Space,1791213132118.3,52383.0, 
P01,S01,25.0,up,Space,1791213132197.6,52383.0, 
P01,S01,25.0,down,KeyA,1791213132224.6,52384.0,a
P01,S01,25.0,up,KeyA,1791213132334.2,52384.0,a
P01,S01,25.0,down,KeyW,1791213132580.1,52385.0,w
P01,S01,25.0,up,KeyW,1791213132674.9,52385.0,w
P01,S01,25.0,down,KeyE,1791213132778.6,52386.0,e
P01,S01,25.0,up,KeyE,1791213132882.2,52386.0,e
P01,S01,25.0,down,KeyS,1791213132993.8,52387.0,s
P01,S01,25.0,down,KeyO,1791213133118.5,52388.0,o
P01,S01,25.0,up,KeyS,1791213133123.2,52387.0,s
P01,S01,25.0,up,KeyO,1791213133167.9,52388.0,o
P01,S01,25.0,down,KeyM,1791213133274.1,52389.0,m
P01,S01,25.0,up,KeyM,1791213133345.2,52389.0,m
P01,S01,25.0,down,KeyE,1791213133399.1,52390.0,e
P01,S01,25.0,down,Space,1791213133480.8,52391.0, 
P01,S01,25.0,up,KeyE,1791213133517.4,52390.0,e
P01,S01,25.0,up,Space,1791213133558.7,52391.0, 
P01,S01,25.0,down,KeyP,1791213135065.2,52392.0,p
P01,S01,25.0,up,KeyP,1791213135144.1,52392.0,p
P01,S01,25.0,down,KeyI,1791213135251.6,52393.0,i
P01,S01,25.0,up,KeyI,1791213135323.2,52393.0,i
P01,S01,25.0,down,KeyE,1791213135357.2,52394.0,e
P01,S01,25.0,up,KeyE,1791213135468.5,52394.0,e
P01,S01,25.0,down,Period,1791213137862.8,52395.0,.
P01,S01,25.0,up,Period,1791213137975.8,52395.0,.
P01,S01,25.0,down,Space,1791213138076.3,52396.0, 
P01,S01,25.0,up,Space,1791213138162.5,52396.0, 
P01,S01,25.0,down,ShiftLeft,1791213139602.6,52397.0,Shift
P01,S01,25.0,up,ShiftLeft,1791213139846.3,52397.0,Shift
P01,S01,25.0,down,ShiftLeft,1791213140538.7,52398.0,Shift
P01,S01,25.0,down,KeyI,1791213140843.3,52399.0,I
P01,S01,25.0,up,KeyI,1791213140937.1,52399.0,I
P01,S01,25.0,up,ShiftLeft,1791213140981.0,52398.0,Shift
P01,S01,25.0,down,KeyT,1791213141042.2,52400.0,t
P01,S01,25.0,up,KeyT,1791213141113.0,52400.0,t
P01,S01,25.0,down,Space,1791213141215.5,52401.0, 
P01,S01,25.0,up,Space,1791213141318.5,52401.0, 
P01,S01,25.0,down,KeyW,1791213141436.4,52402.0,w
P01,S01,25.0,up,KeyW,1791213141531.5,52402.0,w
P01,S01,25.0,down,KeyA,1791213141633.5,52403.0,a
P01,S01,25.0,up,KeyA,1791213141712.1,52403.0,a
P01,S01,25.0,down,KeyS,1791213141825.5,52404.0,s
P01,S01,25.0,up,KeyS,1791213141974.9,52404.0,s
P01,S01,25.0,down,Space,1791213142030.7,52405.0, 
P01,S01,25.0,up,Space,1791213142117.4,52405.0, 
P01,S01,25.0,down,KeyR,1791213142257.6,52406.0,r
P01,S01,25.0,up,KeyR,1791213142331.2,52406.0,r
P01,S01,25.0,down,KeyE,1791213142426.4,52407.0,e
P01,S01,25.0,up,KeyE,1791213142514.5,52407.0,e
P01,S01,25.0,down,KeyD,1791213142599.7,52408.0,d
P01,S01,25.0,up,KeyD,1791213142744.0,52408.0,d
P01,S01,25.0,down,Period,1791213142800.6,52409.0,.
P01,S01,25.0,up,Period,1791213142935.5,52409.0,.
P01,S01,25.0,down,Space,1791213143052.0,52410.0, 
P01,S01,25.0,up,Space,1791213143139.4,52410.0, 
P01,S01,25.0,down,ShiftLeft,1791213144047.5,52411.0,Shift
P01,S01,25.0,down,KeyA,1791213144708.1,52412.0,A
P01,S01,25.0,up,ShiftLeft,1791213144818.0,52411.0,Shift
P01,S01,25.0,up,KeyA,1791213144841.7,52412.0,A
P01,S01,25.0,down,KeyN,1791213144905.3,52413.0,n
P01,S01,25.0,up,KeyN,1791213144976.6,52413.0,n
P01,S01,25.0,down,KeyY,1791213145075.0,52414.0,y
P01,S01,25.0,up,KeyY,1791213145147.1,52414.0,y
P01,S01,25.0,down,Space,1791213145229.5,52415.0, 
P01,S01,25.0,up,Space,1791213145321.3,52415.0, 
P01,S01,25.0,down,KeyC,1791213145322.2,52416.0,c
P01,S01,25.0,up,KeyC,1791213145413.5,52416.0,c
P01,S01,25.0,down,KeyL,1791213145445.6,52417.0,l
P01,S01,25.0,up,KeyL,1791213145533.3,52417.0,l
P01,S01,25.0,down,KeyU,1791213145634.3,52418.0,u
P01,S01,25.0,up,KeyU,1791213145712.8,52418.0,u
P01,S01,25.0,down,KeyE,1791213145713.7,52419.0,e
P01,S01,25.0,up,KeyE,1791213145806.4,52419.0,e
P01,S01,25.0,down,KeyS,1791213145881.6,52420.0,s
P01,S01,25.0,up,KeyS,1791213145993.4,52420.0,s
P01,S01,25.0,down,ShiftLeft,1791213146131.1,52421.0,Shift
P01,S01,25.0,down,Minus,1791213146291.6,52422.0,?
P01,S01,25.0,up,Minus,1791213146412.1,52422.0,?
P01,S01,25.0,up,ShiftLeft,1791213146494.8,52421.0,Shift
P01,S01,25.0,down,Enter,1791213146615.3,52423.0,Enter
P01,S01,25.0,up,Enter,1791213146693.8,52423.0,Enter
P01,S01,26.0,down,ShiftLeft,1791213206384.1,52424.0,Shift
P01,S01,26.0,down,KeyA,1791213206517.2,52425.0,A
P01,S01,26.0,up,ShiftLeft,1791213206596.3,52424.0,Shift
P01,S01,26.0,up,KeyA,1791213206675.2,52425.0,A
P01,S01,26.0,down,KeyN,1791213206715.8,52426.0,n
P01,S01,26.0,up,KeyN,1791213206794.9,52426.0,n
P01,S01,26.0,down,KeyY,1791213206900.7,52427.0,y
P01,S01,26.0,up,KeyY,1791213206972.0,52427.0,y
P01,S01,26.0,down,Space,1791213207058.8,52428.0, 
P01,S01,26.0,up,Space,1791213207138.9,52428.0, 
P01,S01,26.0,down,KeyO,1791213207258.4,52429.0,o
P01,S01,26.0,up,KeyO,1791213207361.7,52429.0,o
P01,S01,26.0,down,KeyT,1791213207485.0,52430.0,t
P01,S01,26.0,up,KeyT,1791213207556.0,52430.0,t
P01,S01,26.0,down,KeyH,1791213207641.9,52431.0,h
P01,S01,26.0,up,KeyH,1791213207744.7,52431.0,h
P01,S01,26.0,down,KeyE,1791213207745.9,52432.0,e
P01,S01,26.0,up,KeyE,1791213207814.8,52432.0,e
P01,S01,26.0,down,Space,1791213207913.1,52433.0, 
P01,S01,26.0,down,KeyR,1791213207915.4,52434.0,r
P01,S01,26.0,up,Space,1791213207984.6,52433.0, 
P01,S01,26.0,up,KeyR,1791213208020.7,52434.0,r
P01,S01,26.0,down,KeyP,1791213208122.6,52435.0,p
P01,S01,26.0,up,KeyP,1791213208218.1,52435.0,p
P01,S01,26.0,down,KeyL,1791213208306.5,52436.0,l
P01,S01,26.0,down,KeyA,1791213208366.9,52437.0,a
P01,S01,26.0,up,KeyL,1791213208392.8,52436.0,l
P01,S01,26.0,up,KeyA,1791213208493.0,52437.0,a
P01,S01,26.0,down,KeyT,1791213208550.5,52438.0,t
P01,S01,26.0,up,KeyT,1791213208659.4,52438.0,t
P01,S01,26.0,down,KeyE,1791213208664.9,52439.0,e
P01,S01,26.0,up,KeyE,1791213208744.2,52439.0,e
P01,S01,26.0,down,KeyS,1791213208829.8,52440.0,s
P01,S01,26.0,down,Space,1791213208904.1,52441.0, 
P01,S01,26.0,up,KeyS,1791213208932.0,52440.0,s
P01,S01,26.0,up,Space,1791213209014.2,52441.0, 
P01,S01,26.0,down,Backspace,1791213209273.4,52442.0,Backspace
P01,S01,26.0,up,Backspace,1791213210012.7,52442.0,Backspace
P01,S01,26.0,down,Backspace,1791213210146.1,52443.0,Backspace
P01,S01,26.0,up,Backspace,1791213210209.3,52443.0,Backspace
P01,S01,26.0,down,Backspace,1791213210324.4,52444.0,Backspace
P01,S01,26.0,up,Backspace,1791213210388.1,52444.0,Backspace
P01,S01,26.0,down,Backspace,1791213210506.3,52445.0,Backspace
P01,S01,26.0,up,Backspace,1791213210617.3,52445.0,Backspace
P01,S01,26.0,down,KeyR,1791213210683.8,52446.0,r
P01,S01,26.0,up,KeyR,1791213210778.3,52446.0,r
P01,S01,26.0,down,Space,1791213210915.5,52447.0, 
P01,S01,26.0,up,Space,1791213210947.0,52447.0, 
P01,S01,26.0,down,KeyP,1791213211223.0,52448.0,p
P01,S01,26.0,up,KeyP,1791213211301.8,52448.0,p
P01,S01,26.0,down,KeyL,1791213211389.4,52449.0,l
P01,S01,26.0,up,KeyL,1791213211537.6,52449.0,l
P01,S01,26.0,down,KeyA,1791213211539.3,52450.0,a
P01,S01,26.0,up,KeyA,1791213211631.6,52450.0,a
P01,S01,26.0,down,KeyT,1791213211702.3,52451.0,t
P01,S01,26.0,up,KeyT,1791213211781.4,52451.0,t
P01,S01,26.0,down,KeyE,1791213211811.6,52452.0,e
P01,S01,26.0,up,KeyE,1791213211875.0,52452.0,e
P01,S01,26.0,down,KeyS,1791213211975.1,52453.0,s
P01,S01,26.0,up,KeyS,1791213212062.2,52453.0,s
P01,S01,26.0,down,Space,1791213212080.2,52454.0, 
P01,S01,26.0,up,Space,1791213212175.0,52454.0, 
P01,S01,26.0,down,KeyW,1791213212257.3,52455.0,w
P01,S01,26.0,up,KeyW,1791213212358.8,52455.0,w
P01,S01,26.0,down,KeyO,1791213212405.2,52456.0,o
P01,S01,26.0,up,KeyO,1791213212483.8,52456.0,o
P01,S01,26.0,down,KeyR,1791213212527.9,52457.0,r
P01,S01,26.0,up,KeyR,1791213212623.4,52457.0,r
P01,S01,26.0,down,KeyT,1791213212668.0,52458.0,t
P01,S01,26.0,up,KeyT,1791213212731.9,52458.0,t
P01,S01,26.0,down,KeyH,1791213212831.3,52459.0,h
P01,S01,26.0,up,KeyH,1791213212920.5,52459.0,h
P01,S01,26.0,down,KeyY,1791213212990.8,52460.0,y
P01,S01,26.0,up,KeyY,1791213213055.1,52460.0,y
P01,S01,26.0,down,Space,1791213213128.2,52461.0, 
P01,S01,26.0,up,Space,1791213213216.2,52461.0, 
P01,S01,26.0,down,KeyO,1791213213335.0,52462.0,o
P01,S01,26.0,up,KeyO,1791213213420.5,52462.0,o
P01,S01,26.0,down,KeyF,1791213213467.4,52463.0,f
P01,S01,26.0,up,KeyF,1791213213563.3,52463.0,f
P01,S01,26.0,down,Space,1791213213579.9,52464.0, 
P01,S01,26.0,up,Space,1791213213643.1,52464.0, 
P01,S01,26.0,down,KeyM,1791213213733.1,52465.0,m
P01,S01,26.0,up,KeyM,1791213213826.4,52465.0,m
P01,S01,26.0,down,KeyE,1791213213827.6,52466.0,e
P01,S01,26.0,down,KeyN,1791213213935.8,52467.0,n
P01,S01,26.0,up,KeyE,1791213213939.7,52466.0,e
P01,S01,26.0,up,KeyN,1791213213998.6,52467.0,n
P01,S01,26.0,down,KeyT,1791213214130.8,52468.0,t
P01,S01,26.0,up,KeyT,1791213214177.2,52468.0,t
P01,S01,26.0,down,KeyI,1791213214377.7,52469.0,i
P01,S01,26.0,up,KeyI,1791213214431.3,52469.0,i
P01,S01,26.0,down,KeyO,1791213214558.8,52470.0,o
P01,S01,26.0,up,KeyO,1791213214630.2,52470.0,o
P01,S01,26.0,down,KeyN,1791213214726.7,52471.0,n
P01,S01,26.0,up,KeyN,1791213214774.4,52471.0,n
P01,S01,26.0,down,ShiftLeft,1791213214829.6,52472.0,Shift
P01,S01,26.0,down,Minus,1791213215000.8,52473.0,?
P01,S01,26.0,up,Minus,1791213215097.0,52473.0,?
P01,S01,26.0,up,ShiftLeft,1791213215138.4,52472.0,Shift
P01,S01,26.0,down,Space,1791213215240.2,52474.0, 
P01,S01,26.0,up,Space,1791213215295.7,52474.0, 
P01,S01,26.0,down,ShiftLeft,1791213215318.4,52475.0,Shift
P01,S01,26.0,down,KeyL,1791213215456.3,52476.0,L
P01,S01,26.0,up,ShiftLeft,1791213215525.4,52475.0,Shift
P01,S01,26.0,up,KeyL,1791213215542.7,52476.0,L
P01,S01,26.0,down,KeyA,1791213215587.5,52477.0,a
P01,S01,26.0,up,KeyA,1791213215690.7,52477.0,a
P01,S01,26.0,down,KeyS,1791213215772.7,52478.0,s
P01,S01,26.0,down,KeyT,1791213215868.4,52479.0,t
P01,S01,26.0,up,KeyS,1791213215899.0,52478.0,s
P01,S01,26.0,up,KeyT,1791213215938.3,52479.0,t
P01,S01,26.0,down,Space,1791213216034.5,52480.0, 
P01,S01,26.0,up,Space,1791213216127.8,52480.0, 
P01,S01,26.0,down,KeyT,1791213216520.6,52481.0,t
P01,S01,26.0,up,KeyT,1791213216569.2,52481.0,t
P01,S01,26.0,down,KeyM,1791213216930.2,52482.0,m
P01,S01,26.0,up,KeyM,1791213216978.7,52482.0,m
P01,S01,26.0,down,KeyE,1791213217124.6,52483.0,e
P01,S01,26.0,up,KeyE,1791213217204.6,52483.0,e
P01,S01,26.0,down,Space,1791213217315.3,52484.0, 
P01,S01,26.0,up,Space,1791213217362.8,52484.0, 
P01,S01,26.0,down,Backspace,1791213217599.9,52485.0,Backspace
P01,S01,26.0,up,Backspace,1791213217636.4,52485.0,Backspace
P01,S01,26.0,down,Backspace,1791213217767.2,52486.0,Backspace
P01,S01,26.0,up,Backspace,1791213217814.8,52486.0,Backspace
P01,S01,26.0,down,Backspace,1791213217920.1,52487.0,Backspace
P01,S01,26.0,up,Backspace,1791213217959.6,52487.0,Backspace
P01,S01,26.0,down,Backspace,1791213218068.6,52488.0,Backspace
P01,S01,26.0,up,Backspace,1791213218099.0,52488.0,Backspace
P01,S01,26.0,down,KeyT,1791213218706.1,52489.0,t
P01,S01,26.0,up,KeyT,1791213218761.5,52489.0,t
P01,S01,26.0,down,KeyI,1791213218903.2,52490.0,i
P01,S01,26.0,up,KeyI,1791213218980.1,52490.0,i
P01,S01,26.0,down,KeyE,1791213219061.6,52491.0,e
P01,S01,26.0,down,KeyM,1791213219091.7,52492.0,m
P01,S01,26.0,up,KeyE,1791213219149.3,52491.0,e
P01,S01,26.0,up,KeyM,1791213219172.3,52492.0,m
P01,S01,26.0,down,Backspace,1791213219590.3,52493.0,Backspace
P01,S01,26.0,up,Backspace,1791213219662.2,52493.0,Backspace
P01,S01,26.0,down,Backspace,1791213219757.4,52494.0,Backspace
P01,S01,26.0,up,Backspace,1791213219821.4,52494.0,Backspace
P01,S01,26.0,down,KeyM,1791213219977.1,52495.0,m
P01,S01,26.0,up,KeyM,1791213220040.9,52495.0,m
P01,S01,26.0,down,KeyE,1791213220122.7,52496.0,e
P01,S01,26.0,down,Space,1791213220200.9,52497.0, 
P01,S01,26.0,up,KeyE,1791213220204.7,52496.0,e
P01,S01,26.0,up,Space,1791213220267.2,52497.0, 
P01,S01,26.0,down,ShiftLeft,1791213220534.6,52498.0,Shift
P01,S01,26.0,down,KeyI,1791213220632.4,52499.0,I
P01,S01,26.0,up,ShiftLeft,1791213220717.8,52498.0,Shift
P01,S01,26.0,up,KeyI,1791213220719.6,52499.0,I
P01,S01,26.0,down,Space,1791213220801.2,52500.0, 
P01,S01,26.0,up,Space,1791213220881.8,52500.0, 
P01,S01,26.0,down,KeyW,1791213220923.2,52501.0,w
P01,S01,26.0,up,KeyW,1791213221002.1,52501.0,w
P01,S01,26.0,down,KeyE,1791213221095.5,52502.0,e
P01,S01,26.0,down,KeyN,1791213221151.5,52503.0,n
P01,S01,26.0,up,KeyN,1791213221230.4,52503.0,n
P01,S01,26.0,up,KeyE,1791213221232.1,52502.0,e
P01,S01,26.0,down,KeyT,1791213221340.8,52504.0,t
P01,S01,26.0,up,KeyT,1791213221404.4,52504.0,t
P01,S01,26.0,down,Space,1791213221492.0,52505.0, 
P01,S01,26.0,up,Space,1791213221587.4,52505.0, 
P01,S01,26.0,down,KeyI,1791213221695.5,52506.0,i
P01,S01,26.0,up,KeyI,1791213221775.0,52506.0,i
P01,S01,26.0,down,Space,1791213221859.8,52507.0, 
P01,S01,26.0,up,Space,1791213221931.0,52507.0, 
P01,S01,26.0,down,KeyA,1791213222252.5,52508.0,a
P01,S01,26.0,up,KeyA,1791213222371.4,52508.0,a
P01,S01,26.0,down,Backspace,1791213222647.7,52509.0,Backspace
P01,S01,26.0,up,Backspace,1791213222711.5,52509.0,Backspace
P01,S01,26.0,down,KeyH,1791213223063.0,52510.0,h
P01,S01,26.0,up,KeyH,1791213223166.2,52510.0,h
P01,S01,26.0,down,KeyA,1791213223368.3,52511.0,a
P01,S01,26.0,up,KeyA,1791213223462.8,52511.0,a
P01,S01,26.0,down,KeyD,1791213223587.3,52512.0,d
P01,S01,26.0,down,Space,1791213223685.3,52513.0, 
P01,S01,26.0,up,KeyD,1791213223687.6,52512.0,d
P01,S01,26.0,up,Space,1791213223755.5,52513.0, 
P01,S01,26.0,down,KeyA,1791213223815.4,52514.0,a
P01,S01,26.0,down,Space,1791213223927.3,52515.0, 
P01,S01,26.0,up,KeyA,1791213223930.3,52514.0,a
P01,S01,26.0,up,Space,1791213223992.1,52515.0, 
P01,S01,26.0,down,KeyD,1791213224980.3,52516.0,d
P01,S01,26.0,up,KeyD,1791213225058.8,52516.0,d
P01,S01,26.0,down,KeyU,1791213225077.4,52517.0,u
P01,S01,26.0,up,KeyU,1791213225155.6,52517.0,u
P01,S01,26.0,down,KeyC,1791213225206.3,52518.0,c
P01,S01,26.0,down,KeyK,1791213225309.9,52519.0,k
P01,S01,26.0,up,KeyC,1791213225312.9,52518.0,c
P01,S01,26.0,up,KeyK,1791213225397.2,52519.0,k
P01,S01,26.0,down,Space,1791213225494.6,52520.0, 
P01,S01,26.0,up,Space,1791213225557.8,52520.0, 
P01,S01,26.0,down,KeyF,1791213225831.3,52521.0,f
P01,S01,26.0,up,KeyF,1791213225934.9,52521.0,f
P01,S01,26.0,down,KeyI,1791213226323.1,52522.0,i
P01,S01,26.0,up,KeyI,1791213226402.4,52522.0,i
P01,S01,26.0,down,KeyL,1791213226536.2,52523.0,l
P01,S01,26.0,up,KeyL,1791213226606.4,52523.0,l
P01,S01,26.0,down,KeyL,1791213226697.5,52524.0,l
P01,S01,26.0,up,KeyL,1791213226777.7,52524.0,l
P01,S01,26.0,down,KeyE,1791213226779.3,52525.0,e
P01,S01,26.0,up,KeyE,1791213226884.6,52525.0,e
P01,S01,26.0,down,KeyT,1791213226962.6,52526.0,t
P01,S01,26.0,up,KeyT,1791213227050.2,52526.0,t
P01,S01,26.0,down,Space,1791213227159.5,52527.0, 
P01,S01,26.0,up,Space,1791213227246.4,52527.0, 
P01,S01,26.0,down,KeyO,1791213228017.1,52528.0,o
P01,S01,26.0,up,KeyO,1791213228081.3,52528.0,o
P01,S01,26.0,down,KeyN,1791213228193.9,52529.0,n
P01,S01,26.0,up,KeyN,1791213228249.1,52529.0,n
P01,S01,26.0,down,Space,1791213228334.0,52530.0, 
P01,S01,26.0,up,Space,1791213228413.4,52530.0, 
P01,S01,26.0,down,KeyW,1791213228468.2,52531.0,w
P01,S01,26.0,down,KeyI,1791213228565.0,52532.0,i
P01,S01,26.0,up,KeyW,1791213228567.0,52531.0,w
P01,S01,26.0,up,KeyI,1791213228635.7,52532.0,i
P01,S01,26.0,down,KeyN,1791213228743.9,52533.0,n
P01,S01,26.0,up,KeyN,1791213228824.0,52533.0,n
P01,S01,26.0,down,KeyE,1791213228883.4,52534.0,e
P01,S01,26.0,down,Space,1791213228941.8,52535.0, 
P01,S01,26.0,up,KeyE,1791213228978.8,52534.0,e
P01,S01,26.0,up,Space,1791213229027.7,52535.0, 
P01,S01,26.0,down,KeyS,1791213229645.6,52536.0,s
P01,S01,26.0,up,KeyS,1791213229725.1,52536.0,s
P01,S01,26.0,down,KeyA,1791213230027.6,52537.0,a
P01,S01,26.0,up,KeyA,1791213230131.4,52537.0,a
P01,S01,26.0,down,KeyU,1791213230260.0,52538.0,u
P01,S01,26.0,up,KeyU,1791213230323.6,52538.0,u
P01,S01,26.0,down,KeyC,1791213230402.1,52539.0,c
P01,S01,26.0,up,KeyC,1791213230475.1,52539.0,c
P01,S01,26.0,down,KeyH,1791213230530.9,52540.0,h
P01,S01,26.0,up,KeyH,1791213230585.7,52540.0,h
P01,S01,26.0,down,KeyE,1791213230636.8,52541.0,e
P01,S01,26.0,up,KeyE,1791213230747.6,52541.0,e
"P01,S01,26,down,Comma,1791213230806.8,52542,"",""",,,,Unidentified,,,
"P01,S01,26,up,Comma,1791213230884.8,52542,"",""",,,,Unidentified,,,
P01,S01,26.0,down,Space,1791213231080.7,52543.0, 
P01,S01,26.0,up,Space,1791213231103.5,52543.0, 
P01,S01,26.0,down,Backspace,1791213231375.3,52544.0,Backspace
P01,S01,26.0,up,Backspace,1791213231452.6,52544.0,Backspace
P01,S01,26.0,down,Backspace,1791213231549.5,52545.0,Backspace
P01,S01,26.0,up,Backspace,1791213231620.9,52545.0,Backspace
P01,S01,26.0,down,Backspace,1791213231712.9,52546.0,Backspace
P01,S01,26.0,up,Backspace,1791213231792.2,52546.0,Backspace
P01,S01,26.0,down,Backspace,1791213232335.4,52547.0,Backspace
P01,S01,26.0,up,Backspace,1791213232408.5,52547.0,Backspace
P01,S01,26.0,down,KeyC,1791213233025.2,52548.0,c
P01,S01,26.0,up,KeyC,1791213233072.1,52548.0,c
P01,S01,26.0,down,Backspace,1791213233290.7,52549.0,Backspace
P01,S01,26.0,up,Backspace,1791213233370.5,52549.0,Backspace
P01,S01,26.0,down,KeyE,1791213233435.0,52550.0,e
P01,S01,26.0,up,KeyE,1791213233538.7,52550.0,e
P01,S01,26.0,down,Period,1791213233637.1,52551.0,.
P01,S01,26.0,up,Period,1791213233779.9,52551.0,.
P01,S01,26.0,down,Space,1791213233934.4,52552.0, 
P01,S01,26.0,up,Space,1791213234007.5,52552.0, 
P01,S01,26.0,down,ShiftLeft,1791213234093.7,52553.0,Shift
P01,S01,26.0,down,KeyB,1791213234788.5,52554.0,B
P01,S01,26.0,up,KeyB,1791213234868.0,52554.0,B
P01,S01,26.0,up,ShiftLeft,1791213234986.4,52553.0,Shift
P01,S01,26.0,down,KeyU,1791213234987.6,52555.0,u
P01,S01,26.0,up,KeyU,1791213235080.2,52555.0,u
P01,S01,26.0,down,KeyT,1791213235185.4,52556.0,t
P01,S01,26.0,up,KeyT,1791213235248.4,52556.0,t
P01,S01,26.0,down,Space,1791213235352.7,52557.0, 
P01,S01,26.0,up,Space,1791213235446.6,52557.0, 
P01,S01,26.0,down,KeyD,1791213235877.7,52558.0,d
P01,S01,26.0,down,KeyO,1791213235996.3,52559.0,o
P01,S01,26.0,up,KeyD,1791213235999.1,52558.0,d
P01,S01,26.0,up,KeyO,1791213236068.6,52559.0,o
P01,S01,26.0,down,Space,1791213236170.3,52560.0, 
P01,S01,26.0,up,Space,1791213236250.6,52560.0, 
P01,S01,26.0,down,KeyT,1791213236368.7,52561.0,t
P01,S01,26.0,up,KeyT,1791213236432.3,52561.0,t
P01,S01,26.0,down,KeyE,1791213236471.7,52562.0,e
P01,S01,26.0,down,KeyL,1791213236613.4,52563.0,l
P01,S01,26.0,up,KeyE,1791213236615.4,52562.0,e
P01,S01,26.0,up,KeyL,1791213236678.7,52563.0,l
P01,S01,26.0,down,KeyL,1791213236753.3,52564.0,l
P01,S01,26.0,up,KeyL,1791213236831.2,52564.0,l
P01,S01,26.0,down,Space,1791213236937.2,52565.0, 
P01,S01,26.0,up,Space,1791213237015.5,52565.0, 
P01,S01,26.0,down,KeyM,1791213237133.5,52566.0,m
P01,S01,26.0,up,KeyM,1791213237225.5,52566.0,m
P01,S01,26.0,down,KeyE,1791213237226.7,52567.0,e
P01,S01,26.0,down,Space,1791213237321.6,52568.0, 
P01,S01,26.0,up,KeyE,1791213237324.8,52567.0,e
P01,S01,26.0,up,Space,1791213237399.9,52568.0, 
P01,S01,26.0,down,KeyA,1791213237488.5,52569.0,a
P01,S01,26.0,up,KeyA,1791213237598.9,52569.0,a
P01,S01,26.0,down,KeyB,1791213237662.4,52570.0,b
P01,S01,26.0,up,KeyB,1791213237733.8,52570.0,b
P01,S01,26.0,down,KeyO,1791213237921.3,52571.0,o
P01,S01,26.0,up,KeyO,1791213238009.3,52571.0,o
P01,S01,26.0,down,KeyU,1791213238124.9,52572.0,u
P01,S01,26.0,up,KeyU,1791213238189.0,52572.0,u
P01,S01,26.0,down,KeyT,1791213238298.7,52573.0,t
P01,S01,26.0,up,KeyT,1791213238362.2,52573.0,t
P01,S01,26.0,down,Space,1791213238454.0,52574.0, 
P01,S01,26.0,up,Space,1791213238549.8,52574.0, 
P01,S01,26.0,down,KeyT,1791213238924.8,52575.0,t
P01,S01,26.0,up,KeyT,1791213238988.5,52575.0,t
P01,S01,26.0,down,KeyH,1791213239123.5,52576.0,h
P01,S01,26.0,up,KeyH,1791213239203.3,52576.0,h
P01,S01,26.0,down,KeyE,1791213239261.1,52577.0,e
P01,S01,26.0,down,Space,1791213239347.2,52578.0, 
P01,S01,26.0,up,KeyE,1791213239349.9,52577.0,e
P01,S01,26.0,up,Space,1791213239413.1,52578.0, 
P01,S01,26.0,down,Backspace,1791213239899.5,52579.0,Backspace
P01,S01,26.0,up,Backspace,1791213239938.4,52579.0,Backspace
P01,S01,26.0,down,Space,1791213240402.6,52580.0, 
P01,S01,26.0,up,Space,1791213240457.9,52580.0, 
P01,S01,26.0,down,KeyN,1791213240579.4,52581.0,n
P01,S01,26.0,up,KeyN,1791213240642.9,52581.0,n
P01,S01,26.0,down,KeyO,1791213240765.7,52582.0,o
P01,S01,26.0,up,KeyO,1791213240860.6,52582.0,o
P01,S01,26.0,down,KeyR,1791213240947.5,52583.0,r
P01,S01,26.0,up,KeyR,1791213241042.4,52583.0,r
P01,S01,26.0,down,KeyM,1791213241058.9,52584.0,m
P01,S01,26.0,up,KeyM,1791213241154.2,52584.0,m
P01,S01,26.0,down,KeyA,1791213241209.4,52585.0,a
P01,S01,26.0,down,KeyL,1791213241322.8,52586.0,l
P01,S01,26.0,up,KeyA,1791213241325.3,52585.0,a
P01,S01,26.0,up,KeyL,1791213241401.5,52586.0,l
P01,S01,26.0,down,Space,1791213241492.2,52587.0, 
P01,S01,26.0,up,Space,1791213241563.6,52587.0, 
P01,S01,26.0,down,KeyF,1791213241733.8,52588.0,f
P01,S01,26.0,up,KeyF,1791213241820.5,52588.0,f
P01,S01,26.0,down,KeyA,1791213241828.5,52589.0,a
P01,S01,26.0,up,KeyA,1791213241914.3,52589.0,a
P01,S01,26.0,down,KeyL,1791213242011.5,52590.0,l
P01,S01,26.0,up,KeyL,1791213242066.6,52590.0,l
P01,S01,26.0,down,KeyL,1791213242155.2,52591.0,l
P01,S01,26.0,up,KeyL,1791213242210.4,52591.0,l
P01,S01,26.0,down,KeyF,1791213242405.6,52592.0,f
P01,S01,26.0,up,KeyF,1791213242493.2,52592.0,f
P01,S01,26.0,down,Backspace,1791213242696.8,52593.0,Backspace
P01,S01,26.0,up,Backspace,1791213242800.2,52593.0,Backspace
P01,S01,26.0,down,Space,1791213243421.0,52594.0, 
P01,S01,26.0,up,Space,1791213243492.5,52594.0, 
P01,S01,26.0,down,KeyP,1791213243893.6,52595.0,p
P01,S01,26.0,up,KeyP,1791213243964.7,52595.0,p
P01,S01,26.0,down,KeyL,1791213244047.6,52596.0,l
P01,S01,26.0,up,KeyL,1791213244125.9,52596.0,l
P01,S01,26.0,down,KeyA,1791213244154.7,52597.0,a
P01,S01,26.0,up,KeyA,1791213244242.4,52597.0,a
P01,S01,26.0,down,KeyT,1791213244276.6,52598.0,t
P01,S01,26.0,up,KeyT,1791213244348.3,52598.0,t
P01,S01,26.0,down,KeyE,1791213244390.4,52599.0,e
P01,S01,26.0,up,KeyE,1791213244454.4,52599.0,e
P01,S01,26.0,down,Space,1791213244555.0,52600.0, 
P01,S01,26.0,down,KeyS,1791213244556.7,52601.0,s
P01,S01,26.0,up,Space,1791213244620.9,52600.0, 
P01,S01,26.0,up,KeyS,1791213244649.0,52601.0,s
P01,S01,26.0,down,KeyT,1791213244720.8,52602.0,t
P01,S01,26.0,up,KeyT,1791213244793.7,52602.0,t
P01,S01,26.0,down,KeyH,1791213244879.1,52603.0,h
P01,S01,26.0,down,KeyE,1791213244949.3,52604.0,e
P01,S01,26.0,up,KeyH,1791213244971.5,52603.0,h
P01,S01,26.0,down,KeyY,1791213245036.9,52605.0,y
P01,S01,26.0,up,KeyE,1791213245039.1,52604.0,e
P01,S01,26.0,up,KeyY,1791213245113.6,52605.0,y
P01,S01,26.0,down,Space,1791213245192.6,52606.0, 
P01,S01,26.0,up,Space,1791213245291.1,52606.0, 
P01,S01,26.0,down,KeyS,1791213245291.6,52607.0,s
P01,S01,26.0,up,KeyS,1791213245337.7,52607.0,s
P01,S01,26.0,down,KeyE,1791213245437.6,52608.0,e
P01,S01,26.0,up,KeyE,1791213245508.4,52608.0,e
P01,S01,26.0,down,KeyR,1791213245612.1,52609.0,r
P01,S01,26.0,down,KeyV,1791213245692.6,52610.0,v
P01,S01,26.0,up,KeyR,1791213245693.8,52609.0,r
P01,S01,26.0,up,KeyV,1791213245763.5,52610.0,v
P01,S01,26.0,down,KeyE,1791213245823.4,52611.0,e
P01,S01,26.0,up,KeyE,1791213245926.3,52611.0,e
P01,S01,26.0,down,Enter,1791213246013.3,52612.0,Enter
P01,S01,26.0,up,Enter,1791213246123.9,52612.0,Enter
P01,S01,27.0,down,ShiftLeft,1791213313878.0,52613.0,Shift
P01,S01,27.0,down,KeyA,1791213314191.7,52614.0,A
P01,S01,27.0,up,ShiftLeft,1791213314254.6,52613.0,Shift
P01,S01,27.0,up,KeyA,1791213314310.8,52614.0,A
P01,S01,27.0,down,KeyL,1791213314386.5,52615.0,l
P01,S01,27.0,up,KeyL,1791213314457.3,52615.0,l
P01,S01,27.0,down,KeyR,1791213314502.4,52616.0,r
P01,S01,27.0,down,KeyI,1791213314620.6,52617.0,i
P01,S01,27.0,up,KeyR,1791213314621.8,52616.0,r
P01,S01,27.0,up,KeyI,1791213314685.2,52617.0,i
P01,S01,27.0,down,KeyG,1791213314812.3,52618.0,g
P01,S01,27.0,up,KeyG,1791213314867.4,52618.0,g
P01,S01,27.0,down,KeyH,1791213314971.1,52619.0,h
P01,S01,27.0,up,KeyH,1791213315049.2,52619.0,h
P01,S01,27.0,down,KeyT,1791213315130.3,52620.0,t
P01,S01,27.0,up,KeyT,1791213315192.4,52620.0,t
"P01,S01,27,down,Comma,1791213315352.8,52621,"",""",,,,Unidentified,,,
"P01,S01,27,up,Comma,1791213315464.8,52621,"",""",,,,Unidentified,,,
P01,S01,27.0,down,Space,1791213315587.1,52622.0, 
P01,S01,27.0,up,Space,1791213315643.1,52622.0, 
P01,S01,27.0,down,ShiftLeft,1791213315691.8,52623.0,Shift
P01,S01,27.0,down,KeyI,1791213315831.2,52624.0,I
P01,S01,27.0,up,KeyI,1791213315892.8,52624.0,I
P01,S01,27.0,up,ShiftLeft,1791213315953.0,52623.0,Shift
P01,S01,27.0,down,Minus,1791213316220.0,52625.0,'
P01,S01,27.0,up,Minus,1791213316314.5,52625.0,'
P01,S01,27.0,down,KeyL,1791213316556.8,52626.0,l
P01,S01,27.0,up,KeyL,1791213316620.3,52626.0,l
P01,S01,27.0,down,Space,1791213316879.4,52627.0, 
P01,S01,27.0,up,Space,1791213316943.9,52627.0, 
P01,S01,27.0,down,KeyS,1791213316997.7,52628.0,s
P01,S01,27.0,down,KeyT,1791213317076.7,52629.0,t
P01,S01,27.0,up,KeyS,1791213317106.5,52628.0,s
P01,S01,27.0,up,KeyT,1791213317139.1,52629.0,t
P01,S01,27.0,down,KeyI,1791213317271.7,52630.0,i
P01,S01,27.0,up,KeyI,1791213317358.8,52630.0,i
P01,S01,27.0,down,KeyC,1791213317395.0,52631.0,c
P01,S01,27.0,up,KeyC,1791213317489.6,52631.0,c
P01,S01,27.0,down,KeyK,1791213317534.7,52632.0,k
P01,S01,27.0,up,KeyK,1791213317612.8,52632.0,k
P01,S01,27.0,down,Space,1791213317722.4,52633.0, 
P01,S01,27.0,up,Space,1791213317793.6,52633.0, 
P01,S01,27.0,down,KeyW,1791213317924.9,52634.0,w
P01,S01,27.0,up,KeyW,1791213318036.4,52634.0,w
P01,S01,27.0,down,KeyI,1791213318082.4,52635.0,i
P01,S01,27.0,up,KeyI,1791213318162.5,52635.0,i
P01,S01,27.0,down,KeyT,1791213318306.5,52636.0,t
P01,S01,27.0,up,KeyT,1791213318373.9,52636.0,t
P01,S01,27.0,down,KeyH,1791213318492.8,52637.0,h
P01,S01,27.0,up,KeyH,1791213318540.3,52637.0,h
P01,S01,27.0,down,Space,1791213318658.0,52638.0, 
P01,S01,27.0,up,Space,1791213318745.3,52638.0, 
P01,S01,27.0,down,KeyI,1791213318877.4,52639.0,i
P01,S01,27.0,up,KeyI,1791213318949.2,52639.0,i
P01,S01,27.0,down,KeyT,1791213319072.1,52640.0,t
P01,S01,27.0,up,KeyT,1791213319135.8,52640.0,t
P01,S01,27.0,down,Space,1791213319233.1,52641.0, 
P01,S01,27.0,up,Space,1791213319305.1,52641.0, 
P01,S01,27.0,down,KeyT,1791213319401.9,52642.0,t
P01,S01,27.0,up,KeyT,1791213319464.9,52642.0,t
P01,S01,27.0,down,KeyH,1791213319561.9,52643.0,h
P01,S01,27.0,up,KeyH,1791213319648.5,52643.0,h
P01,S01,27.0,down,KeyE,1791213319700.6,52644.0,e
P01,S01,27.0,down,KeyN,1791213319809.1,52645.0,n
P01,S01,27.0,up,KeyE,1791213319811.3,52644.0,e
P01,S01,27.0,up,KeyN,1791213319857.7,52645.0,n
P01,S01,27.0,down,Period,1791213320041.7,52646.0,.
P01,S01,27.0,up,Period,1791213320120.9,52646.0,.
P01,S01,27.0,down,Space,1791213320340.3,52647.0, 
P01,S01,27.0,up,Space,1791213320412.5,52647.0, 
P01,S01,27.0,down,ShiftLeft,1791213324477.9,52648.0,Shift
P01,S01,27.0,down,KeyI,1791213325530.6,52649.0,I
P01,S01,27.0,up,ShiftLeft,1791213325608.7,52648.0,Shift
P01,S01,27.0,up,KeyI,1791213325610.9,52649.0,I
P01,S01,27.0,down,Backspace,1791213325928.7,52650.0,Backspace
P01,S01,27.0,up,Backspace,1791213326031.3,52650.0,Backspace
P01,S01,27.0,down,ShiftLeft,1791213326153.5,52651.0,Shift
P01,S01,27.0,down,KeyI,1791213326307.1,52652.0,I
P01,S01,27.0,up,KeyI,1791213326379.7,52652.0,I
P01,S01,27.0,up,ShiftLeft,1791213326439.0,52651.0,Shift
P01,S01,27.0,down,KeyH,1791213326637.6,52653.0,h
P01,S01,27.0,up,KeyH,1791213326741.0,52653.0,h
P01,S01,27.0,down,KeyA,1791213326774.4,52654.0,a
P01,S01,27.0,up,KeyA,1791213326861.5,52654.0,a
P01,S01,27.0,down,KeyV,1791213326916.5,52655.0,v
P01,S01,27.0,up,KeyV,1791213327004.2,52655.0,v
P01,S01,27.0,down,KeyE,1791213327089.9,52656.0,e
P01,S01,27.0,up,KeyE,1791213327191.4,52656.0,e
P01,S01,27.0,down,Backspace,1791213327605.0,52657.0,Backspace
P01,S01,27.0,up,Backspace,1791213327693.9,52657.0,Backspace
P01,S01,27.0,down,Backspace,1791213327792.6,52658.0,Backspace
P01,S01,27.0,up,Backspace,1791213327856.6,52658.0,Backspace
P01,S01,27.0,down,Backspace,1791213327950.0,52659.0,Backspace
P01,S01,27.0,up,Backspace,1791213328013.8,52659.0,Backspace
P01,S01,27.0,down,Backspace,1791213328118.2,52660.0,Backspace
P01,S01,27.0,up,Backspace,1791213328182.8,52660.0,Backspace
P01,S01,27.0,down,Space,1791213328465.1,52661.0, 
P01,S01,27.0,up,Space,1791213328520.0,52661.0, 
P01,S01,27.0,down,KeyH,1791213328721.8,52662.0,h
P01,S01,27.0,up,KeyH,1791213328793.8,52662.0,h
P01,S01,27.0,down,KeyA,1791213328818.4,52663.0,a
P01,S01,27.0,down,KeyV,1791213328922.4,52664.0,v
P01,S01,27.0,up,KeyA,1791213328929.2,52663.0,a
P01,S01,27.0,up,KeyV,1791213328992.6,52664.0,v
P01,S01,27.0,down,KeyE,1791213329059.4,52665.0,e
P01,S01,27.0,down,Space,1791213329088.3,52666.0, 
P01,S01,27.0,up,Space,1791213329163.6,52666.0, 
P01,S01,27.0,up,KeyE,1791213329165.1,52665.0,e
P01,S01,27.0,down,KeyT,1791213329249.2,52667.0,t
P01,S01,27.0,up,KeyT,1791213329313.0,52667.0,t
P01,S01,27.0,down,KeyH,1791213329407.8,52668.0,h
P01,S01,27.0,up,KeyH,1791213329512.1,52668.0,h
P01,S01,27.0,down,KeyE,1791213329513.3,52669.0,e
P01,S01,27.0,up,KeyE,1791213329587.6,52669.0,e
P01,S01,27.0,down,Space,1791213329606.1,52670.0, 
P01,S01,27.0,up,Space,1791213329687.4,52670.0, 
P01,S01,27.0,down,KeyS,1791213329732.2,52671.0,s
P01,S01,27.0,down,KeyL,1791213329860.9,52672.0,l
P01,S01,27.0,up,KeyS,1791213329863.1,52671.0,s
P01,S01,27.0,up,KeyL,1791213329931.5,52672.0,l
P01,S01,27.0,down,KeyI,1791213330033.2,52673.0,i
P01,S01,27.0,up,KeyI,1791213330096.8,52673.0,i
P01,S01,27.0,down,KeyG,1791213330224.6,52674.0,g
P01,S01,27.0,up,KeyG,1791213330301.0,52674.0,g
P01,S01,27.0,down,KeyH,1791213330372.4,52675.0,h
P01,S01,27.0,up,KeyH,1791213330451.6,52675.0,h
P01,S01,27.0,down,KeyT,1791213330536.1,52676.0,t
P01,S01,27.0,up,KeyT,1791213330599.2,52676.0,t
P01,S01,27.0,down,Space,1791213330700.6,52677.0, 
P01,S01,27.0,up,Space,1791213330796.3,52677.0, 
P01,S01,27.0,down,KeyW,1791213331631.5,52678.0,w
P01,S01,27.0,up,KeyW,1791213331726.0,52678.0,w
P01,S01,27.0,down,KeyO,1791213331788.2,52679.0,o
P01,S01,27.0,up,KeyO,1791213331868.0,52679.0,o
P01,S01,27.0,down,KeyR,1791213331941.3,52680.0,r
P01,S01,27.0,up,KeyR,1791213332013.2,52680.0,r
P01,S01,27.0,down,KeyR,1791213332119.3,52681.0,r
P01,S01,27.0,down,KeyY,1791213332182.7,52682.0,y
P01,S01,27.0,up,KeyR,1791213332222.0,52681.0,r
P01,S01,27.0,up,KeyY,1791213332262.1,52682.0,y
P01,S01,27.0,down,Space,1791213332346.6,52683.0, 
P01,S01,27.0,up,Space,1791213332434.4,52683.0, 
P01,S01,27.0,down,KeyT,1791213332535.8,52684.0,t
P01,S01,27.0,up,KeyT,1791213332598.9,52684.0,t
P01,S01,27.0,down,KeyH,1791213332694.3,52685.0,h
P01,S01,27.0,up,KeyH,1791213332795.1,52685.0,h
P01,S01,27.0,down,KeyA,1791213332796.4,52686.0,a
P01,S01,27.0,down,KeyT,1791213332865.3,52687.0,t
P01,S01,27.0,up,KeyA,1791213332893.2,52686.0,a
P01,S01,27.0,up,KeyT,1791213332944.3,52687.0,t
P01,S01,27.0,down,Space,1791213333032.4,52688.0, 
P01,S01,27.0,up,Space,1791213333104.2,52688.0, 
P01,S01,27.0,down,KeyT,1791213333201.6,52689.0,t
P01,S01,27.0,up,KeyT,1791213333264.5,52689.0,t
P01,S01,27.0,down,KeyH,1791213333349.4,52690.0,h
P01,S01,27.0,up,KeyH,1791213333459.0,52690.0,h
P01,S01,27.0,down,KeyE,1791213333498.0,52691.0,e
P01,S01,27.0,up,KeyE,1791213333553.5,52691.0,e
P01,S01,27.0,down,Space,1791213334122.1,52692.0, 
P01,S01,27.0,up,Space,1791213334177.9,52692.0, 
P01,S01,27.0,down,KeyP,1791213334356.6,52693.0,p
P01,S01,27.0,up,KeyP,1791213334428.5,52693.0,p
P01,S01,27.0,down,KeyA,1791213334470.4,52694.0,a
P01,S01,27.0,up,KeyA,1791213334574.2,52694.0,a
P01,S01,27.0,down,KeyL,1791213334662.5,52695.0,l
P01,S01,27.0,up,KeyL,1791213334750.7,52695.0,l
P01,S01,27.0,down,KeyA,1791213334787.6,52696.0,a
P01,S01,27.0,up,KeyA,1791213334904.3,52696.0,a
P01,S01,27.0,down,KeyI,1791213334952.2,52697.0,i
P01,S01,27.0,up,KeyI,1791213335023.1,52697.0,i
P01,S01,27.0,down,KeyS,1791213335070.6,52698.0,s
P01,S01,27.0,down,Space,1791213335153.0,52699.0, 
P01,S01,27.0,up,KeyS,1791213335175.6,52698.0,s
P01,S01,27.0,up,Space,1791213335222.5,52699.0, 
P01,S01,27.0,down,KeyI,1791213335340.0,52700.0,i
P01,S01,27.0,up,KeyI,1791213335426.8,52700.0,i
P01,S01,27.0,down,KeyS,1791213335465.4,52701.0,s
P01,S01,27.0,down,Space,1791213335556.5,52702.0, 
P01,S01,27.0,up,KeyS,1791213335591.7,52701.0,s
P01,S01,27.0,up,Space,1791213335641.8,52702.0, 
P01,S01,27.0,down,KeyL,1791213336326.6,52703.0,l
P01,S01,27.0,up,KeyL,1791213336405.8,52703.0,l
P01,S01,27.0,down,KeyI,1791213336507.9,52704.0,i
P01,S01,27.0,up,KeyI,1791213336579.1,52704.0,i
P01,S01,27.0,down,KeyK,1791213336652.5,52705.0,k
P01,S01,27.0,down,KeyE,1791213336690.0,52706.0,e
P01,S01,27.0,up,KeyK,1791213336747.2,52705.0,k
P01,S01,27.0,up,KeyE,1791213336816.5,52706.0,e
P01,S01,27.0,down,Space,1791213336841.7,52707.0, 
P01,S01,27.0,up,Space,1791213336913.1,52707.0, 
P01,S01,27.0,down,KeyT,1791213337019.9,52708.0,t
P01,S01,27.0,up,KeyT,1791213337099.7,52708.0,t
P01,S01,27.0,down,KeyH,1791213337188.9,52709.0,h
P01,S01,27.0,up,KeyH,1791213337300.1,52709.0,h
P01,S01,27.0,down,KeyE,1791213337301.2,52710.0,e
P01,S01,27.0,down,Space,1791213337399.3,52711.0, 
P01,S01,27.0,up,KeyE,1791213337402.0,52710.0,e
P01,S01,27.0,up,Space,1791213337489.2,52711.0, 
P01,S01,27.0,down,KeyS,1791213338200.1,52712.0,s
P01,S01,27.0,up,KeyS,1791213338308.8,52712.0,s
P01,S01,27.0,down,KeyH,1791213338471.8,52713.0,h
P01,S01,27.0,up,KeyH,1791213338543.1,52713.0,h
P01,S01,27.0,down,Backspace,1791213338848.6,52714.0,Backspace
P01,S01,27.0,up,Backspace,1791213338920.6,52714.0,Backspace
P01,S01,27.0,down,Backspace,1791213339007.1,52715.0,Backspace
P01,S01,27.0,up,Backspace,1791213339086.3,52715.0,Backspace
P01,S01,27.0,down,KeyT,1791213339977.7,52716.0,t
P01,S01,27.0,up,KeyT,1791213340057.6,52716.0,t
P01,S01,27.0,down,KeyR,1791213340162.8,52717.0,r
P01,S01,27.0,up,KeyR,1791213340236.2,52717.0,r
P01,S01,27.0,down,KeyA,1791213340760.5,52718.0,a
P01,S01,27.0,up,KeyA,1791213340864.1,52718.0,a
P01,S01,27.0,down,KeyS,1791213341294.1,52719.0,s
P01,S01,27.0,up,KeyS,1791213341397.5,52719.0,s
P01,S01,27.0,down,KeyH,1791213341464.6,52720.0,h
P01,S01,27.0,up,KeyH,1791213341536.1,52720.0,h
P01,S01,27.0,down,KeyY,1791213341635.9,52721.0,y
P01,S01,27.0,up,KeyY,1791213341691.2,52721.0,y
P01,S01,27.0,down,Space,1791213341788.5,52722.0, 
P01,S01,27.0,up,Space,1791213341891.3,52722.0, 
P01,S01,27.0,down,KeyA,1791213342176.4,52723.0,a
P01,S01,27.0,up,KeyA,1791213342265.0,52723.0,a
P01,S01,27.0,down,KeyN,1791213342706.4,52724.0,n
P01,S01,27.0,up,KeyN,1791213342833.1,52724.0,n
P01,S01,27.0,down,Backspace,1791213343097.5,52725.0,Backspace
P01,S01,27.0,up,Backspace,1791213343185.7,52725.0,Backspace
P01,S01,27.0,down,Backspace,1791213343296.3,52726.0,Backspace
P01,S01,27.0,up,Backspace,1791213343384.6,52726.0,Backspace
P01,S01,27.0,down,KeyE,1791213343419.6,52727.0,e
P01,S01,27.0,up,KeyE,1791213343515.2,52727.0,e
P01,S01,27.0,down,KeyN,1791213343584.4,52728.0,n
P01,S01,27.0,up,KeyN,1791213343664.7,52728.0,n
P01,S01,27.0,down,KeyD,1791213343764.0,52729.0,d
P01,S01,27.0,down,Space,1791213343870.6,52730.0, 
P01,S01,27.0,up,KeyD,1791213343872.8,52729.0,d
P01,S01,27.0,up,Space,1791213343941.1,52730.0, 
P01,S01,27.0,down,KeyO,1791213344077.0,52731.0,o
P01,S01,27.0,up,KeyO,1791213344173.1,52731.0,o
P01,S01,27.0,down,KeyF,1791213344228.3,52732.0,f
P01,S01,27.0,down,Space,1791213344328.0,52733.0, 
P01,S01,27.0,up,KeyF,1791213344331.6,52732.0,f
P01,S01,27.0,up,Space,1791213344385.3,52733.0, 
P01,S01,27.0,down,KeyT,1791213344867.4,52734.0,t
P01,S01,27.0,up,KeyT,1791213344939.2,52734.0,t
P01,S01,27.0,down,KeyH,1791213345050.5,52735.0,h
P01,S01,27.0,up,KeyH,1791213345152.1,52735.0,h
P01,S01,27.0,down,KeyE,1791213345153.1,52736.0,e
P01,S01,27.0,down,Space,1791213345232.4,52737.0, 
P01,S01,27.0,up,KeyE,1791213345260.5,52736.0,e
P01,S01,27.0,up,Space,1791213345303.4,52737.0, 
P01,S01,27.0,down,KeyB,1791213345393.0,52738.0,b
P01,S01,27.0,up,KeyB,1791213345455.7,52738.0,b
P01,S01,27.0,down,KeyO,1791213345619.5,52739.0,o
P01,S01,27.0,up,KeyO,1791213345707.2,52739.0,o
P01,S01,27.0,down,KeyU,1791213345888.7,52740.0,u
P01,S01,27.0,up,KeyU,1791213345952.1,52740.0,u
P01,S01,27.0,down,KeyC,1791213346062.7,52741.0,c
P01,S01,27.0,down,KeyH,1791213346173.4,52742.0,h
P01,S01,27.0,up,KeyC,1791213346175.5,52741.0,c
P01,S01,27.0,up,KeyH,1791213346236.2,52742.0,h
P01,S01,27.0,down,KeyO,1791213346405.8,52743.0,o
P01,S01,27.0,up,KeyO,1791213346485.2,52743.0,o
P01,S01,27.0,down,KeyN,1791213346601.3,52744.0,n
P01,S01,27.0,up,KeyN,1791213346648.7,52744.0,n
P01,S01,27.0,down,KeyS,1791213346720.0,52745.0,s
P01,S01,27.0,up,KeyS,1791213346823.7,52745.0,s
"P01,S01,27,down,Comma,1791213346841.1,52746,"",""",,,,Unidentified,,,
"P01,S01,27,up,Comma,1791213346904.9,52746,"",""",,,,Unidentified,,,
P01,S01,27.0,down,Space,1791213346987.4,52747.0, 
P01,S01,27.0,up,Space,1791213347067.3,52747.0, 
P01,S01,27.0,down,KeyL,1791213347203.0,52748.0,l
P01,S01,27.0,up,KeyL,1791213347274.0,52748.0,l
P01,S01,27.0,down,KeyI,1791213347384.9,52749.0,i
P01,S01,27.0,up,KeyI,1791213347439.0,52749.0,i
P01,S01,27.0,down,KeyK,1791213347519.0,52750.0,k
P01,S01,27.0,up,KeyK,1791213347605.6,52750.0,k
P01,S01,27.0,down,KeyE,1791213347627.2,52751.0,e
P01,S01,27.0,down,Space,1791213347692.8,52752.0, 
P01,S01,27.0,up,KeyE,1791213347729.1,52751.0,e
P01,S01,27.0,up,Space,1791213347765.5,52752.0, 
P01,S01,27.0,down,KeyT,1791213347865.8,52753.0,t
P01,S01,27.0,up,KeyT,1791213347937.6,52753.0,t
P01,S01,27.0,down,KeyH,1791213348016.3,52754.0,h
P01,S01,27.0,up,KeyH,1791213348118.8,52754.0,h
P01,S01,27.0,down,KeyE,1791213348119.9,52755.0,e
P01,S01,27.0,down,Space,1791213348205.9,52756.0, 
P01,S01,27.0,up,KeyE,1791213348208.1,52755.0,e
P01,S01,27.0,up,Space,1791213348293.2,52756.0, 
P01,S01,27.0,down,KeyC,1791213348353.2,52757.0,c
P01,S01,27.0,up,KeyC,1791213348449.2,52757.0,c
P01,S01,27.0,down,KeyH,1791213348475.7,52758.0,h
P01,S01,27.0,up,KeyH,1791213348563.1,52758.0,h
P01,S01,27.0,down,KeyE,1791213348644.0,52759.0,e
P01,S01,27.0,up,KeyE,1791213348731.6,52759.0,e
P01,S01,27.0,down,KeyA,1791213348894.5,52760.0,a
P01,S01,27.0,up,KeyA,1791213349020.3,52760.0,a
P01,S01,27.0,down,KeyP,1791213349448.1,52761.0,p
P01,S01,27.0,up,KeyP,1791213349534.3,52761.0,p
P01,S01,27.0,down,Space,1791213349676.2,52762.0, 
P01,S01,27.0,up,Space,1791213349708.8,52762.0, 
P01,S01,27.0,down,KeyO,1791213349852.4,52763.0,o
P01,S01,27.0,up,KeyO,1791213349922.7,52763.0,o
P01,S01,27.0,down,KeyN,1791213350018.3,52764.0,n
P01,S01,27.0,up,KeyN,1791213350105.5,52764.0,n
P01,S01,27.0,down,Space,1791213350192.2,52765.0, 
P01,S01,27.0,down,KeyE,1791213350194.2,52766.0,e
P01,S01,27.0,up,Space,1791213350264.7,52765.0, 
P01,S01,27.0,up,KeyE,1791213350315.8,52766.0,e
P01,S01,27.0,down,KeyO,1791213350444.7,52767.0,o
P01,S01,27.0,up,KeyO,1791213350516.3,52767.0,o
P01,S01,27.0,down,Backspace,1791213350902.2,52768.0,Backspace
P01,S01,27.0,up,Backspace,1791213350949.1,52768.0,Backspace
P01,S01,27.0,down,Backspace,1791213351063.4,52769.0,Backspace
P01,S01,27.0,up,Backspace,1791213351127.1,52769.0,Backspace
P01,S01,27.0,down,Backspace,1791213351224.8,52770.0,Backspace
P01,S01,27.0,up,Backspace,1791213351301.9,52770.0,Backspace
P01,S01,27.0,down,KeyE,1791213351359.8,52771.0,e
P01,S01,27.0,up,KeyE,1791213351463.8,52771.0,e
P01,S01,27.0,down,Space,1791213351520.0,52772.0, 
P01,S01,27.0,up,Space,1791213351591.0,52772.0, 
P01,S01,27.0,down,KeyO,1791213351717.7,52773.0,o
P01,S01,27.0,up,KeyO,1791213351806.3,52773.0,o
P01,S01,27.0,down,KeyR,1791213351853.3,52774.0,r
P01,S01,27.0,down,Space,1791213351942.7,52775.0, 
P01,S01,27.0,up,KeyR,1791213351946.2,52774.0,r
P01,S01,27.0,up,Space,1791213352013.4,52775.0, 
P01,S01,27.0,down,KeyT,1791213352164.5,52776.0,t
P01,S01,27.0,up,KeyT,1791213352235.3,52776.0,t
P01,S01,27.0,down,KeyH,1791213352348.3,52777.0,h
P01,S01,27.0,up,KeyH,1791213352460.1,52777.0,h
P01,S01,27.0,down,KeyE,1791213352517.2,52778.0,e
P01,S01,27.0,down,Space,1791213352591.2,52779.0, 
P01,S01,27.0,up,KeyE,1791213352636.3,52778.0,e
P01,S01,27.0,up,Space,1791213352693.7,52779.0, 
P01,S01,27.0,down,KeyT,1791213354215.8,52780.0,t
P01,S01,27.0,up,KeyT,1791213354287.9,52780.0,t
P01,S01,27.0,down,Backspace,1791213354541.0,52781.0,Backspace
P01,S01,27.0,up,Backspace,1791213354621.0,52781.0,Backspace
P01,S01,27.0,down,KeyL,1791213354755.0,52782.0,l
P01,S01,27.0,up,KeyL,1791213354831.4,52782.0,l
P01,S01,27.0,down,KeyA,1791213354862.1,52783.0,a
P01,S01,27.0,up,KeyA,1791213354957.6,52783.0,a
P01,S01,27.0,down,KeyM,1791213354977.9,52784.0,m
P01,S01,27.0,up,KeyM,1791213355057.4,52784.0,m
P01,S01,27.0,down,KeyE,1791213355107.2,52785.0,e
P01,S01,27.0,down,Space,1791213355156.4,52786.0, 
P01,S01,27.0,up,KeyE,1791213355200.9,52785.0,e
P01,S01,27.0,up,Space,1791213355219.3,52786.0, 
P01,S01,27.0,down,KeyO,1791213355331.5,52787.0,o
P01,S01,27.0,up,KeyO,1791213355395.1,52787.0,o
P01,S01,27.0,down,KeyN,1791213355496.4,52788.0,n
P01,S01,27.0,up,KeyN,1791213355568.3,52788.0,n
P01,S01,27.0,down,KeyE,1791213355614.9,52789.0,e
P01,S01,27.0,up,KeyE,1791213355710.9,52789.0,e
"P01,S01,27,down,Comma,1791213355869.4,52790,"",""",,,,Unidentified,,,
"P01,S01,27,up,Comma,1791213355926,52790,"",""",,,,Unidentified,,,
P01,S01,27.0,down,Backspace,1791213356406.6,52791.0,Backspace
P01,S01,27.0,up,Backspace,1791213356485.6,52791.0,Backspace
P01,S01,27.0,down,Period,1791213356725.4,52792.0,.
P01,S01,27.0,up,Period,1791213356876.1,52792.0,.
P01,S01,27.0,down,Space,1791213357006.8,52793.0, 
P01,S01,27.0,up,Space,1791213357078.5,52793.0, 
P01,S01,27.0,down,ShiftLeft,1791213357165.3,52794.0,Shift
P01,S01,27.0,down,KeyI,1791213357572.9,52795.0,I
P01,S01,27.0,up,ShiftLeft,1791213357656.7,52794.0,Shift
P01,S01,27.0,up,KeyI,1791213357659.2,52795.0,I
P01,S01,27.0,down,KeyS,1791213357868.0,52796.0,s
P01,S01,27.0,up,KeyS,1791213357962.5,52796.0,s
P01,S01,27.0,down,Space,1791213358024.5,52797.0, 
P01,S01,27.0,up,Space,1791213358119.7,52797.0, 
P01,S01,27.0,down,KeyI,1791213358270.1,52798.0,i
P01,S01,27.0,up,KeyI,1791213358359.4,52798.0,i
P01,S01,27.0,down,KeyT,1791213358509.5,52799.0,t
P01,S01,27.0,up,KeyT,1791213358589.2,52799.0,t
P01,S01,27.0,down,Space,1791213358689.1,52800.0, 
P01,S01,27.0,up,Space,1791213358776.6,52800.0, 
P01,S01,27.0,down,KeyT,1791213358887.7,52801.0,t
P01,S01,27.0,up,KeyT,1791213358958.8,52801.0,t
P01,S01,27.0,down,KeyR,1791213359015.1,52802.0,r
P01,S01,27.0,up,KeyR,1791213359078.9,52802.0,r
P01,S01,27.0,down,KeyU,1791213359093.4,52803.0,u
P01,S01,27.0,up,KeyU,1791213359180.5,52803.0,u
P01,S01,27.0,down,KeyE,1791213359220.2,52804.0,e
P01,S01,27.0,up,KeyE,1791213359307.7,52804.0,e
P01,S01,27.0,down,ShiftLeft,1791213359447.4,52805.0,Shift
P01,S01,27.0,down,Minus,1791213359530.2,52806.0,?
P01,S01,27.0,up,Minus,1791213359601.8,52806.0,?
P01,S01,27.0,up,ShiftLeft,1791213359650.3,52805.0,Shift
P01,S01,27.0,down,Enter,1791213359717.8,52807.0,Enter
P01,S01,27.0,up,Enter,1791213359803.9,52807.0,Enter
P01,S01,28.0,down,ShiftLeft,1791213438666.0,52808.0,Shift
P01,S01,28.0,down,KeyA,1791213438770.0,52809.0,A
P01,S01,28.0,up,ShiftLeft,1791213438830.2,52808.0,Shift
P01,S01,28.0,up,KeyA,1791213438909.4,52809.0,A
P01,S01,28.0,down,KeyL,1791213439107.3,52810.0,l
P01,S01,28.0,up,KeyL,1791213439209.6,52810.0,l
P01,S01,28.0,down,KeyR,1791213439305.5,52811.0,r
P01,S01,28.0,down,KeyI,1791213439415.9,52812.0,i
P01,S01,28.0,up,KeyR,1791213439417.3,52811.0,r
P01,S01,28.0,up,KeyI,1791213439488.6,52812.0,i
P01,S01,28.0,down,KeyG,1791213439637.0,52813.0,g
P01,S01,28.0,up,KeyG,1791213439700.8,52813.0,g
P01,S01,28.0,down,KeyH,1791213439790.9,52814.0,h
P01,S01,28.0,up,KeyH,1791213439886.4,52814.0,h
P01,S01,28.0,down,KeyT,1791213439959.6,52815.0,t
P01,S01,28.0,up,KeyT,1791213440023.3,52815.0,t
P01,S01,28.0,down,Space,1791213440122.1,52816.0, 
P01,S01,28.0,up,Space,1791213440184.7,52816.0, 
P01,S01,28.0,down,KeyT,1791213440305.7,52817.0,t
P01,S01,28.0,up,KeyT,1791213440358.5,52817.0,t
P01,S01,28.0,down,KeyH,1791213440464.8,52818.0,h
P01,S01,28.0,up,KeyH,1791213440552.7,52818.0,h
P01,S01,28.0,down,KeyE,1791213440587.8,52819.0,e
P01,S01,28.0,up,KeyE,1791213440700.2,52819.0,e
P01,S01,28.0,down,KeyN,1791213440721.4,52820.0,n
P01,S01,28.0,up,KeyN,1791213440784.4,52820.0,n
"P01,S01,28,down,Comma,1791213440960.2,52821,"",""",,,,Unidentified,,,
"P01,S01,28,up,Comma,1791213441022.9,52821,"",""",,,,Unidentified,,,
P01,S01,28.0,down,Space,1791213441151.8,52822.0, 
P01,S01,28.0,up,Space,1791213441214.7,52822.0, 
P01,S01,28.0,down,KeyN,1791213441364.6,52823.0,n
P01,S01,28.0,up,KeyN,1791213441427.1,52823.0,n
P01,S01,28.0,down,KeyO,1791213441553.9,52824.0,o
P01,S01,28.0,up,KeyO,1791213441657.0,52824.0,o
P01,S01,28.0,down,KeyW,1791213441658.2,52825.0,w
P01,S01,28.0,down,Space,1791213441757.9,52826.0, 
P01,S01,28.0,up,KeyW,1791213441760.2,52825.0,w
P01,S01,28.0,up,Space,1791213441828.4,52826.0, 
P01,S01,28.0,down,KeyC,1791213441940.0,52827.0,c
P01,S01,28.0,up,KeyC,1791213442043.7,52827.0,c
P01,S01,28.0,down,KeyH,1791213442092.4,52828.0,h
P01,S01,28.0,up,KeyH,1791213442156.6,52828.0,h
P01,S01,28.0,down,KeyO,1791213442338.2,52829.0,o
P01,S01,28.0,up,KeyO,1791213442409.6,52829.0,o
P01,S01,28.0,down,KeyO,1791213442543.7,52830.0,o
P01,S01,28.0,up,KeyO,1791213442584.1,52830.0,o
P01,S01,28.0,down,Backspace,1791213442982.0,52831.0,Backspace
P01,S01,28.0,up,Backspace,1791213443076.9,52831.0,Backspace
P01,S01,28.0,down,KeyS,1791213443125.5,52832.0,s
P01,S01,28.0,up,KeyS,1791213443204.7,52832.0,s
P01,S01,28.0,down,KeyE,1791213443294.2,52833.0,e
P01,S01,28.0,down,Space,1791213443383.8,52834.0, 
P01,S01,28.0,up,KeyE,1791213443413.2,52833.0,e
P01,S01,28.0,up,Space,1791213443454.1,52834.0, 
P01,S01,28.0,down,KeyY,1791213443581.4,52835.0,y
P01,S01,28.0,up,KeyY,1791213443628.8,52835.0,y
P01,S01,28.0,down,KeyO,1791213443779.8,52836.0,o
P01,S01,28.0,up,KeyO,1791213443867.4,52836.0,o
P01,S01,28.0,down,KeyU,1791213443966.5,52837.0,u
P01,S01,28.0,up,KeyU,1791213444027.9,52837.0,u
P01,S01,28.0,down,KeyR,1791213444067.5,52838.0,r
P01,S01,28.0,down,Space,1791213444133.0,52839.0, 
P01,S01,28.0,up,KeyR,1791213444136.2,52838.0,r
P01,S01,28.0,up,Space,1791213444211.5,52839.0, 
P01,S01,28.0,down,KeyO,1791213444323.3,52840.0,o
P01,S01,28.0,up,KeyO,1791213444426.4,52840.0,o
P01,S01,28.0,down,KeyW,1791213444489.4,52841.0,w
P01,S01,28.0,down,KeyN,1791213444584.7,52842.0,n
P01,S01,28.0,up,KeyW,1791213444586.8,52841.0,w
P01,S01,28.0,up,KeyN,1791213444664.2,52842.0,n
P01,S01,28.0,down,Space,1791213444740.4,52843.0, 
P01,S01,28.0,up,Space,1791213444820.2,52843.0, 
P01,S01,28.0,down,KeyC,1791213445067.0,52844.0,c
P01,S01,28.0,up,KeyC,1791213445187.0,52844.0,c
P01,S01,28.0,down,KeyO,1791213445212.8,52845.0,o
P01,S01,28.0,up,KeyO,1791213445283.7,52845.0,o
P01,S01,28.0,down,KeyN,1791213445420.0,52846.0,n
P01,S01,28.0,up,KeyN,1791213445506.9,52846.0,n
P01,S01,28.0,down,KeyV,1791213445709.5,52847.0,v
P01,S01,28.0,up,KeyV,1791213445772.9,52847.0,v
P01,S01,28.0,down,KeyE,1791213445846.1,52848.0,e
P01,S01,28.0,up,KeyE,1791213445909.5,52848.0,e
P01,S01,28.0,down,KeyR,1791213445999.2,52849.0,r
P01,S01,28.0,up,KeyR,1791213446078.7,52849.0,r
P01,S01,28.0,down,KeyS,1791213446211.9,52850.0,s
P01,S01,28.0,up,KeyS,1791213446244.7,52850.0,s
P01,S01,28.0,down,KeyA,1791213446580.3,52851.0,a
P01,S01,28.0,up,KeyA,1791213446635.6,52851.0,a
P01,S01,28.0,down,KeyA,1791213446983.8,52852.0,a
P01,S01,28.0,up,KeyA,1791213447055.3,52852.0,a
P01,S01,28.0,down,Backspace,1791213447557.6,52853.0,Backspace
P01,S01,28.0,up,Backspace,1791213447636.0,52853.0,Backspace
P01,S01,28.0,down,KeyT,1791213447882.8,52854.0,t
P01,S01,28.0,up,KeyT,1791213447938.6,52854.0,t
P01,S01,28.0,down,KeyI,1791213448119.9,52855.0,i
P01,S01,28.0,up,KeyI,1791213448198.5,52855.0,i
P01,S01,28.0,down,KeyO,1791213448317.7,52856.0,o
P01,S01,28.0,up,KeyO,1791213448397.4,52856.0,o
P01,S01,28.0,down,KeyN,1791213448504.5,52857.0,n
P01,S01,28.0,up,KeyN,1791213448548.2,52857.0,n
P01,S01,28.0,down,Space,1791213448626.0,52858.0, 
P01,S01,28.0,up,Space,1791213448698.0,52858.0, 
P01,S01,28.0,down,KeyT,1791213448813.7,52859.0,t
P01,S01,28.0,up,KeyT,1791213448869.6,52859.0,t
P01,S01,28.0,down,KeyI,1791213449049.6,52860.0,i
P01,S01,28.0,up,KeyI,1791213449096.1,52860.0,i
P01,S01,28.0,down,Backspace,1791213449550.8,52861.0,Backspace
P01,S01,28.0,up,Backspace,1791213449630.2,52861.0,Backspace
P01,S01,28.0,down,KeyO,1791213449828.4,52862.0,o
P01,S01,28.0,up,KeyO,1791213449883.8,52862.0,o
P01,S01,28.0,down,KeyP,1791213449998.7,52863.0,p
P01,S01,28.0,up,KeyP,1791213450070.4,52863.0,p
P01,S01,28.0,down,KeyI,1791213450160.8,52864.0,i
P01,S01,28.0,up,KeyI,1791213450232.5,52864.0,i
P01,S01,28.0,down,KeyC,1791213450271.3,52865.0,c
P01,S01,28.0,down,Space,1791213450352.7,52866.0, 
P01,S01,28.0,up,KeyC,1791213450381.7,52865.0,c
P01,S01,28.0,up,Space,1791213450439.8,52866.0, 
P01,S01,28.0,down,KeyI,1791213450581.6,52867.0,i
P01,S01,28.0,up,KeyI,1791213450652.7,52867.0,i
P01,S01,28.0,down,KeyF,1791213450745.0,52868.0,f
P01,S01,28.0,up,KeyF,1791213450831.8,52868.0,f
P01,S01,28.0,down,Space,1791213450849.5,52869.0, 
P01,S01,28.0,up,Space,1791213450921.1,52869.0, 
P01,S01,28.0,down,KeyY,1791213451029.7,52870.0,y
P01,S01,28.0,up,KeyY,1791213451100.8,52870.0,y
P01,S01,28.0,down,KeyO,1791213451212.1,52871.0,o
P01,S01,28.0,up,KeyO,1791213451316.0,52871.0,o
P01,S01,28.0,down,KeyU,1791213451398.7,52872.0,u
P01,S01,28.0,up,KeyU,1791213451463.4,52872.0,u
P01,S01,28.0,down,Space,1791213451558.3,52873.0, 
P01,S01,28.0,up,Space,1791213451622.8,52873.0, 
P01,S01,28.0,down,KeyC,1791213451710.9,52874.0,c
P01,S01,28.0,up,KeyC,1791213451774.8,52874.0,c
P01,S01,28.0,down,KeyA,1791213451798.9,52875.0,a
P01,S01,28.0,up,KeyA,1791213451894.2,52875.0,a
P01,S01,28.0,down,KeyN,1791213451916.8,52876.0,n
P01,S01,28.0,up,KeyN,1791213451996.2,52876.0,n
P01,S01,28.0,down,Period,1791213452178.0,52877.0,.
P01,S01,28.0,up,Period,1791213452274.7,52877.0,.
P01,S01,28.0,down,Space,1791213452369.3,52878.0, 
P01,S01,28.0,up,Space,1791213452440.1,52878.0, 
P01,S01,28.0,down,ShiftLeft,1791213452458.2,52879.0,Shift
P01,S01,28.0,up,ShiftLeft,1791213452641.5,52879.0,Shift
P01,S01,28.0,down,KeyT,1791213452643.1,52880.0,t
P01,S01,28.0,up,KeyT,1791213452704.0,52880.0,t
P01,S01,28.0,down,KeyR,1791213452992.4,52881.0,r
P01,S01,28.0,down,KeyY,1791213453090.9,52882.0,y
P01,S01,28.0,up,KeyR,1791213453094.6,52881.0,r
P01,S01,28.0,up,KeyY,1791213453163.5,52882.0,y
P01,S01,28.0,down,Space,1791213453257.4,52883.0, 
P01,S01,28.0,up,Space,1791213453335.9,52883.0, 
P01,S01,28.0,down,KeyA,1791213453476.2,52884.0,a
P01,S01,28.0,down,KeyN,1791213453579.3,52885.0,n
P01,S01,28.0,up,KeyA,1791213453580.8,52884.0,a
P01,S01,28.0,up,KeyN,1791213453649.6,52885.0,n
P01,S01,28.0,down,KeyD,1791213453696.6,52886.0,d
P01,S01,28.0,down,Space,1791213453739.3,52887.0, 
P01,S01,28.0,up,KeyD,1791213453791.7,52886.0,d
P01,S01,28.0,up,Space,1791213453826.0,52887.0, 
P01,S01,28.0,down,KeyG,1791213453937.9,52888.0,g
P01,S01,28.0,up,KeyG,1791213453984.5,52888.0,g
P01,S01,28.0,down,Backspace,1791213454855.7,52889.0,Backspace
P01,S01,28.0,up,Backspace,1791213454918.2,52889.0,Backspace
P01,S01,28.0,down,KeyE,1791213455128.1,52890.0,e
P01,S01,28.0,down,KeyN,1791213455222.5,52891.0,n
P01,S01,28.0,up,KeyE,1791213455224.9,52890.0,e
P01,S01,28.0,up,KeyN,1791213455285.2,52891.0,n
P01,S01,28.0,down,KeyG,1791213455405.0,52892.0,g
P01,S01,28.0,up,KeyG,1791213455481.7,52892.0,g
P01,S01,28.0,down,KeyA,1791213455490.8,52893.0,a
P01,S01,28.0,up,KeyA,1791213455568.0,52893.0,a
P01,S01,28.0,down,KeyG,1791213455673.4,52894.0,g
P01,S01,28.0,up,KeyG,1791213455767.4,52894.0,g
P01,S01,28.0,down,KeyE,1791213455768.5,52895.0,e
P01,S01,28.0,up,KeyE,1791213455868.3,52895.0,e
P01,S01,28.0,down,Space,1791213455967.8,52896.0, 
P01,S01,28.0,up,Space,1791213456070.8,52896.0, 
P01,S01,28.0,down,KeyM,1791213456200.0,52897.0,m
P01,S01,28.0,up,KeyM,1791213456287.2,52897.0,m
P01,S01,28.0,down,KeyE,1791213456308.5,52898.0,e
P01,S01,28.0,down,Space,1791213456406.3,52899.0, 
P01,S01,28.0,up,KeyE,1791213456409.3,52898.0,e
P01,S01,28.0,up,Space,1791213456459.1,52899.0, 
P01,S01,28.0,down,KeyB,1791213456545.8,52900.0,b
P01,S01,28.0,up,KeyB,1791213456616.0,52900.0,b
P01,S01,28.0,down,KeyA,1791213456616.6,52901.0,a
P01,S01,28.0,up,KeyA,1791213456692.5,52901.0,a
P01,S01,28.0,down,KeyS,1791213456787.0,52902.0,s
P01,S01,28.0,up,KeyS,1791213456866.6,52902.0,s
P01,S01,28.0,down,KeyE,1791213456957.4,52903.0,e
P01,S01,28.0,up,KeyE,1791213457036.8,52903.0,e
P01,S01,28.0,down,KeyD,1791213457116.4,52904.0,d
P01,S01,28.0,down,Space,1791213457148.5,52905.0, 
P01,S01,28.0,up,Space,1791213457228.0,52905.0, 
P01,S01,28.0,up,KeyD,1791213457229.8,52904.0,d
P01,S01,28.0,down,KeyO,1791213457317.1,52906.0,o
P01,S01,28.0,up,KeyO,1791213457389.0,52906.0,o
P01,S01,28.0,down,KeyN,1791213457489.2,52907.0,n
P01,S01,28.0,up,KeyN,1791213457568.0,52907.0,n
P01,S01,28.0,down,Space,1791213457636.4,52908.0, 
P01,S01,28.0,up,Space,1791213457708.9,52908.0, 
P01,S01,28.0,down,KeyW,1791213457740.1,52909.0,w
P01,S01,28.0,up,KeyW,1791213457819.3,52909.0,w
P01,S01,28.0,down,KeyH,1791213457855.3,52910.0,h
P01,S01,28.0,up,KeyH,1791213457934.2,52910.0,h
P01,S01,28.0,down,KeyA,1791213457966.1,52911.0,a
P01,S01,28.0,down,KeyT,1791213458038.3,52912.0,t
P01,S01,28.0,up,KeyA,1791213458071.1,52911.0,a
P01,S01,28.0,up,KeyT,1791213458100.0,52912.0,t
P01,S01,28.0,down,Space,1791213458190.6,52913.0, 
P01,S01,28.0,up,Space,1791213458266.3,52913.0, 
P01,S01,28.0,down,KeyY,1791213458354.7,52914.0,y
P01,S01,28.0,up,KeyY,1791213458418.9,52914.0,y
P01,S01,28.0,down,KeyO,1791213458586.8,52915.0,o
P01,S01,28.0,up,KeyO,1791213458681.3,52915.0,o
P01,S01,28.0,down,KeyU,1791213458813.7,52916.0,u
P01,S01,28.0,up,KeyU,1791213458877.4,52916.0,u
P01,S01,28.0,down,Space,1791213458967.3,52917.0, 
P01,S01,28.0,up,Space,1791213459030.2,52917.0, 
P01,S01,28.0,down,KeyK,1791213459160.4,52918.0,k
P01,S01,28.0,up,KeyK,1791213459231.8,52918.0,k
P01,S01,28.0,down,KeyN,1791213459338.8,52919.0,n
P01,S01,28.0,up,KeyN,1791213459400.6,52919.0,n
P01,S01,28.0,down,KeyO,1791213459497.4,52920.0,o
P01,S01,28.0,up,KeyO,1791213459591.5,52920.0,o
P01,S01,28.0,down,KeyW,1791213459592.6,52921.0,w
P01,S01,28.0,up,KeyW,1791213459667.6,52921.0,w
P01,S01,28.0,down,Space,1791213459696.2,52922.0, 
P01,S01,28.0,up,Space,1791213459760.0,52922.0, 
P01,S01,28.0,down,KeyA,1791213459803.4,52923.0,a
P01,S01,28.0,down,KeyB,1791213459922.1,52924.0,b
P01,S01,28.0,up,KeyA,1791213459925.0,52923.0,a
P01,S01,28.0,up,KeyB,1791213459977.2,52924.0,b
P01,S01,28.0,down,KeyO,1791213460112.8,52925.0,o
P01,S01,28.0,up,KeyO,1791213460208.2,52925.0,o
P01,S01,28.0,down,KeyU,1791213460351.8,52926.0,u
P01,S01,28.0,up,KeyU,1791213460398.8,52926.0,u
P01,S01,28.0,down,KeyT,1791213460521.2,52927.0,t
P01,S01,28.0,up,KeyT,1791213460593.0,52927.0,t
P01,S01,28.0,down,Space,1791213460686.3,52928.0, 
P01,S01,28.0,up,Space,1791213460763.5,52928.0, 
P01,S01,28.0,down,KeyM,1791213460854.7,52929.0,m
P01,S01,28.0,up,KeyM,1791213460957.0,52929.0,m
P01,S01,28.0,down,KeyE,1791213460958.0,52930.0,e
P01,S01,28.0,down,Space,1791213461069.2,52931.0, 
P01,S01,28.0,up,KeyE,1791213461072.4,52930.0,e
P01,S01,28.0,up,Space,1791213461139.0,52931.0, 
P01,S01,28.0,down,Backspace,1791213461370.0,52932.0,Backspace
P01,S01,28.0,up,Backspace,1791213461472.8,52932.0,Backspace
"P01,S01,28,down,Comma,1791213464086.7,52933,"",""",,,,Unidentified,,,
"P01,S01,28,up,Comma,1791213464172.9,52933,"",""",,,,Unidentified,,,
P01,S01,28.0,down,Space,1791213464264.7,52934.0, 
P01,S01,28.0,up,Space,1791213464327.8,52934.0, 
P01,S01,28.0,down,ShiftLeft,1791213464413.4,52935.0,Shift
P01,S01,28.0,down,KeyI,1791213464550.4,52936.0,I
P01,S01,28.0,up,KeyI,1791213464614.4,52936.0,I
P01,S01,28.0,up,ShiftLeft,1791213464696.9,52935.0,Shift
P01,S01,28.0,down,Minus,1791213464749.2,52937.0,'
P01,S01,28.0,up,Minus,1791213464820.2,52937.0,'
P01,S01,28.0,down,KeyM,1791213464960.0,52938.0,m
P01,S01,28.0,up,KeyM,1791213465021.6,52938.0,m
P01,S01,28.0,down,Space,1791213465107.5,52939.0, 
P01,S01,28.0,up,Space,1791213465185.0,52939.0, 
P01,S01,28.0,down,KeyG,1791213465261.7,52940.0,g
P01,S01,28.0,up,KeyG,1791213465349.2,52940.0,g
P01,S01,28.0,down,KeyE,1791213465350.4,52941.0,e
P01,S01,28.0,down,KeyT,1791213465449.9,52942.0,t
P01,S01,28.0,up,KeyE,1791213465453.6,52941.0,e
P01,S01,28.0,up,KeyT,1791213465504.1,52942.0,t
P01,S01,28.0,down,KeyT,1791213465567.0,52943.0,t
P01,S01,28.0,up,KeyT,1791213465639.4,52943.0,t
P01,S01,28.0,down,KeyI,1791213465810.0,52944.0,i
P01,S01,28.0,up,KeyI,1791213465873.6,52944.0,i
P01,S01,28.0,down,KeyN,1791213466002.9,52945.0,n
P01,S01,28.0,up,KeyN,1791213466073.9,52945.0,n
P01,S01,28.0,down,KeyG,1791213466168.4,52946.0,g
P01,S01,28.0,up,KeyG,1791213466231.5,52946.0,g
P01,S01,28.0,down,Space,1791213466301.6,52947.0, 
P01,S01,28.0,up,Space,1791213466379.5,52947.0, 
P01,S01,28.0,down,KeyB,1791213466474.1,52948.0,b
P01,S01,28.0,up,KeyB,1791213466545.4,52948.0,b
P01,S01,28.0,down,KeyO,1791213466677.8,52949.0,o
P01,S01,28.0,up,KeyO,1791213466764.0,52949.0,o
P01,S01,28.0,down,KeyR,1791213466765.4,52950.0,r
P01,S01,28.0,up,KeyR,1791213466849.6,52950.0,r
P01,S01,28.0,down,KeyE,1791213466942.9,52951.0,e
P01,S01,28.0,up,KeyE,1791213467030.7,52951.0,e
P01,S01,28.0,down,KeyD,1791213467108.0,52952.0,d
P01,S01,28.0,up,KeyD,1791213467219.4,52952.0,d
P01,S01,28.0,down,Enter,1791213467296.2,52953.0,Enter
P01,S01,28.0,up,Enter,1791213467417.0,52953.0,Enter
P01,S01,29.0,down,ShiftLeft,1791213498239.8,52954.0,Shift
P01,S01,29.0,down,KeyM,1791213498696.7,52955.0,M
P01,S01,29.0,up,KeyM,1791213498786.6,52955.0,M
P01,S01,29.0,up,ShiftLeft,1791213498826.5,52954.0,Shift
P01,S01,29.0,down,KeyA,1791213498919.7,52956.0,a
P01,S01,29.0,down,KeyY,1791213499039.4,52957.0,y
P01,S01,29.0,up,KeyA,1791213499040.2,52956.0,a
P01,S01,29.0,up,KeyY,1791213499120.7,52957.0,y
P01,S01,29.0,down,KeyB,1791213499272.9,52958.0,b
P01,S01,29.0,up,KeyB,1791213499327.4,52958.0,b
P01,S01,29.0,down,KeyE,1791213499378.9,52959.0,e
P01,S01,29.0,down,Space,1791213499473.0,52960.0, 
P01,S01,29.0,up,KeyE,1791213499476.2,52959.0,e
P01,S01,29.0,up,Space,1791213499553.4,52960.0, 
P01,S01,29.0,down,ShiftLeft,1791213502606.1,52961.0,Shift
P01,S01,29.0,down,KeyI,1791213502719.9,52962.0,I
P01,S01,29.0,up,KeyI,1791213502775.6,52962.0,I
P01,S01,29.0,up,ShiftLeft,1791213502899.1,52961.0,Shift
P01,S01,29.0,down,Minus,1791213502923.8,52963.0,'
P01,S01,29.0,up,Minus,1791213503002.8,52963.0,'
P01,S01,29.0,down,KeyD,1791213503230.7,52964.0,d
P01,S01,29.0,up,KeyD,1791213503333.9,52964.0,d
P01,S01,29.0,down,Space,1791213503386.1,52965.0, 
P01,S01,29.0,up,Space,1791213503449.9,52965.0, 
P01,S01,29.0,down,KeyL,1791213503596.4,52966.0,l
P01,S01,29.0,up,KeyL,1791213503684.2,52966.0,l
P01,S01,29.0,down,KeyI,1791213503795.4,52967.0,i
P01,S01,29.0,up,KeyI,1791213503858.5,52967.0,i
P01,S01,29.0,down,KeyK,1791213503942.9,52968.0,k
P01,S01,29.0,up,KeyK,1791213504035.2,52968.0,k
P01,S01,29.0,down,KeyE,1791213504036.5,52969.0,e
P01,S01,29.0,down,Space,1791213504100.6,52970.0, 
P01,S01,29.0,up,KeyE,1791213504129.6,52969.0,e
P01,S01,29.0,up,Space,1791213504179.5,52970.0, 
P01,S01,29.0,down,KeyC,1791213504482.2,52971.0,c
P01,S01,29.0,up,KeyC,1791213504553.2,52971.0,c
P01,S01,29.0,down,KeyO,1791213504790.2,52972.0,o
P01,S01,29.0,up,KeyO,1791213504853.9,52972.0,o
P01,S01,29.0,down,KeyO,1791213504933.9,52973.0,o
P01,S01,29.0,up,KeyO,1791213504997.7,52973.0,o
P01,S01,29.0,down,KeyK,1791213505114.8,52974.0,k
P01,S01,29.0,up,KeyK,1791213505178.2,52974.0,k
P01,S01,29.0,down,KeyI,1791213505270.9,52975.0,i
P01,S01,29.0,up,KeyI,1791213505333.9,52975.0,i
P01,S01,29.0,down,KeyN,1791213505433.4,52976.0,n
P01,S01,29.0,up,KeyN,1791213505504.7,52976.0,n
P01,S01,29.0,down,KeyG,1791213505609.5,52977.0,g
P01,S01,29.0,up,KeyG,1791213505681.0,52977.0,g
P01,S01,29.0,down,Space,1791213505775.9,52978.0, 
P01,S01,29.0,up,Space,1791213505864.7,52978.0, 
P01,S01,29.0,down,Backspace,1791213506048.5,52979.0,Backspace
P01,S01,29.0,up,Backspace,1791213506127.2,52979.0,Backspace
P01,S01,29.0,down,Period,1791213506502.5,52980.0,.
P01,S01,29.0,up,Period,1791213506567.3,52980.0,.
P01,S01,29.0,down,Space,1791213506687.1,52981.0, 
P01,S01,29.0,up,Space,1791213506750.5,52981.0, 
P01,S01,29.0,down,ShiftLeft,1791213506806.4,52982.0,Shift
P01,S01,29.0,down,KeyI,1791213506952.4,52983.0,I
P01,S01,29.0,up,KeyI,1791213507007.0,52983.0,I
P01,S01,29.0,up,ShiftLeft,1791213507097.8,52982.0,Shift
P01,S01,29.0,down,Minus,1791213507183.9,52984.0,'
P01,S01,29.0,up,Minus,1791213507256.0,52984.0,'
P01,S01,29.0,down,KeyV,1791213507522.7,52985.0,v
P01,S01,29.0,up,KeyV,1791213507584.8,52985.0,v
P01,S01,29.0,down,KeyE,1791213507631.6,52986.0,e
P01,S01,29.0,down,Space,1791213507689.1,52987.0, 
P01,S01,29.0,up,KeyE,1791213507721.1,52986.0,e
P01,S01,29.0,up,Space,1791213507767.8,52987.0, 
P01,S01,29.0,down,KeyB,1791213507865.3,52988.0,b
P01,S01,29.0,up,KeyB,1791213507920.2,52988.0,b
P01,S01,29.0,down,KeyE,1791213507993.6,52989.0,e
P01,S01,29.0,up,KeyE,1791213508064.6,52989.0,e
P01,S01,29.0,down,KeyE,1791213508168.9,52990.0,e
P01,S01,29.0,down,KeyN,1791213508279.7,52991.0,n
P01,S01,29.0,up,KeyE,1791213508281.8,52990.0,e
P01,S01,29.0,up,KeyN,1791213508343.1,52991.0,n
P01,S01,29.0,down,Space,1791213508418.2,52992.0, 
P01,S01,29.0,up,Space,1791213508497.8,52992.0, 
P01,S01,29.0,down,KeyG,1791213508598.8,52993.0,g
P01,S01,29.0,up,KeyG,1791213508669.8,52993.0,g
P01,S01,29.0,down,KeyE,1791213508700.8,52994.0,e
P01,S01,29.0,down,KeyT,1791213508823.9,52995.0,t
P01,S01,29.0,up,KeyE,1791213508829.0,52994.0,e
P01,S01,29.0,up,KeyT,1791213508882.4,52995.0,t
P01,S01,29.0,down,KeyT,1791213508967.7,52996.0,t
P01,S01,29.0,up,KeyT,1791213509022.2,52996.0,t
P01,S01,29.0,down,KeyI,1791213509173.3,52997.0,i
P01,S01,29.0,up,KeyI,1791213509261.4,52997.0,i
P01,S01,29.0,down,KeyN,1791213509356.2,52998.0,n
P01,S01,29.0,up,KeyN,1791213509429.2,52998.0,n
P01,S01,29.0,down,KeyG,1791213509522.2,52999.0,g
P01,S01,29.0,up,KeyG,1791213509584.9,52999.0,g
P01,S01,29.0,down,Space,1791213509662.1,53000.0, 
P01,S01,29.0,up,Space,1791213509757.2,53000.0, 
P01,S01,29.0,down,KeyR,1791213509782.6,53001.0,r
P01,S01,29.0,up,KeyR,1791213509854.8,53001.0,r
P01,S01,29.0,down,KeyE,1791213509966.1,53002.0,e
P01,S01,29.0,up,KeyE,1791213510037.0,53002.0,e
P01,S01,29.0,down,KeyA,1791213510169.4,53003.0,a
P01,S01,29.0,down,KeyL,1791213510275.6,53004.0,l
P01,S01,29.0,up,KeyA,1791213510278.9,53003.0,a
P01,S01,29.0,up,KeyL,1791213510322.1,53004.0,l
P01,S01,29.0,down,KeyL,1791213510404.9,53005.0,l
P01,S01,29.0,up,KeyL,1791213510484.2,53005.0,l
P01,S01,29.0,down,KeyY,1791213510594.6,53006.0,y
P01,S01,29.0,up,KeyY,1791213510656.1,53006.0,y
P01,S01,29.0,down,Space,1791213510745.9,53007.0, 
P01,S01,29.0,up,Space,1791213510825.3,53007.0, 
P01,S01,29.0,down,KeyI,1791213510920.5,53008.0,i
P01,S01,29.0,up,KeyI,1791213510992.6,53008.0,i
P01,S01,29.0,down,KeyN,1791213511072.2,53009.0,n
P01,S01,29.0,up,KeyN,1791213511151.3,53009.0,n
P01,S01,29.0,down,KeyT,1791213511260.9,53010.0,t
P01,S01,29.0,up,KeyT,1791213511315.8,53010.0,t
P01,S01,29.0,down,KeyO,1791213511461.5,53011.0,o
P01,S01,29.0,up,KeyO,1791213511537.7,53011.0,o
P01,S01,29.0,down,Space,1791213511655.2,53012.0, 
P01,S01,29.0,up,Space,1791213511735.1,53012.0, 
P01,S01,29.0,down,KeyI,1791213511969.6,53013.0,i
P01,S01,29.0,up,KeyI,1791213512049.1,53013.0,i
P01,S01,29.0,down,KeyT,1791213512182.6,53014.0,t
P01,S01,29.0,up,KeyT,1791213512246.7,53014.0,t
P01,S01,29.0,down,Space,1791213512343.0,53015.0, 
P01,S01,29.0,up,Space,1791213512414.4,53015.0, 
P01,S01,29.0,down,KeyL,1791213512535.1,53016.0,l
P01,S01,29.0,up,KeyL,1791213512622.8,53016.0,l
P01,S01,29.0,down,KeyA,1791213512654.9,53017.0,a
P01,S01,29.0,up,KeyA,1791213512727.3,53017.0,a
P01,S01,29.0,down,KeyT,1791213512769.7,53018.0,t
P01,S01,29.0,up,KeyT,1791213512833.2,53018.0,t
P01,S01,29.0,down,KeyE,1791213512871.6,53019.0,e
P01,S01,29.0,down,KeyL,1791213512991.4,53020.0,l
P01,S01,29.0,up,KeyE,1791213512992.3,53019.0,e
P01,S01,29.0,up,KeyL,1791213513109.7,53020.0,l
P01,S01,29.0,down,KeyY,1791213513208.1,53021.0,y
P01,S01,29.0,up,KeyY,1791213513284.5,53021.0,y
P01,S01,29.0,down,Space,1791213513354.9,53022.0, 
P01,S01,29.0,up,Space,1791213513458.8,53022.0, 
P01,S01,29.0,down,Backspace,1791213518898.0,53023.0,Backspace
P01,S01,29.0,up,Backspace,1791213518969.3,53023.0,Backspace
P01,S01,29.0,down,Space,1791213519213.5,53024.0, 
P01,S01,29.0,up,Space,1791213519285.2,53024.0, 
P01,S01,29.0,down,KeyW,1791213519361.4,53025.0,w
P01,S01,29.0,up,KeyW,1791213519457.0,53025.0,w
P01,S01,29.0,down,KeyH,1791213519487.7,53026.0,h
P01,S01,29.0,up,KeyH,1791213519566.8,53026.0,h
P01,S01,29.0,down,KeyE,1791213519592.7,53027.0,e
P01,S01,29.0,up,KeyE,1791213519672.7,53027.0,e
P01,S01,29.0,down,KeyN,1791213519688.5,53028.0,n
P01,S01,29.0,up,KeyN,1791213519766.5,53028.0,n
P01,S01,29.0,down,KeyE,1791213519805.5,53029.0,e
P01,S01,29.0,up,KeyE,1791213519891.3,53029.0,e
P01,S01,29.0,down,KeyV,1791213520012.4,53030.0,v
P01,S01,29.0,up,KeyV,1791213520079.8,53030.0,v
P01,S01,29.0,down,KeyE,1791213520113.3,53031.0,e
P01,S01,29.0,up,KeyE,1791213520192.3,53031.0,e
P01,S01,29.0,down,KeyR,1791213520291.4,53032.0,r
P01,S01,29.0,down,Space,1791213520366.5,53033.0, 
P01,S01,29.0,up,KeyR,1791213520398.9,53032.0,r
P01,S01,29.0,up,Space,1791213520442.7,53033.0, 
P01,S01,29.0,down,ShiftLeft,1791213520730.4,53034.0,Shift
P01,S01,29.0,down,KeyI,1791213520844.5,53035.0,I
P01,S01,29.0,up,KeyI,1791213520908.1,53035.0,I
P01,S01,29.0,up,ShiftLeft,1791213520976.0,53034.0,Shift
P01,S01,29.0,down,Minus,1791213521033.9,53036.0,'
P01,S01,29.0,up,Minus,1791213521113.9,53036.0,'
P01,S01,29.0,down,KeyM,1791213521358.3,53037.0,m
P01,S01,29.0,up,KeyM,1791213521422.3,53037.0,m
P01,S01,29.0,down,Space,1791213521508.6,53038.0, 
P01,S01,29.0,up,Space,1791213521580.7,53038.0, 
P01,S01,29.0,down,KeyB,1791213521764.6,53039.0,b
P01,S01,29.0,up,KeyB,1791213521835.5,53039.0,b
P01,S01,29.0,down,KeyO,1791213521990.5,53040.0,o
P01,S01,29.0,up,KeyO,1791213522077.8,53040.0,o
P01,S01,29.0,down,KeyR,1791213522582.3,53041.0,r
P01,S01,29.0,up,KeyR,1791213522653.5,53041.0,r
P01,S01,29.0,down,KeyE,1791213522757.5,53042.0,e
P01,S01,29.0,up,KeyE,1791213522837.3,53042.0,e
P01,S01,29.0,down,KeyD,1791213522942.5,53043.0,d
P01,S01,29.0,up,KeyD,1791213523045.4,53043.0,d
P01,S01,29.0,down,Space,1791213523095.0,53044.0, 
P01,S01,29.0,up,Space,1791213523165.9,53044.0, 
P01,S01,29.0,down,KeyA,1791213523193.4,53045.0,a
P01,S01,29.0,up,KeyA,1791213523281.8,53045.0,a
P01,S01,29.0,down,KeyN,1791213523305.1,53046.0,n
P01,S01,29.0,up,KeyN,1791213523398.9,53046.0,n
P01,S01,29.0,down,KeyD,1791213523399.8,53047.0,d
P01,S01,29.0,down,Space,1791213523501.4,53048.0, 
P01,S01,29.0,up,KeyD,1791213523503.5,53047.0,d
P01,S01,29.0,up,Space,1791213523573.3,53048.0, 
P01,S01,29.0,down,KeyA,1791213523656.2,53049.0,a
P01,S01,29.0,down,KeyL,1791213523801.0,53050.0,l
P01,S01,29.0,up,KeyA,1791213523804.0,53049.0,a
P01,S01,29.0,up,KeyL,1791213523879.6,53050.0,l
P01,S01,29.0,down,KeyO,1791213524005.1,53051.0,o
P01,S01,29.0,up,KeyO,1791213524074.3,53051.0,o
P01,S01,29.0,down,KeyN,1791213524179.3,53052.0,n
P01,S01,29.0,up,KeyN,1791213524234.9,53052.0,n
P01,S01,29.0,down,KeyE,1791213524281.1,53053.0,e
P01,S01,29.0,up,KeyE,1791213524375.9,53053.0,e
P01,S01,29.0,down,Period,1791213524437.6,53054.0,.
P01,S01,29.0,up,Period,1791213524467.4,53054.0,.
P01,S01,29.0,down,Space,1791213524632.1,53055.0, 
P01,S01,29.0,up,Space,1791213524702.7,53055.0, 
P01,S01,29.0,down,ShiftLeft,1791213524840.0,53056.0,Shift
P01,S01,29.0,down,KeyB,1791213525023.7,53057.0,B
P01,S01,29.0,up,KeyB,1791213525103.4,53057.0,B
P01,S01,29.0,up,ShiftLeft,1791213525123.7,53056.0,Shift
P01,S01,29.0,down,KeyE,1791213525345.8,53058.0,e
P01,S01,29.0,up,KeyE,1791213525408.6,53058.0,e
P01,S01,29.0,down,KeyA,1791213525565.0,53059.0,a
P01,S01,29.0,up,KeyA,1791213525643.0,53059.0,a
P01,S01,29.0,down,KeyT,1791213525878.0,53060.0,t
P01,S01,29.0,up,KeyT,1791213525949.9,53060.0,t
P01,S01,29.0,down,KeyS,1791213526065.2,53061.0,s
P01,S01,29.0,down,Space,1791213526115.4,53062.0, 
P01,S01,29.0,up,KeyS,1791213526151.9,53061.0,s
P01,S01,29.0,up,Space,1791213526241.7,53062.0, 
P01,S01,29.0,down,Backspace,1791213526566.1,53063.0,Backspace
P01,S01,29.0,up,Backspace,1791213526653.3,53063.0,Backspace
P01,S01,29.0,down,Backspace,1791213526773.1,53064.0,Backspace
P01,S01,29.0,up,Backspace,1791213526844.3,53064.0,Backspace
P01,S01,29.0,down,Backspace,1791213526989.2,53065.0,Backspace
P01,S01,29.0,up,Backspace,1791213527039.1,53065.0,Backspace
P01,S01,29.0,down,KeyT,1791213527871.4,53066.0,t
P01,S01,29.0,up,KeyT,1791213527926.6,53066.0,t
P01,S01,29.0,down,KeyS,1791213527989.1,53067.0,s
P01,S01,29.0,down,Space,1791213528118.6,53068.0, 
P01,S01,29.0,up,KeyS,1791213528122.3,53067.0,s
P01,S01,29.0,up,Space,1791213528191.1,53068.0, 
P01,S01,29.0,down,KeyJ,1791213528778.8,53069.0,j
P01,S01,29.0,up,KeyJ,1791213528856.4,53069.0,j
P01,S01,29.0,down,KeyU,1791213528967.5,53070.0,u
P01,S01,29.0,up,KeyU,1791213529038.6,53070.0,u
P01,S01,29.0,down,KeyS,1791213529065.9,53071.0,s
P01,S01,29.0,down,KeyT,1791213529168.4,53072.0,t
P01,S01,29.0,up,KeyS,1791213529179.1,53071.0,s
P01,S01,29.0,up,KeyT,1791213529224.1,53072.0,t
P01,S01,29.0,down,Space,1791213529342.1,53073.0, 
P01,S01,29.0,up,Space,1791213529437.6,53073.0, 
P01,S01,29.0,down,KeyD,1791213529670.6,53074.0,d
P01,S01,29.0,up,KeyD,1791213529773.8,53074.0,d
P01,S01,29.0,down,KeyO,1791213529817.3,53075.0,o
P01,S01,29.0,up,KeyO,1791213529896.1,53075.0,o
P01,S01,29.0,down,KeyO,1791213529971.7,53076.0,o
P01,S01,29.0,up,KeyO,1791213530050.7,53076.0,o
P01,S01,29.0,down,KeyM,1791213530171.0,53077.0,m
P01,S01,29.0,up,KeyM,1791213530234.4,53077.0,m
P01,S01,29.0,down,KeyS,1791213530504.0,53078.0,s
P01,S01,29.0,up,KeyS,1791213530630.7,53078.0,s
P01,S01,29.0,down,KeyC,1791213530761.0,53079.0,c
P01,S01,29.0,up,KeyC,1791213530848.1,53079.0,c
P01,S01,29.0,down,KeyR,1791213531559.3,53080.0,r
P01,S01,29.0,up,KeyR,1791213531648.9,53080.0,r
P01,S01,29.0,down,KeyO,1791213531715.4,53081.0,o
P01,S01,29.0,up,KeyO,1791213531779.5,53081.0,o
P01,S01,29.0,down,KeyL,1791213531982.9,53082.0,l
P01,S01,29.0,up,KeyL,1791213532054.5,53082.0,l
P01,S01,29.0,down,KeyL,1791213532144.4,53083.0,l
P01,S01,29.0,up,KeyL,1791213532237.3,53083.0,l
P01,S01,29.0,down,KeyI,1791213532365.2,53084.0,i
P01,S01,29.0,up,KeyI,1791213532445.6,53084.0,i
P01,S01,29.0,down,KeyN,1791213532567.5,53085.0,n
P01,S01,29.0,up,KeyN,1791213532662.8,53085.0,n
P01,S01,29.0,down,KeyG,1791213532737.7,53086.0,g
P01,S01,29.0,up,KeyG,1791213532800.8,53086.0,g
P01,S01,29.0,down,Space,1791213532894.7,53087.0, 
P01,S01,29.0,up,Space,1791213532982.0,53087.0, 
P01,S01,29.0,down,KeyO,1791213533115.9,53088.0,o
P01,S01,29.0,up,KeyO,1791213533203.1,53088.0,o
P01,S01,29.0,down,KeyN,1791213533318.6,53089.0,n
P01,S01,29.0,up,KeyN,1791213533389.5,53089.0,n
P01,S01,29.0,down,Space,1791213533468.1,53090.0, 
P01,S01,29.0,up,Space,1791213533538.9,53090.0, 
P01,S01,29.0,down,KeyM,1791213533643.2,53091.0,m
P01,S01,29.0,up,KeyM,1791213533728.6,53091.0,m
P01,S01,29.0,down,KeyY,1791213533881.3,53092.0,y
P01,S01,29.0,up,KeyY,1791213533944.0,53092.0,y
P01,S01,29.0,down,Space,1791213534202.0,53093.0, 
P01,S01,29.0,up,Space,1791213534305.9,53093.0, 
P01,S01,29.0,down,KeyS,1791213534940.0,53094.0,s
P01,S01,29.0,up,KeyS,1791213535035.4,53094.0,s
P01,S01,29.0,down,Backspace,1791213535649.5,53095.0,Backspace
P01,S01,29.0,up,Backspace,1791213535745.1,53095.0,Backspace
P01,S01,29.0,down,KeyP,1791213535900.2,53096.0,p
P01,S01,29.0,up,KeyP,1791213535970.1,53096.0,p
P01,S01,29.0,down,KeyH,1791213536265.5,53097.0,h
P01,S01,29.0,up,KeyH,1791213536360.8,53097.0,h
P01,S01,29.0,down,KeyO,1791213536753.8,53098.0,o
P01,S01,29.0,up,KeyO,1791213536825.6,53098.0,o
P01,S01,29.0,down,KeyN,1791213536975.9,53099.0,n
P01,S01,29.0,up,KeyN,1791213537039.0,53099.0,n
P01,S01,29.0,down,KeyE,1791213537101.8,53100.0,e
P01,S01,29.0,up,KeyE,1791213537197.9,53100.0,e
P01,S01,29.0,down,Space,1791213537260.7,53101.0, 
P01,S01,29.0,up,Space,1791213537362.0,53101.0, 
P01,S01,29.0,down,Backspace,1791213537738.2,53102.0,Backspace
P01,S01,29.0,up,Backspace,1791213537825.3,53102.0,Backspace
P01,S01,29.0,down,Period,1791213539102.8,53103.0,.
P01,S01,29.0,up,Period,1791213539165.6,53103.0,.
P01,S01,29.0,down,Enter,1791213540874.8,53104.0,Enter
P01,S01,29.0,up,Enter,1791213541025.0,53104.0,Enter
P01,S01,30.0,down,ShiftLeft,1791213563223.7,53105.0,Shift
P01,S01,30.0,down,KeyN,1791213563392.7,53106.0,N
P01,S01,30.0,up,KeyN,1791213563471.8,53106.0,N
P01,S01,30.0,up,ShiftLeft,1791213563515.6,53105.0,Shift
P01,S01,30.0,down,KeyO,1791213563592.0,53107.0,o
P01,S01,30.0,up,KeyO,1791213563679.1,53107.0,o
P01,S01,30.0,down,KeyT,1791213563817.6,53108.0,t
P01,S01,30.0,up,KeyT,1791213563870.1,53108.0,t
P01,S01,30.0,down,Space,1791213563960.7,53109.0, 
P01,S01,30.0,up,Space,1791213564069.4,53109.0, 
P01,S01,30.0,down,KeyR,1791213564070.4,53110.0,r
P01,S01,30.0,up,KeyR,1791213564139.3,53110.0,r
P01,S01,30.0,down,KeyE,1791213564238.8,53111.0,e
P01,S01,30.0,up,KeyE,1791213564320.2,53111.0,e
P01,S01,30.0,down,KeyA,1791213564423.5,53112.0,a
P01,S01,30.0,down,KeyL,1791213564545.6,53113.0,l
P01,S01,30.0,up,KeyA,1791213564547.9,53112.0,a
P01,S01,30.0,up,KeyL,1791213564591.5,53113.0,l
P01,S01,30.0,down,KeyL,1791213564669.6,53114.0,l
P01,S01,30.0,up,KeyL,1791213564749.4,53114.0,l
P01,S01,30.0,down,KeyY,1791213564894.1,53115.0,y
P01,S01,30.0,up,KeyY,1791213564957.5,53115.0,y
P01,S01,30.0,down,Period,1791213565159.4,53116.0,.
P01,S01,30.0,up,Period,1791213565354.9,53116.0,.
P01,S01,30.0,down,Space,1791213565467.0,53117.0, 
P01,S01,30.0,up,Space,1791213565515.9,53117.0, 
P01,S01,30.0,down,ShiftLeft,1791213565593.0,53118.0,Shift
P01,S01,30.0,up,ShiftLeft,1791213566377.8,53118.0,Shift
P01,S01,30.0,down,Backspace,1791213566379.3,53119.0,Backspace
P01,S01,30.0,up,Backspace,1791213566462.7,53119.0,Backspace
P01,S01,30.0,down,Space,1791213566837.4,53120.0, 
P01,S01,30.0,up,Space,1791213566917.1,53120.0, 
P01,S01,30.0,down,ShiftLeft,1791213566948.3,53121.0,Shift
P01,S01,30.0,down,KeyI,1791213567076.8,53122.0,I
P01,S01,30.0,up,KeyI,1791213567149.0,53122.0,I
P01,S01,30.0,up,ShiftLeft,1791213567199.6,53121.0,Shift
P01,S01,30.0,down,Space,1791213567263.6,53123.0, 
P01,S01,30.0,up,Space,1791213567326.9,53123.0, 
P01,S01,30.0,down,KeyO,1791213567457.8,53124.0,o
P01,S01,30.0,up,KeyO,1791213567535.9,53124.0,o
P01,S01,30.0,down,KeyN,1791213567640.2,53125.0,n
P01,S01,30.0,up,KeyN,1791213567695.9,53125.0,n
P01,S01,30.0,down,KeyL,1791213567850.2,53126.0,l
P01,S01,30.0,up,KeyL,1791213567939.6,53126.0,l
P01,S01,30.0,down,KeyY,1791213568083.2,53127.0,y
P01,S01,30.0,up,KeyY,1791213568122.9,53127.0,y
P01,S01,30.0,down,Space,1791213568261.3,53128.0, 
P01,S01,30.0,up,Space,1791213568361.8,53128.0, 
P01,S01,30.0,down,KeyH,1791213568507.4,53129.0,h
P01,S01,30.0,up,KeyH,1791213568586.5,53129.0,h
P01,S01,30.0,down,KeyA,1791213568689.0,53130.0,a
P01,S01,30.0,up,KeyA,1791213568790.9,53130.0,a
P01,S01,30.0,down,KeyV,1791213568821.0,53131.0,v
P01,S01,30.0,up,KeyV,1791213568916.9,53131.0,v
P01,S01,30.0,down,KeyE,1791213568992.3,53132.0,e
P01,S01,30.0,down,Space,1791213569077.9,53133.0, 
P01,S01,30.0,up,KeyE,1791213569080.0,53132.0,e
P01,S01,30.0,up,Space,1791213569160.8,53133.0, 
P01,S01,30.0,down,KeyO,1791213569304.0,53134.0,o
P01,S01,30.0,up,KeyO,1791213569399.5,53134.0,o
P01,S01,30.0,down,Backspace,1791213569671.6,53135.0,Backspace
P01,S01,30.0,up,Backspace,1791213569766.0,53135.0,Backspace
P01,S01,30.0,down,KeyA,1791213569871.2,53136.0,a
P01,S01,30.0,up,KeyA,1791213569967.9,53136.0,a
P01,S01,30.0,down,Space,1791213570049.2,53137.0, 
P01,S01,30.0,up,Space,1791213570129.2,53137.0, 
P01,S01,30.0,down,KeyS,1791213570219.5,53138.0,s
P01,S01,30.0,down,KeyI,1791213570324.4,53139.0,i
P01,S01,30.0,up,KeyS,1791213570327.3,53138.0,s
P01,S01,30.0,up,KeyI,1791213570386.6,53139.0,i
P01,S01,30.0,down,KeyN,1791213570505.2,53140.0,n
P01,S01,30.0,up,KeyN,1791213570569.8,53140.0,n
P01,S01,30.0,down,KeyG,1791213570668.1,53141.0,g
P01,S01,30.0,up,KeyG,1791213570723.2,53141.0,g
P01,S01,30.0,down,KeyL,1791213570855.8,53142.0,l
P01,S01,30.0,up,KeyL,1791213570959.8,53142.0,l
P01,S01,30.0,down,KeyE,1791213570983.3,53143.0,e
P01,S01,30.0,down,Space,1791213571089.5,53144.0, 
P01,S01,30.0,up,KeyE,1791213571092.8,53143.0,e
P01,S01,30.0,up,Space,1791213571159.5,53144.0, 
P01,S01,30.0,down,KeyS,1791213573240.3,53145.0,s
P01,S01,30.0,up,KeyS,1791213573351.6,53145.0,s
P01,S01,30.0,down,KeyT,1791213574363.6,53146.0,t
P01,S01,30.0,up,KeyT,1791213574435.7,53146.0,t
P01,S01,30.0,down,KeyO,1791213574739.8,53147.0,o
P01,S01,30.0,up,KeyO,1791213574810.6,53147.0,o
P01,S01,30.0,down,KeyP,1791213574916.0,53148.0,p
P01,S01,30.0,up,KeyP,1791213574995.2,53148.0,p
P01,S01,30.0,down,KeyE,1791213575069.7,53149.0,e
P01,S01,30.0,up,KeyE,1791213575106.4,53149.0,e
P01,S01,30.0,down,Backspace,1791213575432.8,53150.0,Backspace
P01,S01,30.0,up,Backspace,1791213575504.7,53150.0,Backspace
P01,S01,30.0,down,Backspace,1791213575579.4,53151.0,Backspace
P01,S01,30.0,up,Backspace,1791213575650.8,53151.0,Backspace
P01,S01,30.0,down,KeyV,1791213575887.4,53152.0,v
P01,S01,30.0,up,KeyV,1791213575958.3,53152.0,v
P01,S01,30.0,down,KeyE,1791213576042.4,53153.0,e
P01,S01,30.0,up,KeyE,1791213576143.4,53153.0,e
P01,S01,30.0,down,KeyT,1791213576212.3,53154.0,t
P01,S01,30.0,up,KeyT,1791213576292.4,53154.0,t
P01,S01,30.0,down,KeyO,1791213576480.8,53155.0,o
P01,S01,30.0,up,KeyO,1791213576576.6,53155.0,o
P01,S01,30.0,down,KeyP,1791213576661.7,53156.0,p
P01,S01,30.0,up,KeyP,1791213576747.8,53156.0,p
P01,S01,30.0,down,Space,1791213576879.6,53157.0, 
P01,S01,30.0,up,Space,1791213576949.9,53157.0, 
P01,S01,30.0,down,Backspace,1791213577210.0,53158.0,Backspace
P01,S01,30.0,up,Backspace,1791213577322.0,53158.0,Backspace
