participant_id,session_id,sample_id,event,key_code,timestamp_ms,press_id,key
P03,S02,1,down,KeyT,1791374979536.2,70001,t
P03,S02,1,up,KeyT,1791374979656.5,70001,t
P03,S02,1,down,KeyI,1791374979678.5,70002,i
P03,S02,1,up,KeyI,1791374979810.5,70002,i
P03,S02,1,down,KeyE,1791374979852.9,70003,e
P03,S02,1,up,KeyE,1791374979958.8,70003,e
P03,S02,1,down,Space,1791374979959.9,70004, 
P03,S02,1,up,Space,1791374980062.7,70004, 
P03,S02,1,down,Backspace,1791374980481,70005,Backspace
P03,S02,1,up,Backspace,1791374980561.5,70005,Backspace
P03,S02,1,down,Digit5,1791374980623.5,70006,5
P03,S02,1,up,Digit5,1791374980744.3,70006,5
P03,S02,1,down,Space,1791374980935.9,70007, 
P03,S02,1,up,Space,1791374981070.3,70007, 
P03,S02,1,down,Backspace,1791374981269.6,70008,Backspace
P03,S02,1,up,Backspace,1791374981342.7,70008,Backspace
P03,S02,1,down,CapsLock,1791374981428.3,70009,CapsLock
P03,S02,1,down,KeyR,1791374981485.2,70010,R
P03,S02,1,up,KeyR,1791374981603.8,70010,R
P03,S02,1,up,CapsLock,1791374981637.4,70009,CapsLock
P03,S02,1,down,KeyO,1791374981760.7,70011,o
P03,S02,1,up,KeyO,1791374981851,70011,o
P03,S02,1,down,KeyA,1791374981874.7,70012,a
P03,S02,1,up,KeyA,1791374982011.5,70012,a
P03,S02,1,down,KeyN,1791374982021,70013,n
P03,S02,1,up,KeyN,1791374982071.6,70013,n
P03,S02,1,down,KeyL,1791374982203.2,70014,l
P03,S02,1,up,KeyL,1791374982303.5,70014,l
P03,S02,1,down,Space,1791374982372.1,70015, 
P03,S02,1,up,Space,1791374982472.3,70015, 
P03,S02,1,down,Enter,1791374982725.7,70016,Enter
P03,S02,1,up,Enter,1791374982805.1,70016,Enter
P03,S02,2,down,KeyT,1791374983759.8,70017,t
P03,S02,2,up,KeyT,1791374983819.6,70017,t
P03,S02,2,down,KeyI,1791374984020.2,70018,i
P03,S02,2,up,KeyI,1791374984120.8,70018,i
P03,S02,2,down,KeyE,1791374984124.1,70019,e
P03,S02,2,up,KeyE,1791374984237,70019,e
P03,S02,2,down,Digit5,1791374984528,70020,5
P03,S02,2,up,Digit5,1791374984640.1,70020,5
P03,S02,2,down,CapsLock,1791374985004.9,70021,CapsLock
P03,S02,2,down,KeyR,1791374985118.8,70022,R
P03,S02,2,up,CapsLock,1791374985235.9,70021,CapsLock
P03,S02,2,up,KeyR,1791374985235.9,70022,R
P03,S02,2,down,KeyO,1791374985338.9,70023,o
P03,S02,2,up,KeyO,1791374985454.9,70023,o
P03,S02,2,down,KeyA,1791374985552.9,70024,a
P03,S02,2,up,KeyA,1791374985689.7,70024,a
P03,S02,2,down,KeyN,1791374985736.9,70025,n
P03,S02,2,up,KeyN,1791374985805.8,70025,n
P03,S02,2,down,KeyL,1791374986502,70026,l
P03,S02,2,up,KeyL,1791374986611.4,70026,l
P03,S02,2,down,Enter,1791374987195.8,70027,Enter
P03,S02,2,up,Enter,1791374987335.3,70027,Enter
P03,S02,3,down,Enter,1791374989252.8,70028,Enter
P03,S02,3,up,Enter,1791374989368.4,70028,Enter
P03,S02,3,down,KeyT,1791374990059.4,70029,t
P03,S02,3,up,KeyT,1791374990175.3,70029,t
P03,S02,3,down,KeyI,1791374990190.6,70030,i
P03,S02,3,up,KeyI,1791374990322.8,70030,i
P03,S02,3,down,KeyE,1791374990361.3,70031,e
P03,S02,3,up,KeyE,1791374990485.8,70031,e
P03,S02,3,down,Digit5,1791374990669.4,70032,5
P03,S02,3,up,Digit5,1791374990736.8,70032,5
P03,S02,3,down,CapsLock,1791374991023.7,70033,CapsLock
P03,S02,3,down,KeyR,1791374991083.1,70034,R
P03,S02,3,up,CapsLock,1791374991221,70033,CapsLock
P03,S02,3,up,KeyR,1791374991221,70034,R
P03,S02,3,down,KeyI,1791374991557.6,70035,i
P03,S02,3,up,KeyI,1791374991690,70035,i
P03,S02,3,down,Backspace,1791374992204,70036,Backspace
P03,S02,3,up,Backspace,1791374992275.9,70036,Backspace
P03,S02,3,down,KeyO,1791374992386.3,70037,o
P03,S02,3,up,KeyO,1791374992472.4,70037,o
P03,S02,3,down,KeyA,1791374992504.8,70038,a
P03,S02,3,down,KeyN,1791374992637.1,70039,n
P03,S02,3,up,KeyA,1791374992654.6,70038,a
P03,S02,3,up,KeyN,1791374992689.1,70039,n
P03,S02,3,down,KeyL,1791374992809.6,70040,l
P03,S02,3,up,KeyL,1791374992894.2,70040,l
P03,S02,4,down,KeyT,1791374998303.1,70041,t
P03,S02,4,up,KeyT,1791374998419,70041,t
P03,S02,4,down,KeyI,1791374998507.3,70042,i
P03,S02,4,up,KeyI,1791374998624,70042,i
P03,S02,4,down,KeyE,1791374998652.5,70043,e
P03,S02,4,up,KeyE,1791374998738.1,70043,e
P03,S02,4,down,Digit5,1791374999002.7,70044,5
P03,S02,4,up,Digit5,1791374999087.2,70044,5
P03,S02,4,down,CapsLock,1791374999372.9,70045,CapsLock
P03,S02,4,down,KeyR,1791374999399.6,70046,R
P03,S02,4,up,CapsLock,1791374999537.1,70045,CapsLock
P03,S02,4,up,KeyR,1791374999540.3,70046,R
P03,S02,4,down,KeyI,1791374999695.1,70047,i
P03,S02,4,up,KeyI,1791374999759.8,70047,i
P03,S02,4,down,Backspace,1791375000203.7,70048,Backspace
P03,S02,4,up,Backspace,1791375000304.5,70048,Backspace
P03,S02,4,down,KeyO,1791375000485.3,70049,o
P03,S02,4,up,KeyO,1791375000603.5,70049,o
P03,S02,4,down,KeyA,1791375000637.1,70050,a
P03,S02,4,up,KeyA,1791375000753.6,70050,a
P03,S02,4,down,KeyN,1791375000770.2,70051,n
P03,S02,4,up,KeyN,1791375000881.4,70051,n
P03,S02,4,down,KeyL,1791375001201.8,70052,l
P03,S02,4,up,KeyL,1791375001318.8,70052,l
P03,S02,4,down,Enter,1791375003153.2,70053,Enter
P03,S02,4,up,Enter,1791375003352.8,70053,Enter
P03,S02,5,down,Enter,1791375003894.9,70054,Enter
P03,S02,5,up,Enter,1791375004034.9,70054,Enter
P03,S02,5,down,KeyT,1791375007464.8,70055,t
P03,S02,5,up,KeyT,1791375007573.6,70055,t
P03,S02,5,down,KeyI,1791375007618.7,70056,i
P03,S02,5,up,KeyI,1791375007718.4,70056,i
P03,S02,5,down,KeyE,1791375007741.2,70057,e
P03,S02,5,up,KeyE,1791375007841,70057,e
P03,S02,5,down,Digit5,1791375008028.1,70058,5
P03,S02,5,up,Digit5,1791375008124.4,70058,5
P03,S02,5,down,CapsLock,1791375008400.6,70059,CapsLock
P03,S02,5,down,KeyR,1791375008450.7,70060,R
P03,S02,5,up,CapsLock,1791375008608.8,70059,CapsLock
P03,S02,5,up,KeyR,1791375008615.7,70060,R
P03,S02,5,down,KeyO,1791375008742.8,70061,o
P03,S02,5,up,KeyO,1791375008859.7,70061,o
P03,S02,5,down,KeyA,1791375008877.1,70062,a
P03,S02,5,up,KeyA,1791375009018.2,70062,a
P03,S02,5,down,KeyL,1791375009052.7,70063,l
P03,S02,5,up,KeyL,1791375009153.7,70063,l
P03,S02,5,down,Backspace,1791375009954.5,70064,Backspace
P03,S02,5,up,Backspace,1791375010026.3,70064,Backspace
P03,S02,5,down,KeyN,1791375010205.4,70065,n
P03,S02,5,up,KeyN,1791375010269.3,70065,n
P03,S02,5,down,KeyL,1791375010426.6,70066,l
P03,S02,5,up,KeyL,1791375010495.2,70066,l
P03,S02,5,down,Enter,1791375011286.9,70067,Enter
P03,S02,5,up,Enter,1791375011393.8,70067,Enter
P03,S02,6,down,KeyT,1791375011937.3,70068,t
P03,S02,6,up,KeyT,1791375012073.6,70068,t
P03,S02,6,down,KeyI,1791375012088.3,70069,i
P03,S02,6,up,KeyI,1791375012193.2,70069,i
P03,S02,6,down,KeyE,1791375012218.8,70070,e
P03,S02,6,up,KeyE,1791375012319.4,70070,e
P03,S02,6,down,Digit5,1791375012510.1,70071,5
P03,S02,6,up,Digit5,1791375012602.2,70071,5
P03,S02,6,down,CapsLock,1791375012901.6,70072,CapsLock
P03,S02,6,down,KeyR,1791375012971.1,70073,R
P03,S02,6,up,CapsLock,1791375013088.6,70072,CapsLock
P03,S02,6,up,KeyR,1791375013094.6,70073,R
P03,S02,6,down,KeyO,1791375013232.6,70074,o
P03,S02,6,up,KeyO,1791375013335.3,70074,o
P03,S02,6,down,KeyA,1791375013360.6,70075,a
P03,S02,6,up,KeyA,1791375013485.7,70075,a
P03,S02,6,down,KeyN,1791375013503.4,70076,n
P03,S02,6,up,KeyN,1791375013558.6,70076,n
P03,S02,6,down,KeyL,1791375013690.7,70077,l
P03,S02,6,up,KeyL,1791375013770.8,70077,l
P03,S02,6,down,Enter,1791375016511.9,70078,Enter
P03,S02,6,up,Enter,1791375016635.7,70078,Enter
P03,S02,7,down,Enter,1791375017391.5,70079,Enter
P03,S02,7,up,Enter,1791375017526.9,70079,Enter
P03,S02,7,down,KeyT,1791375018240.6,70080,t
P03,S02,7,up,KeyT,1791375018360.9,70080,t
P03,S02,7,down,KeyI,1791375018368.8,70081,i
P03,S02,7,up,KeyI,1791375018493.7,70081,i
P03,S02,7,down,KeyE,1791375018516.7,70082,e
P03,S02,7,up,KeyE,1791375018609.3,70082,e
P03,S02,7,down,Digit5,1791375018789.7,70083,5
P03,S02,7,up,Digit5,1791375018878.6,70083,5
P03,S02,7,down,CapsLock,1791375019120.9,70084,CapsLock
P03,S02,7,down,KeyR,1791375019149.5,70085,R
P03,S02,7,up,CapsLock,1791375019279.9,70084,CapsLock
P03,S02,7,up,KeyR,1791375019284.8,70085,R
P03,S02,7,down,KeyO,1791375019406.9,70086,o
P03,S02,7,up,KeyO,1791375019534.4,70086,o
P03,S02,7,down,KeyA,1791375019552,70087,a
P03,S02,7,down,KeyN,1791375019687.6,70088,n
P03,S02,7,up,KeyA,1791375019695,70087,a
P03,S02,7,up,KeyN,1791375019747.5,70088,n
P03,S02,7,down,KeyL,1791375019886.1,70089,l
P03,S02,7,up,KeyL,1791375019975.6,70089,l
P03,S02,8,down,KeyT,1791375027554.7,70090,t
P03,S02,8,up,KeyT,1791375027675.1,70090,t
P03,S02,8,down,KeyI,1791375027689.9,70091,i
P03,S02,8,up,KeyI,1791375027785.2,70091,i
P03,S02,8,down,KeyE,1791375027800.9,70092,e
P03,S02,8,up,KeyE,1791375027922.7,70092,e
P03,S02,8,down,Digit5,1791375028078,70093,5
P03,S02,8,up,Digit5,1791375028137.7,70093,5
P03,S02,8,down,CapsLock,1791375028384.7,70094,CapsLock
P03,S02,8,down,KeyR,1791375028432.6,70095,R
P03,S02,8,up,CapsLock,1791375028546.6,70094,CapsLock
P03,S02,8,up,KeyR,1791375028565.5,70095,R
P03,S02,8,down,KeyO,1791375028686,70096,o
P03,S02,8,up,KeyO,1791375028799.2,70096,o
P03,S02,8,down,KeyA,1791375028837.9,70097,a
P03,S02,8,up,KeyA,1791375028952.5,70097,a
P03,S02,8,down,KeyN,1791375028968.3,70098,n
P03,S02,8,up,KeyN,1791375029016.4,70098,n
P03,S02,8,down,KeyL,1791375029141,70099,l
P03,S02,8,up,KeyL,1791375029237.4,70099,l
P03,S02,8,down,Enter,1791375029786.6,70100,Enter
P03,S02,8,up,Enter,1791375029867.7,70100,Enter
P03,S02,9,down,KeyT,1791375030750.5,70101,t
P03,S02,9,up,KeyT,1791375030851,70101,t
P03,S02,9,down,KeyI,1791375030874.1,70102,i
P03,S02,9,up,KeyI,1791375030968.8,70102,i
P03,S02,9,down,KeyE,1791375030990.6,70103,e
P03,S02,9,up,KeyE,1791375031091.2,70103,e
P03,S02,9,down,Digit5,1791375031259.3,70104,5
P03,S02,9,up,Digit5,1791375031355.7,70104,5
P03,S02,9,down,CapsLock,1791375031613,70105,CapsLock
P03,S02,9,down,KeyR,1791375031665.7,70106,R
P03,S02,9,up,CapsLock,1791375031801.3,70105,CapsLock
P03,S02,9,up,KeyR,1791375031802.9,70106,R
P03,S02,9,down,KeyO,1791375031912.4,70107,o
P03,S02,9,up,KeyO,1791375031991.9,70107,o
P03,S02,9,down,KeyA,1791375032079,70108,a
P03,S02,9,up,KeyA,1791375032202.9,70108,a
P03,S02,9,down,KeyN,1791375032206.1,70109,n
P03,S02,9,up,KeyN,1791375032263,70109,n
P03,S02,9,down,KeyL,1791375032386,70110,l
P03,S02,9,up,KeyL,1791375032486.3,70110,l
P03,S02,10,down,KeyT,1791375039573.1,70111,t
P03,S02,10,up,KeyT,1791375039719.4,70111,t
P03,S02,10,down,KeyI,1791375039787.3,70112,i
P03,S02,10,up,KeyI,1791375039901.7,70112,i
P03,S02,10,down,KeyE,1791375039923.5,70113,e
P03,S02,10,up,KeyE,1791375040004.1,70113,e
P03,S02,10,down,Digit5,1791375040475.2,70114,5
P03,S02,10,up,Digit5,1791375040591.4,70114,5
P03,S02,10,down,CapsLock,1791375040854.8,70115,CapsLock
P03,S02,10,down,KeyR,1791375040962,70116,R
P03,S02,10,up,CapsLock,1791375041086,70115,CapsLock
P03,S02,10,up,KeyR,1791375041099,70116,R
P03,S02,10,down,KeyO,1791375041539.2,70117,o
P03,S02,10,up,KeyO,1791375041688.1,70117,o
P03,S02,10,down,KeyA,1791375041705.4,70118,a
P03,S02,10,down,KeyN,1791375041835.6,70119,n
P03,S02,10,up,KeyA,1791375041852.6,70118,a
P03,S02,10,up,KeyN,1791375041889.7,70119,n
P03,S02,10,down,KeyL,1791375041989.5,70120,l
P03,S02,10,up,KeyL,1791375042103,70120,l
P03,S02,11,down,KeyI,1791375055256.1,70121,i
P03,S02,11,up,KeyI,1791375055337.9,70121,i
P03,S02,11,down,CapsLock,1791375055368.6,70122,CapsLock
P03,S02,11,down,Backspace,1791375055745.7,70123,Backspace
P03,S02,11,up,Backspace,1791375055821.8,70123,Backspace
P03,S02,11,down,KeyU,1791375056053,70124,U
P03,S02,11,up,KeyU,1791375056118.1,70124,U
P03,S02,11,down,Equal,1791375056578.3,70125,=
P03,S02,11,up,Equal,1791375056635.1,70125,=
P03,S02,11,down,Backspace,1791375056802.8,70126,Backspace
P03,S02,11,up,Backspace,1791375056886.5,70126,Backspace
P03,S02,11,down,Backspace,1791375057009.2,70127,Backspace
P03,S02,11,up,Backspace,1791375057121.7,70127,Backspace
P03,S02,11,down,KeyI,1791375057269.7,70128,I
P03,S02,11,up,KeyI,1791375057383.8,70128,I
P03,S02,11,down,Space,1791375057384,70129, 
P03,S02,11,up,CapsLock,1791375057417.7,70122,CapsLock
P03,S02,11,up,Space,1791375057485.4,70129, 
P03,S02,11,down,KeyP,1791375057593.6,70130,p
P03,S02,11,up,KeyP,1791375057689.3,70130,p
P03,S02,11,down,KeyR,1791375057735.5,70131,r
P03,S02,11,up,KeyR,1791375057867.6,70131,r
P03,S02,11,down,KeyE,1791375057957.2,70132,e
P03,S02,11,down,KeyF,1791375058121.1,70133,f
P03,S02,11,up,KeyE,1791375058129,70132,e
P03,S02,11,down,KeyE,1791375058303.1,70134,e
P03,S02,11,up,KeyF,1791375058308.8,70133,f
P03,S02,11,down,KeyR,1791375058519.3,70135,r
P03,S02,11,up,KeyE,1791375058536,70134,e
P03,S02,11,down,Space,1791375058644.5,70136, 
P03,S02,11,up,KeyR,1791375058652.5,70135,r
P03,S02,11,up,Space,1791375058802.6,70136, 
P03,S02,11,down,KeyW,1791375059117.6,70137,w
P03,S02,11,down,KeyA,1791375059228.9,70138,a
P03,S02,11,up,KeyW,1791375059252.6,70137,w
P03,S02,11,up,KeyA,1791375059357.3,70138,a
P03,S02,11,down,KeyT,1791375059402,70139,t
P03,S02,11,up,KeyT,1791375059501.1,70139,t
P03,S02,11,down,KeyC,1791375059717.6,70140,c
P03,S02,11,down,KeyH,1791375059819.3,70141,h
P03,S02,11,up,KeyC,1791375059841.7,70140,c
P03,S02,11,down,KeyI,1791375059905.5,70142,i
P03,S02,11,up,KeyH,1791375059918.9,70141,h
P03,S02,11,up,KeyI,1791375059993.2,70142,i
P03,S02,11,down,KeyI,1791375060019.7,70143,i
P03,S02,11,down,KeyN,1791375060035.5,70144,n
P03,S02,11,up,KeyI,1791375060043.6,70143,i
P03,S02,11,up,KeyN,1791375060152.5,70144,n
P03,S02,11,down,KeyG,1791375060155.7,70145,g
P03,S02,11,up,KeyG,1791375060236.8,70145,g
P03,S02,11,down,Space,1791375060272.9,70146, 
P03,S02,11,up,Space,1791375060373.8,70146, 
P03,S02,11,down,KeyV,1791375060530,70147,v
P03,S02,11,up,KeyV,1791375060636,70147,v
P03,S02,11,down,KeyI,1791375060655.7,70148,i
P03,S02,11,up,KeyI,1791375060739.8,70148,i
P03,S02,11,down,KeyD,1791375060784.7,70149,d
P03,S02,11,down,KeyE,1791375060885.6,70150,e
P03,S02,11,up,KeyD,1791375060907.8,70149,d
P03,S02,11,up,KeyE,1791375061008.6,70150,e
P03,S02,11,down,KeyO,1791375061019.6,70151,o
P03,S02,11,up,KeyO,1791375061088.7,70151,o
P03,S02,11,down,KeyS,1791375061186.7,70152,s
P03,S02,11,down,Space,1791375061269.4,70153, 
P03,S02,11,up,KeyS,1791375061311.7,70152,s
P03,S02,11,up,Space,1791375061376.2,70153, 
P03,S02,11,down,Backspace,1791375062028.8,70154,Backspace
P03,S02,11,up,Backspace,1791375062069.1,70154,Backspace
P03,S02,11,down,Backspace,1791375062169.4,70155,Backspace
P03,S02,11,up,Backspace,1791375062223.1,70155,Backspace
P03,S02,11,down,Backspace,1791375062303,70156,Backspace
P03,S02,11,up,Backspace,1791375062354.8,70156,Backspace
P03,S02,11,down,Backspace,1791375062425.4,70157,Backspace
P03,S02,11,up,Backspace,1791375062473.6,70157,Backspace
P03,S02,11,down,Backspace,1791375062553.6,70158,Backspace
P03,S02,11,up,Backspace,1791375062586.4,70158,Backspace
P03,S02,11,down,Backspace,1791375062669.5,70159,Backspace
P03,S02,11,up,Backspace,1791375062722,70159,Backspace
P03,S02,11,down,Backspace,1791375062808.8,70160,Backspace
P03,S02,11,up,Backspace,1791375062869.1,70160,Backspace
P03,S02,11,down,Backspace,1791375062969.3,70161,Backspace
P03,S02,11,up,Backspace,1791375063006.5,70161,Backspace
P03,S02,11,down,Backspace,1791375063111.2,70162,Backspace
P03,S02,11,up,Backspace,1791375063171.2,70162,Backspace
P03,S02,11,down,Backspace,1791375063271.3,70163,Backspace
P03,S02,11,up,Backspace,1791375063339.4,70163,Backspace
P03,S02,11,down,Backspace,1791375063541.8,70164,Backspace
P03,S02,11,up,Backspace,1791375063604.4,70164,Backspace
P03,S02,11,down,KeyN,1791375063803.6,70165,n
P03,S02,11,up,KeyN,1791375063918.8,70165,n
P03,S02,11,down,KeyG,1791375063918.8,70166,g
P03,S02,11,down,Space,1791375064001.1,70167, 
P03,S02,11,up,KeyG,1791375064018.3,70166,g
P03,S02,11,up,Space,1791375064118.3,70167, 
P03,S02,11,down,KeyV,1791375064268.7,70168,v
P03,S02,11,up,KeyV,1791375064372.9,70168,v
P03,S02,11,down,KeyI,1791375064492,70169,i
P03,S02,11,down,KeyD,1791375064552.3,70170,d
P03,S02,11,up,KeyI,1791375064588.4,70169,i
P03,S02,11,down,KeyE,1791375064640.1,70171,e
P03,S02,11,up,KeyD,1791375064672.5,70170,d
P03,S02,11,down,KeyO,1791375064752.6,70172,o
P03,S02,11,up,KeyE,1791375064835.7,70171,e
P03,S02,11,up,KeyO,1791375064836.2,70172,o
P03,S02,11,down,KeyS,1791375064905.8,70173,s
P03,S02,11,down,Space,1791375064994,70174, 
P03,S02,11,up,KeyS,1791375065035.2,70173,s
P03,S02,11,up,Space,1791375065078.2,70174, 
P03,S02,11,down,KeyL,1791375065186.6,70175,l
P03,S02,11,up,KeyL,1791375065278.9,70175,l
P03,S02,11,down,KeyI,1791375065360.1,70176,i
P03,S02,11,up,KeyI,1791375065423.8,70176,i
P03,S02,11,down,KeyK,1791375065524.9,70177,k
P03,S02,11,down,KeyE,1791375065545.4,70178,e
P03,S02,11,up,KeyK,1791375065598.7,70177,k
P03,S02,11,down,Space,1791375065652.7,70179, 
P03,S02,11,up,KeyE,1791375065672.4,70178,e
P03,S02,11,up,Space,1791375065766.9,70179, 
P03,S02,11,down,KeyT,1791375065818.1,70180,t
P03,S02,11,down,KeyI,1791375065850.3,70181,i
P03,S02,11,up,KeyI,1791375065918,70181,i
P03,S02,11,up,KeyT,1791375065921.5,70180,t
P03,S02,11,down,KeyK,1791375066068.1,70182,k
P03,S02,11,up,KeyK,1791375066151.9,70182,k
P03,S02,11,down,KeyO,1791375066370.5,70183,o
P03,S02,11,up,KeyO,1791375066485.9,70183,o
P03,S02,11,down,Backspace,1791375066771.7,70184,Backspace
P03,S02,11,up,Backspace,1791375066816.1,70184,Backspace
P03,S02,11,down,Backspace,1791375067202.6,70185,Backspace
P03,S02,11,up,Backspace,1791375067237.2,70185,Backspace
P03,S02,11,down,Backspace,1791375067322.8,70186,Backspace
P03,S02,11,up,Backspace,1791375067394.9,70186,Backspace
P03,S02,11,down,Backspace,1791375067486.3,70187,Backspace
P03,S02,11,up,Backspace,1791375067545.3,70187,Backspace
P03,S02,11,down,Backspace,1791375067635.6,70188,Backspace
P03,S02,11,up,Backspace,1791375067689.9,70188,Backspace
P03,S02,11,down,Backspace,1791375067785,70189,Backspace
P03,S02,11,up,Backspace,1791375067821.1,70189,Backspace
P03,S02,11,down,Backspace,1791375068095,70190,Backspace
P03,S02,11,up,Backspace,1791375068171.8,70190,Backspace
P03,S02,11,down,Backspace,1791375068257.8,70191,Backspace
P03,S02,11,up,Backspace,1791375068333.9,70191,Backspace
P03,S02,11,down,Backspace,1791375069353.2,70192,Backspace
P03,S02,11,up,Backspace,1791375069434.5,70192,Backspace
P03,S02,11,down,KeyW,1791375069553.2,70193,w
P03,S02,11,down,KeyH,1791375069635.7,70194,h
P03,S02,11,up,KeyW,1791375069656.2,70193,w
P03,S02,11,up,KeyH,1791375069704.7,70194,h
P03,S02,11,down,KeyE,1791375069805.3,70195,e
P03,S02,11,down,KeyN,1791375069871.1,70196,n
P03,S02,11,down,Space,1791375069901.8,70197, 
P03,S02,11,up,KeyE,1791375069928.6,70195,e
P03,S02,11,up,KeyN,1791375069961.1,70196,n
P03,S02,11,up,Space,1791375070025.5,70197, 
P03,S02,11,down,KeyI,1791375070077.3,70198,i
P03,S02,11,down,Space,1791375070202,70199, 
P03,S02,11,up,KeyI,1791375070204.9,70198,i
P03,S02,11,up,Space,1791375070321.5,70199, 
P03,S02,11,down,KeyW,1791375070690.7,70200,w
P03,S02,11,down,KeyA,1791375070795.6,70201,a
P03,S02,11,up,KeyW,1791375070822.8,70200,w
P03,S02,11,up,KeyA,1791375070922.7,70201,a
P03,S02,11,down,KeyN,1791375070937.4,70202,n
P03,S02,11,up,KeyN,1791375071035.6,70202,n
P03,S02,11,down,KeyT,1791375071093.9,70203,t
P03,S02,11,down,Space,1791375071202,70204, 
P03,S02,11,up,KeyT,1791375071205.2,70203,t
P03,S02,11,up,Space,1791375071302.6,70204, 
P03,S02,11,down,KeyT,1791375071361.7,70205,t
P03,S02,11,down,KeyO,1791375071485.4,70206,o
P03,S02,11,up,KeyT,1791375071485.9,70205,t
P03,S02,11,down,Space,1791375071577.9,70207, 
P03,S02,11,up,KeyO,1791375071601.9,70206,o
P03,S02,11,up,Space,1791375071684.8,70207, 
P03,S02,11,down,KeyL,1791375071749.6,70208,l
P03,S02,11,up,KeyL,1791375071834.3,70208,l
P03,S02,11,down,KeyE,1791375071855.3,70209,e
P03,S02,11,down,KeyA,1791375071953.9,70210,a
P03,S02,11,up,KeyE,1791375071986,70209,e
P03,S02,11,down,KeyR,1791375072110.8,70211,r
P03,S02,11,up,KeyA,1791375072167.2,70210,a
P03,S02,11,down,KeyN,1791375072227,70212,n
P03,S02,11,up,KeyR,1791375072242.6,70211,r
P03,S02,11,up,KeyN,1791375072335.4,70212,n
P03,S02,11,down,Space,1791375072419.3,70213, 
P03,S02,11,up,Space,1791375072507.3,70213, 
P03,S02,11,down,KeyS,1791375072624.7,70214,s
P03,S02,11,down,KeyO,1791375072725.6,70215,o
P03,S02,11,up,KeyS,1791375072760.4,70214,s
P03,S02,11,down,KeyM,1791375072784.6,70216,m
P03,S02,11,up,KeyO,1791375072820.9,70215,o
P03,S02,11,down,KeyE,1791375072824,70217,e
P03,S02,11,up,KeyM,1791375072869,70216,m
P03,S02,11,up,KeyE,1791375072952.8,70217,e
P03,S02,11,down,KeyT,1791375073038.5,70218,t
P03,S02,11,down,KeyH,1791375073102.8,70219,h
P03,S02,11,up,KeyT,1791375073134.3,70218,t
P03,S02,11,down,KeyI,1791375073154.4,70220,i
P03,S02,11,up,KeyH,1791375073162.1,70219,h
P03,S02,11,down,KeyN,1791375073278.9,70221,n
P03,S02,11,up,KeyI,1791375073317.6,70220,i
P03,S02,11,down,KeyG,1791375073337.4,70222,g
P03,S02,11,up,KeyN,1791375073389.8,70221,n
P03,S02,11,up,KeyG,1791375073418.2,70222,g
P03,S02,11,down,Space,1791375073453.4,70223, 
P03,S02,11,down,KeyN,1791375073585.1,70224,n
P03,S02,11,up,Space,1791375073592.6,70223, 
P03,S02,11,up,KeyN,1791375073704.6,70224,n
P03,S02,11,down,KeyE,1791375073753.8,70225,e
P03,S02,11,down,KeyW,1791375073919.9,70226,w
P03,S02,11,up,KeyE,1791375073935,70225,e
P03,S02,11,down,Space,1791375074036.1,70227, 
P03,S02,11,up,KeyW,1791375074038.5,70226,w
P03,S02,11,up,Space,1791375074118.9,70227, 
P03,S02,11,down,Enter,1791375074220.5,70228,Enter
P03,S02,11,up,Enter,1791375074303,70228,Enter
P03,S02,12,down,KeyI,1791375085384.7,70229,i
P03,S02,12,down,Space,1791375085475,70230, 
P03,S02,12,up,KeyI,1791375085535.4,70229,i
P03,S02,12,up,Space,1791375085586.9,70230, 
P03,S02,12,down,KeyL,1791375085644.6,70231,l
P03,S02,12,up,KeyL,1791375085734.3,70231,l
P03,S02,12,down,KeyI,1791375085784.6,70232,i
P03,S02,12,up,KeyI,1791375085854.8,70232,i
P03,S02,12,down,KeyK,1791375085934.7,70233,k
P03,S02,12,down,KeyE,1791375086002.7,70234,e
P03,S02,12,up,KeyK,1791375086035.7,70233,k
P03,S02,12,down,Space,1791375086072.3,70235, 
P03,S02,12,up,KeyE,1791375086108.1,70234,e
P03,S02,12,up,Space,1791375086185.2,70235, 
P03,S02,12,down,KeyT,1791375086269,70236,t
P03,S02,12,down,KeyI,1791375086313.7,70237,i
P03,S02,12,up,KeyT,1791375086369.9,70236,t
P03,S02,12,up,KeyI,1791375086389.3,70237,i
P03,S02,12,down,KeyK,1791375086518.5,70238,k
P03,S02,12,up,KeyK,1791375086564,70238,k
P03,S02,12,down,KeyT,1791375086636.1,70239,t
P03,S02,12,up,KeyT,1791375086736.1,70239,t
P03,S02,12,down,KeyO,1791375086752.2,70240,o
P03,S02,12,down,KeyK,1791375086852.3,70241,k
P03,S02,12,up,KeyO,1791375086876.5,70240,o
P03,S02,12,up,KeyK,1791375086940.9,70241,k
P03,S02,12,down,KeyS,1791375086985.5,70242,s
P03,S02,12,up,KeyS,1791375087085.7,70242,s
P03,S02,12,down,Space,1791375087102.2,70243, 
P03,S02,12,up,Space,1791375087184.9,70243, 
P03,S02,12,down,KeyO,1791375087524.8,70244,o
P03,S02,12,up,KeyO,1791375087605.8,70244,o
P03,S02,12,down,KeyR,1791375087702.8,70245,r
P03,S02,12,up,KeyR,1791375087802.7,70245,r
P03,S02,12,down,Space,1791375087836.4,70246, 
P03,S02,12,up,Space,1791375087920.1,70246, 
P03,S02,12,down,KeyR,1791375087993,70247,r
P03,S02,12,down,KeyE,1791375088069.2,70248,e
P03,S02,12,up,KeyR,1791375088086.1,70247,r
P03,S02,12,up,KeyE,1791375088172.4,70248,e
P03,S02,12,down,KeyE,1791375088288.4,70249,e
P03,S02,12,up,KeyE,1791375088388.1,70249,e
P03,S02,12,down,KeyL,1791375088550,70250,l
P03,S02,12,up,KeyL,1791375088634.8,70250,l
P03,S02,12,down,KeyS,1791375088687.6,70251,s
P03,S02,12,up,KeyS,1791375088802.2,70251,s
P03,S02,12,down,Space,1791375088820.3,70252, 
P03,S02,12,up,Space,1791375088901.5,70252, 
P03,S02,12,down,KeyB,1791375089074.7,70253,b
P03,S02,12,up,KeyB,1791375089119.1,70253,b
P03,S02,12,down,KeyE,1791375089122,70254,e
P03,S02,12,up,KeyE,1791375089227.1,70254,e
P03,S02,12,down,KeyC,1791375089386.2,70255,c
P03,S02,12,up,KeyC,1791375089454.7,70255,c
P03,S02,12,down,KeyA,1791375089469.3,70256,a
P03,S02,12,down,KeyU,1791375089591.6,70257,u
P03,S02,12,up,KeyA,1791375089595.3,70256,a
P03,S02,12,up,KeyU,1791375089668.8,70257,u
P03,S02,12,down,KeyS,1791375089735.3,70258,s
P03,S02,12,down,KeyE,1791375089804.4,70259,e
P03,S02,12,up,KeyS,1791375089845,70258,s
P03,S02,12,down,Space,1791375089901.8,70260, 
P03,S02,12,up,KeyE,1791375089925.1,70259,e
P03,S02,12,up,Space,1791375089993.5,70260, 
P03,S02,12,down,KeyT,1791375090017.9,70261,t
P03,S02,12,down,KeyH,1791375090094.4,70262,h
P03,S02,12,up,KeyT,1791375090125.7,70261,t
P03,S02,12,down,KeyE,1791375090157.8,70263,e
P03,S02,12,up,KeyH,1791375090173.8,70262,h
P03,S02,12,down,KeyY,1791375090302.7,70264,y
P03,S02,12,up,KeyE,1791375090335.4,70263,e
P03,S02,12,down,Space,1791375090384.8,70265, 
P03,S02,12,up,KeyY,1791375090425.9,70264,y
P03,S02,12,up,Space,1791375090467.8,70265, 
P03,S02,12,down,KeyA,1791375090488.7,70266,a
P03,S02,12,down,KeyR,1791375090589.4,70267,r
P03,S02,12,down,KeyE,1791375090669.4,70268,e
P03,S02,12,up,KeyA,1791375090684.4,70266,a
P03,S02,12,up,KeyR,1791375090734.6,70267,r
P03,S02,12,down,Space,1791375090802.3,70269, 
P03,S02,12,up,KeyE,1791375090821.2,70268,e
P03,S02,12,up,Space,1791375090873.7,70269, 
P03,S02,12,down,KeyM,1791375091019.5,70270,m
P03,S02,12,down,KeyO,1791375091052.3,70271,o
P03,S02,12,up,KeyM,1791375091098.6,70270,m
P03,S02,12,down,KeyR,1791375091126.8,70272,r
P03,S02,12,up,KeyO,1791375091185.2,70271,o
P03,S02,12,down,KeyE,1791375091202.1,70273,e
P03,S02,12,up,KeyR,1791375091226.5,70272,r
P03,S02,12,down,Space,1791375091295,70274, 
P03,S02,12,up,KeyE,1791375091317.6,70273,e
P03,S02,12,up,Space,1791375091386.8,70274, 
P03,S02,12,down,KeyC,1791375091469.8,70275,c
P03,S02,12,down,KeyO,1791375091513.9,70276,o
P03,S02,12,up,KeyC,1791375091569.9,70275,c
P03,S02,12,down,KeyN,1791375091619.4,70277,n
P03,S02,12,up,KeyO,1791375091642.5,70276,o
P03,S02,12,up,KeyN,1791375091693.4,70277,n
P03,S02,12,down,KeyC,1791375091700.9,70278,c
P03,S02,12,up,KeyC,1791375091802.3,70278,c
P03,S02,12,down,KeyI,1791375091810.1,70279,i
P03,S02,12,up,KeyI,1791375091885.8,70279,i
P03,S02,12,down,KeyS,1791375092102.4,70280,s
P03,S02,12,down,KeyE,1791375092224.9,70281,e
P03,S02,12,up,KeyS,1791375092304.6,70280,s
P03,S02,12,up,KeyE,1791375092377.3,70281,e
P03,S02,12,down,Period,1791375092654.6,70282,.
P03,S02,12,up,Period,1791375092738.5,70282,.
P03,S02,12,down,Space,1791375092935.4,70283, 
P03,S02,12,up,Space,1791375092993.7,70283, 
P03,S02,12,down,KeyY,1791375093327.8,70284,y
P03,S02,12,up,KeyY,1791375093400.3,70284,y
P03,S02,12,down,KeyO,1791375093517.8,70285,o
P03,S02,12,down,KeyU,1791375093568.8,70286,u
P03,S02,12,up,KeyO,1791375093601.2,70285,o
P03,S02,12,down,KeyT,1791375093603.4,70287,t
P03,S02,12,up,KeyU,1791375093667.7,70286,u
P03,S02,12,up,KeyT,1791375093688.5,70287,t
P03,S02,12,down,KeyU,1791375093751.3,70288,u
P03,S02,12,up,KeyU,1791375093818.9,70288,u
P03,S02,12,down,KeyB,1791375093938.2,70289,b
P03,S02,12,down,KeyE,1791375093958.3,70290,e
P03,S02,12,up,KeyB,1791375094002.4,70289,b
P03,S02,12,up,KeyE,1791375094068.6,70290,e
P03,S02,12,down,Space,1791375094128.7,70291, 
P03,S02,12,up,Space,1791375094218.1,70291, 
P03,S02,12,down,KeyV,1791375094338.8,70292,v
P03,S02,12,up,KeyV,1791375094402,70292,v
P03,S02,12,down,KeyI,1791375094545.3,70293,i
P03,S02,12,up,KeyI,1791375094637.2,70293,i
P03,S02,12,down,KeyD,1791375094659.3,70294,d
P03,S02,12,down,KeyE,1791375094710.8,70295,e
P03,S02,12,up,KeyD,1791375094739,70294,d
P03,S02,12,down,KeyO,1791375094833.9,70296,o
P03,S02,12,up,KeyE,1791375094855.3,70295,e
P03,S02,12,up,KeyO,1791375094911.9,70296,o
P03,S02,12,down,KeyS,1791375095335.3,70297,s
P03,S02,12,down,Space,1791375095468.6,70298, 
P03,S02,12,up,KeyS,1791375095468.7,70297,s
P03,S02,12,up,Space,1791375095570.4,70298, 
P03,S02,12,down,KeyA,1791375095671.5,70299,a
P03,S02,12,up,KeyA,1791375095836.2,70299,a
P03,S02,12,down,KeyR,1791375095989.9,70300,r
P03,S02,12,down,KeyE,1791375096105.9,70301,e
P03,S02,12,up,KeyR,1791375096109.4,70300,r
P03,S02,12,down,Space,1791375096186.1,70302, 
P03,S02,12,up,KeyE,1791375096209.9,70301,e
P03,S02,12,up,Space,1791375096278.3,70302, 
P03,S02,12,down,KeyT,1791375096301.2,70303,t
P03,S02,12,down,KeyO,1791375096403.9,70304,o
P03,S02,12,up,KeyT,1791375096407.4,70303,t
P03,S02,12,up,KeyO,1791375096476.3,70304,o
P03,S02,12,down,KeyO,1791375096551.5,70305,o
P03,S02,12,down,Space,1791375096623.2,70306, 
P03,S02,12,up,KeyO,1791375096639.2,70305,o
P03,S02,12,up,Space,1791375096734.9,70306, 
P03,S02,12,down,KeyL,1791375096791.7,70307,l
P03,S02,12,up,KeyL,1791375096884.3,70307,l
P03,S02,12,down,KeyO,1791375096990.1,70308,o
P03,S02,12,down,KeyN,1791375097041.7,70309,n
P03,S02,12,down,KeyG,1791375097110,70310,g
P03,S02,12,up,KeyO,1791375097126.5,70308,o
P03,S02,12,up,KeyN,1791375097185.7,70309,n
P03,S02,12,up,KeyG,1791375097223.6,70310,g
P03,S02,12,down,Enter,1791375097304.8,70311,Enter
P03,S02,12,up,Enter,1791375097416.7,70311,Enter
P03,S02,13,down,KeyI,1791375104775.6,70312,i
P03,S02,13,down,Space,1791375104883.1,70313, 
P03,S02,13,up,KeyI,1791375104927.1,70312,i
P03,S02,13,up,Space,1791375105003.9,70313, 
P03,S02,13,down,KeyL,1791375105078.1,70314,l
P03,S02,13,up,KeyL,1791375105185.6,70314,l
P03,S02,13,down,KeyI,1791375105228.2,70315,i
P03,S02,13,up,KeyI,1791375105287.2,70315,i
P03,S02,13,down,KeyK,1791375105403.6,70316,k
P03,S02,13,up,KeyK,1791375105502.5,70316,k
P03,S02,13,down,KeyE,1791375105571.8,70317,e
P03,S02,13,up,KeyE,1791375105688.1,70317,e
P03,S02,13,down,Space,1791375106385.7,70318, 
P03,S02,13,up,Space,1791375106469.1,70318, 
P03,S02,13,down,KeyT,1791375106585.1,70319,t
P03,S02,13,down,KeyO,1791375106667.9,70320,o
P03,S02,13,up,KeyT,1791375106684.9,70319,t
P03,S02,13,up,KeyO,1791375106783.9,70320,o
P03,S02,13,down,Space,1791375106791.7,70321, 
P03,S02,13,up,Space,1791375106852.3,70321, 
P03,S02,13,down,KeyW,1791375107326.1,70322,w
P03,S02,13,down,KeyA,1791375107451,70323,a
P03,S02,13,up,KeyW,1791375107501.6,70322,w
P03,S02,13,up,KeyA,1791375107568.6,70323,a
P03,S02,13,down,KeyT,1791375107669.5,70324,t
P03,S02,13,up,KeyT,1791375107769.6,70324,t
P03,S02,13,down,KeyC,1791375108002.6,70325,c
P03,S02,13,up,KeyC,1791375108119.2,70325,c
P03,S02,13,down,KeyH,1791375108208.5,70326,h
P03,S02,13,down,Space,1791375108309.1,70327, 
P03,S02,13,up,KeyH,1791375108348.5,70326,h
P03,S02,13,down,KeyT,1791375108419.9,70328,t
P03,S02,13,up,Space,1791375108436,70327, 
P03,S02,13,up,KeyT,1791375108524.6,70328,t
P03,S02,13,down,KeyR,1791375108566.3,70329,r
P03,S02,13,up,KeyR,1791375108678.4,70329,r
P03,S02,13,down,KeyA,1791375108769.8,70330,a
P03,S02,13,down,KeyV,1791375108867.8,70331,v
P03,S02,13,up,KeyA,1791375108897.9,70330,a
P03,S02,13,up,KeyV,1791375108919.3,70331,v
P03,S02,13,down,KeyE,1791375109001.2,70332,e
P03,S02,13,up,KeyE,1791375109109.5,70332,e
P03,S02,13,down,KeyL,1791375109158.5,70333,l
P03,S02,13,up,KeyL,1791375109187,70333,l
P03,S02,13,down,KeyL,1791375109285.8,70334,l
P03,S02,13,up,KeyL,1791375109369.1,70334,l
P03,S02,13,down,KeyI,1791375109478.2,70335,i
P03,S02,13,down,KeyN,1791375109577.6,70336,n
P03,S02,13,up,KeyI,1791375109617.5,70335,i
P03,S02,13,down,KeyG,1791375109673.7,70337,g
P03,S02,13,up,KeyN,1791375109683.5,70336,n
P03,S02,13,down,Space,1791375109721.5,70338, 
P03,S02,13,up,KeyG,1791375109736.1,70337,g
P03,S02,13,up,Space,1791375109801.8,70338, 
P03,S02,13,down,KeyC,1791375109936.9,70339,c
P03,S02,13,down,KeyO,1791375109956.1,70340,o
P03,S02,13,up,KeyC,1791375110004.7,70339,c
P03,S02,13,down,KeyN,1791375110052.6,70341,n
P03,S02,13,up,KeyO,1791375110085.5,70340,o
P03,S02,13,up,KeyN,1791375110161.3,70341,n
P03,S02,13,down,KeyT,1791375110221.1,70342,t
P03,S02,13,up,KeyT,1791375110318,70342,t
P03,S02,13,down,KeyE,1791375110339,70343,e
P03,S02,13,up,KeyE,1791375110454.9,70343,e
P03,S02,13,down,KeyN,1791375110459.3,70344,n
P03,S02,13,up,KeyN,1791375110543.5,70344,n
P03,S02,13,down,KeyT,1791375110603.3,70345,t
P03,S02,13,up,KeyT,1791375110671.5,70345,t
P03,S02,13,down,Space,1791375110694.8,70346, 
P03,S02,13,up,Space,1791375110768.5,70346, 
P03,S02,13,down,KeyA,1791375110858.3,70347,a
P03,S02,13,down,KeyN,1791375110954.4,70348,n
P03,S02,13,down,KeyD,1791375111002.7,70349,d
P03,S02,13,up,KeyA,1791375111020.6,70347,a
P03,S02,13,up,KeyN,1791375111025.8,70348,n
P03,S02,13,up,KeyD,1791375111102.2,70349,d
P03,S02,13,down,Space,1791375111145.3,70350, 
P03,S02,13,up,Space,1791375111217.5,70350, 
P03,S02,13,down,KeyR,1791375111258.5,70351,r
P03,S02,13,down,KeyE,1791375111318.4,70352,e
P03,S02,13,up,KeyR,1791375111351.9,70351,r
P03,S02,13,up,KeyE,1791375111425.1,70352,e
P03,S02,13,down,KeyC,1791375111601.6,70353,c
P03,S02,13,up,KeyC,1791375111675.2,70353,c
P03,S02,13,down,KeyO,1791375111693.6,70354,o
P03,S02,13,down,KeyM,1791375111784.9,70355,m
P03,S02,13,up,KeyO,1791375111820.6,70354,o
P03,S02,13,up,KeyM,1791375111869.6,70355,m
P03,S02,13,down,KeyM,1791375111957.8,70356,m
P03,S02,13,up,KeyM,1791375112037.2,70356,m
P03,S02,13,down,KeyE,1791375112073.1,70357,e
P03,S02,13,up,KeyE,1791375112193.9,70357,e
P03,S02,13,down,KeyN,1791375112195.1,70358,n
P03,S02,13,up,KeyN,1791375112285.2,70358,n
P03,S02,13,down,KeyD,1791375112368.9,70359,d
P03,S02,13,up,KeyD,1791375112488.4,70359,d
P03,S02,13,down,KeyA,1791375112593.6,70360,a
P03,S02,13,up,KeyA,1791375112695.7,70360,a
P03,S02,13,down,KeyT,1791375112803.2,70361,t
P03,S02,13,down,KeyI,1791375112919.6,70362,i
P03,S02,13,up,KeyT,1791375112936.6,70361,t
P03,S02,13,down,KeyO,1791375112987.3,70363,o
P03,S02,13,up,KeyI,1791375113055.3,70362,i
P03,S02,13,up,KeyO,1791375113101.5,70363,o
P03,S02,13,down,KeyN,1791375113224.3,70364,n
P03,S02,13,down,KeyS,1791375113300.9,70365,s
P03,S02,13,up,KeyN,1791375113376.4,70364,n
P03,S02,13,up,KeyS,1791375113424.6,70365,s
P03,S02,13,down,Space,1791375113492.3,70366, 
P03,S02,13,up,Space,1791375113618.8,70366, 
P03,S02,13,down,KeyO,1791375113734.8,70367,o
P03,S02,13,down,KeyN,1791375113835.6,70368,n
P03,S02,13,up,KeyO,1791375113887.6,70367,o
P03,S02,13,down,Space,1791375113938.6,70369, 
P03,S02,13,up,KeyN,1791375113954.9,70368,n
P03,S02,13,up,Space,1791375114024.7,70369, 
P03,S02,13,down,KeyT,1791375114035.8,70370,t
P03,S02,13,up,KeyT,1791375114127.5,70370,t
P03,S02,13,down,KeyI,1791375114151,70371,i
P03,S02,13,up,KeyI,1791375114217.6,70371,i
P03,S02,13,down,KeyK,1791375114335,70372,k
P03,S02,13,up,KeyK,1791375114418.4,70372,k
P03,S02,13,down,KeyT,1791375114485.9,70373,t
P03,S02,13,down,KeyO,1791375114569.2,70374,o
P03,S02,13,up,KeyT,1791375114569.2,70373,t
P03,S02,13,down,KeyK,1791375114671.1,70375,k
P03,S02,13,up,KeyO,1791375114701.6,70374,o
P03,S02,13,up,KeyK,1791375114766.9,70375,k
P03,S02,13,down,Space,1791375114835.2,70376, 
P03,S02,13,up,Space,1791375114923.8,70376, 
P03,S02,13,down,Backspace,1791375115610,70377,Backspace
P03,S02,13,up,Backspace,1791375115690,70377,Backspace
P03,S02,13,down,Period,1791375115832.4,70378,.
P03,S02,13,up,Period,1791375115953.1,70378,.
P03,S02,13,down,Space,1791375116152.9,70379, 
P03,S02,13,up,Space,1791375116249.7,70379, 
P03,S02,13,down,KeyI,1791375116621,70380,i
P03,S02,13,down,Space,1791375116752.9,70381, 
P03,S02,13,up,KeyI,1791375116757.5,70380,i
P03,S02,13,up,Space,1791375116851.7,70381, 
P03,S02,13,down,KeyA,1791375116917.3,70382,a
P03,S02,13,down,KeyL,1791375117027.8,70383,l
P03,S02,13,up,KeyA,1791375117036.3,70382,a
P03,S02,13,up,KeyL,1791375117103.1,70383,l
P03,S02,13,down,KeyS,1791375117304.5,70384,s
P03,S02,13,down,KeyO,1791375117320.2,70385,o
P03,S02,13,up,KeyS,1791375117407.9,70384,s
P03,S02,13,down,Space,1791375117408.3,70386, 
P03,S02,13,up,KeyO,1791375117427.6,70385,o
P03,S02,13,up,Space,1791375117519.2,70386, 
P03,S02,13,down,KeyL,1791375117604.2,70387,l
P03,S02,13,up,KeyL,1791375117661.2,70387,l
P03,S02,13,down,KeyI,1791375118082.1,70388,i
P03,S02,13,up,KeyI,1791375118136.7,70388,i
P03,S02,13,down,KeyK,1791375118252,70389,k
P03,S02,13,up,KeyK,1791375118295.8,70389,k
P03,S02,13,down,KeyE,1791375118342.1,70390,e
P03,S02,13,down,Space,1791375118406,70391, 
P03,S02,13,up,KeyE,1791375118453,70390,e
P03,S02,13,up,Space,1791375118522,70391, 
P03,S02,13,down,KeyT,1791375118585.3,70392,t
P03,S02,13,down,KeyO,1791375118622.7,70393,o
P03,S02,13,up,KeyT,1791375118666.4,70392,t
P03,S02,13,down,Space,1791375118702.5,70394, 
P03,S02,13,up,KeyO,1791375118750.8,70393,o
P03,S02,13,up,Space,1791375118833.2,70394, 
P03,S02,13,down,KeyW,1791375118960.9,70395,w
P03,S02,13,down,KeyA,1791375119020.7,70396,a
P03,S02,13,up,KeyW,1791375119068.9,70395,w
P03,S02,13,up,KeyA,1791375119144,70396,a
P03,S02,13,down,KeyT,1791375119286,70397,t
P03,S02,13,up,KeyT,1791375119338.8,70397,t
P03,S02,13,down,KeyC,1791375119569.7,70398,c
P03,S02,13,down,KeyH,1791375119643.6,70399,h
P03,S02,13,up,KeyC,1791375119658.6,70398,c
P03,S02,13,down,Space,1791375119752.1,70400, 
P03,S02,13,up,KeyH,1791375119774.8,70399,h
P03,S02,13,up,Space,1791375119867.8,70400, 
P03,S02,13,down,KeyT,1791375119959.9,70401,t
P03,S02,13,up,KeyT,1791375120051.8,70401,t
P03,S02,13,down,KeyA,1791375120168,70402,a
P03,S02,13,down,KeyL,1791375120259,70403,l
P03,S02,13,up,KeyA,1791375120267,70402,a
P03,S02,13,down,KeyK,1791375120371.4,70404,k
P03,S02,13,up,KeyL,1791375120391,70403,l
P03,S02,13,up,KeyK,1791375120471.4,70404,k
P03,S02,13,down,KeyI,1791375120602.5,70405,i
P03,S02,13,down,KeyN,1791375120622,70406,n
P03,S02,13,up,KeyI,1791375120669.7,70405,i
P03,S02,13,up,KeyN,1791375120726.7,70406,n
P03,S02,13,down,KeyG,1791375120737.7,70407,g
P03,S02,13,up,KeyG,1791375120825.7,70407,g
P03,S02,13,down,Space,1791375120826.3,70408, 
P03,S02,13,up,Space,1791375120926.7,70408, 
P03,S02,13,down,KeyV,1791375120986,70409,v
P03,S02,13,up,KeyV,1791375121075.9,70409,v
P03,S02,13,down,KeyI,1791375121084.1,70410,i
P03,S02,13,up,KeyI,1791375121152.4,70410,i
P03,S02,13,down,KeyD,1791375121257.4,70411,d
P03,S02,13,up,KeyD,1791375121386.1,70411,d
P03,S02,13,down,KeyE,1791375121386.1,70412,e
P03,S02,13,down,KeyO,1791375121488.9,70413,o
P03,S02,13,up,KeyE,1791375121502.1,70412,e
P03,S02,13,up,KeyO,1791375121568.7,70413,o
P03,S02,13,down,KeyS,1791375121655.1,70414,s
P03,S02,13,down,Space,1791375121727.2,70415, 
P03,S02,13,up,KeyS,1791375121738.6,70414,s
P03,S02,13,up,Space,1791375121828.1,70415, 
P03,S02,13,down,KeyW,1791375121973,70416,w
P03,S02,13,down,KeyH,1791375122037.8,70417,h
P03,S02,13,up,KeyW,1791375122072.7,70416,w
P03,S02,13,up,KeyH,1791375122124.7,70417,h
P03,S02,13,down,KeyI,1791375122136.7,70418,i
P03,S02,13,up,KeyI,1791375122241.8,70418,i
P03,S02,13,down,KeyL,1791375122338,70419,l
P03,S02,13,down,KeyE,1791375122418.3,70420,e
P03,S02,13,up,KeyL,1791375122418.4,70419,l
P03,S02,13,down,Space,1791375122473.6,70421, 
P03,S02,13,up,KeyE,1791375122505.5,70420,e
P03,S02,13,up,Space,1791375122584.4,70421, 
P03,S02,13,down,KeyI,1791375122601.6,70422,i
P03,S02,13,down,Space,1791375122708.7,70423, 
P03,S02,13,up,KeyI,1791375122715.5,70422,i
P03,S02,13,down,KeyG,1791375122793.2,70424,g
P03,S02,13,up,Space,1791375122818,70423, 
P03,S02,13,up,KeyG,1791375122901.2,70424,g
P03,S02,13,down,KeyE,1791375122933.7,70425,e
P03,S02,13,down,KeyT,1791375123058.5,70426,t
P03,S02,13,up,KeyE,1791375123067.8,70425,e
P03,S02,13,down,Space,1791375123121.8,70427, 
P03,S02,13,up,KeyT,1791375123137.9,70426,t
P03,S02,13,up,Space,1791375123222.1,70427, 
P03,S02,13,down,KeyR,1791375123274.7,70428,r
P03,S02,13,down,KeyE,1791375123366.5,70429,e
P03,S02,13,up,KeyR,1791375123390.7,70428,r
P03,S02,13,down,KeyA,1791375123483.9,70430,a
P03,S02,13,up,KeyE,1791375123502.5,70429,e
P03,S02,13,down,KeyD,1791375123666.1,70431,d
P03,S02,13,up,KeyA,1791375123702.5,70430,a
P03,S02,13,down,KeyY,1791375123743,70432,y
P03,S02,13,up,KeyD,1791375123792.1,70431,d
P03,S02,13,up,KeyY,1791375123835.2,70432,y
P03,S02,13,down,Enter,1791375123950.3,70433,Enter
P03,S02,13,up,Enter,1791375124008.7,70433,Enter
P03,S02,14,down,KeyI,1791375133723.1,70434,i
P03,S02,14,down,Space,1791375133834.1,70435, 
P03,S02,14,up,KeyI,1791375133900.8,70434,i
P03,S02,14,up,Space,1791375133954.7,70435, 
P03,S02,14,down,KeyL,1791375134035.1,70436,l
P03,S02,14,up,KeyL,1791375134125.8,70436,l
P03,S02,14,down,KeyI,1791375134219.8,70437,i
P03,S02,14,up,KeyI,1791375134282.8,70437,i
P03,S02,14,down,KeyK,1791375134390.1,70438,k
P03,S02,14,down,KeyE,1791375134439,70439,e
P03,S02,14,up,KeyK,1791375134483.5,70438,k
P03,S02,14,down,Space,1791375134526.6,70440, 
P03,S02,14,up,KeyE,1791375134551.3,70439,e
P03,S02,14,up,Space,1791375134635.7,70440, 
P03,S02,14,down,KeyC,1791375134702.4,70441,c
P03,S02,14,down,KeyL,1791375134782.9,70442,l
P03,S02,14,up,KeyC,1791375134817.6,70441,c
P03,S02,14,up,KeyL,1791375134861.2,70442,l
P03,S02,14,down,KeyA,1791375134884.6,70443,a
P03,S02,14,down,KeyS,1791375135019.5,70444,s
P03,S02,14,up,KeyA,1791375135037.8,70443,a
P03,S02,14,up,KeyS,1791375135068.8,70444,s
P03,S02,14,down,KeyS,1791375135159.3,70445,s
P03,S02,14,up,KeyS,1791375135252.1,70445,s
P03,S02,14,down,Space,1791375135326.1,70446, 
P03,S02,14,up,Space,1791375135394.4,70446, 
P03,S02,14,down,KeyM,1791375135537.2,70447,m
P03,S02,14,down,KeyU,1791375135627,70448,u
P03,S02,14,up,KeyM,1791375135651.1,70447,m
P03,S02,14,up,KeyU,1791375135754.9,70448,u
P03,S02,14,down,KeyS,1791375135786.2,70449,s
P03,S02,14,up,KeyS,1791375135904.5,70449,s
P03,S02,14,down,KeyT,1791375135937.2,70450,t
P03,S02,14,up,KeyT,1791375136037.8,70450,t
P03,S02,14,down,Minus,1791375136144.6,70451,-
P03,S02,14,up,Minus,1791375136253.1,70451,-
P03,S02,14,down,KeyV,1791375136420,70452,v
P03,S02,14,down,KeyI,1791375136504.7,70453,i
P03,S02,14,up,KeyV,1791375136505.5,70452,v
P03,S02,14,up,KeyI,1791375136572.3,70453,i
P03,S02,14,down,KeyS,1791375136621.5,70454,s
P03,S02,14,down,KeyI,1791375136737.9,70455,i
P03,S02,14,up,KeyS,1791375136741.3,70454,s
P03,S02,14,up,KeyI,1791375136794.6,70455,i
P03,S02,14,down,KeyT,1791375136874.5,70456,t
P03,S02,14,down,Space,1791375136942.6,70457, 
P03,S02,14,up,KeyT,1791375136957.8,70456,t
P03,S02,14,up,Space,1791375137051.2,70457, 
P03,S02,14,down,KeyT,1791375137301.3,70458,t
P03,S02,14,down,KeyO,1791375137356.4,70459,o
P03,S02,14,up,KeyT,1791375137384.2,70458,t
P03,S02,14,down,KeyU,1791375137468.1,70460,u
P03,S02,14,up,KeyO,1791375137491.9,70459,o
P03,S02,14,up,KeyU,1791375137577.3,70460,u
P03,S02,14,down,KeyR,1791375137621.7,70461,r
P03,S02,14,up,KeyR,1791375137717.4,70461,r
P03,S02,14,down,KeyI,1791375137721.1,70462,i
P03,S02,14,up,KeyI,1791375137810.8,70462,i
P03,S02,14,down,KeyS,1791375137902.7,70463,s
P03,S02,14,up,KeyS,1791375137999.1,70463,s
P03,S02,14,down,KeyT,1791375138169,70464,t
P03,S02,14,up,KeyT,1791375138301.5,70464,t
P03,S02,14,down,Space,1791375138350.5,70465, 
P03,S02,14,up,Space,1791375138448.2,70465, 
P03,S02,14,down,KeyP,1791375138638.6,70466,p
P03,S02,14,up,KeyP,1791375138718.7,70466,p
P03,S02,14,down,KeyL,1791375138902.3,70467,l
P03,S02,14,up,KeyL,1791375138985,70467,l
P03,S02,14,down,KeyA,1791375139027.7,70468,a
P03,S02,14,up,KeyA,1791375139128.1,70468,a
P03,S02,14,down,KeyC,1791375139269.1,70469,c
P03,S02,14,up,KeyC,1791375139369.4,70469,c
P03,S02,14,down,KeyE,1791375139486,70470,e
P03,S02,14,down,KeyS,1791375139602.8,70471,s
P03,S02,14,up,KeyE,1791375139635.4,70470,e
P03,S02,14,up,KeyS,1791375139704.2,70471,s
P03,S02,14,down,KeyI,1791375141450.3,70472,i
P03,S02,14,up,KeyI,1791375141566.9,70472,i
P03,S02,14,down,KeyC,1791375141586,70473,c
P03,S02,14,up,KeyC,1791375141702,70473,c
P03,S02,14,down,Comma,1791375143439.7,70474,","
P03,S02,14,up,Comma,1791375143544.6,70474,","
P03,S02,14,down,Space,1791375143687.7,70475, 
P03,S02,14,up,Space,1791375143755.9,70475, 
P03,S02,14,down,KeyT,1791375144934.6,70476,t
P03,S02,14,up,KeyT,1791375145054.3,70476,t
P03,S02,14,down,KeyH,1791375145068.4,70477,h
P03,S02,14,up,KeyH,1791375145138.7,70477,h
P03,S02,14,down,KeyE,1791375145187.5,70478,e
P03,S02,14,down,Space,1791375145275,70479, 
P03,S02,14,up,KeyE,1791375145301.7,70478,e
P03,S02,14,up,Space,1791375145368.6,70479, 
P03,S02,14,down,KeyH,1791375145490.2,70480,h
P03,S02,14,down,KeyI,1791375145618,70481,i
P03,S02,14,up,KeyH,1791375145635,70480,h
P03,S02,14,up,KeyI,1791375145735,70481,i
P03,S02,14,down,KeyG,1791375145742.2,70482,g
P03,S02,14,up,KeyG,1791375145838,70482,g
P03,S02,14,down,KeyH,1791375145852,70483,h
P03,S02,14,up,KeyH,1791375145918.8,70483,h
P03,S02,14,down,KeyL,1791375146041.5,70484,l
P03,S02,14,up,KeyL,1791375146102.1,70484,l
P03,S02,14,down,KeyI,1791375146202,70485,i
P03,S02,14,up,KeyI,1791375146271.1,70485,i
P03,S02,14,down,KeyG,1791375146309.3,70486,g
P03,S02,14,up,KeyG,1791375146401.8,70486,g
P03,S02,14,down,KeyH,1791375146408.1,70487,h
P03,S02,14,up,KeyH,1791375146472.4,70487,h
P03,S02,14,down,KeyT,1791375146567.5,70488,t
P03,S02,14,up,KeyT,1791375146636.6,70488,t
P03,S02,14,down,KeyS,1791375146785,70489,s
P03,S02,14,up,KeyS,1791375146887.2,70489,s
P03,S02,14,down,Space,1791375146901.8,70490, 
P03,S02,14,up,Space,1791375146975.4,70490, 
P03,S02,14,down,KeyO,1791375147086.3,70491,o
P03,S02,14,down,KeyF,1791375147170.8,70492,f
P03,S02,14,up,KeyO,1791375147184.4,70491,o
P03,S02,14,up,KeyF,1791375147274.2,70492,f
P03,S02,14,down,Space,1791375147301.1,70493, 
P03,S02,14,up,Space,1791375147389.8,70493, 
P03,S02,14,down,KeyC,1791375147540.3,70494,c
P03,S02,14,up,KeyC,1791375147619.9,70494,c
P03,S02,14,down,KeyE,1791375147711,70495,e
P03,S02,14,down,KeyR,1791375147827.2,70496,r
P03,S02,14,up,KeyE,1791375147858.8,70495,e
P03,S02,14,up,KeyR,1791375147935.6,70496,r
P03,S02,14,down,KeyT,1791375148035.8,70497,t
P03,S02,14,up,KeyT,1791375148133.3,70497,t
P03,S02,14,down,KeyA,1791375148239.1,70498,a
P03,S02,14,down,KeyI,1791375148303.4,70499,i
P03,S02,14,up,KeyA,1791375148358.1,70498,a
P03,S02,14,down,KeyN,1791375148386.5,70500,n
P03,S02,14,up,KeyI,1791375148418.3,70499,i
P03,S02,14,up,KeyN,1791375148511.5,70500,n
P03,S02,14,down,KeyP,1791375148610.9,70501,p
P03,S02,14,up,KeyP,1791375148690.3,70501,p
P03,S02,14,down,Backspace,1791375149002.7,70502,Backspace
P03,S02,14,up,Backspace,1791375149084.6,70502,Backspace
P03,S02,14,down,Space,1791375149192.6,70503, 
P03,S02,14,up,Space,1791375149285,70503, 
P03,S02,14,down,KeyP,1791375149335.6,70504,p
P03,S02,14,down,KeyL,1791375149452,70505,l
P03,S02,14,down,KeyA,1791375149470.8,70506,a
P03,S02,14,up,KeyP,1791375149470.9,70504,p
P03,S02,14,up,KeyL,1791375149531.8,70505,l
P03,S02,14,up,KeyA,1791375149618.9,70506,a
P03,S02,14,down,KeyC,1791375149622.9,70507,c
P03,S02,14,down,KeyE,1791375149771.5,70508,e
P03,S02,14,up,KeyC,1791375149774.7,70507,c
P03,S02,14,up,KeyE,1791375149968.7,70508,e
P03,S02,14,down,KeyS,1791375150135.8,70509,s
P03,S02,14,up,KeyS,1791375150233.5,70509,s
P03,S02,14,down,Space,1791375150505.5,70510, 
P03,S02,14,up,Space,1791375150589.7,70510, 
P03,S02,14,down,Backspace,1791375150868.5,70511,Backspace
P03,S02,14,up,Backspace,1791375150936.6,70511,Backspace
P03,S02,14,down,Comma,1791375151054.3,70512,","
P03,S02,14,up,Comma,1791375151119.8,70512,","
P03,S02,14,down,Space,1791375151239.4,70513, 
P03,S02,14,down,KeyE,1791375151306.8,70514,e
P03,S02,14,up,Space,1791375151323,70513, 
P03,S02,14,down,KeyS,1791375151452.4,70515,s
P03,S02,14,up,KeyE,1791375151454.5,70514,e
P03,S02,14,up,KeyS,1791375151569.6,70515,s
P03,S02,14,down,KeyP,1791375151570.7,70516,p
P03,S02,14,up,KeyP,1791375151651.7,70516,p
P03,S02,14,down,KeyE,1791375151693.6,70517,e
P03,S02,14,up,KeyE,1791375151774.1,70517,e
P03,S02,14,down,KeyC,1791375151942.6,70518,c
P03,S02,14,down,KeyI,1791375151986.7,70519,i
P03,S02,14,up,KeyC,1791375152025.6,70518,c
P03,S02,14,up,KeyI,1791375152068.9,70519,i
P03,S02,14,down,KeyA,1791375152136,70520,a
P03,S02,14,up,KeyA,1791375152172.4,70520,a
P03,S02,14,down,KeyL,1791375152191.1,70521,l
P03,S02,14,up,KeyL,1791375152267,70521,l
P03,S02,14,down,KeyL,1791375152350.4,70522,l
P03,S02,14,up,KeyL,1791375152420.8,70522,l
P03,S02,14,down,KeyY,1791375152434.3,70523,y
P03,S02,14,down,Space,1791375152492.9,70524, 
P03,S02,14,up,KeyY,1791375152500.2,70523,y
P03,S02,14,up,Space,1791375152583.7,70524, 
P03,S02,14,down,KeyI,1791375152617.1,70525,i
P03,S02,14,up,KeyI,1791375152726.5,70525,i
P03,S02,14,down,KeyF,1791375152754.7,70526,f
P03,S02,14,up,KeyF,1791375152834.4,70526,f
P03,S02,14,down,Space,1791375152851.5,70527, 
P03,S02,14,up,Space,1791375152956,70527, 
P03,S02,14,down,KeyI,1791375152960.1,70528,i
P03,S02,14,up,KeyI,1791375153084.9,70528,i
P03,S02,14,down,Space,1791375153087.7,70529, 
P03,S02,14,up,Space,1791375153176.4,70529, 
P03,S02,14,down,KeyH,1791375153300.1,70530,h
P03,S02,14,up,KeyH,1791375153400.9,70530,h
P03,S02,14,down,KeyA,1791375153411.2,70531,a
P03,S02,14,down,KeyD,1791375153539.1,70532,d
P03,S02,14,up,KeyA,1791375153559.9,70531,a
P03,S02,14,down,Space,1791375153602.6,70533, 
P03,S02,14,up,KeyD,1791375153639.1,70532,d
P03,S02,14,up,Space,1791375153684,70533, 
P03,S02,14,down,KeyN,1791375153743.9,70534,n
P03,S02,14,down,KeyO,1791375153818.5,70535,o
P03,S02,14,up,KeyN,1791375153850.9,70534,n
P03,S02,14,down,KeyT,1791375153887,70536,t
P03,S02,14,up,KeyO,1791375153917.2,70535,o
P03,S02,14,up,KeyT,1791375153955.1,70536,t
P03,S02,14,down,Space,1791375153983.4,70537, 
P03,S02,14,up,Space,1791375154066.9,70537, 
P03,S02,14,down,KeyB,1791375154189.1,70538,b
P03,S02,14,up,KeyB,1791375154252.5,70538,b
P03,S02,14,down,KeyE,1791375154290.5,70539,e
P03,S02,14,up,KeyE,1791375154335.1,70539,e
P03,S02,14,down,KeyE,1791375154440.4,70540,e
P03,S02,14,down,KeyN,1791375154500.6,70541,n
P03,S02,14,up,KeyE,1791375154539.5,70540,e
P03,S02,14,down,Space,1791375154588.1,70542, 
P03,S02,14,up,KeyN,1791375154636.2,70541,n
P03,S02,14,down,KeyT,1791375154700.5,70543,t
P03,S02,14,up,Space,1791375154707.4,70542, 
P03,S02,14,up,KeyT,1791375154792.4,70543,t
P03,S02,14,down,KeyH,1791375154811,70544,h
P03,S02,14,up,KeyH,1791375154875.1,70544,h
P03,S02,14,down,KeyE,1791375154951,70545,e
P03,S02,14,up,KeyE,1791375155035.5,70545,e
P03,S02,14,down,KeyR,1791375155037.7,70546,r
P03,S02,14,down,KeyE,1791375155135.4,70547,e
P03,S02,14,up,KeyR,1791375155137.2,70546,r
P03,S02,14,down,Space,1791375155225.2,70548, 
P03,S02,14,up,KeyE,1791375155237.9,70547,e
P03,S02,14,up,Space,1791375155317.6,70548, 
P03,S02,14,down,KeyB,1791375155334.8,70549,b
P03,S02,14,up,KeyB,1791375155408.4,70549,b
P03,S02,14,down,KeyE,1791375155424.6,70550,e
P03,S02,14,up,KeyE,1791375155510.2,70550,e
P03,S02,14,down,KeyF,1791375155556.5,70551,f
P03,S02,14,up,KeyF,1791375155653.2,70551,f
P03,S02,14,down,KeyO,1791375155669.2,70552,o
P03,S02,14,up,KeyO,1791375155759.9,70552,o
P03,S02,14,down,KeyR,1791375155836.1,70553,r
P03,S02,14,down,KeyE,1791375155936.2,70554,e
P03,S02,14,up,KeyR,1791375155938.4,70553,r
P03,S02,14,up,KeyE,1791375156027.9,70554,e
P03,S02,14,down,Period,1791375156054,70555,.
P03,S02,14,up,Period,1791375156136.2,70555,.
P03,S02,14,down,Space,1791375156255.2,70556, 
P03,S02,14,up,Space,1791375156343.4,70556, 
P03,S02,14,down,KeyI,1791375156374.1,70557,i
P03,S02,14,down,KeyF,1791375156485.1,70558,f
P03,S02,14,up,KeyI,1791375156486.2,70557,i
P03,S02,14,up,KeyF,1791375156570.4,70558,f
P03,S02,14,down,Space,1791375156588.6,70559, 
P03,S02,14,down,KeyN,1791375156693.6,70560,n
P03,S02,14,up,Space,1791375156718.5,70559, 
P03,S02,14,down,KeyO,1791375156768.7,70561,o
P03,S02,14,down,KeyT,1791375156824.7,70562,t
P03,S02,14,up,KeyN,1791375156837.1,70560,n
P03,S02,14,up,KeyO,1791375156877.1,70561,o
P03,S02,14,up,KeyT,1791375156933.3,70562,t
P03,S02,14,down,Comma,1791375157001,70563,","
P03,S02,14,up,Comma,1791375157077.4,70563,","
P03,S02,14,down,Space,1791375157183.8,70564, 
P03,S02,14,up,Space,1791375157267.1,70564, 
P03,S02,14,down,KeyI,1791375157323.9,70565,i
P03,S02,14,down,Space,1791375157435,70566, 
P03,S02,14,up,KeyI,1791375157459.8,70565,i
P03,S02,14,up,Space,1791375157536.6,70566, 
P03,S02,14,down,KeyL,1791375158036.5,70567,l
P03,S02,14,up,KeyL,1791375158118.4,70567,l
P03,S02,14,down,KeyI,1791375158192.9,70568,i
P03,S02,14,up,KeyI,1791375158256.9,70568,i
P03,S02,14,down,Backspace,1791375158571.5,70569,Backspace
P03,S02,14,up,Backspace,1791375158656.5,70569,Backspace
P03,S02,14,down,Backspace,1791375158750.3,70570,Backspace
P03,S02,14,up,Backspace,1791375158822.5,70570,Backspace
P03,S02,14,down,KeyP,1791375159028.2,70571,p
P03,S02,14,up,KeyP,1791375159127.7,70571,p
P03,S02,14,down,KeyR,1791375159134,70572,r
P03,S02,14,down,KeyE,1791375159241.1,70573,e
P03,S02,14,up,KeyR,1791375159288.2,70572,r
P03,S02,14,up,KeyE,1791375159416.8,70573,e
P03,S02,14,down,KeyF,1791375159484,70574,f
P03,S02,14,down,KeyE,1791375159623.2,70575,e
P03,S02,14,up,KeyF,1791375159624,70574,f
P03,S02,14,down,KeyR,1791375159787.2,70576,r
P03,S02,14,up,KeyE,1791375159806.8,70575,e
P03,S02,14,down,Space,1791375159886.5,70577, 
P03,S02,14,up,KeyR,1791375159918.6,70576,r
P03,S02,14,up,Space,1791375160018.9,70577, 
P03,S02,14,down,KeyH,1791375160218.4,70578,h
P03,S02,14,down,KeyI,1791375160318.1,70579,i
P03,S02,14,up,KeyH,1791375160351,70578,h
P03,S02,14,down,KeyD,1791375160401.8,70580,d
P03,S02,14,up,KeyI,1791375160442.1,70579,i
P03,S02,14,up,KeyD,1791375160522.1,70580,d
P03,S02,14,down,KeyD,1791375160640.2,70581,d
P03,S02,14,up,KeyD,1791375160787.4,70581,d
P03,S02,14,down,KeyE,1791375160787.8,70582,e
P03,S02,14,up,KeyE,1791375160918.5,70582,e
P03,S02,14,down,KeyN,1791375160918.5,70583,n
P03,S02,14,down,Space,1791375161018.3,70584, 
P03,S02,14,up,KeyN,1791375161042.8,70583,n
P03,S02,14,up,Space,1791375161119.4,70584, 
P03,S02,14,down,KeyL,1791375161192.9,70585,l
P03,S02,14,up,KeyL,1791375161288,70585,l
P03,S02,14,down,KeyO,1791375161402.8,70586,o
P03,S02,14,up,KeyO,1791375161468.6,70586,o
P03,S02,14,down,KeyC,1791375161472.1,70587,c
P03,S02,14,up,KeyC,1791375161601.7,70587,c
P03,S02,14,down,KeyA,1791375161620.9,70588,a
P03,S02,14,down,KeyL,1791375161717.2,70589,l
P03,S02,14,up,KeyA,1791375161750.7,70588,a
P03,S02,14,down,Space,1791375161777.1,70590, 
P03,S02,14,up,KeyL,1791375161834.2,70589,l
P03,S02,14,up,Space,1791375161889.7,70590, 
P03,S02,14,down,KeyS,1791375162100,70591,s
P03,S02,14,up,KeyS,1791375162186.8,70591,s
P03,S02,14,down,KeyP,1791375162219.2,70592,p
P03,S02,14,down,KeyO,1791375162319.1,70593,o
P03,S02,14,up,KeyP,1791375162381,70592,p
P03,S02,14,down,KeyT,1791375162399.5,70594,t
P03,S02,14,up,KeyO,1791375162407.3,70593,o
P03,S02,14,up,KeyT,1791375162460,70594,t
P03,S02,14,down,KeyS,1791375162570,70595,s
P03,S02,14,down,Enter,1791375162658,70596,Enter
P03,S02,14,up,KeyS,1791375162677.8,70595,s
P03,S02,14,up,Enter,1791375162749.9,70596,Enter
P03,S02,15,down,KeyI,1791375170223.5,70597,i
P03,S02,15,down,Space,1791375170317.8,70598, 
P03,S02,15,up,KeyI,1791375170359.9,70597,i
P03,S02,15,down,KeyW,1791375170384.2,70599,w
P03,S02,15,up,Space,1791375170423.6,70598, 
P03,S02,15,up,KeyW,1791375170535.2,70599,w
P03,S02,15,down,KeyA,1791375170539.1,70600,a
P03,S02,15,up,KeyA,1791375170568.7,70600,a
P03,S02,15,down,KeyN,1791375170575.3,70601,n
P03,S02,15,up,KeyN,1791375170660.5,70601,n
P03,S02,15,down,KeyT,1791375170701.6,70602,t
P03,S02,15,down,Space,1791375170777.7,70603, 
P03,S02,15,up,KeyT,1791375170784.2,70602,t
P03,S02,15,up,Space,1791375170850.7,70603, 
P03,S02,15,down,KeyT,1791375170902.6,70604,t
P03,S02,15,down,KeyO,1791375171000.7,70605,o
P03,S02,15,up,KeyT,1791375171000.7,70604,t
P03,S02,15,down,Space,1791375171094.7,70606, 
P03,S02,15,up,KeyO,1791375171110.3,70605,o
P03,S02,15,up,Space,1791375171200.7,70606, 
P03,S02,15,down,KeyG,1791375171287.4,70607,g
P03,S02,15,down,KeyO,1791375171367.8,70608,o
P03,S02,15,up,KeyG,1791375171382.3,70607,g
P03,S02,15,down,Space,1791375171426.1,70609, 
P03,S02,15,up,KeyO,1791375171482.6,70608,o
P03,S02,15,up,Space,1791375171567.3,70609, 
P03,S02,15,down,KeyT,1791375171592.8,70610,t
P03,S02,15,down,KeyO,1791375171702.5,70611,o
P03,S02,15,up,KeyT,1791375171704.3,70610,t
P03,S02,15,down,Space,1791375171788.7,70612, 
P03,S02,15,up,KeyO,1791375171824.9,70611,o
P03,S02,15,up,Space,1791375171893.1,70612, 
P03,S02,15,down,KeyE,1791375171936.4,70613,e
P03,S02,15,up,KeyE,1791375172051.7,70613,e
P03,S02,15,down,KeyD,1791375172158.7,70614,d
P03,S02,15,up,KeyD,1791375172235.8,70614,d
P03,S02,15,down,KeyI,1791375172242.4,70615,i
P03,S02,15,down,KeyN,1791375172350.4,70616,n
P03,S02,15,up,KeyI,1791375172358.3,70615,i
P03,S02,15,up,KeyN,1791375172449.5,70616,n
P03,S02,15,down,KeyB,1791375172574.9,70617,b
P03,S02,15,up,KeyB,1791375172639,70617,b
P03,S02,15,down,KeyU,1791375172678.1,70618,u
P03,S02,15,down,KeyR,1791375172741.3,70619,r
P03,S02,15,up,KeyU,1791375172789.4,70618,u
P03,S02,15,up,KeyR,1791375172834.7,70619,r
P03,S02,15,down,KeyG,1791375172971.5,70620,g
P03,S02,15,down,KeyH,1791375173091.3,70621,h
P03,S02,15,up,KeyG,1791375173104.8,70620,g
P03,S02,15,down,Space,1791375173223.5,70622, 
P03,S02,15,up,KeyH,1791375173250.7,70621,h
P03,S02,15,up,Space,1791375173351.9,70622, 
P03,S02,15,down,KeyB,1791375173661.4,70623,b
P03,S02,15,up,KeyB,1791375173785.7,70623,b
P03,S02,15,down,KeyU,1791375173785.8,70624,u
P03,S02,15,down,KeyT,1791375173868.7,70625,t
P03,S02,15,up,KeyU,1791375173893.3,70624,u
P03,S02,15,up,KeyT,1791375173956.9,70625,t
P03,S02,15,down,Space,1791375173985.5,70626, 
P03,S02,15,up,Space,1791375174104.6,70626, 
P03,S02,15,down,KeyI,1791375174123.4,70627,i
P03,S02,15,down,KeyT,1791375174185.5,70628,t
P03,S02,15,up,KeyI,1791375174219.2,70627,i
P03,S02,15,up,KeyT,1791375174301.5,70628,t
P03,S02,15,down,Space,1791375174367.2,70629, 
P03,S02,15,up,Space,1791375174444.3,70629, 
P03,S02,15,down,KeyI,1791375174588.7,70630,i
P03,S02,15,up,KeyI,1791375174653.7,70630,i
P03,S02,15,down,KeyS,1791375174685,70631,s
P03,S02,15,up,KeyS,1791375174790,70631,s
P03,S02,15,down,Space,1791375174820.1,70632, 
P03,S02,15,up,Space,1791375174920.3,70632, 
P03,S02,15,down,KeyQ,1791375175057.8,70633,q
P03,S02,15,up,KeyQ,1791375175184.1,70633,q
P03,S02,15,down,KeyU,1791375175204.2,70634,u
P03,S02,15,down,KeyI,1791375175272.4,70635,i
P03,S02,15,up,KeyU,1791375175316.6,70634,u
P03,S02,15,down,KeyT,1791375175382.9,70636,t
P03,S02,15,up,KeyI,1791375175387.9,70635,i
P03,S02,15,up,KeyT,1791375175477.2,70636,t
P03,S02,15,down,KeyE,1791375175550.8,70637,e
P03,S02,15,down,Space,1791375175605,70638, 
P03,S02,15,up,KeyE,1791375175649.8,70637,e
P03,S02,15,down,KeyE,1791375175683,70639,e
P03,S02,15,up,Space,1791375175709.1,70638, 
P03,S02,15,up,KeyE,1791375175805.5,70639,e
P03,S02,15,down,KeyX,1791375176010.2,70640,x
P03,S02,15,down,KeyP,1791375176351.9,70641,p
P03,S02,15,up,KeyX,1791375176164,70640,x
P03,S02,15,up,KeyP,1791375176444.4,70641,p
P03,S02,15,down,KeyE,1791375177075.3,70642,e
P03,S02,15,up,KeyE,1791375177187.4,70642,e
P03,S02,15,down,KeyN,1791375177201.6,70643,n
P03,S02,15,up,KeyN,1791375177289.9,70643,n
P03,S02,15,down,KeyS,1791375177352.4,70644,s
P03,S02,15,up,KeyS,1791375177436.1,70644,s
P03,S02,15,down,KeyI,1791375177436.1,70645,i
P03,S02,15,up,KeyI,1791375177509.2,70645,i
P03,S02,15,down,KeyV,1791375177585,70646,v
P03,S02,15,up,KeyV,1791375177652.4,70646,v
P03,S02,15,down,KeyE,1791375177810.7,70647,e
P03,S02,15,up,KeyE,1791375177890.5,70647,e
P03,S02,15,down,Period,1791375178020.6,70648,.
P03,S02,15,up,Period,1791375178137,70648,.
P03,S02,15,down,Space,1791375178371.1,70649, 
P03,S02,15,up,Space,1791375178443.9,70649, 
P03,S02,15,down,KeyI,1791375178652.2,70650,i
P03,S02,15,down,Space,1791375178751.6,70651, 
P03,S02,15,up,KeyI,1791375178775.4,70650,i
P03,S02,15,up,Space,1791375178876.7,70651, 
P03,S02,15,down,KeyA,1791375180168.5,70652,a
P03,S02,15,down,KeyL,1791375180300.9,70653,l
P03,S02,15,up,KeyA,1791375180320.6,70652,a
P03,S02,15,up,KeyL,1791375180373.4,70653,l
P03,S02,15,down,KeyS,1791375180454.6,70654,s
P03,S02,15,down,KeyO,1791375180510.6,70655,o
P03,S02,15,up,KeyS,1791375180557.8,70654,s
P03,S02,15,down,Space,1791375180565.9,70656, 
P03,S02,15,up,KeyO,1791375180606.2,70655,o
P03,S02,15,down,KeyW,1791375180700.2,70657,w
P03,S02,15,up,Space,1791375180709.7,70656, 
P03,S02,15,down,KeyA,1791375180811.2,70658,a
P03,S02,15,up,KeyW,1791375180854.8,70657,w
P03,S02,15,down,KeyN,1791375180887,70659,n
P03,S02,15,up,KeyA,1791375180902.2,70658,a
P03,S02,15,up,KeyN,1791375180955.4,70659,n
P03,S02,15,down,KeyT,1791375181001.5,70660,t
P03,S02,15,up,KeyT,1791375181091.8,70660,t
P03,S02,15,down,Space,1791375181100.1,70661, 
P03,S02,15,up,Space,1791375181183.3,70661, 
P03,S02,15,down,KeyT,1791375181195.7,70662,t
P03,S02,15,down,KeyO,1791375181260.6,70663,o
P03,S02,15,up,KeyT,1791375181299.7,70662,t
P03,S02,15,down,Space,1791375181350.7,70664, 
P03,S02,15,up,KeyO,1791375181371.9,70663,o
P03,S02,15,up,Space,1791375181473.1,70664, 
P03,S02,15,down,KeyG,1791375181544.4,70665,g
P03,S02,15,up,KeyG,1791375181635,70665,g
P03,S02,15,down,KeyO,1791375181635.1,70666,o
P03,S02,15,down,Space,1791375181717.8,70667, 
P03,S02,15,up,KeyO,1791375181744.1,70666,o
P03,S02,15,up,Space,1791375181817.4,70667, 
P03,S02,15,down,KeyT,1791375181858.9,70668,t
P03,S02,15,up,KeyT,1791375181927,70668,t
P03,S02,15,down,KeyO,1791375181967.7,70669,o
P03,S02,15,down,Space,1791375182036.6,70670, 
P03,S02,15,up,KeyO,1791375182072.3,70669,o
P03,S02,15,up,Space,1791375182157,70670, 
P03,S02,15,down,KeyS,1791375182435.4,70671,s
P03,S02,15,down,KeyL,1791375182518.5,70672,l
P03,S02,15,up,KeyS,1791375182553.7,70671,s
P03,S02,15,up,KeyL,1791375182574.2,70672,l
P03,S02,15,down,KeyO,1791375182668.3,70673,o
P03,S02,15,up,KeyO,1791375182718.6,70673,o
P03,S02,15,down,KeyV,1791375182840.3,70674,v
P03,S02,15,down,KeyE,1791375182904,70675,e
P03,S02,15,up,KeyV,1791375182940.3,70674,v
P03,S02,15,up,KeyE,1791375183008.7,70675,e
P03,S02,15,down,KeyN,1791375183100.4,70676,n
P03,S02,15,down,KeyI,1791375183199.2,70677,i
P03,S02,15,up,KeyN,1791375183233.8,70676,n
P03,S02,15,up,KeyI,1791375183317.3,70677,i
P03,S02,15,down,KeyA,1791375183334,70678,a
P03,S02,15,up,KeyA,1791375183434.7,70678,a
P03,S02,15,down,Space,1791375183452.7,70679, 
P03,S02,15,up,Space,1791375183550,70679, 
P03,S02,15,down,Backspace,1791375183803.6,70680,Backspace
P03,S02,15,up,Backspace,1791375183902,70680,Backspace
P03,S02,15,down,Comma,1791375184037.5,70681,","
P03,S02,15,up,Comma,1791375184120.8,70681,","
P03,S02,15,down,Space,1791375184251.1,70682, 
P03,S02,15,up,Space,1791375184318.9,70682, 
P03,S02,15,down,KeyI,1791375184451,70683,i
P03,S02,15,up,KeyI,1791375184542.9,70683,i
P03,S02,15,down,KeyT,1791375184577.3,70684,t
P03,S02,15,up,KeyT,1791375184650.6,70684,t
P03,S02,15,down,KeyA,1791375184801.9,70685,a
P03,S02,15,down,KeyL,1791375184870.3,70686,l
P03,S02,15,up,KeyA,1791375184902,70685,a
P03,S02,15,up,KeyL,1791375184958.3,70686,l
P03,S02,15,down,KeyY,1791375185168.5,70687,y
P03,S02,15,down,Space,1791375185243.8,70688, 
P03,S02,15,up,KeyY,1791375185302.3,70687,y
P03,S02,15,up,Space,1791375185324.3,70688, 
P03,S02,15,down,KeyT,1791375185809,70689,t
P03,S02,15,down,KeyO,1791375185885.4,70690,o
P03,S02,15,up,KeyT,1791375185901.6,70689,t
P03,S02,15,down,Space,1791375185953.1,70691, 
P03,S02,15,up,KeyO,1791375186000.7,70690,o
P03,S02,15,up,Space,1791375186073.9,70691, 
P03,S02,15,down,KeyF,1791375186173.8,70692,f
P03,S02,15,up,KeyF,1791375186253.6,70692,f
P03,S02,15,down,KeyL,1791375186261.3,70693,l
P03,S02,15,up,KeyL,1791375186318.4,70693,l
P03,S02,15,down,KeyO,1791375186418.5,70694,o
P03,S02,15,down,KeyR,1791375186451,70695,r
P03,S02,15,up,KeyO,1791375186486.2,70694,o
P03,S02,15,up,KeyR,1791375186570.8,70695,r
P03,S02,15,down,KeyE,1791375186635.1,70696,e
P03,S02,15,up,KeyE,1791375186751.2,70696,e
P03,S02,15,down,KeyN,1791375186769.8,70697,n
P03,S02,15,up,KeyN,1791375186844.3,70697,n
P03,S02,15,down,KeyC,1791375187110.3,70698,c
P03,S02,15,up,KeyC,1791375187211.3,70698,c
P03,S02,15,down,KeyE,1791375187302.2,70699,e
P03,S02,15,down,Space,1791375187386.5,70700, 
P03,S02,15,up,KeyE,1791375187406.4,70699,e
P03,S02,15,up,Space,1791375187490.4,70700, 
P03,S02,15,down,KeyA,1791375187537.1,70701,a
P03,S02,15,down,KeyN,1791375187635,70702,n
P03,S02,15,up,KeyN,1791375187702.7,70702,n
P03,S02,15,down,KeyD,1791375187741.6,70703,d
P03,S02,15,up,KeyA,1791375187769,70701,a
P03,S02,15,down,Space,1791375187789.2,70704, 
P03,S02,15,up,KeyD,1791375187837.1,70703,d
P03,S02,15,up,Space,1791375187889.1,70704, 
P03,S02,15,down,KeyR,1791375187985.2,70705,r
P03,S02,15,down,KeyO,1791375188086.2,70706,o
P03,S02,15,up,KeyR,1791375188086.4,70705,r
P03,S02,15,down,KeyM,1791375188173.4,70707,m
P03,S02,15,up,KeyO,1791375188213.5,70706,o
P03,S02,15,down,KeyE,1791375188269.1,70708,e
P03,S02,15,up,KeyM,1791375188269.2,70707,m
P03,S02,15,up,KeyE,1791375188357.7,70708,e
P03,S02,15,down,Space,1791375188752.1,70709, 
P03,S02,15,up,Space,1791375188838.6,70709, 
P03,S02,15,down,KeyA,1791375188867.9,70710,a
P03,S02,15,down,KeyN,1791375188988.6,70711,n
P03,S02,15,up,KeyN,1791375189033.5,70711,n
P03,S02,15,down,KeyD,1791375189041.2,70712,d
P03,S02,15,up,KeyA,1791375189066.8,70710,a
P03,S02,15,down,Space,1791375189134.1,70713, 
P03,S02,15,up,KeyD,1791375189153.4,70712,d
P03,S02,15,up,Space,1791375189217.7,70713, 
P03,S02,15,down,KeyA,1791375189256,70714,a
P03,S02,15,down,KeyL,1791375189356,70715,l
P03,S02,15,up,KeyA,1791375189384.8,70714,a
P03,S02,15,down,KeyA,1791375189423.1,70716,a
P03,S02,15,up,KeyL,1791375189434.6,70715,l
P03,S02,15,up,KeyA,1791375189475.9,70716,a
P03,S02,15,down,KeyS,1791375189485.2,70717,s
P03,S02,15,down,KeyO,1791375189618.8,70718,o
P03,S02,15,up,KeyS,1791375189656.8,70717,s
P03,S02,15,down,Space,1791375189691.5,70719, 
P03,S02,15,up,KeyO,1791375189733,70718,o
P03,S02,15,up,Space,1791375189817.6,70719, 
P03,S02,15,down,KeyT,1791375189935,70720,t
P03,S02,15,up,KeyT,1791375190020.7,70720,t
P03,S02,15,down,KeyO,1791375190033.3,70721,o
P03,S02,15,down,Space,1791375190072.7,70722, 
P03,S02,15,up,KeyO,1791375190105.5,70721,o
P03,S02,15,up,Space,1791375190173.2,70722, 
P03,S02,15,down,KeyP,1791375190270.6,70723,p
P03,S02,15,up,KeyP,1791375190338.9,70723,p
P03,S02,15,down,KeyO,1791375190444,70724,o
P03,S02,15,up,KeyO,1791375190507.4,70724,o
P03,S02,15,down,KeyL,1791375190657.4,70725,l
P03,S02,15,down,KeyA,1791375190720.2,70726,a
P03,S02,15,up,KeyL,1791375190720.3,70725,l
P03,S02,15,up,KeyA,1791375190818.1,70726,a
P03,S02,15,down,KeyN,1791375190852.3,70727,n
P03,S02,15,up,KeyN,1791375190920.4,70727,n
P03,S02,15,down,KeyD,1791375190951.1,70728,d
P03,S02,15,up,KeyD,1791375191083.7,70728,d
P03,S02,15,down,Period,1791375191302.3,70729,.
P03,S02,15,up,Period,1791375191385.3,70729,.
P03,S02,15,down,Space,1791375191642,70730, 
P03,S02,15,up,Space,1791375191694.1,70730, 
P03,S02,15,down,Enter,1791375192041.3,70731,Enter
P03,S02,15,up,Enter,1791375192173.5,70731,Enter
P03,S02,16,down,KeyI,1791375204721.7,70732,i
P03,S02,16,down,Space,1791375204818.2,70733, 
P03,S02,16,up,KeyI,1791375204841.7,70732,i
P03,S02,16,up,Space,1791375204941.4,70733, 
P03,S02,16,down,KeyW,1791375204950.4,70734,w
P03,S02,16,down,KeyA,1791375205042.5,70735,a
P03,S02,16,up,KeyW,1791375205082.7,70734,w
P03,S02,16,down,KeyN,1791375205154,70736,n
P03,S02,16,up,KeyA,1791375205157.1,70735,a
P03,S02,16,up,KeyN,1791375205251.6,70736,n
P03,S02,16,down,KeyT,1791375205300.9,70737,t
P03,S02,16,down,Space,1791375205386.8,70738, 
P03,S02,16,up,KeyT,1791375205390.1,70737,t
P03,S02,16,up,Space,1791375205499.7,70738, 
P03,S02,16,down,KeyT,1791375205533.5,70739,t
P03,S02,16,up,KeyT,1791375205639.2,70739,t
P03,S02,16,down,KeyO,1791375205685,70740,o
P03,S02,16,down,Space,1791375205790.3,70741, 
P03,S02,16,up,KeyO,1791375205818.7,70740,o
P03,S02,16,up,Space,1791375205907.4,70741, 
P03,S02,16,down,KeyG,1791375206218.1,70742,g
P03,S02,16,up,KeyG,1791375206309.9,70742,g
P03,S02,16,down,KeyO,1791375206310.3,70743,o
P03,S02,16,down,Space,1791375206467.1,70744, 
P03,S02,16,up,KeyO,1791375206477.7,70743,o
P03,S02,16,up,Space,1791375206574.4,70744, 
P03,S02,16,down,KeyT,1791375212556.7,70745,t
P03,S02,16,up,KeyT,1791375212684.6,70745,t
P03,S02,16,down,KeyO,1791375212701.8,70746,o
P03,S02,16,down,Space,1791375212793.9,70747, 
P03,S02,16,up,KeyO,1791375212825.8,70746,o
P03,S02,16,up,Space,1791375212922,70747, 
P03,S02,16,down,KeyF,1791375213042.4,70748,f
P03,S02,16,up,KeyF,1791375213206.1,70748,f
P03,S02,16,down,KeyL,1791375213257.8,70749,l
P03,S02,16,up,KeyL,1791375213341.7,70749,l
P03,S02,16,down,KeyO,1791375213440.6,70750,o
P03,S02,16,down,KeyR,1791375213501.4,70751,r
P03,S02,16,up,KeyO,1791375213536.8,70750,o
P03,S02,16,up,KeyR,1791375213637.2,70751,r
P03,S02,16,down,KeyE,1791375213647.1,70752,e
P03,S02,16,up,KeyE,1791375213742.2,70752,e
P03,S02,16,down,KeyN,1791375213777.3,70753,n
P03,S02,16,up,KeyN,1791375213856.9,70753,n
P03,S02,16,down,KeyC,1791375213942,70754,c
P03,S02,16,up,KeyC,1791375213982,70754,c
P03,S02,16,down,KeyE,1791375214240.7,70755,e
P03,S02,16,up,KeyE,1791375214367.8,70755,e
P03,S02,16,down,Space,1791375214372.1,70756, 
P03,S02,16,up,Space,1791375214485.4,70756, 
P03,S02,16,down,KeyA,1791375214501.1,70757,a
P03,S02,16,down,KeyN,1791375214618.3,70758,n
P03,S02,16,up,KeyA,1791375214683.1,70757,a
P03,S02,16,down,KeyD,1791375214683.5,70759,d
P03,S02,16,up,KeyN,1791375214691.2,70758,n
P03,S02,16,up,KeyD,1791375214772,70759,d
P03,S02,16,down,Space,1791375214772.5,70760, 
P03,S02,16,up,Space,1791375214868.4,70760, 
P03,S02,16,down,KeyR,1791375214937.2,70761,r
P03,S02,16,down,KeyO,1791375215008.3,70762,o
P03,S02,16,up,KeyR,1791375215053.3,70761,r
P03,S02,16,down,KeyM,1791375215101.4,70763,m
P03,S02,16,up,KeyO,1791375215136.9,70762,o
P03,S02,16,down,KeyE,1791375215204.6,70764,e
P03,S02,16,up,KeyM,1791375215218,70763,m
P03,S02,16,up,KeyE,1791375215300.5,70764,e
P03,S02,16,down,Enter,1791375215304,70765,Enter
P03,S02,16,up,Enter,1791375215383.1,70765,Enter
P03,S02,17,down,KeyI,1791375227668,70766,i
P03,S02,17,down,Space,1791375227783.6,70767, 
P03,S02,17,up,KeyI,1791375227840.8,70766,i
P03,S02,17,up,Space,1791375227901.5,70767, 
P03,S02,17,down,KeyL,1791375227994,70768,l
P03,S02,17,up,KeyL,1791375228070.1,70768,l
P03,S02,17,down,KeyI,1791375228119.1,70769,i
P03,S02,17,up,KeyI,1791375228201.8,70769,i
P03,S02,17,down,KeyE,1791375228291.3,70770,e
P03,S02,17,down,KeyK,1791375228301.4,70771,k
P03,S02,17,up,KeyK,1791375228401.6,70771,k
P03,S02,17,down,Space,1791375228417.3,70772, 
P03,S02,17,up,KeyE,1791375228422.7,70770,e
P03,S02,17,up,Space,1791375228535.9,70772, 
P03,S02,17,down,KeyT,1791375228655.2,70773,t
P03,S02,17,down,KeyO,1791375228755.5,70774,o
P03,S02,17,up,KeyT,1791375228785.3,70773,t
P03,S02,17,down,Space,1791375228833.8,70775, 
P03,S02,17,up,KeyO,1791375228875.2,70774,o
P03,S02,17,up,Space,1791375228960,70775, 
P03,S02,17,down,KeyP,1791375229135.4,70776,p
P03,S02,17,up,KeyP,1791375229234,70776,p
P03,S02,17,down,KeyA,1791375229267.1,70777,a
P03,S02,17,up,KeyA,1791375229437.6,70777,a
P03,S02,17,down,KeyC,1791375229438.2,70778,c
P03,S02,17,up,KeyC,1791375229585.1,70778,c
P03,S02,17,down,KeyK,1791375229585.2,70779,k
P03,S02,17,down,Space,1791375229683.9,70780, 
P03,S02,17,up,KeyK,1791375229716.9,70779,k
P03,S02,17,up,Space,1791375229797.1,70780, 
P03,S02,17,down,Backspace,1791375230404.1,70781,Backspace
P03,S02,17,up,Backspace,1791375231667.9,70781,Backspace
P03,S02,17,down,Backspace,1791375231952.4,70782,Backspace
P03,S02,17,up,Backspace,1791375232051.5,70782,Backspace
P03,S02,17,down,KeyI,1791375232588.3,70783,i
P03,S02,17,up,KeyI,1791375232652.9,70783,i
P03,S02,17,down,KeyK,1791375232777.4,70784,k
P03,S02,17,up,KeyK,1791375232837.8,70784,k
P03,S02,17,down,KeyE,1791375232866.8,70785,e
P03,S02,17,up,KeyE,1791375232970.1,70785,e
P03,S02,17,down,Space,1791375234400.6,70786, 
P03,S02,17,up,Space,1791375234499.8,70786, 
P03,S02,17,down,KeyT,1791375234549.8,70787,t
P03,S02,17,up,KeyT,1791375234657.3,70787,t
P03,S02,17,down,KeyO,1791375234660.5,70788,o
P03,S02,17,down,Space,1791375234718.6,70789, 
P03,S02,17,up,KeyO,1791375234773.1,70788,o
P03,S02,17,up,Space,1791375234850,70789, 
P03,S02,17,down,KeyP,1791375234941.3,70790,p
P03,S02,17,down,KeyA,1791375235009.3,70791,a
P03,S02,17,up,KeyP,1791375235034.2,70790,p
P03,S02,17,up,KeyA,1791375235094.1,70791,a
P03,S02,17,down,KeyC,1791375235206.3,70792,c
P03,S02,17,down,KeyK,1791375235246.5,70793,k
P03,S02,17,up,KeyC,1791375235284.3,70792,c
P03,S02,17,down,Space,1791375235334.8,70794, 
P03,S02,17,up,KeyK,1791375235337.4,70793,k
P03,S02,17,up,Space,1791375235401.8,70794, 
P03,S02,17,down,KeyE,1791375235439.8,70795,e
P03,S02,17,up,KeyE,1791375235524.6,70795,e
P03,S02,17,down,KeyV,1791375235550.2,70796,v
P03,S02,17,up,KeyV,1791375235627.6,70796,v
P03,S02,17,down,KeyE,1791375235651.1,70797,e
P03,S02,17,down,KeyR,1791375235751.4,70798,r
P03,S02,17,up,KeyE,1791375235784.1,70797,e
P03,S02,17,down,KeyY,1791375235834.2,70799,y
P03,S02,17,up,KeyR,1791375235887.2,70798,r
P03,S02,17,up,KeyY,1791375235939.6,70799,y
P03,S02,17,down,KeyD,1791375236234.5,70800,d
P03,S02,17,up,KeyD,1791375236352.7,70800,d
P03,S02,17,down,KeyA,1791375236370.8,70801,a
P03,S02,17,down,KeyY,1791375236491.3,70802,y
P03,S02,17,up,KeyA,1791375236520.5,70801,a
P03,S02,17,down,Space,1791375236569,70803, 
P03,S02,17,up,KeyY,1791375236654.6,70802,y
P03,S02,17,up,Space,1791375236718.9,70803, 
P03,S02,17,down,KeyA,1791375237467.7,70804,a
P03,S02,17,up,KeyA,1791375237726.4,70804,a
P03,S02,17,down,Backspace,1791375237909.2,70805,Backspace
P03,S02,17,up,Backspace,1791375238000.9,70805,Backspace
P03,S02,17,down,KeyF,1791375238020.6,70806,f
P03,S02,17,up,KeyF,1791375238171.8,70806,f
P03,S02,17,down,KeyU,1791375238175.3,70807,u
P03,S02,17,up,KeyU,1791375238250.7,70807,u
P03,S02,17,down,KeyL,1791375238367.6,70808,l
P03,S02,17,up,KeyL,1791375238436.3,70808,l
P03,S02,17,down,KeyL,1791375238509.3,70809,l
P03,S02,17,up,KeyL,1791375238584.5,70809,l
P03,S02,17,down,Space,1791375238588.4,70810, 
P03,S02,17,up,Space,1791375238689.5,70810, 
P03,S02,17,down,KeyO,1791375238707.4,70811,o
P03,S02,17,down,KeyF,1791375238733.3,70812,f
P03,S02,17,up,KeyF,1791375238820.6,70812,f
P03,S02,17,up,KeyO,1791375238821,70811,o
P03,S02,17,down,Space,1791375238824.3,70813, 
P03,S02,17,up,Space,1791375238909.6,70813, 
P03,S02,17,down,KeyS,1791375239018.4,70814,s
P03,S02,17,down,KeyI,1791375239086.8,70815,i
P03,S02,17,up,KeyS,1791375239106.7,70814,s
P03,S02,17,up,KeyI,1791375239167.7,70815,i
P03,S02,17,down,KeyG,1791375239217.4,70816,g
P03,S02,17,up,KeyG,1791375239286,70816,g
P03,S02,17,down,KeyH,1791375239301.2,70817,h
P03,S02,17,up,KeyH,1791375239384.9,70817,h
P03,S02,17,down,KeyT,1791375239417.5,70818,t
P03,S02,17,up,KeyT,1791375239517.6,70818,t
P03,S02,17,down,KeyS,1791375239651,70819,s
P03,S02,17,down,Space,1791375239719.8,70820, 
P03,S02,17,up,KeyS,1791375239734.3,70819,s
P03,S02,17,up,Space,1791375239791,70820, 
P03,S02,17,down,KeyA,1791375239867.2,70821,a
P03,S02,17,up,KeyA,1791375239966.8,70821,a
P03,S02,17,down,Backspace,1791375240218.4,70822,Backspace
P03,S02,17,up,Backspace,1791375240317.6,70822,Backspace
P03,S02,17,down,KeyU,1791375240453.9,70823,u
P03,S02,17,down,KeyN,1791375240520.4,70824,n
P03,S02,17,up,KeyU,1791375240572,70823,u
P03,S02,17,up,KeyN,1791375240608,70824,n
P03,S02,17,down,KeyL,1791375240734.5,70825,l
P03,S02,17,down,KeyE,1791375240804.4,70826,e
P03,S02,17,up,KeyL,1791375240807.3,70825,l
P03,S02,17,down,KeyS,1791375240884.8,70827,s
P03,S02,17,up,KeyE,1791375240915.5,70826,e
P03,S02,17,up,KeyS,1791375240983,70827,s
P03,S02,17,down,KeyS,1791375241116.4,70828,s
P03,S02,17,down,Space,1791375241189.7,70829, 
P03,S02,17,up,KeyS,1791375241209.4,70828,s
P03,S02,17,up,Space,1791375241284.8,70829, 
P03,S02,17,down,KeyI,1791375241334.9,70830,i
P03,S02,17,up,KeyI,1791375241468,70830,i
P03,S02,17,down,Space,1791375241470.7,70831, 
P03,S02,17,up,Space,1791375241559.6,70831, 
P03,S02,17,down,KeyA,1791375241693.3,70832,a
P03,S02,17,up,KeyA,1791375241801.5,70832,a
P03,S02,17,down,KeyM,1791375241867.6,70833,m
P03,S02,17,up,KeyM,1791375241960.4,70833,m
P03,S02,17,down,Space,1791375242075.3,70834, 
P03,S02,17,up,Space,1791375242150.1,70834, 
P03,S02,17,down,KeyW,1791375242284.9,70835,w
P03,S02,17,up,KeyW,1791375242353.7,70835,w
P03,S02,17,down,KeyI,1791375242368.6,70836,i
P03,S02,17,up,KeyI,1791375242441.8,70836,i
P03,S02,17,down,KeyT,1791375242507,70837,t
P03,S02,17,down,KeyH,1791375242567.3,70838,h
P03,S02,17,up,KeyT,1791375242584.2,70837,t
P03,S02,17,down,Space,1791375242666.5,70839, 
P03,S02,17,up,KeyH,1791375242683.1,70838,h
P03,S02,17,up,Space,1791375242743.2,70839, 
P03,S02,17,down,KeyM,1791375242850.7,70840,m
P03,S02,17,up,KeyM,1791375242922.7,70840,m
P03,S02,17,down,KeyY,1791375242942.8,70841,y
P03,S02,17,up,KeyY,1791375243019.5,70841,y
P03,S02,17,down,Space,1791375243043,70842, 
P03,S02,17,up,Space,1791375243135.5,70842, 
P03,S02,17,down,KeyF,1791375243205.9,70843,f
P03,S02,17,up,KeyF,1791375243300.7,70843,f
P03,S02,17,down,KeyA,1791375243318.2,70844,a
P03,S02,17,down,KeyM,1791375243419.3,70845,m
P03,S02,17,up,KeyA,1791375243453.5,70844,a
P03,S02,17,down,KeyI,1791375243535.2,70846,i
P03,S02,17,up,KeyM,1791375243559.1,70845,m
P03,S02,17,up,KeyI,1791375243667.7,70846,i
P03,S02,17,down,KeyL,1791375243805.8,70847,l
P03,S02,17,up,KeyL,1791375243909.9,70847,l
P03,S02,17,down,KeyY,1791375243917.4,70848,y
P03,S02,17,up,KeyY,1791375244005.8,70848,y
P03,S02,17,down,Space,1791375244038.7,70849, 
P03,S02,17,up,Space,1791375244126.9,70849, 
P03,S02,17,down,KeyW,1791375244234.4,70850,w
P03,S02,17,up,KeyW,1791375244338.1,70850,w
P03,S02,17,down,KeyE,1791375244434.9,70851,e
P03,S02,17,down,Space,1791375244534.2,70852, 
P03,S02,17,up,KeyE,1791375244549.5,70851,e
P03,S02,17,up,Space,1791375244633.9,70852, 
P03,S02,17,down,KeyH,1791375244640.6,70853,h
P03,S02,17,up,KeyH,1791375244717,70853,h
P03,S02,17,down,KeyA,1791375244733.9,70854,a
P03,S02,17,up,KeyA,1791375244820.9,70854,a
P03,S02,17,down,KeyV,1791375244851.5,70855,v
P03,S02,17,up,KeyV,1791375244938.4,70855,v
P03,S02,17,down,KeyE,1791375244939.4,70856,e
P03,S02,17,up,KeyE,1791375245039.9,70856,e
P03,S02,17,down,Space,1791375245040.6,70857, 
P03,S02,17,up,Space,1791375245118.5,70857, 
P03,S02,17,down,KeyT,1791375245157.6,70858,t
P03,S02,17,down,KeyO,1791375245210.2,70859,o
P03,S02,17,up,KeyT,1791375245241.7,70858,t
P03,S02,17,down,Space,1791375245282.5,70860, 
P03,S02,17,up,KeyO,1791375245321.4,70859,o
P03,S02,17,up,Space,1791375245383.3,70860, 
P03,S02,17,down,KeyT,1791375245385.3,70861,t
P03,S02,17,up,KeyT,1791375245486,70861,t
P03,S02,17,down,KeyA,1791375245771,70862,a
P03,S02,17,up,KeyA,1791375245874.4,70862,a
P03,S02,17,down,KeyK,1791375245885.9,70863,k
P03,S02,17,up,KeyK,1791375245982.9,70863,k
P03,S02,17,down,KeyE,1791375246000,70864,e
P03,S02,17,up,KeyE,1791375246093.5,70864,e
P03,S02,17,down,Space,1791375246137,70865, 
P03,S02,17,down,KeyT,1791375246224.7,70866,t
P03,S02,17,up,Space,1791375246260.2,70865, 
P03,S02,17,up,KeyT,1791375246301.1,70866,t
P03,S02,17,down,KeyI,1791375246333.2,70867,i
P03,S02,17,down,KeyN,1791375246436.1,70868,n
P03,S02,17,up,KeyI,1791375246488.3,70867,i
P03,S02,17,up,KeyN,1791375246567.6,70868,n
P03,S02,17,down,KeyG,1791375246605,70869,g
P03,S02,17,up,KeyG,1791375246641.2,70869,g
P03,S02,17,down,KeyS,1791375246655.5,70870,s
P03,S02,17,up,KeyS,1791375246768.6,70870,s
P03,S02,17,down,Space,1791375246788.8,70871, 
P03,S02,17,up,Space,1791375246905.2,70871, 
P03,S02,17,down,KeyA,1791375246986,70872,a
P03,S02,17,up,KeyA,1791375247110.9,70872,a
P03,S02,17,down,Space,1791375247134.8,70873, 
P03,S02,17,up,Space,1791375247234.5,70873, 
P03,S02,17,down,Backspace,1791375247435.1,70874,Backspace
P03,S02,17,up,Backspace,1791375247490.1,70874,Backspace
P03,S02,17,down,Backspace,1791375247585.5,70875,Backspace
P03,S02,17,up,Backspace,1791375247633.9,70875,Backspace
P03,S02,17,down,Backspace,1791375247701.9,70876,Backspace
P03,S02,17,up,Backspace,1791375247734.3,70876,Backspace
P03,S02,17,down,Backspace,1791375247801.1,70877,Backspace
P03,S02,17,up,Backspace,1791375247851.6,70877,Backspace
P03,S02,17,down,Backspace,1791375247938.8,70878,Backspace
P03,S02,17,up,Backspace,1791375247982.5,70878,Backspace
P03,S02,17,down,Backspace,1791375248055.3,70879,Backspace
P03,S02,17,up,Backspace,1791375248116.3,70879,Backspace
P03,S02,17,down,Backspace,1791375248173.1,70880,Backspace
P03,S02,17,up,Backspace,1791375248233.4,70880,Backspace
P03,S02,17,down,KeyH,1791375248434.4,70881,h
P03,S02,17,down,KeyI,1791375248517,70882,i
P03,S02,17,up,KeyH,1791375248556,70881,h
P03,S02,17,down,KeyG,1791375248635,70883,g
P03,S02,17,down,KeyN,1791375248639.5,70884,n
P03,S02,17,up,KeyI,1791375248655.5,70882,i
P03,S02,17,up,KeyN,1791375248735.9,70884,n
P03,S02,17,up,KeyG,1791375248760.5,70883,g
P03,S02,17,down,KeyS,1791375248882.2,70885,s
P03,S02,17,down,Space,1791375248976.2,70886, 
P03,S02,17,up,KeyS,1791375248987.3,70885,s
P03,S02,17,up,Space,1791375249068.3,70886, 
P03,S02,17,down,Backspace,1791375249291.8,70887,Backspace
P03,S02,17,up,Backspace,1791375249335.2,70887,Backspace
P03,S02,17,down,Backspace,1791375249441,70888,Backspace
P03,S02,17,up,Backspace,1791375249484,70888,Backspace
P03,S02,17,down,Backspace,1791375249593.1,70889,Backspace
P03,S02,17,up,Backspace,1791375249667.9,70889,Backspace
P03,S02,17,down,Backspace,1791375249901.7,70890,Backspace
P03,S02,17,up,Backspace,1791375249959.3,70890,Backspace
P03,S02,17,down,KeyN,1791375250120.6,70891,n
P03,S02,17,up,KeyN,1791375250217.6,70891,n
P03,S02,17,down,KeyG,1791375250251.3,70892,g
P03,S02,17,up,KeyG,1791375250331.8,70892,g
P03,S02,17,down,KeyS,1791375250350.3,70893,s
P03,S02,17,down,Space,1791375250434.8,70894, 
P03,S02,17,up,KeyS,1791375250454.1,70893,s
P03,S02,17,up,Space,1791375250532.5,70894, 
P03,S02,17,down,KeyA,1791375250594,70895,a
P03,S02,17,down,Space,1791375250682.4,70896, 
P03,S02,17,up,KeyA,1791375250693,70895,a
P03,S02,17,up,Space,1791375250782.8,70896, 
P03,S02,17,down,KeyB,1791375250867.3,70897,b
P03,S02,17,down,KeyI,1791375250951.9,70898,i
P03,S02,17,up,KeyB,1791375250960.1,70897,b
P03,S02,17,up,KeyI,1791375251039.2,70898,i
P03,S02,17,down,KeyT,1791375251042.8,70899,t
P03,S02,17,up,KeyT,1791375251151.2,70899,t
P03,S02,17,down,Space,1791375251233,70900, 
P03,S02,17,up,Space,1791375251300.6,70900, 
P03,S02,17,down,KeyS,1791375251534.5,70901,s
P03,S02,17,up,KeyS,1791375251650.3,70901,s
P03,S02,17,down,KeyL,1791375251677.1,70902,l
P03,S02,17,up,KeyL,1791375251752.1,70902,l
P03,S02,17,down,KeyO,1791375251859.3,70903,o
P03,S02,17,down,KeyW,1791375251922.7,70904,w
P03,S02,17,up,KeyO,1791375251939,70903,o
P03,S02,17,down,KeyE,1791375252075.1,70905,e
P03,S02,17,up,KeyW,1791375252083.8,70904,w
P03,S02,17,up,KeyE,1791375252170.5,70905,e
P03,S02,17,down,KeyR,1791375252290.1,70906,r
P03,S02,17,up,KeyR,1791375252393.7,70906,r
P03,S02,17,down,Enter,1791375252432.6,70907,Enter
P03,S02,17,up,Enter,1791375252540.2,70907,Enter
P03,S02,18,down,KeyI,1791375268184,70908,i
P03,S02,18,down,Space,1791375268283.1,70909, 
P03,S02,18,up,KeyI,1791375268326.5,70908,i
P03,S02,18,up,Space,1791375268390.4,70909, 
P03,S02,18,down,KeyL,1791375268468.2,70910,l
P03,S02,18,up,KeyL,1791375268551.3,70910,l
P03,S02,18,down,KeyI,1791375268617.7,70911,i
P03,S02,18,up,KeyI,1791375268701.3,70911,i
P03,S02,18,down,KeyE,1791375268733.9,70912,e
P03,S02,18,down,KeyK,1791375268801.1,70913,k
P03,S02,18,up,KeyK,1791375268869.8,70913,k
P03,S02,18,down,Space,1791375268873,70914, 
P03,S02,18,up,KeyE,1791375268900.3,70912,e
P03,S02,18,up,Space,1791375268994.1,70914, 
P03,S02,18,down,Backspace,1791375269324.5,70915,Backspace
P03,S02,18,up,Backspace,1791375269356.7,70915,Backspace
P03,S02,18,down,Backspace,1791375269485.4,70916,Backspace
P03,S02,18,up,Backspace,1791375269618.2,70916,Backspace
P03,S02,18,down,Backspace,1791375269704.3,70917,Backspace
P03,S02,18,up,Backspace,1791375269801.1,70917,Backspace
P03,S02,18,down,Backspace,1791375269867.7,70918,Backspace
P03,S02,18,up,Backspace,1791375269950.9,70918,Backspace
P03,S02,18,down,Backspace,1791375270043,70919,Backspace
P03,S02,18,up,Backspace,1791375270090.6,70919,Backspace
P03,S02,18,down,Backspace,1791375270175.1,70920,Backspace
P03,S02,18,up,Backspace,1791375270251.1,70920,Backspace
P03,S02,18,down,KeyF,1791375270301.3,70921,f
P03,S02,18,up,KeyF,1791375270410.6,70921,f
P03,S02,18,down,Space,1791375270416.5,70922, 
P03,S02,18,up,Space,1791375270506.8,70922, 
P03,S02,18,down,KeyI,1791375270602.4,70923,i
P03,S02,18,down,Space,1791375270658.1,70924, 
P03,S02,18,up,KeyI,1791375270682.9,70923,i
P03,S02,18,up,Space,1791375270784.7,70924, 
P03,S02,18,down,KeyA,1791375270957.2,70925,a
P03,S02,18,down,KeyM,1791375271089.3,70926,m
P03,S02,18,up,KeyA,1791375271113.4,70925,a
P03,S02,18,down,Space,1791375271167.2,70927, 
P03,S02,18,up,KeyM,1791375271201.8,70926,m
P03,S02,18,up,Space,1791375271284.5,70927, 
P03,S02,18,down,KeyT,1791375271343.5,70928,t
P03,S02,18,up,KeyT,1791375271450.9,70928,t
P03,S02,18,down,KeyR,1791375271466.9,70929,r
P03,S02,18,up,KeyR,1791375271584.4,70929,r
P03,S02,18,down,KeyY,1791375271604,70930,y
P03,S02,18,up,KeyY,1791375271688.1,70930,y
P03,S02,18,down,KeyI,1791375271785.5,70931,i
P03,S02,18,down,KeyN,1791375271857.8,70932,n
P03,S02,18,down,KeyG,1791375271909.5,70933,g
P03,S02,18,up,KeyI,1791375271917.3,70931,i
P03,S02,18,up,KeyN,1791375271967.1,70932,n
P03,S02,18,down,Space,1791375271967.1,70934, 
P03,S02,18,up,KeyG,1791375271992.5,70933,g
P03,S02,18,up,Space,1791375272066.1,70934, 
P03,S02,18,down,KeyT,1791375272155.9,70935,t
P03,S02,18,down,KeyO,1791375272201.7,70936,o
P03,S02,18,up,KeyT,1791375272217,70935,t
P03,S02,18,down,Space,1791375272276.4,70937, 
P03,S02,18,up,KeyO,1791375272317.1,70936,o
P03,S02,18,up,Space,1791375272393.3,70937, 
P03,S02,18,down,KeyS,1791375272443.3,70938,s
P03,S02,18,up,KeyS,1791375272549.7,70938,s
P03,S02,18,down,KeyA,1791375272635.8,70939,a
P03,S02,18,down,KeyV,1791375272733.3,70940,v
P03,S02,18,up,KeyA,1791375272742.9,70939,a
P03,S02,18,up,KeyV,1791375272817,70940,v
P03,S02,18,down,KeyE,1791375272860.2,70941,e
P03,S02,18,down,Space,1791375272920.7,70942, 
P03,S02,18,up,KeyE,1791375272960.5,70941,e
P03,S02,18,up,Space,1791375273033,70942, 
P03,S02,18,down,KeyM,1791375273160.6,70943,m
P03,S02,18,down,KeyO,1791375273233,70944,o
P03,S02,18,up,KeyM,1791375273255.9,70943,m
P03,S02,18,down,KeyN,1791375273353.1,70945,n
P03,S02,18,up,KeyO,1791375273417.7,70944,o
P03,S02,18,up,KeyN,1791375273440.6,70945,n
P03,S02,18,down,KeyE,1791375273456.3,70946,e
P03,S02,18,down,KeyY,1791375273560.1,70947,y
P03,S02,18,up,KeyE,1791375273599.4,70946,e
P03,S02,18,down,Space,1791375273671.7,70948, 
P03,S02,18,up,KeyY,1791375273691.6,70947,y
P03,S02,18,up,Space,1791375273783.3,70948, 
P03,S02,18,down,KeyI,1791375273891,70949,i
P03,S02,18,up,KeyI,1791375273984.7,70949,i
P03,S02,18,down,Space,1791375273991.2,70950, 
P03,S02,18,up,Space,1791375274067.8,70950, 
P03,S02,18,down,KeyL,1791375274160.8,70951,l
P03,S02,18,up,KeyL,1791375274220.4,70951,l
P03,S02,18,down,KeyI,1791375274284.2,70952,i
P03,S02,18,up,KeyI,1791375274351.3,70952,i
P03,S02,18,down,KeyK,1791375274435.2,70953,k
P03,S02,18,down,KeyE,1791375274464,70954,e
P03,S02,18,up,KeyK,1791375274503.9,70953,k
P03,S02,18,down,Space,1791375274551.6,70955, 
P03,S02,18,up,KeyE,1791375274587.7,70954,e
P03,S02,18,up,Space,1791375274666.7,70955, 
P03,S02,18,down,KeyT,1791375274700,70956,t
P03,S02,18,down,KeyO,1791375274749.7,70957,o
P03,S02,18,up,KeyT,1791375274803.9,70956,t
P03,S02,18,down,Space,1791375274851.7,70958, 
P03,S02,18,up,KeyO,1791375274866.9,70957,o
P03,S02,18,up,Space,1791375274916.7,70958, 
P03,S02,18,down,KeyB,1791375274983.4,70959,b
P03,S02,18,up,KeyB,1791375275055.6,70959,b
P03,S02,18,down,KeyU,1791375275122.1,70960,u
P03,S02,18,down,KeyY,1791375275242.3,70961,y
P03,S02,18,up,KeyU,1791375275298.4,70960,u
P03,S02,18,down,Space,1791375275333.1,70962, 
P03,S02,18,up,KeyY,1791375275383.1,70961,y
P03,S02,18,down,KeyE,1791375275432.9,70963,e
P03,S02,18,up,Space,1791375275433,70962, 
P03,S02,18,up,KeyE,1791375275569.9,70963,e
P03,S02,18,down,KeyA,1791375275589.2,70964,a
P03,S02,18,down,KeyS,1791375275720.8,70965,s
P03,S02,18,up,KeyA,1791375275784.7,70964,a
P03,S02,18,down,KeyY,1791375275804.6,70966,y
P03,S02,18,up,KeyS,1791375275872.9,70965,s
P03,S02,18,down,Space,1791375275883,70967, 
P03,S02,18,up,KeyY,1791375275904.9,70966,y
P03,S02,18,up,Space,1791375275973.4,70967, 
P03,S02,18,down,KeyT,1791375276032.2,70968,t
P03,S02,18,down,KeyO,1791375276105.9,70969,o
P03,S02,18,up,KeyT,1791375276129.8,70968,t
P03,S02,18,down,Space,1791375276173.8,70970, 
P03,S02,18,up,KeyO,1791375276233,70969,o
P03,S02,18,up,Space,1791375276286.6,70970, 
P03,S02,18,down,KeyG,1791375276359.1,70971,g
P03,S02,18,up,KeyG,1791375276450.9,70971,g
P03,S02,18,down,KeyO,1791375276451,70972,o
P03,S02,18,down,Space,1791375276553.7,70973, 
P03,S02,18,up,KeyO,1791375276577.6,70972,o
P03,S02,18,up,Space,1791375276674.7,70973, 
P03,S02,18,down,KeyM,1791375276900.9,70974,m
P03,S02,18,up,KeyM,1791375276952.7,70974,m
P03,S02,18,down,KeyE,1791375277001,70975,e
P03,S02,18,up,KeyE,1791375277133.1,70975,e
P03,S02,18,down,KeyL,1791375277286.3,70976,l
P03,S02,18,down,KeyA,1791375277314.3,70977,a
P03,S02,18,up,KeyL,1791375277367.7,70976,l
P03,S02,18,down,KeyS,1791375277438.3,70978,s
P03,S02,18,down,Space,1791375277462.5,70979, 
P03,S02,18,up,KeyA,1791375277473.4,70977,a
P03,S02,18,up,KeyS,1791375277534.1,70978,s
P03,S02,18,up,Space,1791375277558.6,70979, 
P03,S02,18,down,KeyL,1791375277566.6,70980,l
P03,S02,18,up,KeyL,1791375277659.2,70980,l
P03,S02,18,down,KeyI,1791375277702.1,70981,i
P03,S02,18,up,KeyI,1791375277765.7,70981,i
P03,S02,18,down,KeyK,1791375277869.4,70982,k
P03,S02,18,down,KeyE,1791375277935.6,70983,e
P03,S02,18,up,KeyK,1791375277935.6,70982,k
P03,S02,18,down,Space,1791375278004.2,70984, 
P03,S02,18,up,KeyE,1791375278027.7,70983,e
P03,S02,18,up,Space,1791375278104.5,70984, 
P03,S02,18,down,KeyS,1791375278153.2,70985,s
P03,S02,18,up,KeyS,1791375278249.2,70985,s
P03,S02,18,down,KeyA,1791375278357.1,70986,a
P03,S02,18,up,KeyA,1791375278467.6,70986,a
P03,S02,18,down,Backspace,1791375278650.9,70987,Backspace
P03,S02,18,up,Backspace,1791375279622.6,70987,Backspace
P03,S02,18,down,Backspace,1791375279717.3,70988,Backspace
P03,S02,18,up,Backspace,1791375279790.2,70988,Backspace
P03,S02,18,down,Backspace,1791375279870,70989,Backspace
P03,S02,18,up,Backspace,1791375279927.1,70989,Backspace
P03,S02,18,down,Backspace,1791375280015.6,70990,Backspace
P03,S02,18,up,Backspace,1791375280085,70990,Backspace
P03,S02,18,down,Backspace,1791375280264.3,70991,Backspace
P03,S02,18,up,Backspace,1791375280331.4,70991,Backspace
P03,S02,18,down,KeyA,1791375280400.1,70992,a
P03,S02,18,up,KeyA,1791375280504.6,70992,a
P03,S02,18,down,KeyL,1791375280619.2,70993,l
P03,S02,18,up,KeyL,1791375280706.2,70993,l
P03,S02,18,down,KeyS,1791375280750.2,70994,s
P03,S02,18,down,Space,1791375280823.2,70995, 
P03,S02,18,up,KeyS,1791375280843.1,70994,s
P03,S02,18,up,Space,1791375280907.5,70995, 
P03,S02,18,down,KeyI,1791375281030.7,70996,i
P03,S02,18,up,KeyI,1791375281116.6,70996,i
P03,S02,18,down,KeyK,1791375281218.1,70997,k
P03,S02,18,down,KeyE,1791375281234.5,70998,e
P03,S02,18,up,KeyK,1791375281286,70997,k
P03,S02,18,up,KeyE,1791375281326.8,70998,e
P03,S02,18,down,Space,1791375281355.6,70999, 
P03,S02,18,up,Space,1791375281435.8,70999, 
P03,S02,18,down,KeyS,1791375281474.2,71000,s
P03,S02,18,down,KeyA,1791375281568.4,71001,a
P03,S02,18,up,KeyS,1791375281606.6,71000,s
P03,S02,18,down,KeyN,1791375281625.9,71002,n
P03,S02,18,up,KeyA,1791375281689.7,71001,a
P03,S02,18,up,KeyN,1791375281701.6,71002,n
P03,S02,18,down,KeyD,1791375281751.4,71003,d
P03,S02,18,up,KeyD,1791375281859.8,71003,d
P03,S02,18,down,KeyW,1791375281985,71004,w
P03,S02,18,up,KeyW,1791375282076.2,71004,w
P03,S02,18,down,KeyI,1791375282100.9,71005,i
P03,S02,18,up,KeyI,1791375282171.5,71005,i
P03,S02,18,down,KeyC,1791375282273.1,71006,c
P03,S02,18,down,KeyH,1791375282353.3,71007,h
P03,S02,18,up,KeyC,1791375282356.8,71006,c
P03,S02,18,up,KeyH,1791375282437.4,71007,h
P03,S02,18,down,KeyE,1791375282475.1,71008,e
P03,S02,18,down,KeyS,1791375282623.7,71009,s
P03,S02,18,up,KeyE,1791375282635.3,71008,e
P03,S02,18,down,Space,1791375282683.8,71010, 
P03,S02,18,up,KeyS,1791375282714.8,71009,s
P03,S02,18,up,Space,1791375282783.1,71010, 
P03,S02,18,down,KeyI,1791375282804.4,71011,i
P03,S02,18,down,KeyF,1791375282900.2,71012,f
P03,S02,18,up,KeyI,1791375282927.3,71011,i
P03,S02,18,up,KeyF,1791375283000.5,71012,f
P03,S02,18,down,Space,1791375283032.8,71013, 
P03,S02,18,up,Space,1791375283110.1,71013, 
P03,S02,18,down,KeyL,1791375285975.8,71014,l
P03,S02,18,up,KeyL,1791375286084,71014,l
P03,S02,18,down,Backspace,1791375287884.8,71015,Backspace
P03,S02,18,up,Backspace,1791375287950.7,71015,Backspace
P03,S02,18,down,Backspace,1791375288019,71016,Backspace
P03,S02,18,up,Backspace,1791375288062.7,71016,Backspace
P03,S02,18,down,Backspace,1791375288137.8,71017,Backspace
P03,S02,18,up,Backspace,1791375288183.4,71017,Backspace
P03,S02,18,down,Backspace,1791375288234.4,71018,Backspace
P03,S02,18,up,Backspace,1791375288310.5,71018,Backspace
P03,S02,18,down,Period,1791375288551.8,71019,.
P03,S02,18,up,Period,1791375288669.8,71019,.
P03,S02,18,down,Space,1791375288851.6,71020, 
P03,S02,18,up,Space,1791375288926.2,71020, 
P03,S02,18,down,KeyI,1791375289207.2,71021,i
P03,S02,18,up,KeyI,1791375289269.6,71021,i
P03,S02,18,down,KeyF,1791375289286.8,71022,f
P03,S02,18,down,Space,1791375289351.9,71023, 
P03,S02,18,up,KeyF,1791375289374.4,71022,f
P03,S02,18,down,KeyN,1791375289470.6,71024,n
P03,S02,18,up,Space,1791375289490.5,71023, 
P03,S02,18,down,KeyO,1791375289539.2,71025,o
P03,S02,18,up,KeyN,1791375289600.3,71024,n
P03,S02,18,down,KeyT,1791375289610.2,71026,t
P03,S02,18,up,KeyO,1791375289659.1,71025,o
P03,S02,18,up,KeyT,1791375289700.1,71026,t
P03,S02,18,down,Comma,1791375289800.6,71027,","
P03,S02,18,up,Comma,1791375289909,71027,","
P03,S02,18,down,Space,1791375290050.1,71028, 
P03,S02,18,up,Space,1791375290131.9,71028, 
P03,S02,18,down,KeyI,1791375291465.9,71029,i
P03,S02,18,up,KeyI,1791375291531.2,71029,i
P03,S02,18,down,KeyF,1791375291591.7,71030,f
P03,S02,18,up,KeyF,1791375291682.8,71030,f
P03,S02,18,down,Space,1791375291699.2,71031, 
P03,S02,18,up,Space,1791375291820.3,71031, 
P03,S02,18,down,KeyI,1791375292082.6,71032,i
P03,S02,18,down,Space,1791375292199,71033, 
P03,S02,18,up,KeyI,1791375292208.5,71032,i
P03,S02,18,up,Space,1791375292331.5,71033, 
P03,S02,18,down,KeyA,1791375292360,71034,a
P03,S02,18,down,KeyM,1791375292499.6,71035,m
P03,S02,18,up,KeyA,1791375292521.5,71034,a
P03,S02,18,up,KeyM,1791375292565.3,71035,m
P03,S02,18,down,Space,1791375292581.7,71036, 
P03,S02,18,up,Space,1791375292687.3,71036, 
P03,S02,18,down,KeyW,1791375292768.9,71037,w
P03,S02,18,down,KeyI,1791375292824.4,71038,i
P03,S02,18,up,KeyW,1791375292860.6,71037,w
P03,S02,18,up,KeyI,1791375292917.2,71038,i
P03,S02,18,down,KeyT,1791375293007.6,71039,t
P03,S02,18,down,KeyH,1791375293033,71040,h
P03,S02,18,up,KeyT,1791375293083.3,71039,t
P03,S02,18,down,Space,1791375293116.2,71041, 
P03,S02,18,up,KeyH,1791375293133.1,71040,h
P03,S02,18,up,Space,1791375293192.1,71041, 
P03,S02,18,down,KeyM,1791375293292,71042,m
P03,S02,18,up,KeyM,1791375293359.9,71042,m
P03,S02,18,down,KeyY,1791375293438.6,71043,y
P03,S02,18,down,Space,1791375293507.3,71044, 
P03,S02,18,up,KeyY,1791375293526.8,71043,y
P03,S02,18,down,KeyF,1791375293543.1,71045,f
P03,S02,18,up,Space,1791375293600.7,71044, 
P03,S02,18,up,KeyF,1791375293649.3,71045,f
P03,S02,18,down,KeyA,1791375293700.7,71046,a
P03,S02,18,down,KeyM,1791375293751.3,71047,m
P03,S02,18,up,KeyA,1791375293800.3,71046,a
P03,S02,18,down,KeyI,1791375293818.3,71048,i
P03,S02,18,up,KeyM,1791375293855.2,71047,m
P03,S02,18,up,KeyI,1791375293923,71048,i
P03,S02,18,down,KeyL,1791375294050.5,71049,l
P03,S02,18,up,KeyL,1791375294124,71049,l
P03,S02,18,down,KeyY,1791375294167.3,71050,y
P03,S02,18,up,KeyY,1791375294271.4,71050,y
P03,S02,18,down,Comma,1791375294299.2,71051,","
P03,S02,18,up,Comma,1791375294370.9,71051,","
P03,S02,18,down,Space,1791375294484.8,71052, 
P03,S02,18,up,Space,1791375294555.3,71052, 
P03,S02,18,down,KeyI,1791375294592.2,71053,i
P03,S02,18,up,KeyI,1791375294735.7,71053,i
P03,S02,18,down,Space,1791375294735.8,71054, 
P03,S02,18,up,Space,1791375294813.6,71054, 
P03,S02,18,down,KeyL,1791375294907.2,71055,l
P03,S02,18,up,KeyL,1791375294940.1,71055,l
P03,S02,18,down,KeyI,1791375295016.4,71056,i
P03,S02,18,up,KeyI,1791375295066.6,71056,i
P03,S02,18,down,KeyK,1791375295167,71057,k
P03,S02,18,down,KeyE,1791375295188.9,71058,e
P03,S02,18,up,KeyK,1791375295225,71057,k
P03,S02,18,down,Space,1791375295269.1,71059, 
P03,S02,18,up,KeyE,1791375295287.9,71058,e
P03,S02,18,up,Space,1791375295376.9,71059, 
P03,S02,18,down,KeyT,1791375295422.3,71060,t
P03,S02,18,down,KeyO,1791375295470.3,71061,o
P03,S02,18,up,KeyT,1791375295509.9,71060,t
P03,S02,18,down,Space,1791375295566.9,71062, 
P03,S02,18,up,KeyO,1791375295631.1,71061,o
P03,S02,18,down,KeyT,1791375295658.4,71063,t
P03,S02,18,up,Space,1791375295674.6,71062, 
P03,S02,18,up,KeyT,1791375295783.7,71063,t
P03,S02,18,down,KeyR,1791375295842.3,71064,r
P03,S02,18,up,KeyR,1791375295932.3,71064,r
P03,S02,18,down,KeyY,1791375295966.1,71065,y
P03,S02,18,down,Space,1791375296067.1,71066, 
P03,S02,18,up,KeyY,1791375296100.1,71065,y
P03,S02,18,up,Space,1791375296166.6,71066, 
P03,S02,18,down,KeyL,1791375296393.1,71067,l
P03,S02,18,up,KeyL,1791375296493,71067,l
P03,S02,18,down,KeyO,1791375296585,71068,o
P03,S02,18,up,KeyO,1791375296649.3,71068,o
P03,S02,18,down,KeyC,1791375296738,71069,c
P03,S02,18,up,KeyC,1791375296822.9,71069,c
P03,S02,18,down,KeyA,1791375296840.7,71070,a
P03,S02,18,down,KeyL,1791375296890.3,71071,l
P03,S02,18,down,Space,1791375296950.9,71072, 
P03,S02,18,up,KeyA,1791375296950.9,71070,a
P03,S02,18,up,KeyL,1791375297006.6,71071,l
P03,S02,18,up,Space,1791375297067.4,71072, 
P03,S02,18,down,KeyR,1791375297121.1,71073,r
P03,S02,18,up,KeyR,1791375297200.8,71073,r
P03,S02,18,down,KeyE,1791375297204.9,71074,e
P03,S02,18,down,KeyS,1791375297306.2,71075,s
P03,S02,18,up,KeyE,1791375297325.5,71074,e
P03,S02,18,up,KeyS,1791375297442.7,71075,s
P03,S02,18,down,KeyT,1791375297606.9,71076,t
P03,S02,18,up,KeyT,1791375297684.1,71076,t
P03,S02,18,down,KeyA,1791375297817,71077,a
P03,S02,18,up,KeyA,1791375297915.7,71077,a
P03,S02,18,down,KeyU,1791375297926.7,71078,u
P03,S02,18,up,KeyU,1791375298016.8,71078,u
P03,S02,18,down,KeyR,1791375298048.7,71079,r
P03,S02,18,up,KeyR,1791375298155.3,71079,r
P03,S02,18,down,KeyA,1791375298166.4,71080,a
P03,S02,18,up,KeyA,1791375298268.8,71080,a
P03,S02,18,down,KeyN,1791375298268.8,71081,n
P03,S02,18,up,KeyN,1791375298350.9,71081,n
P03,S02,18,down,KeyT,1791375298521.4,71082,t
P03,S02,18,up,KeyT,1791375298685.4,71082,t
P03,S02,18,down,KeyS,1791375298732.8,71083,s
P03,S02,18,up,KeyS,1791375298857.6,71083,s
P03,S02,18,down,Space,1791375298901.9,71084, 
P03,S02,18,up,Space,1791375299000.4,71084, 
P03,S02,18,down,KeyO,1791375299986.1,71085,o
P03,S02,18,up,KeyO,1791375300075.1,71085,o
P03,S02,18,down,KeyR,1791375300098.8,71086,r
P03,S02,18,up,KeyR,1791375300174.2,71086,r
P03,S02,18,down,Space,1791375300209.6,71087, 
P03,S02,18,up,Space,1791375300317.5,71087, 
P03,S02,18,down,KeyR,1791375300804.3,71088,r
P03,S02,18,up,KeyR,1791375300951.5,71088,r
P03,S02,18,down,KeyE,1791375300952,71089,e
P03,S02,18,up,KeyE,1791375301077.1,71089,e
P03,S02,18,down,KeyS,1791375301120.1,71090,s
P03,S02,18,up,KeyS,1791375301233.3,71090,s
P03,S02,18,down,KeyT,1791375301316.9,71091,t
P03,S02,18,up,KeyT,1791375301382.6,71091,t
P03,S02,18,down,KeyA,1791375301466.2,71092,a
P03,S02,18,down,KeyU,1791375301550.1,71093,u
P03,S02,18,up,KeyA,1791375301557.8,71092,a
P03,S02,18,up,KeyU,1791375301585.5,71093,u
P03,S02,18,down,KeyR,1791375301952.1,71094,r
P03,S02,18,up,KeyR,1791375302008.9,71094,r
P03,S02,18,down,KeyA,1791375302150.9,71095,a
P03,S02,18,up,KeyA,1791375302243.7,71095,a
P03,S02,18,down,KeyN,1791375302286.9,71096,n
P03,S02,18,up,KeyN,1791375302319.9,71096,n
P03,S02,18,down,Backspace,1791375302537.3,71097,Backspace
P03,S02,18,up,Backspace,1791375302585.7,71097,Backspace
P03,S02,18,down,KeyT,1791375302750.9,71098,t
P03,S02,18,up,KeyT,1791375302820.5,71098,t
P03,S02,18,down,KeyN,1791375303105.5,71099,n
P03,S02,18,up,KeyN,1791375303125.9,71099,n
P03,S02,18,down,Backspace,1791375303316.5,71100,Backspace
P03,S02,18,up,Backspace,1791375303408.7,71100,Backspace
P03,S02,18,down,Backspace,1791375303467.9,71101,Backspace
P03,S02,18,up,Backspace,1791375303552.4,71101,Backspace
P03,S02,18,down,KeyN,1791375303608.3,71102,n
P03,S02,18,down,KeyT,1791375303668,71103,t
P03,S02,18,up,KeyN,1791375303716.2,71102,n
P03,S02,18,up,KeyT,1791375303765.3,71103,t
P03,S02,18,down,KeyS,1791375303820.1,71104,s
P03,S02,18,up,KeyS,1791375303924.5,71104,s
P03,S02,18,down,Space,1791375303925,71105, 
P03,S02,18,up,Space,1791375304020.7,71105, 
P03,S02,18,down,KeyW,1791375304068.4,71106,w
P03,S02,18,down,KeyI,1791375304132.8,71107,i
P03,S02,18,up,KeyW,1791375304152.2,71106,w
P03,S02,18,up,KeyI,1791375304216.1,71107,i
P03,S02,18,down,KeyT,1791375304321.3,71108,t
P03,S02,18,down,KeyH,1791375304353.3,71109,h
P03,S02,18,up,KeyT,1791375304405.2,71108,t
P03,S02,18,down,Space,1791375304425.1,71110, 
P03,S02,18,up,KeyH,1791375304451.5,71109,h
P03,S02,18,up,Space,1791375304533.4,71110, 
P03,S02,18,down,KeyG,1791375304549.6,71111,g
P03,S02,18,up,KeyG,1791375304651.4,71111,g
P03,S02,18,down,KeyO,1791375304684.2,71112,o
P03,S02,18,up,KeyO,1791375304734.4,71112,o
P03,S02,18,down,KeyO,1791375304819,71113,o
P03,S02,18,up,KeyO,1791375304890.1,71113,o
P03,S02,18,down,KeyD,1791375304928.9,71114,d
P03,S02,18,down,Space,1791375305001.2,71115, 
P03,S02,18,up,KeyD,1791375305004.6,71114,d
P03,S02,18,up,Space,1791375305109.2,71115, 
P03,S02,18,down,KeyR,1791375305121,71116,r
P03,S02,18,down,KeyE,1791375305233.2,71117,e
P03,S02,18,up,KeyR,1791375305250.8,71116,r
P03,S02,18,down,KeyV,1791375305293.6,71118,v
P03,S02,18,up,KeyE,1791375305354.1,71117,e
P03,S02,18,up,KeyV,1791375305398.7,71118,v
P03,S02,18,down,KeyI,1791375305536.8,71119,i
P03,S02,18,down,KeyE,1791375305569.9,71120,e
P03,S02,18,up,KeyI,1791375305621.6,71119,i
P03,S02,18,down,KeyW,1791375305669.8,71121,w
P03,S02,18,up,KeyE,1791375305685.8,71120,e
P03,S02,18,down,KeyS,1791375305801.5,71122,s
P03,S02,18,up,KeyW,1791375305820.8,71121,w
P03,S02,18,down,Space,1791375305889.1,71123, 
P03,S02,18,up,KeyS,1791375306000.8,71122,s
P03,S02,18,up,Space,1791375306000.9,71123, 
P03,S02,18,down,Enter,1791375306050.6,71124,Enter
P03,S02,18,up,Enter,1791375306134.9,71124,Enter
P03,S02,19,down,KeyI,1791375317451.8,71125,i
P03,S02,19,down,Space,1791375317566.1,71126, 
P03,S02,19,up,KeyI,1791375317583.2,71125,i
P03,S02,19,up,Space,1791375317690.2,71126, 
P03,S02,19,down,KeyL,1791375317740.2,71127,l
P03,S02,19,up,KeyL,1791375317809.2,71127,l
P03,S02,19,down,KeyI,1791375317871,71128,i
P03,S02,19,up,KeyI,1791375317934.7,71128,i
P03,S02,19,down,KeyK,1791375318051.2,71129,k
P03,S02,19,up,KeyK,1791375318107.3,71129,k
P03,S02,19,down,KeyE,1791375318139.1,71130,e
P03,S02,19,up,KeyE,1791375318235.3,71130,e
P03,S02,19,down,Space,1791375318243.3,71131, 
P03,S02,19,up,Space,1791375318335,71131, 
P03,S02,19,down,KeyA,1791375318424.5,71132,a
P03,S02,19,down,Space,1791375318531.8,71133, 
P03,S02,19,up,KeyA,1791375318548.8,71132,a
P03,S02,19,up,Space,1791375318624.6,71133, 
P03,S02,19,down,KeyM,1791375319033.6,71134,m
P03,S02,19,down,KeyI,1791375319118.3,71135,i
P03,S02,19,up,KeyM,1791375319150.1,71134,m
P03,S02,19,up,KeyI,1791375319242.7,71135,i
P03,S02,19,down,KeyX,1791375319501.5,71136,x
P03,S02,19,down,Space,1791375319569.5,71137, 
P03,S02,19,up,KeyX,1791375319596.6,71136,x
P03,S02,19,up,Space,1791375319706,71137, 
P03,S02,19,down,KeyO,1791375319836.1,71138,o
P03,S02,19,up,KeyO,1791375319924.2,71138,o
P03,S02,19,down,KeyF,1791375319949.8,71139,f
P03,S02,19,down,Space,1791375320026.6,71140, 
P03,S02,19,up,KeyF,1791375320070.4,71139,f
P03,S02,19,up,Space,1791375320118.2,71140, 
P03,S02,19,down,KeyL,1791375320189.9,71141,l
P03,S02,19,up,KeyL,1791375320268.1,71141,l
P03,S02,19,down,KeyO,1791375320373.2,71142,o
P03,S02,19,down,KeyC,1791375320388.9,71143,c
P03,S02,19,up,KeyO,1791375320437.1,71142,o
P03,S02,19,up,KeyC,1791375320500.5,71143,c
P03,S02,19,down,KeyA,1791375320571,71144,a
P03,S02,19,down,KeyL,1791375320623,71145,l
P03,S02,19,up,KeyA,1791375320675.3,71144,a
P03,S02,19,down,Space,1791375320699.6,71146, 
P03,S02,19,up,KeyL,1791375320738.7,71145,l
P03,S02,19,up,Space,1791375320819,71146, 
P03,S02,19,down,KeyS,1791375320867.6,71147,s
P03,S02,19,up,KeyS,1791375320960.1,71147,s
P03,S02,19,down,KeyP,1791375321076.9,71148,p
P03,S02,19,down,KeyE,1791375321184.8,71149,e
P03,S02,19,up,KeyP,1791375321185.6,71148,p
P03,S02,19,up,KeyE,1791375321272.7,71149,e
P03,S02,19,down,KeyC,1791375321501.1,71150,c
P03,S02,19,up,KeyC,1791375321589.3,71150,c
P03,S02,19,down,KeyI,1791375321617.5,71151,i
P03,S02,19,up,KeyI,1791375321692.8,71151,i
P03,S02,19,down,KeyA,1791375321799.6,71152,a
P03,S02,19,down,KeyL,1791375321902.7,71153,l
P03,S02,19,up,KeyA,1791375321906.5,71152,a
P03,S02,19,up,KeyL,1791375321984.6,71153,l
P03,S02,19,down,KeyI,1791375322122.2,71154,i
P03,S02,19,up,KeyI,1791375322206.7,71154,i
P03,S02,19,down,KeyT,1791375322235.9,71155,t
P03,S02,19,up,KeyT,1791375322333.6,71155,t
P03,S02,19,down,KeyI,1791375322418,71156,i
P03,S02,19,up,KeyI,1791375322504.3,71156,i
P03,S02,19,down,KeyE,1791375322550.4,71157,e
P03,S02,19,up,KeyE,1791375322683.9,71157,e
P03,S02,19,down,KeyS,1791375322706,71158,s
P03,S02,19,down,Space,1791375322766.6,71159, 
P03,S02,19,up,KeyS,1791375322798.2,71158,s
P03,S02,19,up,Space,1791375322867.2,71159, 
P03,S02,19,down,KeyA,1791375322992.9,71160,a
P03,S02,19,down,KeyN,1791375323069.4,71161,n
P03,S02,19,up,KeyN,1791375323136.4,71161,n
P03,S02,19,up,KeyA,1791375323160.4,71160,a
P03,S02,19,down,KeyD,1791375323172,71162,d
P03,S02,19,down,Space,1791375323255.7,71163, 
P03,S02,19,up,KeyD,1791375323271.9,71162,d
P03,S02,19,up,Space,1791375323350.4,71163, 
P03,S02,19,down,KeyS,1791375323474.3,71164,s
P03,S02,19,up,KeyS,1791375323600.7,71164,s
P03,S02,19,down,KeyA,1791375323609.2,71165,a
P03,S02,19,down,KeyF,1791375323726.1,71166,f
P03,S02,19,up,KeyA,1791375323765.4,71165,a
P03,S02,19,up,KeyF,1791375323852.4,71166,f
P03,S02,19,down,KeyE,1791375323866.2,71167,e
P03,S02,19,down,KeyR,1791375324021.8,71168,r
P03,S02,19,up,KeyE,1791375324038.3,71167,e
P03,S02,19,down,Space,1791375324167.7,71169, 
P03,S02,19,up,KeyR,1791375324188.5,71168,r
P03,S02,19,up,Space,1791375324257.2,71169, 
P03,S02,19,down,KeyO,1791375324417.3,71170,o
P03,S02,19,down,KeyP,1791375324568.2,71171,p
P03,S02,19,up,KeyO,1791375324607.3,71170,o
P03,S02,19,down,KeyT,1791375324615.6,71172,t
P03,S02,19,up,KeyP,1791375324719.5,71171,p
P03,S02,19,up,KeyT,1791375324732.6,71172,t
P03,S02,19,down,KeyI,1791375324864.9,71173,i
P03,S02,19,down,KeyO,1791375324952.4,71174,o
P03,S02,19,up,KeyI,1791375324989,71173,i
P03,S02,19,up,KeyO,1791375325053.2,71174,o
P03,S02,19,down,KeyN,1791375325185.8,71175,n
P03,S02,19,down,KeyS,1791375325214.8,71176,s
P03,S02,19,up,KeyN,1791375325266.3,71175,n
P03,S02,19,up,KeyS,1791375325323,71176,s
P03,S02,19,down,Space,1791375325616.6,71177, 
P03,S02,19,up,Space,1791375325803.3,71177, 
P03,S02,19,down,Backspace,1791375328200.1,71178,Backspace
P03,S02,19,up,Backspace,1791375328288.9,71178,Backspace
P03,S02,19,down,Period,1791375328418.8,71179,.
P03,S02,19,up,Period,1791375328503.7,71179,.
P03,S02,19,down,Space,1791375328666.6,71180, 
P03,S02,19,up,Space,1791375328719.7,71180, 
P03,S02,19,down,KeyH,1791375328735.5,71181,h
P03,S02,19,down,KeyO,1791375328835.8,71182,o
P03,S02,19,up,KeyH,1791375328884.3,71181,h
P03,S02,19,down,KeyW,1791375328891.6,71183,w
P03,S02,19,up,KeyO,1791375328956,71182,o
P03,S02,19,up,KeyW,1791375328983.3,71183,w
P03,S02,19,down,KeyE,1791375329092,71184,e
P03,S02,19,down,KeyV,1791375329179,71185,v
P03,S02,19,up,KeyE,1791375329203.1,71184,e
P03,S02,19,up,KeyV,1791375329275.6,71185,v
P03,S02,19,down,KeyE,1791375329316,71186,e
P03,S02,19,down,KeyR,1791375329399.5,71187,r
P03,S02,19,up,KeyE,1791375329449.3,71186,e
P03,S02,19,down,Comma,1791375329532.9,71188,","
P03,S02,19,up,KeyR,1791375329535.5,71187,r
P03,S02,19,up,Comma,1791375329650.6,71188,","
P03,S02,19,down,Space,1791375329784,71189, 
P03,S02,19,up,Space,1791375329884.1,71189, 
P03,S02,19,down,KeyI,1791375330289.8,71190,i
P03,S02,19,down,Space,1791375330373.4,71191, 
P03,S02,19,up,KeyI,1791375330405.5,71190,i
P03,S02,19,up,Space,1791375330501.2,71191, 
P03,S02,19,down,KeyW,1791375330516.5,71192,w
P03,S02,19,up,KeyW,1791375330622,71192,w
P03,S02,19,down,Backspace,1791375330889.7,71193,Backspace
P03,S02,19,up,Backspace,1791375330985.7,71193,Backspace
P03,S02,19,down,KeyU,1791375331167.7,71194,u
P03,S02,19,up,KeyU,1791375331266,71194,u
P03,S02,19,down,KeyS,1791375331266.1,71195,s
P03,S02,19,down,KeyU,1791375331382.6,71196,u
P03,S02,19,up,KeyS,1791375331391.1,71195,s
P03,S02,19,up,KeyU,1791375331475.3,71196,u
P03,S02,19,down,KeyA,1791375331536.5,71197,a
P03,S02,19,down,KeyL,1791375331618.6,71198,l
P03,S02,19,up,KeyA,1791375331650.7,71197,a
P03,S02,19,up,KeyL,1791375331705.1,71198,l
P03,S02,19,down,KeyL,1791375331768.1,71199,l
P03,S02,19,up,KeyL,1791375331860.3,71199,l
P03,S02,19,down,KeyY,1791375331957.8,71200,y
P03,S02,19,down,Space,1791375332017.5,71201, 
P03,S02,19,up,KeyY,1791375332089.3,71200,y
P03,S02,19,up,Space,1791375332133.7,71201, 
P03,S02,19,down,KeyW,1791375332234.7,71202,w
P03,S02,19,up,KeyW,1791375332302.4,71202,w
P03,S02,19,down,KeyO,1791375332317.5,71203,o
P03,S02,19,down,KeyN,1791375332426.3,71204,n
P03,S02,19,up,KeyO,1791375332433.8,71203,o
P03,S02,19,down,KeyT,1791375332499.7,71205,t
P03,S02,19,up,KeyN,1791375332502.4,71204,n
P03,S02,19,up,KeyT,1791375332583.4,71205,t
P03,S02,19,down,Space,1791375332616,71206, 
P03,S02,19,up,Space,1791375332716.5,71206, 
P03,S02,19,down,KeyG,1791375332807,71207,g
P03,S02,19,down,KeyO,1791375332868,71208,o
P03,S02,19,up,KeyG,1791375332899.1,71207,g
P03,S02,19,down,Space,1791375332954.8,71209, 
P03,S02,19,up,KeyO,1791375332991.2,71208,o
P03,S02,19,up,Space,1791375333060,71209, 
P03,S02,19,down,KeyW,1791375333126.5,71210,w
P03,S02,19,down,KeyI,1791375333200.8,71211,i
P03,S02,19,up,KeyW,1791375333205.2,71210,w
P03,S02,19,up,KeyI,1791375333274.3,71211,i
P03,S02,19,down,KeyT,1791375333353.2,71212,t
P03,S02,19,down,KeyH,1791375333417.6,71213,h
P03,S02,19,up,KeyT,1791375333441.8,71212,t
P03,S02,19,down,Space,1791375333505.7,71214, 
P03,S02,19,up,KeyH,1791375333553.8,71213,h
P03,S02,19,up,Space,1791375333615.9,71214, 
P03,S02,19,down,KeyT,1791375334035.7,71215,t
P03,S02,19,down,KeyO,1791375334063.2,71216,o
P03,S02,19,up,KeyT,1791375334083.5,71215,t
P03,S02,19,up,KeyO,1791375334119.4,71216,o
P03,S02,19,down,KeyO,1791375334208.5,71217,o
P03,S02,19,up,KeyO,1791375334299.7,71217,o
P03,S02,19,down,Space,1791375334300.4,71218, 
P03,S02,19,up,Space,1791375334403.7,71218, 
P03,S02,19,down,KeyS,1791375334425.7,71219,s
P03,S02,19,down,KeyA,1791375334489.5,71220,a
P03,S02,19,up,KeyS,1791375334489.8,71219,s
P03,S02,19,up,KeyA,1791375334598.2,71220,a
P03,S02,19,down,KeyF,1791375334649.1,71221,f
P03,S02,19,up,KeyF,1791375334754.8,71221,f
P03,S02,19,down,KeyE,1791375334758.5,71222,e
P03,S02,19,up,KeyE,1791375334875.9,71222,e
P03,S02,19,down,Space,1791375334952.6,71223, 
P03,S02,19,up,Space,1791375335066.2,71223, 
P03,S02,19,down,KeyO,1791375335269.8,71224,o
P03,S02,19,up,KeyO,1791375335350.5,71224,o
P03,S02,19,down,KeyP,1791375335457.7,71225,p
P03,S02,19,up,KeyP,1791375335542.4,71225,p
P03,S02,19,down,KeyT,1791375335586.3,71226,t
P03,S02,19,down,KeyI,1791375335662.1,71227,i
P03,S02,19,up,KeyT,1791375335674.8,71226,t
P03,S02,19,down,KeyO,1791375335758.5,71228,o
P03,S02,19,up,KeyI,1791375335790.2,71227,i
P03,S02,19,up,KeyO,1791375335867,71228,o
P03,S02,19,down,KeyN,1791375335938.7,71229,n
P03,S02,19,down,KeyS,1791375336016.1,71230,s
P03,S02,19,up,KeyN,1791375336018.9,71229,n
P03,S02,19,up,KeyS,1791375336086.7,71230,s
P03,S02,19,down,Space,1791375336116.3,71231, 
P03,S02,19,up,Space,1791375336217.5,71231, 
P03,S02,19,down,KeyA,1791375336267.5,71232,a
P03,S02,19,up,KeyA,1791375336368.8,71232,a
P03,S02,19,down,KeyS,1791375336617.6,71233,s
P03,S02,19,down,Space,1791375336705.1,71234, 
P03,S02,19,up,KeyS,1791375336730.9,71233,s
P03,S02,19,down,KeyI,1791375336809.2,71235,i
P03,S02,19,up,Space,1791375336815,71234, 
P03,S02,19,down,Space,1791375336921,71236, 
P03,S02,19,up,KeyI,1791375336933.1,71235,i
P03,S02,19,up,Space,1791375337041.3,71236, 
P03,S02,19,down,KeyS,1791375337367.9,71237,s
P03,S02,19,up,KeyS,1791375337450.8,71237,s
P03,S02,19,down,KeyT,1791375337533.3,71238,t
P03,S02,19,down,KeyI,1791375337583.8,71239,i
P03,S02,19,up,KeyT,1791375337625.3,71238,t
P03,S02,19,up,KeyI,1791375337653.5,71239,i
P03,S02,19,down,KeyL,1791375337758.7,71240,l
P03,S02,19,up,KeyL,1791375337822.4,71240,l
P03,S02,19,down,KeyL,1791375337902,71241,l
P03,S02,19,down,Space,1791375337950.2,71242, 
P03,S02,19,up,KeyL,1791375337985.9,71241,l
P03,S02,19,up,Space,1791375338089.8,71242, 
P03,S02,19,down,KeyW,1791375338209,71243,w
P03,S02,19,up,KeyW,1791375338316.6,71243,w
P03,S02,19,down,KeyA,1791375338390.9,71244,a
P03,S02,19,up,KeyA,1791375338534.5,71244,a
P03,S02,19,down,KeyN,1791375338554.2,71245,n
P03,S02,19,up,KeyN,1791375338654.9,71245,n
P03,S02,19,down,Space,1791375338786,71246, 
P03,S02,19,up,Space,1791375338893.4,71246, 
P03,S02,19,down,Backspace,1791375339101.2,71247,Backspace
P03,S02,19,up,Backspace,1791375339153.7,71247,Backspace
P03,S02,19,down,KeyT,1791375339231.2,71248,t
P03,S02,19,down,Space,1791375339323.4,71249, 
P03,S02,19,up,KeyT,1791375339339,71248,t
P03,S02,19,down,KeyT,1791375339432.8,71250,t
P03,S02,19,up,Space,1791375339432.8,71249, 
P03,S02,19,down,KeyO,1791375339533.2,71251,o
P03,S02,19,up,KeyT,1791375339566.5,71250,t
P03,S02,19,down,Space,1791375339607,71252, 
P03,S02,19,up,KeyO,1791375339655.2,71251,o
P03,S02,19,down,KeyT,1791375339692.3,71253,t
P03,S02,19,up,Space,1791375339716.5,71252, 
P03,S02,19,up,KeyT,1791375339815.9,71253,t
P03,S02,19,down,KeyR,1791375339824,71254,r
P03,S02,19,down,KeyY,1791375339947.7,71255,y
P03,S02,19,up,KeyR,1791375339959.2,71254,r
P03,S02,19,down,Space,1791375339999.1,71256, 
P03,S02,19,up,KeyY,1791375340050.9,71255,y
P03,S02,19,down,KeyT,1791375340082.9,71257,t
P03,S02,19,up,Space,1791375340083.2,71256, 
P03,S02,19,up,KeyT,1791375340183.4,71257,t
P03,S02,19,down,KeyH,1791375340201.1,71258,h
P03,S02,19,down,KeyI,1791375340273.1,71259,i
P03,S02,19,up,KeyH,1791375340320.9,71258,h
P03,S02,19,down,KeyN,1791375340385.9,71260,n
P03,S02,19,down,KeyG,1791375340417.2,71261,g
P03,S02,19,up,KeyI,1791375340449.5,71259,i
P03,S02,19,up,KeyN,1791375340499.2,71260,n
P03,S02,19,up,KeyG,1791375340534.2,71261,g
P03,S02,19,down,KeyS,1791375340551.8,71262,s
P03,S02,19,down,Space,1791375340676.1,71263, 
P03,S02,19,up,KeyS,1791375340686.9,71262,s
P03,S02,19,up,Space,1791375340757.6,71263, 
P03,S02,19,down,KeyI,1791375340822.3,71264,i
P03,S02,19,up,KeyI,1791375340926.7,71264,i
P03,S02,19,down,Space,1791375340938.6,71265, 
P03,S02,19,up,Space,1791375341030.2,71265, 
P03,S02,19,down,KeyC,1791375341117.7,71266,c
P03,S02,19,up,KeyC,1791375341200.1,71266,c
P03,S02,19,down,KeyA,1791375341260,71267,a
P03,S02,19,down,KeyN,1791375341351.4,71268,n
P03,S02,19,up,KeyA,1791375341355,71267,a
P03,S02,19,up,KeyN,1791375341407.7,71268,n
P03,S02,19,down,KeyT,1791375341451,71269,t
P03,S02,19,up,KeyT,1791375341554,71269,t
P03,S02,19,down,Space,1791375341566.7,71270, 
P03,S02,19,up,Space,1791375341638.3,71270, 
P03,S02,19,down,KeyT,1791375341666.6,71271,t
P03,S02,19,up,KeyT,1791375341757,71271,t
P03,S02,19,down,KeyR,1791375341787.1,71272,r
P03,S02,19,up,KeyR,1791375341900.5,71272,r
P03,S02,19,down,KeyY,1791375341902.8,71273,y
P03,S02,19,down,Space,1791375341971.2,71274, 
P03,S02,19,up,KeyY,1791375342023.1,71273,y
P03,S02,19,up,Space,1791375342043.2,71274, 
P03,S02,19,down,KeyA,1791375342055,71275,a
P03,S02,19,up,KeyA,1791375342148.7,71275,a
P03,S02,19,down,KeyT,1791375342189.3,71276,t
P03,S02,19,down,Space,1791375342269.2,71277, 
P03,S02,19,up,KeyT,1791375342276.8,71276,t
P03,S02,19,down,KeyH,1791375342393.5,71278,h
P03,S02,19,up,Space,1791375342405.2,71277, 
P03,S02,19,down,KeyO,1791375342489.9,71279,o
P03,S02,19,up,KeyH,1791375342509.9,71278,h
P03,S02,19,down,KeyE,1791375342616.3,71280,e
P03,S02,19,up,KeyO,1791375342616.3,71279,o
P03,S02,19,down,KeyM,1791375342637.2,71281,m
P03,S02,19,up,KeyE,1791375342717,71280,e
P03,S02,19,up,KeyM,1791375342766.8,71281,m
P03,S02,19,down,Backspace,1791375343265.5,71282,Backspace
P03,S02,19,up,Backspace,1791375343316.9,71282,Backspace
P03,S02,19,down,Backspace,1791375343391.6,71283,Backspace
P03,S02,19,up,Backspace,1791375343467.8,71283,Backspace
P03,S02,19,down,KeyE,1791375343572.3,71284,e
P03,S02,19,up,KeyE,1791375343645.5,71284,e
P03,S02,19,down,KeyM,1791375343652.1,71285,m
P03,S02,19,up,KeyM,1791375343688.2,71285,m
P03,S02,19,down,Backspace,1791375343926.9,71286,Backspace
P03,S02,19,up,Backspace,1791375343986.8,71286,Backspace
P03,S02,19,down,Backspace,1791375344084.5,71287,Backspace
P03,S02,19,up,Backspace,1791375344125.1,71287,Backspace
P03,S02,19,down,KeyM,1791375344168.6,71288,m
P03,S02,19,down,KeyE,1791375344249,71289,e
P03,S02,19,up,KeyM,1791375344283.9,71288,m
P03,S02,19,up,KeyE,1791375344349.6,71289,e
P03,S02,19,down,Enter,1791375344534.1,71290,Enter
P03,S02,19,up,Enter,1791375344654,71290,Enter
P03,S02,20,down,KeyI,1791375354351.2,71291,i
P03,S02,20,down,Space,1791375354430.6,71292, 
P03,S02,20,up,KeyI,1791375354469.3,71291,i
P03,S02,20,down,KeyR,1791375354509.3,71293,r
P03,S02,20,up,Space,1791375354553.5,71292, 
P03,S02,20,down,KeyE,1791375354633.4,71294,e
P03,S02,20,up,KeyR,1791375354683.2,71293,r
P03,S02,20,down,KeyA,1791375354774,71295,a
P03,S02,20,up,KeyE,1791375354805.2,71294,e
P03,S02,20,up,KeyA,1791375354901.3,71295,a
P03,S02,20,down,KeyL,1791375354901.9,71296,l
P03,S02,20,up,KeyL,1791375354973.5,71296,l
P03,S02,20,down,KeyL,1791375355067.6,71297,l
P03,S02,20,up,KeyL,1791375355156.5,71297,l
P03,S02,20,down,KeyY,1791375355233.7,71298,y
P03,S02,20,down,Space,1791375355304.5,71299, 
P03,S02,20,up,KeyY,1791375355336.5,71298,y
P03,S02,20,down,KeyL,1791375355429.5,71300,l
P03,S02,20,up,Space,1791375355431.8,71299, 
P03,S02,20,up,KeyL,1791375355533,71300,l
P03,S02,20,down,KeyI,1791375355599,71301,i
P03,S02,20,up,KeyI,1791375355649.9,71301,i
P03,S02,20,down,KeyK,1791375355782.2,71302,k
P03,S02,20,down,KeyE,1791375355834.7,71303,e
P03,S02,20,up,KeyK,1791375355867.1,71302,k
P03,S02,20,up,KeyE,1791375355968,71303,e
P03,S02,20,down,KeyD,1791375356108.5,71304,d
P03,S02,20,up,KeyD,1791375356236.9,71304,d
P03,S02,20,down,Space,1791375356258.3,71305, 
P03,S02,20,up,Space,1791375356417.8,71305, 
P03,S02,20,down,KeyT,1791375356434.9,71306,t
P03,S02,20,down,KeyH,1791375356536.4,71307,h
P03,S02,20,up,KeyT,1791375356536.8,71306,t
P03,S02,20,down,KeyI,1791375356633.6,71308,i
P03,S02,20,up,KeyH,1791375356649.4,71307,h
P03,S02,20,up,KeyI,1791375356717.7,71308,i
P03,S02,20,down,KeyS,1791375356950.6,71309,s
P03,S02,20,down,Space,1791375357032.7,71310, 
P03,S02,20,up,KeyS,1791375357057.9,71309,s
P03,S02,20,up,Space,1791375357133.4,71310, 
P03,S02,20,down,KeyR,1791375357393,71311,r
P03,S02,20,up,KeyR,1791375357500.5,71311,r
P03,S02,20,down,KeyA,1791375357583.4,71312,a
P03,S02,20,up,KeyA,1791375357698.9,71312,a
P03,S02,20,down,KeyC,1791375357800.3,71313,c
P03,S02,20,up,KeyC,1791375357889.2,71313,c
P03,S02,20,down,KeyL,1791375357950.9,71314,l
P03,S02,20,up,KeyL,1791375358036.2,71314,l
P03,S02,20,down,KeyE,1791375358049.7,71315,e
P03,S02,20,up,KeyE,1791375358157.3,71315,e
P03,S02,20,down,KeyT,1791375358243,71316,t
P03,S02,20,up,KeyT,1791375358323,71316,t
P03,S02,20,down,KeyT,1791375358367.2,71317,t
P03,S02,20,down,KeyE,1791375358566.9,71318,e
P03,S02,20,up,KeyT,1791375358567.4,71317,t
P03,S02,20,up,KeyE,1791375358732.7,71318,e
P03,S02,20,down,Space,1791375358821.9,71319, 
P03,S02,20,up,Space,1791375358942.7,71319, 
P03,S02,20,down,KeyS,1791375359115.8,71320,s
P03,S02,20,up,KeyS,1791375359171.8,71320,s
P03,S02,20,down,KeyA,1791375359317.7,71321,a
P03,S02,20,up,KeyA,1791375359387.9,71321,a
P03,S02,20,down,KeyN,1791375359490.6,71322,n
P03,S02,20,down,KeyD,1791375359570.3,71323,d
P03,S02,20,up,KeyN,1791375359571,71322,n
P03,S02,20,up,KeyD,1791375359666.9,71323,d
P03,S02,20,down,KeyW,1791375359717.3,71324,w
P03,S02,20,down,KeyI,1791375359737.6,71325,i
P03,S02,20,up,KeyI,1791375359797.6,71325,i
P03,S02,20,up,KeyW,1791375359802,71324,w
P03,S02,20,down,KeyC,1791375359989.2,71326,c
P03,S02,20,down,KeyH,1791375360032.9,71327,h
P03,S02,20,up,KeyC,1791375360083.5,71326,c
P03,S02,20,down,Space,1791375360120.6,71328, 
P03,S02,20,up,KeyH,1791375360185.1,71327,h
P03,S02,20,down,KeyI,1791375360240.7,71329,i
P03,S02,20,up,Space,1791375360248.7,71328, 
P03,S02,20,down,Space,1791375360369.1,71330, 
P03,S02,20,up,KeyI,1791375360398.6,71329,i
P03,S02,20,up,Space,1791375360498.8,71330, 
P03,S02,20,down,KeyA,1791375360504.4,71331,a
P03,S02,20,up,KeyA,1791375360633.2,71331,a
P03,S02,20,down,KeyT,1791375361150.8,71332,t
P03,S02,20,up,KeyT,1791375361253,71332,t
P03,S02,20,down,KeyE,1791375361373.8,71333,e
P03,S02,20,down,Space,1791375361482.8,71334, 
P03,S02,20,up,KeyE,1791375361485.6,71333,e
P03,S02,20,up,Space,1791375361590,71334, 
P03,S02,20,down,KeyI,1791375361617.3,71335,i
P03,S02,20,down,KeyN,1791375361701.8,71336,n
P03,S02,20,up,KeyI,1791375361767,71335,i
P03,S02,20,down,Space,1791375361800.2,71337, 
P03,S02,20,up,KeyN,1791375361832.1,71336,n
P03,S02,20,down,KeyA,1791375361841.9,71338,a
P03,S02,20,up,Space,1791375361881.1,71337, 
P03,S02,20,up,KeyA,1791375361938.5,71338,a
P03,S02,20,down,KeyN,1791375361987.7,71339,n
P03,S02,20,up,KeyN,1791375362022.5,71339,n
P03,S02,20,down,KeyN,1791375362102.7,71340,n
P03,S02,20,up,KeyN,1791375362183.9,71340,n
P03,S02,20,down,KeyE,1791375362208.5,71341,e
P03,S02,20,up,KeyE,1791375362288.9,71341,e
P03,S02,20,down,KeyC,1791375362474,71342,c
P03,S02,20,up,KeyC,1791375362586.2,71342,c
P03,S02,20,down,KeyY,1791375362615.4,71343,y
P03,S02,20,down,Space,1791375362732.4,71344, 
P03,S02,20,up,KeyY,1791375362783.4,71343,y
P03,S02,20,up,Space,1791375362852.4,71344, 
P03,S02,20,down,Enter,1791375364019.7,71345,Enter
P03,S02,20,up,Enter,1791375364148.5,71345,Enter
P03,S02,21,down,KeyI,1791375378691.8,71346,i
P03,S02,21,down,Space,1791375378782.1,71347, 
P03,S02,21,up,KeyI,1791375378803.6,71346,i
P03,S02,21,up,Space,1791375378920.1,71347, 
P03,S02,21,down,KeyL,1791375378948.9,71348,l
P03,S02,21,up,KeyL,1791375379033.4,71348,l
P03,S02,21,down,KeyI,1791375379121.2,71349,i
P03,S02,21,up,KeyI,1791375379173.6,71349,i
P03,S02,21,down,KeyK,1791375379283.8,71350,k
P03,S02,21,down,KeyE,1791375379316.1,71351,e
P03,S02,21,up,KeyK,1791375379367.5,71350,k
P03,S02,21,down,Space,1791375379450.3,71352, 
P03,S02,21,up,KeyE,1791375379451.3,71351,e
P03,S02,21,down,KeyB,1791375379575.3,71353,b
P03,S02,21,up,Space,1791375379576,71352, 
P03,S02,21,up,KeyB,1791375379699.9,71353,b
P03,S02,21,down,KeyO,1791375379700,71354,o
P03,S02,21,down,KeyT,1791375379778.9,71355,t
P03,S02,21,up,KeyO,1791375379785,71354,o
P03,S02,21,up,KeyT,1791375379899.8,71355,t
P03,S02,21,down,KeyH,1791375379916.1,71356,h
P03,S02,21,down,Space,1791375380023.3,71357, 
P03,S02,21,up,KeyH,1791375380047.3,71356,h
P03,S02,21,up,Space,1791375380159.9,71357, 
P03,S02,21,down,Backspace,1791375381218.1,71358,Backspace
P03,S02,21,up,Backspace,1791375381354.6,71358,Backspace
P03,S02,21,down,Period,1791375381533.8,71359,.
P03,S02,21,up,Period,1791375381633.4,71359,.
P03,S02,21,down,Space,1791375381749.9,71360, 
P03,S02,21,down,KeyE,1791375381836.2,71361,e
P03,S02,21,up,Space,1791375381836.3,71360, 
P03,S02,21,down,KeyS,1791375382002.9,71362,s
P03,S02,21,up,KeyE,1791375382010.7,71361,e
P03,S02,21,down,KeyP,1791375382137.1,71363,p
P03,S02,21,up,KeyS,1791375382140.5,71362,s
P03,S02,21,up,KeyP,1791375382233.5,71363,p
P03,S02,21,down,KeyC,1791375382307.3,71364,c
P03,S02,21,down,KeyI,1791375382399.4,71365,i
P03,S02,21,up,KeyC,1791375382399.5,71364,c
P03,S02,21,up,KeyI,1791375382486.9,71365,i
P03,S02,21,down,Backspace,1791375382758.1,71366,Backspace
P03,S02,21,up,Backspace,1791375382816.7,71366,Backspace
P03,S02,21,down,Backspace,1791375382907.5,71367,Backspace
P03,S02,21,down,KeyE,1791375382939.5,71368,e
P03,S02,21,up,Backspace,1791375382959.3,71367,Backspace
P03,S02,21,up,KeyE,1791375383017.3,71368,e
P03,S02,21,down,KeyI,1791375383135.5,71369,i
P03,S02,21,down,KeyC,1791375383172.1,71370,c
P03,S02,21,up,KeyI,1791375383203.6,71369,i
P03,S02,21,up,KeyC,1791375383259.8,71370,c
P03,S02,21,down,KeyL,1791375383370.2,71371,l
P03,S02,21,down,KeyA,1791375383382.5,71372,a
P03,S02,21,up,KeyL,1791375383442.5,71371,l
P03,S02,21,up,KeyA,1791375383455.1,71372,a
P03,S02,21,down,KeyL,1791375383517.1,71373,l
P03,S02,21,up,KeyL,1791375383583.5,71373,l
P03,S02,21,down,Backspace,1791375383866.1,71374,Backspace
P03,S02,21,up,Backspace,1791375383917,71374,Backspace
P03,S02,21,down,Backspace,1791375384000.3,71375,Backspace
P03,S02,21,up,Backspace,1791375384053.4,71375,Backspace
P03,S02,21,down,Backspace,1791375384142.1,71376,Backspace
P03,S02,21,up,Backspace,1791375384175,71376,Backspace
P03,S02,21,down,Backspace,1791375384267.2,71377,Backspace
P03,S02,21,up,Backspace,1791375384302.8,71377,Backspace
P03,S02,21,down,Backspace,1791375384382.7,71378,Backspace
P03,S02,21,up,Backspace,1791375384433.8,71378,Backspace
P03,S02,21,down,KeyC,1791375384466.1,71379,c
P03,S02,21,up,KeyC,1791375384550.1,71379,c
P03,S02,21,down,KeyI,1791375384634,71380,i
P03,S02,21,up,KeyI,1791375384686.1,71380,i
P03,S02,21,down,KeyA,1791375384754.3,71381,a
P03,S02,21,down,KeyL,1791375384866.9,71382,l
P03,S02,21,up,KeyA,1791375384869.8,71381,a
P03,S02,21,up,KeyL,1791375384933.2,71382,l
P03,S02,21,down,KeyL,1791375384986.4,71383,l
P03,S02,21,up,KeyL,1791375385058.6,71383,l
P03,S02,21,down,KeyY,1791375385166,71384,y
P03,S02,21,down,Space,1791375385241.4,71385, 
P03,S02,21,up,KeyY,1791375385280.6,71384,y
P03,S02,21,up,Space,1791375385325.2,71385, 
P03,S02,21,down,KeyB,1791375385399.4,71386,b
P03,S02,21,down,KeyE,1791375385423.3,71387,e
P03,S02,21,up,KeyB,1791375385458.7,71386,b
P03,S02,21,up,KeyE,1791375385519.8,71387,e
P03,S02,21,down,KeyC,1791375385689,71388,c
P03,S02,21,up,KeyC,1791375385726,71388,c
P03,S02,21,down,KeyA,1791375385734.7,71389,a
P03,S02,21,down,KeyU,1791375385837.1,71390,u
P03,S02,21,up,KeyA,1791375385850.1,71389,a
P03,S02,21,up,KeyU,1791375385937.5,71390,u
P03,S02,21,down,KeyS,1791375386033.2,71391,s
P03,S02,21,down,KeyE,1791375386100.9,71392,e
P03,S02,21,up,KeyS,1791375386137.5,71391,s
P03,S02,21,up,KeyE,1791375386225.6,71392,e
P03,S02,21,down,Space,1791375386232.8,71393, 
P03,S02,21,up,Space,1791375386315.1,71393, 
P03,S02,21,down,KeyF,1791375386432.8,71394,f
P03,S02,21,down,KeyR,1791375386573.8,71395,r
P03,S02,21,up,KeyF,1791375386580.8,71394,f
P03,S02,21,up,KeyR,1791375386684.1,71395,r
P03,S02,21,down,KeyA,1791375386783.9,71396,a
P03,S02,21,down,KeyN,1791375386890.6,71397,n
P03,S02,21,up,KeyA,1791375386901.9,71396,a
P03,S02,21,up,KeyN,1791375386943.2,71397,n
P03,S02,21,down,KeyC,1791375387017.4,71398,c
P03,S02,21,up,KeyC,1791375387119.7,71398,c
P03,S02,21,down,KeyE,1791375387137.2,71399,e
P03,S02,21,down,Space,1791375387233.9,71400, 
P03,S02,21,up,KeyE,1791375387253.1,71399,e
P03,S02,21,up,Space,1791375387309.9,71400, 
P03,S02,21,down,KeyI,1791375387356.7,71401,i
P03,S02,21,down,KeyS,1791375387468.4,71402,s
P03,S02,21,up,KeyI,1791375387496.5,71401,i
P03,S02,21,down,Space,1791375387582.2,71403, 
P03,S02,21,up,KeyS,1791375387582.3,71402,s
P03,S02,21,up,Space,1791375387683.6,71403, 
P03,S02,21,down,KeyK,1791375387836,71404,k
P03,S02,21,down,KeyN,1791375387936.1,71405,n
P03,S02,21,up,KeyK,1791375387960.3,71404,k
P03,S02,21,up,KeyN,1791375388020.2,71405,n
P03,S02,21,down,KeyO,1791375388069.7,71406,o
P03,S02,21,down,KeyW,1791375388141.1,71407,w
P03,S02,21,up,KeyO,1791375388169.2,71406,o
P03,S02,21,up,KeyW,1791375388258.4,71407,w
P03,S02,21,down,KeyN,1791375388307.1,71408,n
P03,S02,21,down,Space,1791375388407.8,71409, 
P03,S02,21,up,KeyN,1791375388438.5,71408,n
P03,S02,21,up,Space,1791375388507.5,71409, 
P03,S02,21,down,KeyF,1791375388567.4,71410,f
P03,S02,21,down,KeyO,1791375388651.5,71411,o
P03,S02,21,up,KeyF,1791375388675.5,71410,f
P03,S02,21,up,KeyO,1791375388752.1,71411,o
P03,S02,21,down,KeyR,1791375388801.1,71412,r
P03,S02,21,down,Space,1791375388870.5,71413, 
P03,S02,21,up,KeyR,1791375388897.9,71412,r
P03,S02,21,down,KeyB,1791375389017.3,71414,b
P03,S02,21,up,Space,1791375389041.8,71413, 
P03,S02,21,down,KeyA,1791375389122.1,71415,a
P03,S02,21,up,KeyB,1791375389134.1,71414,b
P03,S02,21,up,KeyA,1791375389217.4,71415,a
P03,S02,21,down,KeyK,1791375389284.2,71416,k
P03,S02,21,up,KeyK,1791375389341.7,71416,k
P03,S02,21,down,KeyE,1791375389365.2,71417,e
P03,S02,21,down,KeyD,1791375389486.7,71418,d
P03,S02,21,up,KeyE,1791375389490.5,71417,e
P03,S02,21,down,Space,1791375389555.1,71419, 
P03,S02,21,up,KeyD,1791375389583.2,71418,d
P03,S02,21,up,Space,1791375389687,71419, 
P03,S02,21,down,KeyT,1791375389767.2,71420,t
P03,S02,21,up,KeyT,1791375389838.3,71420,t
P03,S02,21,down,KeyR,1791375389916.4,71421,r
P03,S02,21,up,KeyR,1791375389985.1,71421,r
P03,S02,21,down,KeyE,1791375390123.9,71422,e
P03,S02,21,up,KeyE,1791375390247.3,71422,e
P03,S02,21,down,KeyA,1791375390264.7,71423,a
P03,S02,21,up,KeyA,1791375390370.4,71423,a
P03,S02,21,down,KeyT,1791375390449.5,71424,t
P03,S02,21,up,KeyT,1791375390539.9,71424,t
P03,S02,21,down,KeyS,1791375390590.4,71425,s
P03,S02,21,up,KeyS,1791375390703.4,71425,s
P03,S02,21,down,Enter,1791375390718.1,71426,Enter
P03,S02,21,up,Enter,1791375390822.4,71426,Enter
P03,S02,22,down,KeyI,1791375405454.7,71427,i
P03,S02,22,down,Space,1791375405554.4,71428, 
P03,S02,22,up,KeyI,1791375405610.9,71427,i
P03,S02,22,up,Space,1791375405706.7,71428, 
P03,S02,22,down,KeyR,1791375406013.8,71429,r
P03,S02,22,up,KeyR,1791375406149.8,71429,r
P03,S02,22,down,KeyE,1791375406153.1,71430,e
P03,S02,22,up,KeyE,1791375406282.8,71430,e
P03,S02,22,down,KeyE,1791375406465.6,71431,e
P03,S02,22,up,KeyE,1791375406559.5,71431,e
P03,S02,22,down,Backspace,1791375406850.5,71432,Backspace
P03,S02,22,up,Backspace,1791375406934.4,71432,Backspace
P03,S02,22,down,KeyC,1791375406959.1,71433,c
P03,S02,22,up,KeyC,1791375407039.5,71433,c
P03,S02,22,down,KeyE,1791375407176.2,71434,e
P03,S02,22,up,KeyE,1791375407304,71434,e
P03,S02,22,down,KeyN,1791375407339.6,71435,n
P03,S02,22,up,KeyN,1791375407432.7,71435,n
P03,S02,22,down,KeyT,1791375407458.7,71436,t
P03,S02,22,up,KeyT,1791375407554.3,71436,t
P03,S02,22,down,KeyL,1791375407585.4,71437,l
P03,S02,22,down,KeyY,1791375407690,71438,y
P03,S02,22,up,KeyL,1791375407705.4,71437,l
P03,S02,22,up,KeyY,1791375407790,71438,y
P03,S02,22,down,Space,1791375407817.5,71439, 
P03,S02,22,up,Space,1791375407917.6,71439, 
P03,S02,22,down,KeyR,1791375408018.2,71440,r
P03,S02,22,down,KeyE,1791375408166.4,71441,e
P03,S02,22,up,KeyR,1791375408166.9,71440,r
P03,S02,22,down,KeyA,1791375408283.2,71442,a
P03,S02,22,up,KeyE,1791375408313.8,71441,e
P03,S02,22,down,KeyL,1791375408366.8,71443,l
P03,S02,22,up,KeyA,1791375408417.2,71442,a
P03,S02,22,up,KeyL,1791375408438.1,71443,l
P03,S02,22,down,KeyL,1791375408466.3,71444,l
P03,S02,22,up,KeyL,1791375408612.4,71444,l
P03,S02,22,down,KeyY,1791375408742.9,71445,y
P03,S02,22,down,Space,1791375408865.3,71446, 
P03,S02,22,up,KeyY,1791375408872.6,71445,y
P03,S02,22,up,Space,1791375408952.8,71446, 
P03,S02,22,down,KeyL,1791375409300.4,71447,l
P03,S02,22,up,KeyL,1791375409389.2,71447,l
P03,S02,22,down,KeyI,1791375409434.1,71448,i
P03,S02,22,up,KeyI,1791375409501,71448,i
P03,S02,22,down,KeyK,1791375409600.2,71449,k
P03,S02,22,down,KeyE,1791375409651.4,71450,e
P03,S02,22,up,KeyK,1791375409699.2,71449,k
P03,S02,22,down,Space,1791375409723.4,71451, 
P03,S02,22,up,KeyE,1791375409802.3,71450,e
P03,S02,22,up,Space,1791375409803.3,71451, 
P03,S02,22,down,KeyP,1791375409831.6,71452,p
P03,S02,22,down,KeyA,1791375409949.4,71453,a
P03,S02,22,up,KeyP,1791375409968,71452,p
P03,S02,22,down,KeyI,1791375410050.2,71454,i
P03,S02,22,up,KeyA,1791375410051.5,71453,a
P03,S02,22,down,KeyN,1791375410151,71455,n
P03,S02,22,up,KeyI,1791375410223.5,71454,i
P03,S02,22,down,Space,1791375410255.6,71456, 
P03,S02,22,up,KeyN,1791375410288.1,71455,n
P03,S02,22,up,Space,1791375410366.6,71456, 
P03,S02,22,down,KeyA,1791375410367.7,71457,a
P03,S02,22,down,KeyU,1791375410482.3,71458,u
P03,S02,22,up,KeyA,1791375410519.1,71457,a
P03,S02,22,down,Space,1791375410582,71459, 
P03,S02,22,up,KeyU,1791375410615.4,71458,u
P03,S02,22,up,Space,1791375410704.8,71459, 
P03,S02,22,down,KeyC,1791375410787.6,71460,c
P03,S02,22,down,KeyH,1791375410848.3,71461,h
P03,S02,22,up,KeyC,1791375410883.1,71460,c
P03,S02,22,down,KeyO,1791375410959.6,71462,o
P03,S02,22,up,KeyH,1791375411002.1,71461,h
P03,S02,22,up,KeyO,1791375411092.4,71462,o
P03,S02,22,down,KeyC,1791375411200.3,71463,c
P03,S02,22,up,KeyC,1791375411300.6,71463,c
P03,S02,22,down,KeyO,1791375411425.8,71464,o
P03,S02,22,up,KeyO,1791375411533,71464,o
P03,S02,22,down,KeyL,1791375411650.9,71465,l
P03,S02,22,down,KeyA,1791375411730.1,71466,a
P03,S02,22,up,KeyL,1791375411737.9,71465,l
P03,S02,22,up,KeyA,1791375411848.6,71466,a
P03,S02,22,down,KeyT,1791375411991.2,71467,t
P03,S02,22,up,KeyT,1791375412089.8,71467,t
P03,S02,22,down,Period,1791375413700.6,71468,.
P03,S02,22,up,Period,1791375413783.1,71468,.
P03,S02,22,down,Space,1791375413902.6,71469, 
P03,S02,22,up,Space,1791375413990.4,71469, 
P03,S02,22,down,KeyB,1791375414038.4,71470,b
P03,S02,22,down,KeyU,1791375414142.5,71471,u
P03,S02,22,up,KeyB,1791375414154,71470,b
P03,S02,22,down,KeyT,1791375414206.1,71472,t
P03,S02,22,up,KeyU,1791375414214.5,71471,u
P03,S02,22,up,KeyT,1791375414315.9,71472,t
P03,S02,22,down,Space,1791375414341.5,71473, 
P03,S02,22,up,Space,1791375414433.4,71473, 
P03,S02,22,down,KeyI,1791375414474.7,71474,i
P03,S02,22,down,Space,1791375414574.8,71475, 
P03,S02,22,up,KeyI,1791375414594,71474,i
P03,S02,22,up,Space,1791375414670.9,71475, 
P03,S02,22,down,KeyA,1791375414698.9,71476,a
P03,S02,22,down,KeyL,1791375414832.1,71477,l
P03,S02,22,up,KeyL,1791375414898.7,71477,l
P03,S02,22,down,KeyS,1791375414922.8,71478,s
P03,S02,22,up,KeyA,1791375414990.2,71476,a
P03,S02,22,down,KeyO,1791375415023.1,71479,o
P03,S02,22,up,KeyS,1791375415083.4,71478,s
P03,S02,22,down,Space,1791375415100.1,71480, 
P03,S02,22,up,KeyO,1791375415135.1,71479,o
P03,S02,22,down,KeyR,1791375415199.4,71481,r
P03,S02,22,up,Space,1791375415218.7,71480, 
P03,S02,22,down,KeyE,1791375415283.5,71482,e
P03,S02,22,up,KeyR,1791375415315,71481,r
P03,S02,22,down,KeyA,1791375415419,71483,a
P03,S02,22,up,KeyE,1791375415434.6,71482,e
P03,S02,22,down,KeyL,1791375415487,71484,l
P03,S02,22,up,KeyA,1791375415532.7,71483,a
P03,S02,22,up,KeyL,1791375415538.1,71484,l
P03,S02,22,down,KeyL,1791375415616.4,71485,l
P03,S02,22,up,KeyL,1791375415683.2,71485,l
P03,S02,22,down,KeyY,1791375415816.7,71486,y
P03,S02,22,down,Space,1791375415882,71487, 
P03,S02,22,up,KeyY,1791375415929.8,71486,y
P03,S02,22,up,Space,1791375415958.4,71487, 
P03,S02,22,down,KeyL,1791375416100.3,71488,l
P03,S02,22,up,KeyL,1791375416184.8,71488,l
P03,S02,22,down,KeyI,1791375416291.6,71489,i
P03,S02,22,up,KeyI,1791375416359.6,71489,i
P03,S02,22,down,KeyK,1791375416466.1,71490,k
P03,S02,22,down,KeyE,1791375416538.3,71491,e
P03,S02,22,up,KeyK,1791375416538.7,71490,k
P03,S02,22,up,KeyE,1791375416666.8,71491,e
P03,S02,22,down,Space,1791375416682.9,71492, 
P03,S02,22,up,Space,1791375416799.3,71492, 
P03,S02,22,down,KeyT,1791375416934.4,71493,t
P03,S02,22,up,KeyT,1791375417102.6,71493,t
P03,S02,22,down,KeyA,1791375417217.9,71494,a
P03,S02,22,up,KeyA,1791375417333.3,71494,a
P03,S02,22,down,KeyR,1791375417373.8,71495,r
P03,S02,22,up,KeyR,1791375417467.4,71495,r
P03,S02,22,down,KeyT,1791375417608.4,71496,t
P03,S02,22,up,KeyT,1791375417720.5,71496,t
P03,S02,22,down,KeyS,1791375417823.9,71497,s
P03,S02,22,up,KeyS,1791375417940.2,71497,s
P03,S02,22,down,Backspace,1791375418416.9,71498,Backspace
P03,S02,22,up,Backspace,1791375418450.7,71498,Backspace
P03,S02,22,down,Backspace,1791375418541.2,71499,Backspace
P03,S02,22,up,Backspace,1791375418592.6,71499,Backspace
P03,S02,22,down,Backspace,1791375418682.9,71500,Backspace
P03,S02,22,up,Backspace,1791375418718.4,71500,Backspace
P03,S02,22,down,Backspace,1791375418784.6,71501,Backspace
P03,S02,22,up,Backspace,1791375418841,71501,Backspace
P03,S02,22,down,Backspace,1791375418916.4,71502,Backspace
P03,S02,22,down,KeyF,1791375419004,71503,f
P03,S02,22,up,Backspace,1791375419004.4,71502,Backspace
P03,S02,22,down,KeyR,1791375419115.8,71504,r
P03,S02,22,up,KeyF,1791375419188.2,71503,f
P03,S02,22,up,KeyR,1791375419249.4,71504,r
P03,S02,22,down,KeyU,1791375419290.6,71505,u
P03,S02,22,down,KeyI,1791375419382.7,71506,i
P03,S02,22,up,KeyU,1791375419449.5,71505,u
P03,S02,22,up,KeyI,1791375419515.4,71506,i
P03,S02,22,down,KeyT,1791375419547.2,71507,t
P03,S02,22,up,KeyT,1791375419640.6,71507,t
P03,S02,22,down,Space,1791375419659.3,71508, 
P03,S02,22,up,Space,1791375419767.9,71508, 
P03,S02,22,down,KeyT,1791375419799,71509,t
P03,S02,22,up,KeyT,1791375419908.8,71509,t
P03,S02,22,down,KeyA,1791375420018.7,71510,a
P03,S02,22,down,KeyR,1791375420121.5,71511,r
P03,S02,22,up,KeyA,1791375420124.7,71510,a
P03,S02,22,up,KeyR,1791375420222.3,71511,r
P03,S02,22,down,KeyT,1791375420335.5,71512,t
P03,S02,22,up,KeyT,1791375420435.2,71512,t
P03,S02,22,down,KeyS,1791375420499.5,71513,s
P03,S02,22,up,KeyS,1791375420616.7,71513,s
P03,S02,22,down,Enter,1791375420685.4,71514,Enter
P03,S02,22,up,Enter,1791375420773.5,71514,Enter
P03,S02,23,down,KeyI,1791375429716,71515,i
P03,S02,23,down,Space,1791375429785.6,71516, 
P03,S02,23,up,KeyI,1791375429873.5,71515,i
P03,S02,23,up,Space,1791375429915.7,71516, 
P03,S02,23,down,KeyL,1791375430017.1,71517,l
P03,S02,23,up,KeyL,1791375430106.6,71517,l
P03,S02,23,down,KeyI,1791375430172.7,71518,i
P03,S02,23,up,KeyI,1791375430225.1,71518,i
P03,S02,23,down,KeyK,1791375430320.3,71519,k
P03,S02,23,down,KeyE,1791375430382.7,71520,e
P03,S02,23,up,KeyK,1791375430400.5,71519,k
P03,S02,23,down,Space,1791375430482.8,71521, 
P03,S02,23,up,KeyE,1791375430500,71520,e
P03,S02,23,up,Space,1791375430583.7,71521, 
P03,S02,23,down,KeyA,1791375430650.1,71522,a
P03,S02,23,up,KeyA,1791375430755.4,71522,a
P03,S02,23,down,KeyL,1791375430765.3,71523,l
P03,S02,23,up,KeyL,1791375430815.2,71523,l
P03,S02,23,down,KeyL,1791375430888.7,71524,l
P03,S02,23,up,KeyL,1791375430981.7,71524,l
P03,S02,23,down,ShiftLeft,1791375431765.9,71525,Shift
P03,S02,23,down,Semicolon,1791375432065.7,71526,:
P03,S02,23,up,ShiftLeft,1791375432182.5,71525,Shift
P03,S02,23,down,Space,1791375432183.2,71527, 
P03,S02,23,up,Semicolon,1791375432207.3,71526,:
P03,S02,23,up,Space,1791375432292.6,71527, 
P03,S02,23,down,KeyF,1791375432352.3,71528,f
P03,S02,23,up,KeyF,1791375432469.2,71528,f
P03,S02,23,down,KeyR,1791375432486.5,71529,r
P03,S02,23,up,KeyR,1791375432599.8,71529,r
P03,S02,23,down,KeyE,1791375432701.1,71530,e
P03,S02,23,up,KeyE,1791375432781.6,71530,e
P03,S02,23,down,KeyS,1791375432881.7,71531,s
P03,S02,23,up,KeyS,1791375432986,71531,s
P03,S02,23,down,KeyH,1791375433000.4,71532,h
P03,S02,23,down,Space,1791375433051.6,71533, 
P03,S02,23,up,KeyH,1791375433078.1,71532,h
P03,S02,23,up,Space,1791375433153.9,71533, 
P03,S02,23,down,KeyB,1791375433216,71534,b
P03,S02,23,down,KeyE,1791375433254.5,71535,e
P03,S02,23,up,KeyB,1791375433290.8,71534,b
P03,S02,23,up,KeyE,1791375433359.1,71535,e
P03,S02,23,down,KeyR,1791375433416.4,71536,r
P03,S02,23,up,KeyR,1791375433484.3,71536,r
P03,S02,23,down,KeyR,1791375433600,71537,r
P03,S02,23,up,KeyR,1791375433666.3,71537,r
P03,S02,23,down,KeyI,1791375433733,71538,i
P03,S02,23,up,KeyI,1791375433818,71538,i
P03,S02,23,down,KeyE,1791375433990.7,71539,e
P03,S02,23,down,KeyS,1791375434090.6,71540,s
P03,S02,23,up,KeyE,1791375434122.3,71539,e
P03,S02,23,up,KeyS,1791375434223,71540,s
P03,S02,23,down,Comma,1791375434552.5,71541,","
P03,S02,23,up,Comma,1791375434649.9,71541,","
P03,S02,23,down,Space,1791375434775.9,71542, 
P03,S02,23,up,Space,1791375434838.9,71542, 
P03,S02,23,down,KeyT,1791375434879.6,71543,t
P03,S02,23,up,KeyT,1791375434982,71543,t
P03,S02,23,down,KeyA,1791375435069.8,71544,a
P03,S02,23,down,KeyR,1791375435170,71545,r
P03,S02,23,up,KeyA,1791375435218.1,71544,a
P03,S02,23,up,KeyR,1791375435274.9,71545,r
P03,S02,23,down,KeyT,1791375435398.4,71546,t
P03,S02,23,up,KeyT,1791375435482.3,71546,t
P03,S02,23,down,Space,1791375435556.4,71547, 
P03,S02,23,up,Space,1791375435650,71547, 
P03,S02,23,down,KeyL,1791375435716.3,71548,l
P03,S02,23,down,KeyE,1791375435773.4,71549,e
P03,S02,23,up,KeyL,1791375435809.4,71548,l
P03,S02,23,down,KeyS,1791375435881.6,71550,s
P03,S02,23,up,KeyE,1791375435900.7,71549,e
P03,S02,23,up,KeyS,1791375435985.9,71550,s
P03,S02,23,down,Backspace,1791375436167,71551,Backspace
P03,S02,23,up,Backspace,1791375436218.3,71551,Backspace
P03,S02,23,down,KeyM,1791375436499.4,71552,m
P03,S02,23,up,KeyM,1791375436666.3,71552,m
P03,S02,23,down,KeyO,1791375436849.3,71553,o
P03,S02,23,up,KeyO,1791375436939.8,71553,o
P03,S02,23,down,KeyN,1791375437116.8,71554,n
P03,S02,23,up,KeyN,1791375437168.7,71554,n
P03,S02,23,down,Comma,1791375437366.7,71555,","
P03,S02,23,up,Comma,1791375437440.5,71555,","
P03,S02,23,down,Space,1791375437599,71556, 
P03,S02,23,up,Space,1791375437673.3,71556, 
P03,S02,23,down,KeyR,1791375437901,71557,r
P03,S02,23,up,KeyR,1791375437989.7,71557,r
P03,S02,23,down,KeyA,1791375438091.2,71558,a
P03,S02,23,up,KeyA,1791375438241.1,71558,a
P03,S02,23,down,KeyS,1791375438284.4,71559,s
P03,S02,23,down,KeyP,1791375438406.1,71560,p
P03,S02,23,up,KeyS,1791375438441.7,71559,s
P03,S02,23,up,KeyP,1791375438533.7,71560,p
P03,S02,23,down,KeyB,1791375438719.9,71561,b
P03,S02,23,up,KeyB,1791375438788.1,71561,b
P03,S02,23,down,KeyE,1791375438791.4,71562,e
P03,S02,23,down,KeyR,1791375438900.3,71563,r
P03,S02,23,up,KeyE,1791375438951,71562,e
P03,S02,23,up,KeyR,1791375438999.3,71563,r
P03,S02,23,down,KeyR,1791375439073.5,71564,r
P03,S02,23,down,KeyI,1791375439151.5,71565,i
P03,S02,23,up,KeyR,1791375439186.5,71564,r
P03,S02,23,down,KeyE,1791375439215.2,71566,e
P03,S02,23,up,KeyI,1791375439266.2,71565,i
P03,S02,23,down,KeyS,1791375439366.3,71567,s
P03,S02,23,up,KeyE,1791375439406.4,71566,e
P03,S02,23,up,KeyS,1791375439500.5,71567,s
P03,S02,23,down,Comma,1791375439866.5,71568,","
P03,S02,23,up,Comma,1791375439950.4,71568,","
P03,S02,23,down,Space,1791375440115.6,71569, 
P03,S02,23,up,Space,1791375440199.9,71569, 
P03,S02,23,down,KeyO,1791375440833.7,71570,o
P03,S02,23,up,KeyO,1791375440933.1,71570,o
P03,S02,23,down,KeyR,1791375440954.8,71571,r
P03,S02,23,up,KeyR,1791375441033.7,71571,r
P03,S02,23,down,Space,1791375441040.8,71572, 
P03,S02,23,up,Space,1791375441172.4,71572, 
P03,S02,23,down,KeyM,1791375441502,71573,m
P03,S02,23,down,KeyI,1791375441605,71574,i
P03,S02,23,up,KeyM,1791375441621.2,71573,m
P03,S02,23,up,KeyI,1791375441725.7,71574,i
P03,S02,23,down,KeyX,1791375441820.1,71575,x
P03,S02,23,up,KeyX,1791375441916.4,71575,x
P03,S02,23,down,KeyE,1791375442055.1,71576,e
P03,S02,23,down,KeyD,1791375442138.5,71577,d
P03,S02,23,up,KeyE,1791375442186.7,71576,e
P03,S02,23,down,Space,1791375442242.6,71578, 
P03,S02,23,up,KeyD,1791375442258.1,71577,d
P03,S02,23,up,Space,1791375442336,71578, 
P03,S02,23,down,KeyF,1791375442398.6,71579,f
P03,S02,23,down,KeyR,1791375442484.3,71580,r
P03,S02,23,up,KeyF,1791375442503.9,71579,f
P03,S02,23,down,KeyU,1791375442566.5,71581,u
P03,S02,23,up,KeyR,1791375442599,71580,r
P03,S02,23,down,KeyI,1791375442635.8,71582,i
P03,S02,23,up,KeyU,1791375442715.3,71581,u
P03,S02,23,down,KeyT,1791375442732,71583,t
P03,S02,23,up,KeyI,1791375442759.7,71582,i
P03,S02,23,up,KeyT,1791375442808.6,71583,t
P03,S02,23,down,KeyS,1791375442932.7,71584,s
P03,S02,23,up,KeyS,1791375443036,71584,s
P03,S02,23,down,Period,1791375443036.9,71585,.
P03,S02,23,up,Period,1791375443136.6,71585,.
P03,S02,23,down,Space,1791375443274.9,71586, 
P03,S02,23,up,Space,1791375443361.8,71586, 
P03,S02,23,down,KeyB,1791375443423,71587,b
P03,S02,23,down,KeyU,1791375443481.9,71588,u
P03,S02,23,up,KeyB,1791375443515,71587,b
P03,S02,23,down,KeyT,1791375443547.6,71589,t
P03,S02,23,up,KeyU,1791375443598.3,71588,u
P03,S02,23,down,Space,1791375443638.8,71590, 
P03,S02,23,up,KeyT,1791375443654.7,71589,t
P03,S02,23,up,Space,1791375443748.8,71590, 
P03,S02,23,down,KeyI,1791375443789,71591,i
P03,S02,23,down,Space,1791375443901.1,71592, 
P03,S02,23,up,KeyI,1791375443917.5,71591,i
P03,S02,23,up,Space,1791375444017.3,71592, 
P03,S02,23,down,KeyR,1791375444074,71593,r
P03,S02,23,down,KeyE,1791375444166.2,71594,e
P03,S02,23,up,KeyR,1791375444186.3,71593,r
P03,S02,23,up,KeyE,1791375444302.8,71594,e
P03,S02,23,down,KeyA,1791375444332.4,71595,a
P03,S02,23,up,KeyA,1791375444440.5,71595,a
P03,S02,23,down,Backspace,1791375444673.3,71596,Backspace
P03,S02,23,up,Backspace,1791375444729,71596,Backspace
P03,S02,23,down,Backspace,1791375444932.7,71597,Backspace
P03,S02,23,up,Backspace,1791375445004.3,71597,Backspace
P03,S02,23,down,Backspace,1791375445084.1,71598,Backspace
P03,S02,23,down,KeyE,1791375445117.7,71599,e
P03,S02,23,up,Backspace,1791375445123.5,71598,Backspace
P03,S02,23,down,KeyS,1791375445216.6,71600,s
P03,S02,23,up,KeyE,1791375445264.9,71599,e
P03,S02,23,up,KeyS,1791375445336.1,71600,s
P03,S02,23,down,KeyP,1791375445483.2,71601,p
P03,S02,23,up,KeyP,1791375445571,71601,p
P03,S02,23,down,KeyE,1791375445656.5,71602,e
P03,S02,23,up,KeyE,1791375445751.1,71602,e
P03,S02,23,down,KeyC,1791375445883.5,71603,c
P03,S02,23,down,KeyI,1791375445938,71604,i
P03,S02,23,up,KeyC,1791375446001.7,71603,c
P03,S02,23,up,KeyI,1791375446016.5,71604,i
P03,S02,23,down,KeyA,1791375446074.1,71605,a
P03,S02,23,down,KeyL,1791375446137.6,71606,l
P03,S02,23,up,KeyA,1791375446185.7,71605,a
P03,S02,23,up,KeyL,1791375446215.9,71606,l
P03,S02,23,down,KeyL,1791375446283.1,71607,l
P03,S02,23,up,KeyL,1791375446383.7,71607,l
P03,S02,23,down,KeyY,1791375446455.7,71608,y
P03,S02,23,down,Space,1791375446543.8,71609, 
P03,S02,23,up,KeyY,1791375446580.3,71608,y
P03,S02,23,up,Space,1791375446616.2,71609, 
P03,S02,23,down,KeyL,1791375446665.6,71610,l
P03,S02,23,up,KeyL,1791375446752.2,71610,l
P03,S02,23,down,KeyI,1791375446803.5,71611,i
P03,S02,23,up,KeyI,1791375446883.3,71611,i
P03,S02,23,down,KeyK,1791375446956.2,71612,k
P03,S02,23,down,KeyE,1791375446987.5,71613,e
P03,S02,23,up,KeyK,1791375447021.7,71612,k
P03,S02,23,up,KeyE,1791375447075.9,71613,e
P03,S02,23,down,Space,1791375447118,71614, 
P03,S02,23,up,Space,1791375447202.5,71614, 
P03,S02,23,down,KeyC,1791375447232,71615,c
P03,S02,23,up,KeyC,1791375447308.2,71615,c
P03,S02,23,down,KeyI,1791375447331.4,71616,i
P03,S02,23,up,KeyI,1791375447419.9,71616,i
P03,S02,23,down,KeyT,1791375447534.6,71617,t
P03,S02,23,up,KeyT,1791375447632.1,71617,t
P03,S02,23,down,KeyR,1791375447749.2,71618,r
P03,S02,23,down,KeyU,1791375447818.5,71619,u
P03,S02,23,up,KeyR,1791375447833,71618,r
P03,S02,23,up,KeyU,1791375447933.3,71619,u
P03,S02,23,down,KeyS,1791375447990.8,71620,s
P03,S02,23,down,Space,1791375448073.7,71621, 
P03,S02,23,up,KeyS,1791375448089.5,71620,s
P03,S02,23,up,Space,1791375448166.1,71621, 
P03,S02,23,down,KeyT,1791375448299.4,71622,t
P03,S02,23,up,KeyT,1791375448374.5,71622,t
P03,S02,23,down,KeyA,1791375448465.8,71623,a
P03,S02,23,up,KeyA,1791375448565.7,71623,a
P03,S02,23,down,KeyR,1791375448572.5,71624,r
P03,S02,23,up,KeyR,1791375448633.7,71624,r
P03,S02,23,down,KeyT,1791375448755.3,71625,t
P03,S02,23,up,KeyT,1791375448815.9,71625,t
P03,S02,23,down,KeyS,1791375448951.9,71626,s
P03,S02,23,up,KeyS,1791375449040.1,71626,s
P03,S02,23,down,Space,1791375449118.7,71627, 
P03,S02,23,up,Space,1791375449204,71627, 
P03,S02,23,down,Enter,1791375449583.7,71628,Enter
P03,S02,23,up,Enter,1791375449702.9,71628,Enter
P03,S02,24,down,KeyI,1791375460408.9,71629,i
P03,S02,24,down,Space,1791375460492.6,71630, 
P03,S02,24,up,KeyI,1791375460497.5,71629,i
P03,S02,24,up,Space,1791375460620.6,71630, 
P03,S02,24,down,KeyL,1791375461117.7,71631,l
P03,S02,24,up,KeyL,1791375461200.5,71631,l
P03,S02,24,down,KeyI,1791375461283.9,71632,i
P03,S02,24,up,KeyI,1791375461337.9,71632,i
P03,S02,24,down,KeyK,1791375461449.8,71633,k
P03,S02,24,down,KeyE,1791375461482.2,71634,e
P03,S02,24,up,KeyK,1791375461505.2,71633,k
P03,S02,24,up,KeyE,1791375461589.6,71634,e
P03,S02,24,down,Space,1791375461598,71635, 
P03,S02,24,up,Space,1791375461670,71635, 
P03,S02,24,down,KeyS,1791375461733,71636,s
P03,S02,24,down,KeyU,1791375461782.4,71637,u
P03,S02,24,up,KeyS,1791375461835.1,71636,s
P03,S02,24,down,KeyN,1791375461850.5,71638,n
P03,S02,24,up,KeyU,1791375461900.3,71637,u
P03,S02,24,down,KeyD,1791375461939.6,71639,d
P03,S02,24,up,KeyN,1791375461947.8,71638,n
P03,S02,24,down,KeyA,1791375462015.4,71640,a
P03,S02,24,up,KeyD,1791375462046.8,71639,d
P03,S02,24,down,KeyY,1791375462087.9,71641,y
P03,S02,24,up,KeyA,1791375462139.2,71640,a
P03,S02,24,down,Space,1791375462165.7,71642, 
P03,S02,24,up,KeyY,1791375462199.5,71641,y
P03,S02,24,up,Space,1791375462255.6,71642, 
P03,S02,24,down,KeyM,1791375462400.8,71643,m
P03,S02,24,up,KeyM,1791375462475.1,71643,m
P03,S02,24,down,KeyA,1791375462480.5,71644,a
P03,S02,24,up,KeyA,1791375462607.3,71644,a
P03,S02,24,down,KeyR,1791375462607.6,71645,r
P03,S02,24,up,KeyR,1791375462719.2,71645,r
P03,S02,24,down,KeyK,1791375462722.8,71646,k
P03,S02,24,down,KeyE,1791375462801.1,71647,e
P03,S02,24,up,KeyK,1791375462801.1,71646,k
P03,S02,24,down,KeyT,1791375462923.5,71648,t
P03,S02,24,up,KeyE,1791375462948.8,71647,e
P03,S02,24,up,KeyT,1791375463035.6,71648,t
P03,S02,24,down,KeyS,1791375463133.5,71649,s
P03,S02,24,down,Space,1791375463231.9,71650, 
P03,S02,24,up,KeyS,1791375463241.5,71649,s
P03,S02,24,up,Space,1791375463321.8,71650, 
P03,S02,24,down,KeyL,1791375463469.8,71651,l
P03,S02,24,up,KeyL,1791375463545.9,71651,l
P03,S02,24,down,KeyI,1791375463633.9,71652,i
P03,S02,24,up,KeyI,1791375463686,71652,i
P03,S02,24,down,KeyK,1791375463782.7,71653,k
P03,S02,24,down,KeyE,1791375463808.4,71654,e
P03,S02,24,up,KeyK,1791375463859.3,71653,k
P03,S02,24,up,KeyE,1791375463915.9,71654,e
P03,S02,24,down,Space,1791375463932.5,71655, 
P03,S02,24,up,Space,1791375464032.6,71655, 
P03,S02,24,down,KeyT,1791375464049.2,71656,t
P03,S02,24,up,KeyT,1791375464181.7,71656,t
P03,S02,24,down,KeyH,1791375464624,71657,h
P03,S02,24,down,KeyE,1791375464683.5,71658,e
P03,S02,24,up,KeyH,1791375464699.7,71657,h
P03,S02,24,down,Space,1791375464820.2,71659, 
P03,S02,24,up,KeyE,1791375464823.8,71658,e
P03,S02,24,up,Space,1791375464900.3,71659, 
P03,S02,24,down,KeyS,1791375464972.6,71660,s
P03,S02,24,down,KeyU,1791375465049.1,71661,u
P03,S02,24,up,KeyS,1791375465108.3,71660,s
P03,S02,24,down,KeyN,1791375465116.4,71662,n
P03,S02,24,up,KeyU,1791375465168,71661,u
P03,S02,24,down,KeyD,1791375465215.9,71663,d
P03,S02,24,up,KeyN,1791375465232.6,71662,n
P03,S02,24,down,KeyA,1791375465352.3,71664,a
P03,S02,24,up,KeyD,1791375465365.1,71663,d
P03,S02,24,down,KeyY,1791375465388.3,71665,y
P03,S02,24,down,Space,1791375465468.5,71666, 
P03,S02,24,up,KeyA,1791375465484,71664,a
P03,S02,24,up,KeyY,1791375465498.8,71665,y
P03,S02,24,up,Space,1791375465566.1,71666, 
P03,S02,24,down,KeyM,1791375465674.1,71667,m
P03,S02,24,down,KeyA,1791375465733.1,71668,a
P03,S02,24,up,KeyM,1791375465765.4,71667,m
P03,S02,24,down,KeyR,1791375465825.4,71669,r
P03,S02,24,up,KeyA,1791375465849.6,71668,a
P03,S02,24,down,KeyK,1791375465925.3,71670,k
P03,S02,24,up,KeyR,1791375465951,71669,r
P03,S02,24,up,KeyK,1791375466000.6,71670,k
P03,S02,24,down,KeyE,1791375466004.8,71671,e
P03,S02,24,up,KeyE,1791375466133.2,71671,e
P03,S02,24,down,KeyT,1791375466133.6,71672,t
P03,S02,24,up,KeyT,1791375466253.8,71672,t
P03,S02,24,down,KeyS,1791375466275.5,71673,s
P03,S02,24,down,Space,1791375466364.8,71674, 
P03,S02,24,up,KeyS,1791375466415.4,71673,s
P03,S02,24,up,Space,1791375466464.8,71674, 
P03,S02,24,down,KeyI,1791375466470.9,71675,i
P03,S02,24,down,KeyN,1791375466600.1,71676,n
P03,S02,24,up,KeyI,1791375466632.7,71675,i
P03,S02,24,down,Space,1791375466666.7,71677, 
P03,S02,24,up,KeyN,1791375466691.1,71676,n
P03,S02,24,up,Space,1791375466747.4,71677, 
P03,S02,24,down,KeyL,1791375466809.2,71678,l
P03,S02,24,up,KeyL,1791375466898.2,71678,l
P03,S02,24,down,KeyY,1791375467016.5,71679,y
P03,S02,24,down,KeyO,1791375467108.3,71680,o
P03,S02,24,up,KeyY,1791375467115.9,71679,y
P03,S02,24,down,KeyN,1791375467166,71681,n
P03,S02,24,up,KeyO,1791375467216,71680,o
P03,S02,24,up,KeyN,1791375467264.1,71681,n
P03,S02,24,down,Period,1791375467453.2,71682,.
P03,S02,24,up,Period,1791375467534,71682,.
P03,S02,24,down,Space,1791375467683.8,71683, 
P03,S02,24,up,Space,1791375467770.3,71683, 
P03,S02,24,down,KeyW,1791375469434.9,71684,w
P03,S02,24,down,KeyH,1791375469534.8,71685,h
P03,S02,24,up,KeyW,1791375469535.8,71684,w
P03,S02,24,up,KeyH,1791375469607,71685,h
P03,S02,24,down,KeyE,1791375469724.3,71686,e
P03,S02,24,down,KeyR,1791375469819.5,71687,r
P03,S02,24,up,KeyE,1791375469863.4,71686,e
P03,S02,24,up,KeyR,1791375469960.7,71687,r
P03,S02,24,down,KeyE,1791375469963,71688,e
P03,S02,24,down,Space,1791375470065.1,71689, 
P03,S02,24,up,KeyE,1791375470079.8,71688,e
P03,S02,24,up,Space,1791375470152.1,71689, 
P03,S02,24,down,KeyT,1791375470269.2,71690,t
P03,S02,24,down,KeyH,1791375470357.2,71691,h
P03,S02,24,up,KeyT,1791375470368.9,71690,t
P03,S02,24,up,KeyH,1791375470437.3,71691,h
P03,S02,24,down,KeyE,1791375470455.4,71692,e
P03,S02,24,up,KeyE,1791375470570.9,71692,e
P03,S02,24,down,Space,1791375470572,71693, 
P03,S02,24,up,Space,1791375470647.8,71693, 
P03,S02,24,down,KeyF,1791375470723.8,71694,f
P03,S02,24,up,KeyF,1791375470818.1,71694,f
P03,S02,24,down,KeyA,1791375470819.1,71695,a
P03,S02,24,down,KeyR,1791375470967.2,71696,r
P03,S02,24,up,KeyA,1791375470983.6,71695,a
P03,S02,24,down,KeyM,1791375471082.6,71697,m
P03,S02,24,up,KeyR,1791375471086.8,71696,r
P03,S02,24,up,KeyM,1791375471171.7,71697,m
P03,S02,24,down,KeyE,1791375471190.8,71698,e
P03,S02,24,down,KeyR,1791375471273.6,71699,r
P03,S02,24,up,KeyE,1791375471299.4,71698,e
P03,S02,24,up,KeyR,1791375471382.2,71699,r
P03,S02,24,down,KeyS,1791375471417.9,71700,s
P03,S02,24,up,KeyS,1791375471534,71700,s
P03,S02,24,down,Space,1791375471543,71701, 
P03,S02,24,up,Space,1791375471623.3,71701, 
P03,S02,24,down,KeyS,1791375471665.5,71702,s
P03,S02,24,down,KeyE,1791375471782.6,71703,e
P03,S02,24,up,KeyS,1791375471834,71702,s
P03,S02,24,down,KeyL,1791375471900.8,71704,l
P03,S02,24,up,KeyE,1791375471917,71703,e
P03,S02,24,up,KeyL,1791375471946.1,71704,l
P03,S02,24,down,KeyL,1791375472035.2,71705,l
P03,S02,24,down,Space,1791375472101.1,71706, 
P03,S02,24,up,KeyL,1791375472119.4,71705,l
P03,S02,24,down,KeyF,1791375472208.2,71707,f
P03,S02,24,up,Space,1791375472233.8,71706, 
P03,S02,24,down,KeyR,1791375472307.5,71708,r
P03,S02,24,up,KeyF,1791375472316.3,71707,f
P03,S02,24,up,KeyR,1791375472419.8,71708,r
P03,S02,24,down,KeyE,1791375472516.4,71709,e
P03,S02,24,down,KeyS,1791375472646.9,71710,s
P03,S02,24,up,KeyE,1791375472648.6,71709,e
P03,S02,24,up,KeyS,1791375472781.9,71710,s
P03,S02,24,down,KeyH,1791375472799.2,71711,h
P03,S02,24,down,Space,1791375472875.4,71712, 
P03,S02,24,up,KeyH,1791375472903.7,71711,h
P03,S02,24,up,Space,1791375473000.1,71712, 
P03,S02,24,down,KeyP,1791375473267.9,71713,p
P03,S02,24,up,KeyP,1791375473366.2,71713,p
P03,S02,24,down,KeyR,1791375473367.3,71714,r
P03,S02,24,up,KeyR,1791375473451.4,71714,r
P03,S02,24,down,KeyO,1791375473498.7,71715,o
P03,S02,24,up,KeyO,1791375473591.4,71715,o
P03,S02,24,down,KeyD,1791375473638.3,71716,d
P03,S02,24,up,KeyD,1791375473706,71716,d
P03,S02,24,down,KeyU,1791375473743.8,71717,u
P03,S02,24,up,KeyU,1791375473852,71717,u
P03,S02,24,down,KeyC,1791375473885.8,71718,c
P03,S02,24,up,KeyC,1791375473966.2,71718,c
P03,S02,24,down,KeyE,1791375474037.2,71719,e
P03,S02,24,down,Space,1791375474150.4,71720, 
P03,S02,24,up,KeyE,1791375474166.9,71719,e
P03,S02,24,up,Space,1791375474250.1,71720, 
P03,S02,24,down,KeyA,1791375474338.4,71721,a
P03,S02,24,down,KeyN,1791375474470.2,71722,n
P03,S02,24,up,KeyN,1791375474537.9,71722,n
P03,S02,24,up,KeyA,1791375474599.6,71721,a
P03,S02,24,down,KeyD,1791375474599.6,71723,d
P03,S02,24,down,Space,1791375474716.5,71724, 
P03,S02,24,up,KeyD,1791375474721.6,71723,d
P03,S02,24,up,Space,1791375474803,71724, 
P03,S02,24,down,Backspace,1791375476117.4,71725,Backspace
P03,S02,24,up,Backspace,1791375476200.4,71725,Backspace
P03,S02,24,down,Backspace,1791375476292.1,71726,Backspace
P03,S02,24,up,Backspace,1791375476365.9,71726,Backspace
P03,S02,24,down,Backspace,1791375476434.5,71727,Backspace
P03,S02,24,up,Backspace,1791375476502.3,71727,Backspace
P03,S02,24,down,Backspace,1791375476583.7,71728,Backspace
P03,S02,24,up,Backspace,1791375476624.7,71728,Backspace
P03,S02,24,down,Backspace,1791375476708,71729,Backspace
P03,S02,24,up,Backspace,1791375476775.1,71729,Backspace
P03,S02,24,down,Period,1791375477356.5,71730,.
P03,S02,24,up,Period,1791375477441.1,71730,.
P03,S02,24,down,Space,1791375477637.4,71731, 
P03,S02,24,up,Space,1791375477749.1,71731, 
P03,S02,24,down,KeyI,1791375478303,71732,i
P03,S02,24,down,Space,1791375478381.5,71733, 
P03,S02,24,up,KeyI,1791375478418.5,71732,i
P03,S02,24,down,KeyA,1791375478480.6,71734,a
P03,S02,24,up,Space,1791375478483.6,71733, 
P03,S02,24,up,KeyA,1791375478619.1,71734,a
P03,S02,24,down,KeyL,1791375478673.8,71735,l
P03,S02,24,up,KeyL,1791375478774,71735,l
P03,S02,24,down,KeyS,1791375478865.2,71736,s
P03,S02,24,down,KeyO,1791375478942.6,71737,o
P03,S02,24,up,KeyS,1791375478982.6,71736,s
P03,S02,24,up,KeyO,1791375479050.3,71737,o
P03,S02,24,down,Space,1791375479067,71738, 
P03,S02,24,up,Space,1791375479181.7,71738, 
P03,S02,24,down,KeyL,1791375479334.5,71739,l
P03,S02,24,up,KeyL,1791375479399.3,71739,l
P03,S02,24,down,KeyI,1791375479538.2,71740,i
P03,S02,24,up,KeyI,1791375479569.9,71740,i
P03,S02,24,down,KeyK,1791375479703.7,71741,k
P03,S02,24,up,KeyK,1791375479768.2,71741,k
P03,S02,24,down,KeyE,1791375479906.2,71742,e
P03,S02,24,down,Space,1791375479999.3,71743, 
P03,S02,24,up,KeyE,1791375480034.7,71742,e
P03,S02,24,up,Space,1791375480122.5,71743, 
P03,S02,24,down,KeyC,1791375480289.1,71744,c
P03,S02,24,down,KeyH,1791375480366.6,71745,h
P03,S02,24,up,KeyC,1791375480388.9,71744,c
P03,S02,24,up,KeyH,1791375480433.2,71745,h
P03,S02,24,down,KeyE,1791375480502.6,71746,e
P03,S02,24,up,KeyE,1791375480651.5,71746,e
P03,S02,24,down,KeyA,1791375480666.1,71747,a
P03,S02,24,down,KeyP,1791375480719.9,71748,p
P03,S02,24,up,KeyA,1791375480786.9,71747,a
P03,S02,24,down,Space,1791375480800,71749, 
P03,S02,24,up,KeyP,1791375480850.9,71748,p
P03,S02,24,up,Space,1791375480907.6,71749, 
P03,S02,24,down,KeyS,1791375481016.7,71750,s
P03,S02,24,down,KeyH,1791375481091.4,71751,h
P03,S02,24,up,KeyS,1791375481149.7,71750,s
P03,S02,24,down,KeyO,1791375481198.4,71752,o
P03,S02,24,up,KeyH,1791375481215.7,71751,h
P03,S02,24,up,KeyO,1791375481333.2,71752,o
P03,S02,24,down,KeyP,1791375481407.3,71753,p
P03,S02,24,down,KeyS,1791375481502.6,71754,s
P03,S02,24,up,KeyP,1791375481513,71753,p
P03,S02,24,down,Space,1791375481598.9,71755, 
P03,S02,24,up,KeyS,1791375481631,71754,s
P03,S02,24,up,Space,1791375481692.5,71755, 
P03,S02,24,down,KeyL,1791375481716.6,71756,l
P03,S02,24,up,KeyL,1791375481806.5,71756,l
P03,S02,24,down,KeyI,1791375481849.1,71757,i
P03,S02,24,up,KeyI,1791375481904.9,71757,i
P03,S02,24,down,KeyK,1791375482016,71758,k
P03,S02,24,down,KeyE,1791375482049.9,71759,e
P03,S02,24,up,KeyK,1791375482066.6,71758,k
P03,S02,24,up,KeyE,1791375482158.8,71759,e
P03,S02,24,down,Space,1791375482225.3,71760, 
P03,S02,24,up,Space,1791375482342.4,71760, 
P03,S02,24,down,KeyC,1791375482765.8,71761,c
P03,S02,24,up,KeyC,1791375482866.3,71761,c
P03,S02,24,down,KeyA,1791375483055.8,71762,a
P03,S02,24,down,KeyR,1791375483151.6,71763,r
P03,S02,24,up,KeyA,1791375483183,71762,a
P03,S02,24,up,KeyR,1791375483272.1,71763,r
P03,S02,24,down,KeyE,1791375483333.4,71764,e
P03,S02,24,up,KeyE,1791375483377.9,71764,e
P03,S02,24,down,Backspace,1791375483838.8,71765,Backspace
P03,S02,24,up,Backspace,1791375483915.7,71765,Backspace
P03,S02,24,down,KeyR,1791375483941.2,71766,r
P03,S02,24,up,KeyR,1791375484050,71766,r
P03,S02,24,down,KeyE,1791375484135.3,71767,e
P03,S02,24,up,KeyE,1791375484271.3,71767,e
P03,S02,24,down,KeyF,1791375484850.8,71768,f
P03,S02,24,up,KeyF,1791375484971.3,71768,f
P03,S02,24,down,KeyO,1791375484974.2,71769,o
P03,S02,24,down,KeyU,1791375485066.3,71770,u
P03,S02,24,up,KeyO,1791375485118.7,71769,o
P03,S02,24,down,KeyR,1791375485150.8,71771,r
P03,S02,24,up,KeyU,1791375485158.9,71770,u
P03,S02,24,up,KeyR,1791375485251,71771,r
P03,S02,24,down,Comma,1791375485352.1,71772,","
P03,S02,24,up,Comma,1791375485436.9,71772,","
P03,S02,24,down,Space,1791375485587.2,71773, 
P03,S02,24,up,Space,1791375485666.2,71773, 
P03,S02,24,down,Backspace,1791375486290.6,71774,Backspace
P03,S02,24,up,Backspace,1791375486333.5,71774,Backspace
P03,S02,24,down,Backspace,1791375486421.2,71775,Backspace
P03,S02,24,up,Backspace,1791375486501.4,71775,Backspace
P03,S02,24,down,Space,1791375486648.4,71776, 
P03,S02,24,up,Space,1791375486740.6,71776, 
P03,S02,24,down,KeyO,1791375486848.2,71777,o
P03,S02,24,down,KeyR,1791375486935.5,71778,r
P03,S02,24,up,KeyO,1791375486956.4,71777,o
P03,S02,24,down,Space,1791375487040.3,71779, 
P03,S02,24,up,KeyR,1791375487049.7,71778,r
P03,S02,24,up,Space,1791375487133,71779, 
P03,S02,24,down,KeyT,1791375487201.8,71780,t
P03,S02,24,down,KeyH,1791375487283.1,71781,h
P03,S02,24,up,KeyT,1791375487314.7,71780,t
P03,S02,24,up,KeyH,1791375487367.4,71781,h
P03,S02,24,down,KeyE,1791375487425.3,71782,e
P03,S02,24,down,Space,1791375487485.5,71783, 
P03,S02,24,up,KeyE,1791375487513.4,71782,e
P03,S02,24,up,Space,1791375487565.9,71783, 
P03,S02,24,down,KeyD,1791375487609.1,71784,d
P03,S02,24,down,KeyO,1791375487699.8,71785,o
P03,S02,24,up,KeyD,1791375487717,71784,d
P03,S02,24,up,KeyO,1791375487753.7,71785,o
P03,S02,24,down,KeyL,1791375487873.6,71786,l
P03,S02,24,up,KeyL,1791375487942.1,71786,l
P03,S02,24,down,KeyL,1791375488005.7,71787,l
P03,S02,24,down,KeyA,1791375488031.3,71788,a
P03,S02,24,up,KeyL,1791375488088.8,71787,l
P03,S02,24,down,KeyR,1791375488183.7,71789,r
P03,S02,24,up,KeyA,1791375488184.9,71788,a
P03,S02,24,up,KeyR,1791375488289.4,71789,r
P03,S02,24,down,Space,1791375488300.9,71790, 
P03,S02,24,up,Space,1791375488435.3,71790, 
P03,S02,24,down,KeyS,1791375488497.9,71791,s
P03,S02,24,up,KeyS,1791375488570.7,71791,s
P03,S02,24,down,KeyT,1791375488706.9,71792,t
P03,S02,24,down,KeyO,1791375488801.2,71793,o
P03,S02,24,up,KeyT,1791375488812.5,71792,t
P03,S02,24,up,KeyO,1791375488899,71793,o
P03,S02,24,down,KeyR,1791375488966.5,71794,r
P03,S02,24,down,KeyE,1791375489004.7,71795,e
P03,S02,24,up,KeyR,1791375489045.5,71794,r
P03,S02,24,down,Space,1791375489100.7,71796, 
P03,S02,24,up,KeyE,1791375489136.4,71795,e
P03,S02,24,up,Space,1791375489200.8,71796, 
P03,S02,24,down,KeyO,1791375489264.4,71797,o
P03,S02,24,up,KeyO,1791375489348.6,71797,o
P03,S02,24,down,KeyR,1791375489391.1,71798,r
P03,S02,24,up,KeyR,1791375489468.8,71798,r
P03,S02,24,down,Space,1791375489480.7,71799, 
P03,S02,24,up,Space,1791375489581.7,71799, 
P03,S02,24,down,KeyT,1791375490216.9,71800,t
P03,S02,24,down,KeyH,1791375490300.5,71801,h
P03,S02,24,up,KeyT,1791375490340.5,71800,t
P03,S02,24,down,KeyI,1791375490414.3,71802,i
P03,S02,24,up,KeyH,1791375490420.4,71801,h
P03,S02,24,up,KeyI,1791375490509.1,71802,i
P03,S02,24,down,KeyS,1791375490515.4,71803,s
P03,S02,24,down,Space,1791375490572.4,71804, 
P03,S02,24,up,KeyS,1791375490609,71803,s
P03,S02,24,up,Space,1791375490685,71804, 
P03,S02,24,down,KeyS,1791375490720.9,71805,s
P03,S02,24,down,KeyH,1791375490734.8,71806,h
P03,S02,24,up,KeyH,1791375490865.8,71806,h
P03,S02,24,up,KeyS,1791375490868.8,71805,s
P03,S02,24,down,KeyI,1791375490935.1,71807,i
P03,S02,24,up,KeyI,1791375491007.9,71807,i
P03,S02,24,down,Backspace,1791375491316.2,71808,Backspace
P03,S02,24,up,Backspace,1791375491432.2,71808,Backspace
P03,S02,24,down,KeyO,1791375491548.9,71809,o
P03,S02,24,down,KeyP,1791375491649.7,71810,p
P03,S02,24,up,KeyO,1791375491686.6,71809,o
P03,S02,24,up,KeyP,1791375491739.5,71810,p
P03,S02,24,down,Space,1791375491853,71811, 
P03,S02,24,up,Space,1791375491937.5,71811, 
P03,S02,24,down,KeyC,1791375491951.9,71812,c
P03,S02,24,up,KeyC,1791375492049.7,71812,c
P03,S02,24,down,KeyA,1791375492102.6,71813,a
P03,S02,24,down,KeyL,1791375492167.5,71814,l
P03,S02,24,up,KeyA,1791375492219.4,71813,a
P03,S02,24,up,KeyL,1791375492249.4,71814,l
P03,S02,24,down,KeyL,1791375492337.1,71815,l
P03,S02,24,down,KeyE,1791375492366.3,71816,e
P03,S02,24,up,KeyL,1791375492409.3,71815,l
P03,S02,24,down,KeyD,1791375492465.8,71817,d
P03,S02,24,up,KeyE,1791375492504.5,71816,e
P03,S02,24,down,Space,1791375492505.3,71818, 
P03,S02,24,up,KeyD,1791375492588.8,71817,d
P03,S02,24,down,KeyN,1791375492636.4,71819,n
P03,S02,24,up,Space,1791375492698.1,71818, 
P03,S02,24,down,KeyO,1791375492768.7,71820,o
P03,S02,24,up,KeyN,1791375492788.5,71819,n
P03,S02,24,down,KeyR,1791375492873.4,71821,r
P03,S02,24,up,KeyO,1791375492900.2,71820,o
P03,S02,24,up,KeyR,1791375492969.5,71821,r
P03,S02,24,down,KeyM,1791375493020.8,71822,m
P03,S02,24,up,KeyM,1791375493073.2,71822,m
P03,S02,24,down,KeyA,1791375493142.1,71823,a
P03,S02,24,up,KeyA,1791375493234.1,71823,a
P03,S02,24,down,KeyL,1791375493241.6,71824,l
P03,S02,24,down,Space,1791375493316.8,71825, 
P03,S02,24,up,KeyL,1791375493353.9,71824,l
P03,S02,24,up,Space,1791375493422.7,71825, 
P03,S02,24,down,Enter,1791375493504.8,71826,Enter
P03,S02,24,up,Enter,1791375493597.6,71826,Enter
P03,S02,25,down,CapsLock,1791375508154.1,71827,CapsLock
P03,S02,25,up,CapsLock,1791375508340.1,71827,CapsLock
P03,S02,25,down,KeyU,1791375508413.3,71828,u
P03,S02,25,up,KeyU,1791375508464.6,71828,u
P03,S02,25,down,KeyS,1791375509182.9,71829,s
P03,S02,25,up,KeyS,1791375509322.8,71829,s
P03,S02,25,down,KeyU,1791375509432.4,71830,u
P03,S02,25,up,KeyU,1791375509515.8,71830,u
P03,S02,25,down,KeyA,1791375509633.2,71831,a
P03,S02,25,down,KeyL,1791375509702.3,71832,l
P03,S02,25,up,KeyA,1791375509753.9,71831,a
P03,S02,25,up,KeyL,1791375509775,71832,l
P03,S02,25,down,KeyL,1791375509848.1,71833,l
P03,S02,25,up,KeyL,1791375509916.8,71833,l
P03,S02,25,down,KeyY,1791375510066.8,71834,y
P03,S02,25,down,Space,1791375510138.8,71835, 
P03,S02,25,down,KeyR,1791375510207,71836,r
P03,S02,25,up,KeyY,1791375510213.3,71834,y
P03,S02,25,up,Space,1791375510235.7,71835, 
P03,S02,25,up,KeyR,1791375510318.8,71836,r
P03,S02,25,down,KeyA,1791375510357.4,71837,a
P03,S02,25,down,KeyN,1791375510414.9,71838,n
P03,S02,25,up,KeyN,1791375510485.3,71838,n
P03,S02,25,down,KeyD,1791375510552.7,71839,d
P03,S02,25,up,KeyA,1791375510618.2,71837,a
P03,S02,25,down,KeyO,1791375510645.5,71840,o
P03,S02,25,up,KeyD,1791375510700.1,71839,d
P03,S02,25,down,KeyM,1791375510716.8,71841,m
P03,S02,25,up,KeyO,1791375510768.1,71840,o
P03,S02,25,up,KeyM,1791375510816.6,71841,m
P03,S02,25,down,Space,1791375510890.1,71842, 
P03,S02,25,down,KeyH,1791375510950.7,71843,h
P03,S02,25,up,Space,1791375511002.5,71842, 
P03,S02,25,down,KeyO,1791375511065.8,71844,o
P03,S02,25,up,KeyH,1791375511099,71843,h
P03,S02,25,down,KeyU,1791375511215.9,71845,u
P03,S02,25,down,KeyS,1791375511215.9,71846,s
P03,S02,25,up,KeyO,1791375511230.8,71844,o
P03,S02,25,up,KeyU,1791375511313.1,71845,u
P03,S02,25,down,KeyE,1791375511335,71847,e
P03,S02,25,up,KeyS,1791375511398.2,71846,s
P03,S02,25,down,KeyH,1791375511438,71848,h
P03,S02,25,up,KeyE,1791375511489.8,71847,e
P03,S02,25,up,KeyH,1791375511558.4,71848,h
P03,S02,25,down,KeyO,1791375511569.8,71849,o
P03,S02,25,up,KeyO,1791375511654.4,71849,o
P03,S02,25,down,KeyL,1791375511804.9,71850,l
P03,S02,25,up,KeyL,1791375511917.7,71850,l
P03,S02,25,down,KeyD,1791375511965.2,71851,d
P03,S02,25,down,Space,1791375512032.4,71852, 
P03,S02,25,up,KeyD,1791375512050.3,71851,d
P03,S02,25,up,Space,1791375512149.2,71852, 
P03,S02,25,down,KeyG,1791375512414.9,71853,g
P03,S02,25,down,KeyO,1791375512485.1,71854,o
P03,S02,25,up,KeyG,1791375512532.9,71853,g
P03,S02,25,up,KeyO,1791375512565.7,71854,o
P03,S02,25,down,KeyO,1791375512662.9,71855,o
P03,S02,25,up,KeyO,1791375512748.4,71855,o
P03,S02,25,down,KeyD,1791375512765.3,71856,d
P03,S02,25,up,KeyD,1791375512870.2,71856,d
P03,S02,25,down,Space,1791375513023.7,71857, 
P03,S02,25,up,Space,1791375513164.6,71857, 
P03,S02,25,down,Backspace,1791375513438.4,71858,Backspace
P03,S02,25,up,Backspace,1791375513547.3,71858,Backspace
P03,S02,25,down,KeyS,1791375513557.7,71859,s
P03,S02,25,up,KeyS,1791375513631.2,71859,s
P03,S02,25,down,Space,1791375513725.1,71860, 
P03,S02,25,up,Space,1791375513799.9,71860, 
P03,S02,25,down,KeyO,1791375515849.5,71861,o
P03,S02,25,up,KeyO,1791375515933.2,71861,o
P03,S02,25,down,KeyR,1791375515953.7,71862,r
P03,S02,25,up,KeyR,1791375516069.8,71862,r
P03,S02,25,down,Backspace,1791375516325.6,71863,Backspace
P03,S02,25,up,Backspace,1791375516401.7,71863,Backspace
P03,S02,25,down,Backspace,1791375516491.2,71864,Backspace
P03,S02,25,up,Backspace,1791375516602.9,71864,Backspace
P03,S02,25,down,KeyB,1791375516788.7,71865,b
P03,S02,25,up,KeyB,1791375516873.2,71865,b
P03,S02,25,down,KeyU,1791375516919.1,71866,u
P03,S02,25,down,KeyT,1791375516952.3,71867,t
P03,S02,25,up,KeyU,1791375517031.6,71866,u
P03,S02,25,up,KeyT,1791375517041.1,71867,t
P03,S02,25,down,Space,1791375517689.7,71868, 
P03,S02,25,up,Space,1791375517753.5,71868, 
P03,S02,25,down,KeyI,1791375517875.2,71869,i
P03,S02,25,down,Space,1791375517933.6,71870, 
P03,S02,25,up,KeyI,1791375517967.3,71869,i
P03,S02,25,up,Space,1791375518036.3,71870, 
P03,S02,25,down,KeyL,1791375518135.2,71871,l
P03,S02,25,up,KeyL,1791375518191.6,71871,l
P03,S02,25,down,KeyI,1791375518235.9,71872,i
P03,S02,25,up,KeyI,1791375518299.7,71872,i
P03,S02,25,down,KeyK,1791375518399.3,71873,k
P03,S02,25,down,KeyE,1791375518451.3,71874,e
P03,S02,25,up,KeyK,1791375518464.7,71873,k
P03,S02,25,down,Space,1791375518519.3,71875, 
P03,S02,25,up,KeyE,1791375518539.2,71874,e
P03,S02,25,up,Space,1791375518619.5,71875, 
P03,S02,25,down,KeyT,1791375518720.1,71876,t
P03,S02,25,down,KeyO,1791375518782.7,71877,o
P03,S02,25,up,KeyT,1791375518816,71876,t
P03,S02,25,down,Space,1791375518855.3,71878, 
P03,S02,25,up,KeyO,1791375518883.4,71877,o
P03,S02,25,up,Space,1791375518972.5,71878, 
P03,S02,25,down,KeyB,1791375519091.1,71879,b
P03,S02,25,up,KeyB,1791375519188.3,71879,b
P03,S02,25,down,KeyR,1791375519232.6,71880,r
P03,S02,25,up,KeyR,1791375519316.5,71880,r
P03,S02,25,down,KeyO,1791375519341,71881,o
P03,S02,25,down,KeyU,1791375519408.5,71882,u
P03,S02,25,up,KeyO,1791375519468.9,71881,o
P03,S02,25,up,KeyU,1791375519542.1,71882,u
P03,S02,25,down,Backspace,1791375520105.1,71883,Backspace
P03,S02,25,up,Backspace,1791375520181.9,71883,Backspace
P03,S02,25,down,Backspace,1791375520257.9,71884,Backspace
P03,S02,25,up,Backspace,1791375520334.1,71884,Backspace
P03,S02,25,down,KeyO,1791375521200.1,71885,o
P03,S02,25,up,KeyO,1791375521299.8,71885,o
P03,S02,25,down,KeyW,1791375521399.2,71886,w
P03,S02,25,up,KeyW,1791375521518.1,71886,w
P03,S02,25,down,KeyS,1791375521689.8,71887,s
P03,S02,25,down,KeyE,1791375521781.8,71888,e
P03,S02,25,up,KeyS,1791375521834.1,71887,s
P03,S02,25,down,Space,1791375521933,71889, 
P03,S02,25,up,KeyE,1791375521933.2,71888,e
P03,S02,25,up,Space,1791375522021.8,71889, 
P03,S02,25,down,KeyT,1791375522063.3,71890,t
P03,S02,25,down,KeyH,1791375522155.3,71891,h
P03,S02,25,up,KeyT,1791375522156.3,71890,t
P03,S02,25,up,KeyH,1791375522224,71891,h
P03,S02,25,down,KeyE,1791375522285,71892,e
P03,S02,25,down,KeyI,1791375522352.8,71893,i
P03,S02,25,up,KeyI,1791375522465.4,71893,i
P03,S02,25,down,KeyR,1791375522516.1,71894,r
P03,S02,25,up,KeyE,1791375522520.1,71892,e
P03,S02,25,down,Space,1791375522604.8,71895, 
P03,S02,25,up,KeyR,1791375522616.3,71894,r
P03,S02,25,up,Space,1791375522677.1,71895, 
P03,S02,25,down,KeyS,1791375522766,71896,s
P03,S02,25,down,KeyN,1791375522837.6,71897,n
P03,S02,25,up,KeyS,1791375522870.3,71896,s
P03,S02,25,up,KeyN,1791375522902,71897,n
P03,S02,25,down,KeyA,1791375522998.3,71898,a
P03,S02,25,up,KeyA,1791375523149.8,71898,a
P03,S02,25,down,KeyC,1791375523186.5,71899,c
P03,S02,25,down,KeyK,1791375523315.1,71900,k
P03,S02,25,up,KeyC,1791375523328,71899,c
P03,S02,25,up,KeyK,1791375523404.4,71900,k
P03,S02,25,down,KeyS,1791375523466.4,71901,s
P03,S02,25,down,Space,1791375523556.2,71902, 
P03,S02,25,up,KeyS,1791375523556.2,71901,s
P03,S02,25,up,Space,1791375523636.5,71902, 
P03,S02,25,down,KeyS,1791375523692.1,71903,s
P03,S02,25,down,KeyE,1791375523799.9,71904,e
P03,S02,25,up,KeyS,1791375523852.4,71903,s
P03,S02,25,up,KeyE,1791375523933.1,71904,e
P03,S02,25,down,KeyC,1791375524254.7,71905,c
P03,S02,25,up,KeyC,1791375524348.8,71905,c
P03,S02,25,down,KeyT,1791375524566.4,71906,t
P03,S02,25,down,KeyI,1791375524583.8,71907,i
P03,S02,25,up,KeyT,1791375524615.5,71906,t
P03,S02,25,down,KeyO,1791375524691.7,71908,o
P03,S02,25,up,KeyI,1791375524731.7,71907,i
P03,S02,25,up,KeyO,1791375524788,71908,o
P03,S02,25,down,KeyN,1791375524914.8,71909,n
P03,S02,25,down,Space,1791375525015.5,71910, 
P03,S02,25,up,KeyN,1791375525053.7,71909,n
P03,S02,25,up,Space,1791375525102.6,71910, 
P03,S02,25,down,KeyA,1791375525133.1,71911,a
P03,S02,25,down,KeyN,1791375525247.5,71912,n
P03,S02,25,down,KeyD,1791375525289.9,71913,d
P03,S02,25,up,KeyN,1791375525313.2,71912,n
P03,S02,25,up,KeyA,1791375525316.7,71911,a
P03,S02,25,down,Space,1791375525405.7,71914, 
P03,S02,25,up,KeyD,1791375525421.5,71913,d
P03,S02,25,up,Space,1791375525486.2,71914, 
P03,S02,25,down,KeyA,1791375525699.9,71915,a
P03,S02,25,up,KeyA,1791375525785.9,71915,a
P03,S02,25,down,KeyL,1791375525833.3,71916,l
P03,S02,25,up,KeyL,1791375525887.7,71916,l
P03,S02,25,down,KeyS,1791375525957.3,71917,s
P03,S02,25,down,KeyO,1791375526065,71918,o
P03,S02,25,up,KeyS,1791375526065,71917,s
P03,S02,25,up,KeyO,1791375526153,71918,o
P03,S02,25,down,Space,1791375526154.1,71919, 
P03,S02,25,up,Space,1791375526241.1,71919, 
P03,S02,25,down,KeyB,1791375526284.1,71920,b
P03,S02,25,up,KeyB,1791375526364.6,71920,b
P03,S02,25,down,KeyE,1791375526364.6,71921,e
P03,S02,25,up,KeyE,1791375526482.9,71921,e
P03,S02,25,down,KeyA,1791375526488.3,71922,a
P03,S02,25,down,KeyU,1791375526548.2,71923,u
P03,S02,25,up,KeyA,1791375526584.1,71922,a
P03,S02,25,up,KeyU,1791375526631.4,71923,u
P03,S02,25,down,KeyT,1791375526706.3,71924,t
P03,S02,25,up,KeyT,1791375526782.4,71924,t
P03,S02,25,down,KeyY,1791375526802.1,71925,y
P03,S02,25,down,Space,1791375526906.4,71926, 
P03,S02,25,up,KeyY,1791375526914.1,71925,y
P03,S02,25,up,Space,1791375526982.3,71926, 
P03,S02,25,down,KeyS,1791375527005.3,71927,s
P03,S02,25,up,KeyS,1791375527121.8,71927,s
P03,S02,25,down,KeyE,1791375527231.6,71928,e
P03,S02,25,up,KeyE,1791375527331.5,71928,e
P03,S02,25,down,KeyC,1791375527522.1,71929,c
P03,S02,25,up,KeyC,1791375527594.5,71929,c
P03,S02,25,down,KeyT,1791375527790.6,71930,t
P03,S02,25,up,KeyT,1791375527838.3,71930,t
P03,S02,25,down,KeyI,1791375527841.8,71931,i
P03,S02,25,down,KeyO,1791375527915.4,71932,o
P03,S02,25,up,KeyI,1791375527950.2,71931,i
P03,S02,25,up,KeyO,1791375528009,71932,o
P03,S02,25,down,KeyN,1791375528129.9,71933,n
P03,S02,25,down,Space,1791375528238.5,71934, 
P03,S02,25,up,KeyN,1791375528270.1,71933,n
P03,S02,25,up,Space,1791375528338.7,71934, 
P03,S02,25,down,Enter,1791375528407.2,71935,Enter
P03,S02,25,up,Enter,1791375528499.5,71935,Enter
P03,S02,26,down,KeyI,1791375545035.9,71936,i
P03,S02,26,down,Space,1791375545131.2,71937, 
P03,S02,26,up,KeyI,1791375545164.6,71936,i
P03,S02,26,up,Space,1791375545252.3,71937, 
P03,S02,26,down,KeyL,1791375545333.3,71938,l
P03,S02,26,up,KeyL,1791375545417.9,71938,l
P03,S02,26,down,KeyI,1791375545436.6,71939,i
P03,S02,26,up,KeyI,1791375545501,71939,i
P03,S02,26,down,KeyK,1791375545615.3,71940,k
P03,S02,26,up,KeyK,1791375545700.8,71940,k
P03,S02,26,down,KeyE,1791375545749.1,71941,e
P03,S02,26,down,Space,1791375545850.1,71942, 
P03,S02,26,up,KeyE,1791375545853.2,71941,e
P03,S02,26,up,Space,1791375545946.2,71942, 
P03,S02,26,down,KeyA,1791375546071.1,71943,a
P03,S02,26,down,KeyL,1791375546112.1,71944,l
P03,S02,26,up,KeyA,1791375546154.9,71943,a
P03,S02,26,up,KeyL,1791375546167.6,71944,l
P03,S02,26,down,KeyL,1791375546248.8,71945,l
P03,S02,26,up,KeyL,1791375546349,71945,l
P03,S02,26,down,Space,1791375546382,71946, 
P03,S02,26,up,Space,1791375546503.2,71946, 
P03,S02,26,down,Backspace,1791375547001.4,71947,Backspace
P03,S02,26,up,Backspace,1791375547130.6,71947,Backspace
P03,S02,26,down,Period,1791375547217.3,71948,.
P03,S02,26,up,Period,1791375547314.9,71948,.
P03,S02,26,down,Space,1791375547432.7,71949, 
P03,S02,26,up,Space,1791375547535,71949, 
P03,S02,26,down,KeyI,1791375547582.1,71950,i
P03,S02,26,down,Space,1791375547668.7,71951, 
P03,S02,26,up,KeyI,1791375547697.6,71950,i
P03,S02,26,up,Space,1791375547782.3,71951, 
P03,S02,26,down,KeyL,1791375547869,71952,l
P03,S02,26,up,KeyL,1791375547947.4,71952,l
P03,S02,26,down,KeyI,1791375547996.3,71953,i
P03,S02,26,up,KeyI,1791375548064,71953,i
P03,S02,26,down,KeyK,1791375548148,71954,k
P03,S02,26,down,KeyE,1791375548180.1,71955,e
P03,S02,26,up,KeyK,1791375548234,71954,k
P03,S02,26,down,Space,1791375548250.7,71956, 
P03,S02,26,up,KeyE,1791375548338.5,71955,e
P03,S02,26,up,Space,1791375548364.5,71956, 
P03,S02,26,down,KeyU,1791375548397,71957,u
P03,S02,26,down,KeyN,1791375548481.6,71958,n
P03,S02,26,up,KeyU,1791375548521.7,71957,u
P03,S02,26,up,KeyN,1791375548617.8,71958,n
P03,S02,26,down,KeyI,1791375548631.3,71959,i
P03,S02,26,up,KeyI,1791375548733.7,71959,i
P03,S02,26,down,KeyQ,1791375548733.9,71960,q
P03,S02,26,up,KeyQ,1791375548849.7,71960,q
P03,S02,26,down,KeyU,1791375549241,71961,u
P03,S02,26,up,KeyU,1791375549331.8,71961,u
P03,S02,26,down,KeyE,1791375549383.6,71962,e
P03,S02,26,down,Space,1791375549483.5,71963, 
P03,S02,26,up,KeyE,1791375549487.3,71962,e
P03,S02,26,up,Space,1791375549572.1,71963, 
P03,S02,26,down,KeyP,1791375549801.9,71964,p
P03,S02,26,down,KeyO,1791375549916.2,71965,o
P03,S02,26,up,KeyP,1791375549999.4,71964,p
P03,S02,26,up,KeyO,1791375550066.3,71965,o
P03,S02,26,down,KeyT,1791375550083.8,71966,t
P03,S02,26,up,KeyT,1791375550188.1,71966,t
P03,S02,26,down,KeyA,1791375550315.1,71967,a
P03,S02,26,up,KeyA,1791375550414,71967,a
P03,S02,26,down,KeyT,1791375550422.2,71968,t
P03,S02,26,down,KeyO,1791375550524.7,71969,o
P03,S02,26,up,KeyT,1791375550532.3,71968,t
P03,S02,26,down,Space,1791375550618.2,71970, 
P03,S02,26,up,KeyO,1791375550665.2,71969,o
P03,S02,26,up,Space,1791375550717.1,71970, 
P03,S02,26,down,KeyC,1791375550815.5,71971,c
P03,S02,26,down,KeyH,1791375550829.7,71972,h
P03,S02,26,up,KeyC,1791375550898.6,71971,c
P03,S02,26,up,KeyH,1791375550938.9,71972,h
P03,S02,26,down,KeyI,1791375550950.5,71973,i
P03,S02,26,down,KeyP,1791375551207.1,71974,p
P03,S02,26,up,KeyI,1791375551299.7,71973,i
P03,S02,26,down,Space,1791375551323,71975, 
P03,S02,26,up,KeyP,1791375551358.3,71974,p
P03,S02,26,up,Space,1791375551447.2,71975, 
P03,S02,26,down,KeyF,1791375551617.9,71976,f
P03,S02,26,up,KeyF,1791375551830.7,71976,f
P03,S02,26,down,KeyL,1791375552066.1,71977,l
P03,S02,26,up,KeyL,1791375552182.4,71977,l
P03,S02,26,down,KeyA,1791375552265.5,71978,a
P03,S02,26,up,KeyA,1791375552395.4,71978,a
P03,S02,26,down,KeyV,1791375552514.1,71979,v
P03,S02,26,up,KeyV,1791375552624,71979,v
P03,S02,26,down,KeyO,1791375552819.7,71980,o
P03,S02,26,up,KeyO,1791375553004.2,71980,o
P03,S02,26,down,KeyR,1791375553152.8,71981,r
P03,S02,26,up,KeyR,1791375553281,71981,r
P03,S02,26,down,KeyS,1791375553431.8,71982,s
P03,S02,26,up,KeyS,1791375553537.7,71982,s
P03,S02,26,down,Space,1791375553564.3,71983, 
P03,S02,26,up,Space,1791375553681.1,71983, 
P03,S02,26,down,KeyL,1791375553833.5,71984,l
P03,S02,26,up,KeyL,1791375553902.7,71984,l
P03,S02,26,down,KeyI,1791375553982.8,71985,i
P03,S02,26,up,KeyI,1791375554080.9,71985,i
P03,S02,26,down,KeyK,1791375554215.5,71986,k
P03,S02,26,up,KeyK,1791375554284.6,71986,k
P03,S02,26,down,KeyE,1791375554382.9,71987,e
P03,S02,26,up,KeyE,1791375554480.8,71987,e
P03,S02,26,down,Space,1791375554483.3,71988, 
P03,S02,26,up,Space,1791375554568.5,71988, 
P03,S02,26,down,KeyS,1791375554765.7,71989,s
P03,S02,26,up,KeyS,1791375554849.3,71989,s
P03,S02,26,down,KeyQ,1791375555022,71990,q
P03,S02,26,down,KeyU,1791375555069.6,71991,u
P03,S02,26,up,KeyQ,1791375555089.6,71990,q
P03,S02,26,down,KeyI,1791375555174.6,71992,i
P03,S02,26,up,KeyU,1791375555201.7,71991,u
P03,S02,26,up,KeyI,1791375555290.2,71992,i
P03,S02,26,down,KeyD,1791375556348.6,71993,d
P03,S02,26,down,Space,1791375556455.5,71994, 
P03,S02,26,up,KeyD,1791375556464.6,71993,d
P03,S02,26,up,Space,1791375556599.2,71994, 
P03,S02,26,down,KeyU,1791375560633.5,71995,u
P03,S02,26,up,KeyU,1791375560724.5,71995,u
P03,S02,26,down,KeyB,1791375570882.6,71996,b
P03,S02,26,up,KeyB,1791375570966.3,71996,b
P03,S02,26,down,KeyU,1791375570988.9,71997,u
P03,S02,26,down,KeyT,1791375571068.3,71998,t
P03,S02,26,up,KeyU,1791375571108.5,71997,u
P03,S02,26,down,Space,1791375571182.3,71999, 
P03,S02,26,up,KeyT,1791375571204.1,71998,t
P03,S02,26,up,Space,1791375571280.5,71999, 
P03,S02,26,down,KeyI,1791375571306.3,72000,i
P03,S02,26,down,Space,1791375571399.1,72001, 
P03,S02,26,up,KeyI,1791375571415.9,72000,i
P03,S02,26,up,Space,1791375571507.4,72001, 
P03,S02,26,down,KeyA,1791375571517.9,72002,a
P03,S02,26,up,KeyA,1791375571655.3,72002,a
P03,S02,26,down,KeyL,1791375571837.6,72003,l
P03,S02,26,up,KeyL,1791375571958.4,72003,l
P03,S02,26,down,KeyS,1791375572022.7,72004,s
P03,S02,26,down,KeyO,1791375572103.2,72005,o
P03,S02,26,up,KeyS,1791375572131.7,72004,s
P03,S02,26,down,Space,1791375572219.3,72006, 
P03,S02,26,up,KeyO,1791375572239.7,72005,o
P03,S02,26,up,Space,1791375572316.5,72006, 
P03,S02,26,down,KeyL,1791375572382.8,72007,l
P03,S02,26,up,KeyL,1791375572437.8,72007,l
P03,S02,26,down,KeyI,1791375572537.4,72008,i
P03,S02,26,up,KeyI,1791375572582.2,72008,i
P03,S02,26,down,KeyK,1791375572685.2,72009,k
P03,S02,26,down,KeyE,1791375572737.5,72010,e
P03,S02,26,up,KeyK,1791375572769.7,72009,k
P03,S02,26,down,Space,1791375572831.6,72011, 
P03,S02,26,up,KeyE,1791375572849.9,72010,e
P03,S02,26,up,Space,1791375572938.4,72011, 
P03,S02,26,down,KeyG,1791375572988.4,72012,g
P03,S02,26,up,KeyG,1791375573095.7,72012,g
P03,S02,26,down,KeyU,1791375573103.7,72013,u
P03,S02,26,up,KeyU,1791375573197,72013,u
P03,S02,26,down,KeyM,1791375573251.1,72014,m
P03,S02,26,up,KeyM,1791375573335.2,72014,m
P03,S02,26,down,KeyM,1791375573416.9,72015,m
P03,S02,26,up,KeyM,1791375573536.7,72015,m
P03,S02,26,down,KeyI,1791375573599.5,72016,i
P03,S02,26,down,KeyE,1791375573698.6,72017,e
P03,S02,26,up,KeyI,1791375573702.7,72016,i
P03,S02,26,down,KeyS,1791375573798.7,72018,s
P03,S02,26,up,KeyE,1791375573848.2,72017,e
P03,S02,26,down,Space,1791375573883.9,72019, 
P03,S02,26,up,KeyS,1791375573931.5,72018,s
P03,S02,26,up,Space,1791375573955.8,72019, 
P03,S02,26,down,KeyL,1791375574081.8,72020,l
P03,S02,26,up,KeyL,1791375574141.2,72020,l
P03,S02,26,down,KeyI,1791375574216.9,72021,i
P03,S02,26,up,KeyI,1791375574281,72021,i
P03,S02,26,down,KeyK,1791375574383.5,72022,k
P03,S02,26,up,KeyK,1791375574440.1,72022,k
P03,S02,26,down,KeyE,1791375574449.1,72023,e
P03,S02,26,down,Space,1791375574539.7,72024, 
P03,S02,26,up,KeyE,1791375574547,72023,e
P03,S02,26,down,KeyH,1791375574613.4,72025,h
P03,S02,26,up,Space,1791375574675,72024, 
P03,S02,26,down,KeyI,1791375574714.2,72026,i
P03,S02,26,up,KeyH,1791375574764.9,72025,h
P03,S02,26,up,KeyI,1791375574848.4,72026,i
P03,S02,26,down,KeyC,1791375574949.2,72027,c
P03,S02,26,down,KeyH,1791375575033.1,72028,h
P03,S02,26,up,KeyC,1791375575036.6,72027,c
P03,S02,26,up,KeyH,1791375575115.7,72028,h
P03,S02,26,down,KeyE,1791375575415,72029,e
P03,S02,26,up,KeyE,1791375575573.6,72029,e
P03,S02,26,down,KeyW,1791375575585.4,72030,w
P03,S02,26,up,KeyW,1791375575698.8,72030,w
P03,S02,26,down,Space,1791375575757.5,72031, 
P03,S02,26,up,Space,1791375575916.3,72031, 
P03,S02,26,down,Backspace,1791375576307.4,72032,Backspace
P03,S02,26,up,Backspace,1791375576371.4,72032,Backspace
P03,S02,26,down,Space,1791375576751.4,72033, 
P03,S02,26,up,Space,1791375576883.1,72033, 
P03,S02,26,down,KeyO,1791375576915.1,72034,o
P03,S02,26,down,KeyR,1791375577035.2,72035,r
P03,S02,26,up,KeyO,1791375577038.7,72034,o
P03,S02,26,down,Space,1791375577083.5,72036, 
P03,S02,26,up,KeyR,1791375577134.9,72035,r
P03,S02,26,up,Space,1791375577198,72036, 
P03,S02,26,down,KeyM,1791375577416.1,72037,m
P03,S02,26,down,KeyO,1791375577499.1,72038,o
P03,S02,26,up,KeyM,1791375577538.8,72037,m
P03,S02,26,up,KeyO,1791375577632.6,72038,o
P03,S02,26,down,KeyA,1791375577641.8,72039,a
P03,S02,26,up,KeyA,1791375577749.7,72039,a
P03,S02,26,down,KeyO,1791375577891.4,72040,o
P03,S02,26,up,KeyO,1791375578030.6,72040,o
P03,S02,26,down,KeyM,1791375578306.7,72041,m
P03,S02,26,up,KeyM,1791375578395.7,72041,m
P03,S02,26,down,Enter,1791375578620.7,72042,Enter
P03,S02,26,up,Enter,1791375578700.8,72042,Enter
P03,S02,27,down,KeyI,1791375588504.3,72043,i
P03,S02,27,down,Space,1791375588595.8,72044, 
P03,S02,27,up,KeyI,1791375588640,72043,i
P03,S02,27,up,Space,1791375588707.7,72044, 
P03,S02,27,down,KeyL,1791375588764.3,72045,l
P03,S02,27,up,KeyL,1791375588846.6,72045,l
P03,S02,27,down,KeyI,1791375588896.5,72046,i
P03,S02,27,up,KeyI,1791375588998.8,72046,i
P03,S02,27,down,KeyK,1791375589041.4,72047,k
P03,S02,27,down,KeyE,1791375589056.6,72048,e
P03,S02,27,up,KeyE,1791375589165.6,72048,e
P03,S02,27,up,KeyK,1791375589165.6,72047,k
P03,S02,27,down,Space,1791375589168.6,72049, 
P03,S02,27,up,Space,1791375589266,72049, 
P03,S02,27,down,KeyS,1791375589333.8,72050,s
P03,S02,27,down,KeyO,1791375589398,72051,o
P03,S02,27,up,KeyS,1791375589437.4,72050,s
P03,S02,27,down,KeyM,1791375589472.1,72052,m
P03,S02,27,up,KeyO,1791375589509.3,72051,o
P03,S02,27,down,KeyE,1791375589547,72053,e
P03,S02,27,up,KeyM,1791375589565.3,72052,m
P03,S02,27,up,KeyE,1791375589638.1,72053,e
P03,S02,27,down,KeyT,1791375589747,72054,t
P03,S02,27,down,KeyH,1791375589797.7,72055,h
P03,S02,27,up,KeyT,1791375589864.1,72054,t
P03,S02,27,down,KeyI,1791375589880,72056,i
P03,S02,27,up,KeyH,1791375589899.5,72055,h
P03,S02,27,down,KeyN,1791375589998.2,72057,n
P03,S02,27,up,KeyI,1791375590019.5,72056,i
P03,S02,27,down,KeyG,1791375590051.7,72058,g
P03,S02,27,up,KeyN,1791375590117.7,72057,n
P03,S02,27,up,KeyG,1791375590156.4,72058,g
P03,S02,27,down,Space,1791375590181.8,72059, 
P03,S02,27,up,Space,1791375590265.8,72059, 
P03,S02,27,down,KeyS,1791375590315.5,72060,s
P03,S02,27,down,KeyO,1791375590384.1,72061,o
P03,S02,27,up,KeyS,1791375590397.4,72060,s
P03,S02,27,down,KeyU,1791375590464.5,72062,u
P03,S02,27,up,KeyO,1791375590504,72061,o
P03,S02,27,down,KeyR,1791375590540.9,72063,r
P03,S02,27,up,KeyU,1791375590572.3,72062,u
P03,S02,27,up,KeyR,1791375590643.2,72063,r
P03,S02,27,down,Enter,1791375590677.4,72064,Enter
P03,S02,27,up,Enter,1791375590757.9,72064,Enter
P03,S02,28,down,KeyI,1791375608898.9,72065,i
P03,S02,28,down,Space,1791375608998,72066, 
P03,S02,28,up,KeyI,1791375609011.9,72065,i
P03,S02,28,up,Space,1791375609081.9,72066, 
P03,S02,28,down,KeyL,1791375609132.9,72067,l
P03,S02,28,up,KeyL,1791375609215.3,72067,l
P03,S02,28,down,KeyI,1791375609256.2,72068,i
P03,S02,28,up,KeyI,1791375609316.4,72068,i
P03,S02,28,down,KeyE,1791375609416.3,72069,e
P03,S02,28,down,KeyK,1791375609416.3,72070,k
P03,S02,28,up,KeyK,1791375609480.4,72070,k
P03,S02,28,down,Space,1791375609513.6,72071, 
P03,S02,28,up,KeyE,1791375609551.9,72069,e
P03,S02,28,up,Space,1791375609597.9,72071, 
P03,S02,28,down,KeyS,1791375609631,72072,s
P03,S02,28,down,KeyO,1791375609663.7,72073,o
P03,S02,28,down,KeyU,1791375609737.2,72074,u
P03,S02,28,up,KeyS,1791375609753.4,72072,s
P03,S02,28,up,KeyO,1791375609780.8,72073,o
P03,S02,28,down,KeyR,1791375609830.9,72075,r
P03,S02,28,up,KeyU,1791375609853.2,72074,u
P03,S02,28,up,KeyR,1791375609913.6,72075,r
P03,S02,28,down,Space,1791375609930.1,72076, 
P03,S02,28,up,Space,1791375610012.5,72076, 
P03,S02,28,down,KeyC,1791375610120,72077,c
P03,S02,28,down,KeyH,1791375610147.7,72078,h
P03,S02,28,up,KeyC,1791375610167.2,72077,c
P03,S02,28,up,KeyH,1791375610247.7,72078,h
P03,S02,28,down,KeyE,1791375610306.2,72079,e
P03,S02,28,up,KeyE,1791375610404.8,72079,e
P03,S02,28,down,KeyW,1791375610535.5,72080,w
P03,S02,28,up,KeyW,1791375610647.6,72080,w
P03,S02,28,down,KeyY,1791375610684.4,72081,y
P03,S02,28,down,Space,1791375610740.5,72082, 
P03,S02,28,up,KeyY,1791375610800.6,72081,y
P03,S02,28,up,Space,1791375610840.8,72082, 
P03,S02,28,down,KeyC,1791375610879.9,72083,c
P03,S02,28,down,KeyA,1791375610987.5,72084,a
P03,S02,28,up,KeyC,1791375610994.9,72083,c
P03,S02,28,down,KeyN,1791375611039.8,72085,n
P03,S02,28,up,KeyA,1791375611097.1,72084,a
P03,S02,28,up,KeyN,1791375611119.7,72085,n
P03,S02,28,down,KeyD,1791375611236.5,72086,d
P03,S02,28,down,KeyY,1791375611348.6,72087,y
P03,S02,28,up,KeyD,1791375611364.6,72086,d
P03,S02,28,up,KeyY,1791375611436.5,72087,y
P03,S02,28,down,Backspace,1791375613267,72088,Backspace
P03,S02,28,up,Backspace,1791375613332.2,72088,Backspace
P03,S02,28,down,Backspace,1791375613415.6,72089,Backspace
P03,S02,28,up,Backspace,1791375613483.7,72089,Backspace
P03,S02,28,down,KeyK,1791375613615.6,72090,k
P03,S02,28,down,KeyE,1791375613687.9,72091,e
P03,S02,28,up,KeyK,1791375613703.6,72090,k
P03,S02,28,up,KeyE,1791375613815.6,72091,e
P03,S02,28,down,Enter,1791375613891,72092,Enter
P03,S02,28,up,Enter,1791375613997.3,72092,Enter
