participant_id,session_id,sample_id,event,key_code,timestamp_ms,press_id,key
P03,S01,1,down,KeyT,1791213023841.9,30001,t
P03,S01,1,up,KeyT,1791213023948,30001,t
P03,S01,1,down,KeyI,1791213023985.1,30002,i
P03,S01,1,up,KeyI,1791213024075.2,30002,i
P03,S01,1,down,KeyE,1791213024109.3,30003,e
P03,S01,1,up,KeyE,1791213024212.6,30003,e
P03,S01,1,down,Digit5,1791213024375.3,30004,5
P03,S01,1,up,Digit5,1791213024457.5,30004,5
P03,S01,1,down,CapsLock,1791213024840,30005,CapsLock
P03,S01,1,down,KeyR,1791213025009.3,30006,R
P03,S01,1,up,KeyR,1791213025073.6,30006,R
P03,S01,1,up,CapsLock,1791213025107.7,30005,CapsLock
P03,S01,1,down,KeyO,1791213025190.6,30007,o
P03,S01,1,up,KeyO,1791213025266.3,30007,o
P03,S01,1,down,KeyA,1791213025344.8,30008,a
P03,S01,1,down,KeyN,1791213025439.8,30009,n
P03,S01,1,up,KeyA,1791213025464.3,30008,a
P03,S01,1,up,KeyN,1791213025483.7,30009,n
P03,S01,1,down,KeyL,1791213025882.7,30010,l
P03,S01,1,up,KeyL,1791213025979.9,30010,l
P03,S01,1,down,Enter,1791213028457.5,30011,Enter
P03,S01,1,up,Enter,1791213028557.9,30011,Enter
P03,S01,2,down,CapsLock,1791213028973.4,30012,CapsLock
P03,S01,2,up,CapsLock,1791213029157.6,30012,CapsLock
P03,S01,2,down,KeyT,1791213029419.3,30013,t
P03,S01,2,down,KeyI,1791213029499.2,30014,i
P03,S01,2,up,KeyT,1791213029528.1,30013,t
P03,S01,2,up,KeyI,1791213029610.8,30014,i
P03,S01,2,down,KeyE,1791213029622.7,30015,e
P03,S01,2,up,KeyE,1791213029726.6,30015,e
P03,S01,2,down,Digit5,1791213030095.3,30016,5
P03,S01,2,up,Digit5,1791213030176.9,30016,5
P03,S01,2,down,CapsLock,1791213030412,30017,CapsLock
P03,S01,2,down,KeyR,1791213030475.2,30018,R
P03,S01,2,up,CapsLock,1791213030593.5,30017,CapsLock
P03,S01,2,up,KeyR,1791213030598.9,30018,R
P03,S01,2,down,KeyO,1791213030667.3,30019,o
P03,S01,2,up,KeyO,1791213030714.8,30019,o
P03,S01,2,down,KeyA,1791213030859.3,30020,a
P03,S01,2,down,KeyN,1791213030958.8,30021,n
P03,S01,2,up,KeyA,1791213030976.9,30020,a
P03,S01,2,up,KeyN,1791213031025.8,30021,n
P03,S01,2,down,KeyL,1791213031148,30022,l
P03,S01,2,up,KeyL,1791213031245.1,30022,l
P03,S01,2,down,Enter,1791213031396.9,30023,Enter
P03,S01,2,up,Enter,1791213031492.3,30023,Enter
P03,S01,3,down,Enter,1791213034992.7,30024,Enter
P03,S01,3,up,Enter,1791213035148.3,30024,Enter
P03,S01,3,down,Enter,1791213036228.2,30025,Enter
P03,S01,3,up,Enter,1791213036357.7,30025,Enter
P03,S01,3,down,KeyT,1791213036775.1,30026,t
P03,S01,3,up,KeyT,1791213036927.6,30026,t
P03,S01,3,down,KeyI,1791213036993.8,30027,i
P03,S01,3,down,KeyE,1791213037091.5,30028,e
P03,S01,3,up,KeyI,1791213037091.6,30027,i
P03,S01,3,up,KeyE,1791213037183.3,30028,e
P03,S01,3,down,Digit5,1791213037395.9,30029,5
P03,S01,3,up,Digit5,1791213037508.6,30029,5
P03,S01,3,down,CapsLock,1791213037739.7,30030,CapsLock
P03,S01,3,down,KeyR,1791213037890.5,30031,R
P03,S01,3,up,KeyR,1791213037992.5,30031,R
P03,S01,3,up,CapsLock,1791213038012.8,30030,CapsLock
P03,S01,3,down,KeyO,1791213038131.7,30032,o
P03,S01,3,up,KeyO,1791213038208.2,30032,o
P03,S01,3,down,KeyA,1791213038246.9,30033,a
P03,S01,3,up,KeyA,1791213038376.4,30033,a
P03,S01,3,down,KeyN,1791213038393.1,30034,n
P03,S01,3,up,KeyN,1791213038424.6,30034,n
P03,S01,3,down,KeyL,1791213038559.6,30035,l
P03,S01,3,up,KeyL,1791213038660.1,30035,l
P03,S01,3,down,Enter,1791213041880.2,30036,Enter
P03,S01,3,up,Enter,1791213042007.9,30036,Enter
P03,S01,4,down,KeyT,1791213042442.1,30037,t
P03,S01,4,up,KeyT,1791213042528.5,30037,t
P03,S01,4,down,KeyI,1791213042559.7,30038,i
P03,S01,4,up,KeyI,1791213042658.5,30038,i
P03,S01,4,down,KeyE,1791213042658.6,30039,e
P03,S01,4,up,KeyE,1791213042748.4,30039,e
P03,S01,4,down,Digit5,1791213042915.8,30040,5
P03,S01,4,up,Digit5,1791213042996,30040,5
P03,S01,4,down,CapsLock,1791213043190.9,30041,CapsLock
P03,S01,4,down,KeyR,1791213043255.7,30042,R
P03,S01,4,up,KeyR,1791213043361,30042,R
P03,S01,4,up,CapsLock,1791213043380.9,30041,CapsLock
P03,S01,4,down,KeyO,1791213043591.6,30043,o
P03,S01,4,up,KeyO,1791213043660.3,30043,o
P03,S01,4,down,KeyA,1791213043694.9,30044,a
P03,S01,4,up,KeyA,1791213043825.2,30044,a
P03,S01,4,down,KeyN,1791213044115.1,30045,n
P03,S01,4,up,KeyN,1791213044191.8,30045,n
P03,S01,4,down,KeyL,1791213044401.6,30046,l
P03,S01,4,up,KeyL,1791213044497.2,30046,l
P03,S01,4,down,Enter,1791213047777.6,30047,Enter
P03,S01,4,up,Enter,1791213047891,30047,Enter
P03,S01,5,down,Enter,1791213048958.1,30048,Enter
P03,S01,5,up,Enter,1791213049058.3,30048,Enter
P03,S01,5,down,KeyT,1791213049459.7,30049,t
P03,S01,5,up,KeyT,1791213049568.3,30049,t
P03,S01,5,down,KeyI,1791213049584.8,30050,i
P03,S01,5,up,KeyI,1791213049690.6,30050,i
P03,S01,5,down,KeyE,1791213049700.4,30051,e
P03,S01,5,up,KeyE,1791213049813.1,30051,e
P03,S01,5,down,Digit5,1791213049990.9,30052,5
P03,S01,5,up,Digit5,1791213050044.8,30052,5
P03,S01,5,down,CapsLock,1791213050290.8,30053,CapsLock
P03,S01,5,down,KeyR,1791213050355.5,30054,R
P03,S01,5,up,KeyR,1791213050465.3,30054,R
P03,S01,5,up,CapsLock,1791213050473,30053,CapsLock
P03,S01,5,down,KeyO,1791213050651.3,30055,o
P03,S01,5,up,KeyO,1791213050731.8,30055,o
P03,S01,5,down,KeyA,1791213050774.6,30056,a
P03,S01,5,up,KeyA,1791213050894.2,30056,a
P03,S01,5,down,KeyN,1791213050925.6,30057,n
P03,S01,5,up,KeyN,1791213050983.9,30057,n
P03,S01,5,down,KeyL,1791213051110.9,30058,l
P03,S01,5,up,KeyL,1791213051195.1,30058,l
P03,S01,5,down,Enter,1791213056208.2,30059,Enter
P03,S01,5,up,Enter,1791213056346.8,30059,Enter
P03,S01,6,down,Enter,1791213057724.9,30060,Enter
P03,S01,6,up,Enter,1791213057862,30060,Enter
P03,S01,6,down,KeyT,1791213059881.6,30061,t
P03,S01,6,down,KeyI,1791213060042.9,30062,i
P03,S01,6,up,KeyT,1791213060042.9,30061,t
P03,S01,6,down,KeyE,1791213060125.6,30063,e
P03,S01,6,up,KeyI,1791213060129,30062,i
P03,S01,6,up,KeyE,1791213060210,30063,e
P03,S01,6,down,Digit5,1791213060380.1,30064,5
P03,S01,6,up,Digit5,1791213060457,30064,5
P03,S01,6,down,CapsLock,1791213060657.5,30065,CapsLock
P03,S01,6,down,KeyR,1791213060817.2,30066,R
P03,S01,6,up,KeyR,1791213060941.2,30066,R
P03,S01,6,up,CapsLock,1791213060969.7,30065,CapsLock
P03,S01,6,down,KeyO,1791213061150.8,30067,o
P03,S01,6,up,KeyO,1791213061240.8,30067,o
P03,S01,6,down,KeyA,1791213061274.2,30068,a
P03,S01,6,up,KeyA,1791213061409,30068,a
P03,S01,6,down,KeyN,1791213061441.7,30069,n
P03,S01,6,up,KeyN,1791213061491.8,30069,n
P03,S01,6,down,KeyL,1791213061683.2,30070,l
P03,S01,6,up,KeyL,1791213061783.3,30070,l
P03,S01,6,down,Enter,1791213063174.5,30071,Enter
P03,S01,6,up,Enter,1791213063296.4,30071,Enter
P03,S01,7,down,KeyT,1791213066797.8,30072,t
P03,S01,7,up,KeyT,1791213066890.1,30072,t
P03,S01,7,down,KeyI,1791213067030.1,30073,i
P03,S01,7,down,KeyE,1791213067149.9,30074,e
P03,S01,7,up,KeyI,1791213067150.6,30073,i
P03,S01,7,up,KeyE,1791213067258.4,30074,e
P03,S01,7,down,Digit5,1791213067401.2,30075,5
P03,S01,7,up,Digit5,1791213067506.4,30075,5
P03,S01,7,down,CapsLock,1791213067865,30076,CapsLock
P03,S01,7,down,KeyR,1791213067937.2,30077,R
P03,S01,7,up,CapsLock,1791213068023.4,30076,CapsLock
P03,S01,7,up,KeyR,1791213068038.4,30077,R
P03,S01,7,down,KeyO,1791213068093,30078,o
P03,S01,7,up,KeyO,1791213068192.9,30078,o
P03,S01,7,down,KeyA,1791213068282.5,30079,a
P03,S01,7,down,KeyN,1791213068360.7,30080,n
P03,S01,7,up,KeyN,1791213068398.5,30080,n
P03,S01,7,up,KeyA,1791213068425.1,30079,a
P03,S01,7,down,KeyL,1791213068526.3,30081,l
P03,S01,7,up,KeyL,1791213068610.9,30081,l
P03,S01,7,down,Enter,1791213069347.5,30082,Enter
P03,S01,7,up,Enter,1791213069432.3,30082,Enter
P03,S01,8,down,Enter,1791213070033.2,30083,Enter
P03,S01,8,up,Enter,1791213070144.9,30083,Enter
P03,S01,8,down,KeyT,1791213070578.6,30084,t
P03,S01,8,up,KeyT,1791213070691.2,30084,t
P03,S01,8,down,KeyI,1791213070757.6,30085,i
P03,S01,8,up,KeyI,1791213070841.3,30085,i
P03,S01,8,down,KeyE,1791213070858.5,30086,e
P03,S01,8,up,KeyE,1791213070941.5,30086,e
P03,S01,8,down,Digit5,1791213071131.9,30087,5
P03,S01,8,up,Digit5,1791213071184.3,30087,5
P03,S01,8,down,CapsLock,1791213071426.4,30088,CapsLock
P03,S01,8,down,KeyR,1791213071517.3,30089,R
P03,S01,8,up,CapsLock,1791213071643.2,30088,CapsLock
P03,S01,8,up,KeyR,1791213071654.5,30089,R
P03,S01,8,down,KeyO,1791213071761.8,30090,o
P03,S01,8,up,KeyO,1791213071842.4,30090,o
P03,S01,8,down,KeyA,1791213071895,30091,a
P03,S01,8,up,KeyA,1791213072031,30091,a
P03,S01,8,down,KeyN,1791213072034.7,30092,n
P03,S01,8,up,KeyN,1791213072090.9,30092,n
P03,S01,8,down,KeyL,1791213072276.4,30093,l
P03,S01,8,up,KeyL,1791213072361.3,30093,l
P03,S01,8,down,Enter,1791213077878.8,30094,Enter
P03,S01,8,up,Enter,1791213078045.1,30094,Enter
P03,S01,9,down,Enter,1791213078800,30095,Enter
P03,S01,9,up,Enter,1791213078925.6,30095,Enter
P03,S01,9,down,Enter,1791213079231.7,30096,Enter
P03,S01,9,up,Enter,1791213079364,30096,Enter
P03,S01,9,down,Enter,1791213080405.5,30097,Enter
P03,S01,9,up,Enter,1791213080606.5,30097,Enter
P03,S01,10,down,KeyT,1791213085158.8,30098,t
P03,S01,10,up,KeyT,1791213085273.2,30098,t
P03,S01,10,down,KeyI,1791213085296.1,30099,i
P03,S01,10,up,KeyI,1791213085372.9,30099,i
P03,S01,10,down,KeyE,1791213085395.3,30100,e
P03,S01,10,up,KeyE,1791213085467.5,30100,e
P03,S01,10,down,Digit5,1791213085647.4,30101,5
P03,S01,10,up,Digit5,1791213085741.3,30101,5
P03,S01,10,down,CapsLock,1791213085997.1,30102,CapsLock
P03,S01,10,down,KeyR,1791213086146.8,30103,R
P03,S01,10,up,KeyR,1791213086228.1,30103,R
P03,S01,10,up,CapsLock,1791213086235.1,30102,CapsLock
P03,S01,10,down,KeyO,1791213086348.2,30104,o
P03,S01,10,up,KeyO,1791213086440.8,30104,o
P03,S01,10,down,KeyA,1791213086481.8,30105,a
P03,S01,10,down,KeyN,1791213086592.4,30106,n
P03,S01,10,up,KeyA,1791213086618.2,30105,a
P03,S01,10,up,KeyN,1791213086650.5,30106,n
P03,S01,10,down,KeyL,1791213086825.2,30107,l
P03,S01,10,up,KeyL,1791213086912.2,30107,l
P03,S01,10,down,Enter,1791213088707.9,30108,Enter
P03,S01,10,up,Enter,1791213088783.6,30108,Enter
P03,S01,11,down,Enter,1791213089407.5,30109,Enter
P03,S01,11,up,Enter,1791213089511.5,30109,Enter
P03,S01,11,down,KeyT,1791213094526.9,30110,t
P03,S01,11,up,KeyT,1791213094658.7,30110,t
P03,S01,11,down,KeyI,1791213094666.5,30111,i
P03,S01,11,up,KeyI,1791213094763.1,30111,i
P03,S01,11,down,KeyE,1791213094774.5,30112,e
P03,S01,11,up,KeyE,1791213094867.4,30112,e
P03,S01,11,down,Digit5,1791213095023.9,30113,5
P03,S01,11,up,Digit5,1791213095100.3,30113,5
P03,S01,11,down,CapsLock,1791213095405.4,30114,CapsLock
P03,S01,11,down,KeyR,1791213095481.6,30115,R
P03,S01,11,up,KeyR,1791213095611.2,30115,R
P03,S01,11,up,CapsLock,1791213095618.8,30114,CapsLock
P03,S01,11,down,KeyO,1791213095734.5,30116,o
P03,S01,11,up,KeyO,1791213095826.4,30116,o
P03,S01,11,down,KeyA,1791213095861.7,30117,a
P03,S01,11,up,KeyA,1791213095992.4,30117,a
P03,S01,11,down,KeyN,1791213095992.5,30118,n
P03,S01,11,up,KeyN,1791213096043,30118,n
P03,S01,11,down,KeyL,1791213096180.3,30119,l
P03,S01,11,up,KeyL,1791213096276,30119,l
P03,S01,11,down,Enter,1791213096515,30120,Enter
P03,S01,11,up,Enter,1791213096607.4,30120,Enter
P03,S01,12,down,CapsLock,1791213102348.9,30121,CapsLock
P03,S01,12,down,KeyI,1791213103859.4,30122,I
P03,S01,12,up,KeyI,1791213103940.5,30122,I
P03,S01,12,up,CapsLock,1791213104009.9,30121,CapsLock
P03,S01,12,down,Space,1791213104109.1,30123, 
P03,S01,12,up,Space,1791213104164.8,30123, 
P03,S01,12,down,KeyL,1791213104295.1,30124,l
P03,S01,12,up,KeyL,1791213104342.3,30124,l
P03,S01,12,down,KeyI,1791213104394.9,30125,i
P03,S01,12,up,KeyI,1791213104442.5,30125,i
P03,S01,12,down,KeyK,1791213104608.9,30126,k
P03,S01,12,up,KeyK,1791213104729.1,30126,k
P03,S01,12,down,KeyE,1791213104758.7,30127,e
P03,S01,12,down,Space,1791213104861.7,30128, 
P03,S01,12,up,KeyE,1791213104865.9,30127,e
P03,S01,12,up,Space,1791213104950.6,30128, 
P03,S01,12,down,KeyT,1791213105045.3,30129,t
P03,S01,12,down,KeyO,1791213105089.9,30130,o
P03,S01,12,up,KeyT,1791213105145.6,30129,t
P03,S01,12,down,Space,1791213105190.2,30131, 
P03,S01,12,up,KeyO,1791213105224.7,30130,o
P03,S01,12,up,Space,1791213105282.8,30131, 
P03,S01,12,down,KeyH,1791213105331,30132,h
P03,S01,12,down,KeyI,1791213105424.3,30133,i
P03,S01,12,up,KeyH,1791213105436.7,30132,h
P03,S01,12,up,KeyI,1791213105523,30133,i
P03,S01,12,down,KeyK,1791213105625.1,30134,k
P03,S01,12,down,KeyE,1791213105699.5,30135,e
P03,S01,12,up,KeyK,1791213105701.4,30134,k
P03,S01,12,up,KeyE,1791213105776.2,30135,e
P03,S01,12,down,Enter,1791213105825.4,30136,Enter
P03,S01,12,up,Enter,1791213105931.8,30136,Enter
P03,S01,13,down,CapsLock,1791213111428.8,30137,CapsLock
P03,S01,13,down,KeyI,1791213111515.8,30138,I
P03,S01,13,up,KeyI,1791213111639.5,30138,I
P03,S01,13,up,CapsLock,1791213111692.8,30137,CapsLock
P03,S01,13,down,Space,1791213111780.2,30139, 
P03,S01,13,up,Space,1791213111861.6,30139, 
P03,S01,13,down,KeyL,1791213111990.8,30140,l
P03,S01,13,up,KeyL,1791213112062.3,30140,l
P03,S01,13,down,KeyI,1791213112140.5,30141,i
P03,S01,13,up,KeyI,1791213112207.1,30141,i
P03,S01,13,down,KeyK,1791213112325.4,30142,k
P03,S01,13,down,KeyE,1791213112358.1,30143,e
P03,S01,13,up,KeyK,1791213112391.6,30142,k
P03,S01,13,up,KeyE,1791213112479.1,30143,e
P03,S01,13,down,Space,1791213112500.7,30144, 
P03,S01,13,down,KeyB,1791213112600.6,30145,b
P03,S01,13,up,Space,1791213112612.2,30144, 
P03,S01,13,down,KeyO,1791213112657.1,30146,o
P03,S01,13,up,KeyB,1791213112690.4,30145,b
P03,S01,13,down,KeyT,1791213112708.3,30147,t
P03,S01,13,up,KeyO,1791213112764.4,30146,o
P03,S01,13,up,KeyT,1791213112812.7,30147,t
P03,S01,13,down,KeyH,1791213112827.1,30148,h
P03,S01,13,up,KeyH,1791213112932.7,30148,h
P03,S01,13,down,Enter,1791213113029.8,30149,Enter
P03,S01,13,up,Enter,1791213113123.1,30149,Enter
P03,S01,14,down,CapsLock,1791213120923.8,30150,CapsLock
P03,S01,14,down,KeyC,1791213121714.5,30151,C
P03,S01,14,up,KeyC,1791213121795.1,30151,C
P03,S01,14,up,CapsLock,1791213121934.1,30150,CapsLock
P03,S01,14,down,KeyL,1791213122026.8,30152,l
P03,S01,14,up,KeyL,1791213122123.9,30152,l
P03,S01,14,down,KeyO,1791213122242,30153,o
P03,S01,14,up,KeyO,1791213122330.7,30153,o
P03,S01,14,down,KeyS,1791213122331.4,30154,s
P03,S01,14,down,KeyE,1791213122426.5,30155,e
P03,S01,14,up,KeyS,1791213122510.8,30154,s
P03,S01,14,down,Space,1791213122542.1,30156, 
P03,S01,14,up,KeyE,1791213122573.8,30155,e
P03,S01,14,up,Space,1791213122651,30156, 
P03,S01,14,down,Backspace,1791213123313.7,30157,Backspace
P03,S01,14,up,Backspace,1791213123466.6,30157,Backspace
P03,S01,14,down,Backspace,1791213123558.8,30158,Backspace
P03,S01,14,up,Backspace,1791213123582.5,30158,Backspace
P03,S01,14,down,KeyE,1791213124015.8,30159,e
P03,S01,14,up,KeyE,1791213124143.8,30159,e
P03,S01,14,down,Space,1791213124147.1,30160, 
P03,S01,14,up,Space,1791213124256.8,30160, 
P03,S01,14,down,KeyT,1791213124292.6,30161,t
P03,S01,14,down,KeyO,1791213124364.4,30162,o
P03,S01,14,up,KeyT,1791213124392.3,30161,t
P03,S01,14,down,Space,1791213124441,30163, 
P03,S01,14,up,KeyO,1791213124474.1,30162,o
P03,S01,14,up,Space,1791213124544.7,30163, 
P03,S01,14,down,KeyM,1791213124658.1,30164,m
P03,S01,14,down,KeyO,1791213124732.3,30165,o
P03,S01,14,up,KeyM,1791213124760.7,30164,m
P03,S01,14,down,KeyR,1791213124776.8,30166,r
P03,S01,14,up,KeyO,1791213124874.5,30165,o
P03,S01,14,up,KeyR,1791213124874.5,30166,r
P03,S01,14,down,KeyN,1791213124933.9,30167,n
P03,S01,14,down,KeyI,1791213125057.6,30168,i
P03,S01,14,up,KeyN,1791213125077.1,30167,n
P03,S01,14,down,KeyN,1791213125157,30169,n
P03,S01,14,down,KeyG,1791213125164.8,30170,g
P03,S01,14,up,KeyI,1791213125189.2,30168,i
P03,S01,14,up,KeyN,1791213125249.5,30169,n
P03,S01,14,up,KeyG,1791213125266,30170,g
P03,S01,14,down,Enter,1791213125393.4,30171,Enter
P03,S01,14,up,Enter,1791213125460.8,30171,Enter
P03,S01,15,down,CapsLock,1791213133812.7,30172,CapsLock
P03,S01,15,down,KeyI,1791213133812.9,30173,I
P03,S01,15,up,KeyI,1791213133961.3,30173,I
P03,S01,15,down,Space,1791213133961.3,30174, 
P03,S01,15,up,CapsLock,1791213133961.3,30172,CapsLock
P03,S01,15,up,Space,1791213134058.6,30174, 
P03,S01,15,down,KeyL,1791213134142.4,30175,l
P03,S01,15,up,KeyL,1791213134229.9,30175,l
P03,S01,15,down,KeyK,1791213134441.7,30176,k
P03,S01,15,up,KeyK,1791213134492.7,30176,k
P03,S01,15,down,Backspace,1791213134767.6,30177,Backspace
P03,S01,15,up,Backspace,1791213134815.5,30177,Backspace
P03,S01,15,down,KeyI,1791213135209.7,30178,i
P03,S01,15,up,KeyI,1791213135273.6,30178,i
P03,S01,15,down,KeyK,1791213135408,30179,k
P03,S01,15,down,KeyE,1791213135475,30180,e
P03,S01,15,up,KeyK,1791213135480.1,30179,k
P03,S01,15,up,KeyE,1791213135597.2,30180,e
P03,S01,15,down,Space,1791213135790.9,30181, 
P03,S01,15,up,Space,1791213135908.3,30181, 
P03,S01,15,down,KeyT,1791213135974.5,30182,t
P03,S01,15,down,KeyO,1791213136058.3,30183,o
P03,S01,15,up,KeyT,1791213136067.6,30182,t
P03,S01,15,down,Space,1791213136157.5,30184, 
P03,S01,15,up,KeyO,1791213136191.2,30183,o
P03,S01,15,up,Space,1791213136268,30184, 
P03,S01,15,down,KeyB,1791213136384.5,30185,b
P03,S01,15,up,KeyB,1791213136444.7,30185,b
P03,S01,15,down,KeyR,1791213136533.8,30186,r
P03,S01,15,up,KeyR,1791213136608.2,30186,r
P03,S01,15,down,KeyI,1791213136608.2,30187,i
P03,S01,15,down,KeyN,1791213136691.5,30188,n
P03,S01,15,up,KeyI,1791213136729.3,30187,i
P03,S01,15,down,KeyG,1791213136790.9,30189,g
P03,S01,15,up,KeyN,1791213136793.1,30188,n
P03,S01,15,down,Space,1791213136878,30190, 
P03,S01,15,up,KeyG,1791213136881,30189,g
P03,S01,15,up,Space,1791213136989.7,30190, 
P03,S01,15,down,KeyS,1791213137158.7,30191,s
P03,S01,15,down,KeyA,1791213137258.5,30192,a
P03,S01,15,up,KeyS,1791213137262.1,30191,s
P03,S01,15,up,KeyA,1791213137425.5,30192,a
P03,S01,15,down,KeyN,1791213137479,30193,n
P03,S01,15,up,KeyN,1791213137567.3,30193,n
P03,S01,15,down,KeyD,1791213137575.2,30194,d
P03,S01,15,up,KeyD,1791213137667.8,30194,d
P03,S01,15,down,KeyW,1791213137766,30195,w
P03,S01,15,up,KeyW,1791213137850.5,30195,w
P03,S01,15,down,KeyI,1791213137875,30196,i
P03,S01,15,up,KeyI,1791213137963.6,30196,i
P03,S01,15,down,KeyC,1791213138029.4,30197,c
P03,S01,15,down,KeyH,1791213138074.2,30198,h
P03,S01,15,up,KeyC,1791213138091.8,30197,c
P03,S01,15,up,KeyH,1791213138150.3,30198,h
P03,S01,15,down,KeyE,1791213138211.6,30199,e
P03,S01,15,down,KeyS,1791213138308,30200,s
P03,S01,15,up,KeyE,1791213138357.6,30199,e
P03,S01,15,down,Space,1791213138383.8,30201, 
P03,S01,15,up,KeyS,1791213138411.3,30200,s
P03,S01,15,up,Space,1791213138484.3,30201, 
P03,S01,15,down,KeyT,1791213138577.3,30202,t
P03,S01,15,up,KeyT,1791213138674,30202,t
P03,S01,15,down,Backspace,1791213139075.3,30203,Backspace
P03,S01,15,up,Backspace,1791213139191.8,30203,Backspace
P03,S01,15,down,Enter,1791213139441.2,30204,Enter
P03,S01,15,up,Enter,1791213139551,30204,Enter
P03,S01,16,down,CapsLock,1791213145788.9,30205,CapsLock
P03,S01,16,down,KeyI,1791213145865.2,30206,I
P03,S01,16,up,CapsLock,1791213145978.8,30205,CapsLock
P03,S01,16,up,KeyI,1791213145983,30206,I
P03,S01,16,down,Space,1791213146033.3,30207, 
P03,S01,16,up,Space,1791213146129.5,30207, 
P03,S01,16,down,KeyL,1791213146200.5,30208,l
P03,S01,16,up,KeyL,1791213146276.6,30208,l
P03,S01,16,down,KeyI,1791213146314.7,30209,i
P03,S01,16,up,KeyI,1791213146393.6,30209,i
P03,S01,16,down,KeyK,1791213146495,30210,k
P03,S01,16,down,KeyE,1791213146558.5,30211,e
P03,S01,16,up,KeyK,1791213146590.6,30210,k
P03,S01,16,up,KeyE,1791213146640.9,30211,e
P03,S01,16,down,Space,1791213146657.4,30212, 
P03,S01,16,up,Space,1791213146744.5,30212, 
P03,S01,16,down,KeyT,1791213146831.9,30213,t
P03,S01,16,down,KeyU,1791213146890.2,30214,u
P03,S01,16,up,KeyT,1791213146924,30213,t
P03,S01,16,down,KeyN,1791213146989.5,30215,n
P03,S01,16,up,KeyU,1791213147043.9,30214,u
P03,S01,16,up,KeyN,1791213147092.4,30215,n
P03,S01,16,down,KeyA,1791213147117.2,30216,a
P03,S01,16,up,KeyA,1791213147213.4,30216,a
P03,S01,16,down,Space,1791213147216.7,30217, 
P03,S01,16,up,Space,1791213147313.6,30217, 
P03,S01,16,down,Enter,1791213147525.1,30218,Enter
P03,S01,16,up,Enter,1791213147622.1,30218,Enter
P03,S01,17,down,CapsLock,1791213155639.7,30219,CapsLock
P03,S01,17,down,KeyN,1791213155805.3,30220,N
P03,S01,17,up,KeyN,1791213155890.4,30220,N
P03,S01,17,up,CapsLock,1791213155927.8,30219,CapsLock
P03,S01,17,down,KeyO,1791213156086.9,30221,o
P03,S01,17,down,Space,1791213156226,30222, 
P03,S01,17,up,KeyO,1791213156241.3,30221,o
P03,S01,17,up,Space,1791213156341.2,30222, 
P03,S01,17,down,KeyI,1791213156407.9,30223,i
P03,S01,17,up,KeyI,1791213156543.4,30223,i
P03,S01,17,down,Backspace,1791213156757.4,30224,Backspace
P03,S01,17,up,Backspace,1791213156858.1,30224,Backspace
P03,S01,17,down,CapsLock,1791213156963.8,30225,CapsLock
P03,S01,17,down,KeyI,1791213156977.5,30226,I
P03,S01,17,down,Space,1791213157071.7,30227, 
P03,S01,17,up,KeyI,1791213157097.7,30226,I
P03,S01,17,up,CapsLock,1791213157106.1,30225,CapsLock
P03,S01,17,up,Space,1791213157191.8,30227, 
P03,S01,17,down,KeyJ,1791213157278,30228,j
P03,S01,17,up,KeyJ,1791213157342.8,30228,j
P03,S01,17,down,KeyU,1791213157416.4,30229,u
P03,S01,17,down,KeyS,1791213157476.1,30230,s
P03,S01,17,up,KeyU,1791213157491.6,30229,u
P03,S01,17,up,KeyS,1791213157588.9,30230,s
P03,S01,17,down,KeyT,1791213157656.1,30231,t
P03,S01,17,down,Space,1791213157725.6,30232, 
P03,S01,17,up,KeyT,1791213157756.9,30231,t
P03,S01,17,down,KeyB,1791213157839.1,30233,b
P03,S01,17,up,Space,1791213157866.6,30232, 
P03,S01,17,down,KeyU,1791213157898,30234,u
P03,S01,17,up,KeyB,1791213157905.6,30233,b
P03,S01,17,down,KeyY,1791213158046,30235,y
P03,S01,17,up,KeyU,1791213158066.4,30234,u
P03,S01,17,down,Space,1791213158174.1,30236, 
P03,S01,17,down,KeyF,1791213158190.9,30237,f
P03,S01,17,up,KeyY,1791213158191.2,30235,y
P03,S01,17,up,Space,1791213158266,30236, 
P03,S01,17,down,KeyR,1791213158327.1,30238,r
P03,S01,17,up,KeyF,1791213158327.1,30237,f
P03,S01,17,down,KeyO,1791213158394.2,30239,o
P03,S01,17,up,KeyR,1791213158433.7,30238,r
P03,S01,17,down,KeyM,1791213158473.9,30240,m
P03,S01,17,up,KeyO,1791213158509.9,30239,o
P03,S01,17,up,KeyM,1791213158558,30240,m
P03,S01,17,down,Space,1791213158641.7,30241, 
P03,S01,17,down,KeyT,1791213158665.8,30242,t
P03,S01,17,up,Space,1791213158722.8,30241, 
P03,S01,17,up,KeyT,1791213158762.4,30242,t
P03,S01,17,down,KeyH,1791213158806.9,30243,h
P03,S01,17,down,KeyE,1791213158862.8,30244,e
P03,S01,17,up,KeyH,1791213158866.4,30243,h
P03,S01,17,down,Space,1791213158939.1,30245, 
P03,S01,17,up,KeyE,1791213158942.7,30244,e
P03,S01,17,up,Space,1791213159024,30245, 
P03,S01,17,down,KeyS,1791213159073.7,30246,s
P03,S01,17,down,KeyU,1791213159113.7,30247,u
P03,S01,17,up,KeyS,1791213159157.1,30246,s
P03,S01,17,down,KeyP,1791213159221.9,30248,p
P03,S01,17,up,KeyU,1791213159229.6,30247,u
P03,S01,17,down,KeyE,1791213159290.3,30249,e
P03,S01,17,up,KeyP,1791213159325.9,30248,p
P03,S01,17,down,KeyR,1791213159365.9,30250,r
P03,S01,17,up,KeyE,1791213159394,30249,e
P03,S01,17,up,KeyR,1791213159472,30250,r
P03,S01,17,down,KeyM,1791213159491.8,30251,m
P03,S01,17,up,KeyM,1791213159584.1,30251,m
P03,S01,17,down,KeyA,1791213159591.6,30252,a
P03,S01,17,down,KeyK,1791213159724,30253,k
P03,S01,17,down,KeyR,1791213159724.6,30254,r
P03,S01,17,up,KeyA,1791213159747.9,30252,a
P03,S01,17,up,KeyK,1791213159811.7,30253,k
P03,S01,17,up,KeyR,1791213159923.6,30254,r
P03,S01,17,down,KeyE,1791213159946.7,30255,e
P03,S01,17,up,KeyE,1791213160183.5,30255,e
P03,S01,17,down,Backspace,1791213160298.9,30256,Backspace
P03,S01,17,up,Backspace,1791213160357.2,30256,Backspace
P03,S01,17,down,Backspace,1791213160459.8,30257,Backspace
P03,S01,17,up,Backspace,1791213160508.1,30257,Backspace
P03,S01,17,down,Backspace,1791213160594.3,30258,Backspace
P03,S01,17,up,Backspace,1791213160650.7,30258,Backspace
P03,S01,17,down,KeyR,1791213160679.8,30259,r
P03,S01,17,up,KeyR,1791213160790.3,30259,r
P03,S01,17,down,KeyK,1791213160841.5,30260,k
P03,S01,17,up,KeyK,1791213160882.1,30260,k
P03,S01,17,down,KeyE,1791213160938.8,30261,e
P03,S01,17,down,KeyT,1791213161091.8,30262,t
P03,S01,17,up,KeyE,1791213161124.6,30261,e
P03,S01,17,down,Enter,1791213161194.8,30263,Enter
P03,S01,17,up,KeyT,1791213161206.8,30262,t
P03,S01,17,up,Enter,1791213161322.5,30263,Enter
P03,S01,18,down,CapsLock,1791213167865.3,30264,CapsLock
P03,S01,18,down,KeyI,1791213168040.5,30265,I
P03,S01,18,up,KeyI,1791213168173.8,30265,I
P03,S01,18,up,CapsLock,1791213168192,30264,CapsLock
P03,S01,18,down,Space,1791213168364.8,30266, 
P03,S01,18,up,Space,1791213168472.8,30266, 
P03,S01,18,down,KeyL,1791213168563.8,30267,l
P03,S01,18,up,KeyL,1791213168640.6,30267,l
P03,S01,18,down,KeyI,1791213168689.6,30268,i
P03,S01,18,up,KeyI,1791213168774.3,30268,i
P03,S01,18,down,KeyK,1791213168859.4,30269,k
P03,S01,18,down,KeyE,1791213168883.8,30270,e
P03,S01,18,up,KeyK,1791213168947.5,30269,k
P03,S01,18,up,KeyE,1791213168982.2,30270,e
P03,S01,18,down,Space,1791213169595.9,30271, 
P03,S01,18,up,Space,1791213169673.9,30271, 
P03,S01,18,down,KeyS,1791213169741.7,30272,s
P03,S01,18,down,KeyO,1791213169809.9,30273,o
P03,S01,18,up,KeyS,1791213169825.7,30272,s
P03,S01,18,down,KeyM,1791213169881.6,30274,m
P03,S01,18,up,KeyO,1791213169929.3,30273,o
P03,S01,18,down,KeyE,1791213169939.4,30275,e
P03,S01,18,up,KeyM,1791213169973.2,30274,m
P03,S01,18,up,KeyE,1791213170025,30275,e
P03,S01,18,down,Space,1791213170214.8,30276, 
P03,S01,18,up,Space,1791213170343.4,30276, 
P03,S01,18,down,KeyW,1791213170410.6,30277,w
P03,S01,18,down,KeyA,1791213170526.7,30278,a
P03,S01,18,up,KeyW,1791213170566.6,30277,w
P03,S01,18,up,KeyA,1791213170627.3,30278,a
P03,S01,18,down,KeyT,1791213170713.8,30279,t
P03,S01,18,up,KeyT,1791213170814.5,30279,t
P03,S01,18,down,KeyE,1791213170891.3,30280,e
P03,S01,18,down,KeyR,1791213170980.7,30281,r
P03,S01,18,down,Space,1791213171020.2,30282, 
P03,S01,18,up,KeyE,1791213171024.3,30280,e
P03,S01,18,up,KeyR,1791213171081.1,30281,r
P03,S01,18,up,Space,1791213171117.1,30282, 
P03,S01,18,down,KeyO,1791213171158.4,30283,o
P03,S01,18,down,KeyR,1791213171246.6,30284,r
P03,S01,18,up,KeyO,1791213171273.2,30283,o
P03,S01,18,down,Space,1791213171310.7,30285, 
P03,S01,18,up,KeyR,1791213171326.6,30284,r
P03,S01,18,up,Space,1791213171415.2,30285, 
P03,S01,18,down,KeyC,1791213171556.5,30286,c
P03,S01,18,down,KeyO,1791213171560.5,30287,o
P03,S01,18,up,KeyC,1791213171614.5,30286,c
P03,S01,18,down,KeyK,1791213171714.9,30288,k
P03,S01,18,up,KeyO,1791213171715.5,30287,o
P03,S01,18,down,KeyE,1791213171824.8,30289,e
P03,S01,18,up,KeyK,1791213171866.8,30288,k
P03,S01,18,up,KeyE,1791213171908.5,30289,e
P03,S01,18,down,Space,1791213171993.5,30290, 
P03,S01,18,up,Space,1791213172107.4,30290, 
P03,S01,18,down,KeyZ,1791213172183.2,30291,z
P03,S01,18,up,KeyZ,1791213172440.9,30291,z
P03,S01,18,down,KeyE,1791213172495.7,30292,e
P03,S01,18,down,KeyR,1791213172591.4,30293,r
P03,S01,18,up,KeyE,1791213172663.4,30292,e
P03,S01,18,down,KeyN,1791213172707.5,30294,n
P03,S01,18,up,KeyR,1791213172739.3,30293,r
P03,S01,18,up,KeyN,1791213172779.7,30294,n
P03,S01,18,down,KeyO,1791213172915,30295,o
P03,S01,18,up,KeyO,1791213172990.5,30295,o
P03,S01,18,down,Backspace,1791213173295.1,30296,Backspace
P03,S01,18,up,Backspace,1791213173374.6,30296,Backspace
P03,S01,18,down,Backspace,1791213173441.5,30297,Backspace
P03,S01,18,up,Backspace,1791213173523.6,30297,Backspace
P03,S01,18,down,KeyO,1791213173624.8,30298,o
P03,S01,18,up,KeyO,1791213173707.3,30298,o
P03,S01,18,down,Enter,1791213173808.5,30299,Enter
P03,S01,18,up,Enter,1791213173906,30299,Enter
P03,S01,19,down,CapsLock,1791213182096.7,30300,CapsLock
P03,S01,19,down,KeyI,1791213182124.3,30301,I
P03,S01,19,up,KeyI,1791213182208.6,30301,I
P03,S01,19,up,CapsLock,1791213182289.1,30300,CapsLock
P03,S01,19,down,Space,1791213182355.7,30302, 
P03,S01,19,up,Space,1791213182445.3,30302, 
P03,S01,19,down,KeyL,1791213182559.6,30303,l
P03,S01,19,up,KeyL,1791213182629.8,30303,l
P03,S01,19,down,KeyI,1791213182691.4,30304,i
P03,S01,19,up,KeyI,1791213182776,30304,i
P03,S01,19,down,KeyK,1791213182890.7,30305,k
P03,S01,19,down,KeyE,1791213182906.2,30306,e
P03,S01,19,up,KeyK,1791213182942.7,30305,k
P03,S01,19,up,KeyE,1791213182994.7,30306,e
P03,S01,19,down,Space,1791213183009,30307, 
P03,S01,19,up,Space,1791213183107.7,30307, 
P03,S01,19,down,KeyT,1791213183156.2,30308,t
P03,S01,19,down,KeyO,1791213183222.6,30309,o
P03,S01,19,up,KeyT,1791213183241.2,30308,t
P03,S01,19,down,Space,1791213183307.4,30310, 
P03,S01,19,up,KeyO,1791213183357.1,30309,o
P03,S01,19,up,Space,1791213183423.7,30310, 
P03,S01,19,down,KeyD,1791213183791.3,30311,d
P03,S01,19,up,KeyD,1791213183908.3,30311,d
P03,S01,19,down,KeyR,1791213183999.9,30312,r
P03,S01,19,down,KeyI,1791213184083.8,30313,i
P03,S01,19,up,KeyR,1791213184124,30312,r
P03,S01,19,down,KeyN,1791213184174.8,30314,n
P03,S01,19,up,KeyI,1791213184211.7,30313,i
P03,S01,19,down,KeyK,1791213184340.8,30315,k
P03,S01,19,up,KeyN,1791213184357.7,30314,n
P03,S01,19,down,Space,1791213184406.4,30316, 
P03,S01,19,up,KeyK,1791213184410.9,30315,k
P03,S01,19,up,Space,1791213184515.9,30316, 
P03,S01,19,down,KeyI,1791213184563.4,30317,i
P03,S01,19,up,KeyI,1791213184673.9,30317,i
P03,S01,19,down,KeyT,1791213184698.4,30318,t
P03,S01,19,up,KeyT,1791213184789.9,30318,t
P03,S01,19,down,Space,1791213184826.1,30319, 
P03,S01,19,up,Space,1791213184906.7,30319, 
P03,S01,19,down,KeyS,1791213184976.3,30320,s
P03,S01,19,up,KeyS,1791213185064.2,30320,s
P03,S01,19,down,KeyU,1791213185076.6,30321,u
P03,S01,19,down,KeyP,1791213185176.2,30322,p
P03,S01,19,up,KeyU,1791213185212,30321,u
P03,S01,19,down,KeyE,1791213185289.1,30323,e
P03,S01,19,up,KeyP,1791213185305.7,30322,p
P03,S01,19,down,KeyR,1791213185389.8,30324,r
P03,S01,19,up,KeyE,1791213185423.7,30323,e
P03,S01,19,down,Space,1791213185480.5,30325, 
P03,S01,19,up,KeyR,1791213185496.1,30324,r
P03,S01,19,up,Space,1791213185576.7,30325, 
P03,S01,19,down,KeyC,1791213185691.2,30326,c
P03,S01,19,down,KeyO,1791213185758.7,30327,o
P03,S01,19,up,KeyC,1791213185790.8,30326,c
P03,S01,19,up,KeyO,1791213185828.8,30327,o
P03,S01,19,down,KeyL,1791213185958.4,30328,l
P03,S01,19,up,KeyL,1791213186007.4,30328,l
P03,S01,19,down,KeyD,1791213186007.4,30329,d
P03,S01,19,up,KeyD,1791213186074.2,30329,d
P03,S01,19,down,Enter,1791213186175.8,30330,Enter
P03,S01,19,up,Enter,1791213186261,30330,Enter
P03,S01,20,down,CapsLock,1791213191948.4,30331,CapsLock
P03,S01,20,down,KeyI,1791213193548.3,30332,I
P03,S01,20,up,KeyI,1791213193648.2,30332,I
P03,S01,20,up,CapsLock,1791213193692.6,30331,CapsLock
P03,S01,20,down,Space,1791213193763.7,30333, 
P03,S01,20,up,Space,1791213193876.6,30333, 
P03,S01,20,down,KeyE,1791213193892.5,30334,e
P03,S01,20,up,KeyE,1791213193990.8,30334,e
P03,S01,20,down,KeyX,1791213194140.9,30335,x
P03,S01,20,down,KeyP,1791213194264.2,30336,p
P03,S01,20,up,KeyX,1791213194261,30335,x
P03,S01,20,up,KeyP,1791213194324.5,30336,p
P03,S01,20,down,KeyL,1791213194447.2,30337,l
P03,S01,20,up,KeyL,1791213194507.7,30337,l
P03,S01,20,down,KeyO,1791213194597.1,30338,o
P03,S01,20,down,KeyR,1791213194657.4,30339,r
P03,S01,20,up,KeyO,1791213194675,30338,o
P03,S01,20,down,KeyE,1791213194724.9,30340,e
P03,S01,20,up,KeyR,1791213194757.2,30339,r
P03,S01,20,up,KeyE,1791213194845.1,30340,e
P03,S01,20,down,Space,1791213194849.4,30341, 
P03,S01,20,up,Space,1791213194923.4,30341, 
P03,S01,20,down,KeyA,1791213195009.1,30342,a
P03,S01,20,down,Space,1791213195097.1,30343, 
P03,S01,20,up,KeyA,1791213195117,30342,a
P03,S01,20,up,Space,1791213195173.6,30343, 
P03,S01,20,down,KeyN,1791213195282.4,30344,n
P03,S01,20,up,KeyN,1791213195334.2,30344,n
P03,S01,20,down,KeyE,1791213195339.3,30345,e
P03,S01,20,down,KeyW,1791213195442.1,30346,w
P03,S01,20,up,KeyE,1791213195462.7,30345,e
P03,S01,20,down,Space,1791213195465.5,30347, 
P03,S01,20,up,KeyW,1791213195523.9,30346,w
P03,S01,20,up,Space,1791213195562.5,30347, 
P03,S01,20,down,KeyT,1791213195663.2,30348,t
P03,S01,20,up,KeyT,1791213195739.9,30348,t
P03,S01,20,down,KeyR,1791213195878.1,30349,r
P03,S01,20,up,KeyR,1791213195950.6,30349,r
P03,S01,20,down,KeyA,1791213196041,30350,a
P03,S01,20,up,KeyA,1791213196174.6,30350,a
P03,S01,20,down,KeyI,1791213196307.5,30351,i
P03,S01,20,up,KeyI,1791213196367.6,30351,i
P03,S01,20,down,KeyL,1791213196590,30352,l
P03,S01,20,up,KeyL,1791213196700.4,30352,l
P03,S01,20,down,Space,1791213196759,30353, 
P03,S01,20,up,Space,1791213196891.6,30353, 
P03,S01,20,down,KeyE,1791213197023,30354,e
P03,S01,20,up,KeyE,1791213197140.7,30354,e
P03,S01,20,down,KeyV,1791213197413,30355,v
P03,S01,20,up,KeyV,1791213197549.7,30355,v
P03,S01,20,down,KeyE,1791213197566.5,30356,e
P03,S01,20,down,KeyR,1791213197698.1,30357,r
P03,S01,20,up,KeyE,1791213197706.7,30356,e
P03,S01,20,up,KeyR,1791213197823.1,30357,r
P03,S01,20,down,KeyY,1791213197909.1,30358,y
P03,S01,20,down,Space,1791213198027.7,30359, 
P03,S01,20,up,KeyY,1791213198048.6,30358,y
P03,S01,20,down,KeyT,1791213198108.6,30360,t
P03,S01,20,up,Space,1791213198124.7,30359, 
P03,S01,20,up,KeyT,1791213198229.6,30360,t
P03,S01,20,down,KeyI,1791213198260.2,30361,i
P03,S01,20,down,KeyM,1791213198343.9,30362,m
P03,S01,20,up,KeyI,1791213198384,30361,i
P03,S01,20,down,KeyE,1791213198416.2,30363,e
P03,S01,20,up,KeyM,1791213198432.4,30362,m
P03,S01,20,up,KeyE,1791213198524.1,30363,e
P03,S01,20,down,Enter,1791213198979.1,30364,Enter
P03,S01,20,up,Enter,1791213199091.2,30364,Enter
P03,S01,21,down,KeyD,1791213206641.4,30365,d
P03,S01,21,up,KeyD,1791213206756.3,30365,d
P03,S01,21,down,KeyI,1791213206806.9,30366,i
P03,S01,21,up,KeyI,1791213206910.9,30366,i
P03,S01,21,down,Backspace,1791213207226.2,30367,Backspace
P03,S01,21,up,Backspace,1791213207293.3,30367,Backspace
P03,S01,21,down,Backspace,1791213207392.9,30368,Backspace
P03,S01,21,up,Backspace,1791213207445.4,30368,Backspace
P03,S01,21,down,CapsLock,1791213207564.9,30369,CapsLock
P03,S01,21,down,KeyI,1791213207638.5,30370,I
P03,S01,21,up,KeyI,1791213207729.9,30370,I
P03,S01,21,up,CapsLock,1791213207755.9,30369,CapsLock
P03,S01,21,down,Space,1791213207847.3,30371, 
P03,S01,21,up,Space,1791213207924,30371, 
P03,S01,21,down,KeyL,1791213207999.4,30372,l
P03,S01,21,up,KeyL,1791213208076.4,30372,l
P03,S01,21,down,KeyI,1791213208106.4,30373,i
P03,S01,21,up,KeyI,1791213208183.4,30373,i
P03,S01,21,down,KeyK,1791213208254.7,30374,k
P03,S01,21,down,KeyE,1791213208312.6,30375,e
P03,S01,21,up,KeyK,1791213208348.7,30374,k
P03,S01,21,down,Space,1791213208396.3,30376, 
P03,S01,21,up,KeyE,1791213208404.8,30375,e
P03,S01,21,up,Space,1791213208480.8,30376, 
P03,S01,21,down,KeyT,1791213208527.3,30377,t
P03,S01,21,up,KeyT,1791213208639.2,30377,t
P03,S01,21,down,Space,1791213208665.1,30378, 
P03,S01,21,down,KeyO,1791213208673.2,30379,o
P03,S01,21,up,Space,1791213208815.4,30378, 
P03,S01,21,up,KeyO,1791213208831.8,30379,o
P03,S01,21,down,Backspace,1791213209255.8,30380,Backspace
P03,S01,21,up,Backspace,1791213209299.2,30380,Backspace
P03,S01,21,down,Backspace,1791213209388.2,30381,Backspace
P03,S01,21,up,Backspace,1791213209473.1,30381,Backspace
P03,S01,21,down,KeyO,1791213209574,30382,o
P03,S01,21,down,Space,1791213209655.2,30383, 
P03,S01,21,up,KeyO,1791213209713.9,30382,o
P03,S01,21,down,KeyT,1791213209722,30384,t
P03,S01,21,up,Space,1791213209789.3,30383, 
P03,S01,21,down,KeyR,1791213209842,30385,r
P03,S01,21,up,KeyT,1791213209856.5,30384,t
P03,S01,21,up,KeyR,1791213209941.8,30385,r
P03,S01,21,down,KeyA,1791213210040.2,30386,a
P03,S01,21,down,KeyV,1791213210107.8,30387,v
P03,S01,21,up,KeyA,1791213210127.4,30386,a
P03,S01,21,up,KeyV,1791213210184.1,30387,v
P03,S01,21,down,KeyE,1791213210241.6,30388,e
P03,S01,21,down,KeyL,1791213210323.4,30389,l
P03,S01,21,up,KeyE,1791213210329.2,30388,e
P03,S01,21,down,Space,1791213210357.5,30390, 
P03,S01,21,up,KeyL,1791213210429.5,30389,l
P03,S01,21,down,KeyT,1791213210456.6,30391,t
P03,S01,21,up,Space,1791213210497.8,30390, 
P03,S01,21,up,KeyT,1791213210550.2,30391,t
P03,S01,21,down,KeyO,1791213210589.8,30392,o
P03,S01,21,down,Space,1791213210693.7,30393, 
P03,S01,21,up,KeyO,1791213210714,30392,o
P03,S01,21,down,KeyD,1791213210745.8,30394,d
P03,S01,21,up,Space,1791213210793.9,30393, 
P03,S01,21,up,KeyD,1791213210824.5,30394,d
P03,S01,21,down,KeyI,1791213210872.6,30395,i
P03,S01,21,down,KeyF,1791213210946.6,30396,f
P03,S01,21,up,KeyI,1791213210967.1,30395,i
P03,S01,21,up,KeyF,1791213211040.4,30396,f
P03,S01,21,down,KeyF,1791213211116.7,30397,f
P03,S01,21,down,KeyE,1791213211241.6,30398,e
P03,S01,21,up,KeyF,1791213211241.6,30397,f
P03,S01,21,up,KeyE,1791213211355,30398,e
P03,S01,21,down,KeyR,1791213211359.2,30399,r
P03,S01,21,down,KeyE,1791213211471.7,30400,e
P03,S01,21,up,KeyR,1791213211483.9,30399,r
P03,S01,21,down,KeyN,1791213211532.2,30401,n
P03,S01,21,up,KeyE,1791213211563.6,30400,e
P03,S01,21,up,KeyN,1791213211616.4,30401,n
P03,S01,21,down,KeyT,1791213211673.9,30402,t
P03,S01,21,down,Space,1791213211705.4,30403, 
P03,S01,21,up,KeyT,1791213211772.9,30402,t
P03,S01,21,up,Space,1791213211779.4,30403, 
P03,S01,21,down,KeyP,1791213211862.5,30404,p
P03,S01,21,up,KeyP,1791213211943,30404,p
P03,S01,21,down,KeyL,1791213212041.8,30405,l
P03,S01,21,down,KeyA,1791213212057.1,30406,a
P03,S01,21,up,KeyL,1791213212140.8,30405,l
P03,S01,21,up,KeyA,1791213212192.9,30406,a
P03,S01,21,down,KeyC,1791213212257.6,30407,c
P03,S01,21,down,KeyE,1791213212396.7,30408,e
P03,S01,21,up,KeyC,1791213212417.4,30407,c
P03,S01,21,down,KeyS,1791213212575.2,30409,s
P03,S01,21,up,KeyE,1791213212591.1,30408,e
P03,S01,21,down,Enter,1791213212664.5,30410,Enter
P03,S01,21,up,KeyS,1791213212722,30409,s
P03,S01,21,up,Enter,1791213212722,30410,Enter
P03,S01,22,down,CapsLock,1791213219831,30411,CapsLock
P03,S01,22,down,KeyA,1791213220441.7,30412,A
P03,S01,22,up,KeyA,1791213220540.2,30412,A
P03,S01,22,up,CapsLock,1791213220659.7,30411,CapsLock
P03,S01,22,down,KeyN,1791213220765.3,30413,n
P03,S01,22,up,KeyN,1791213220829.9,30413,n
P03,S01,22,down,KeyE,1791213220888.5,30414,e
P03,S01,22,up,KeyE,1791213220962.9,30414,e
P03,S01,22,down,KeyC,1791213221175.8,30415,c
P03,S01,22,up,KeyC,1791213221276.7,30415,c
P03,S01,22,down,Backspace,1791213221594.7,30416,Backspace
P03,S01,22,up,Backspace,1791213221707.2,30416,Backspace
P03,S01,22,down,Backspace,1791213222140.2,30417,Backspace
P03,S01,22,up,Backspace,1791213222214.7,30417,Backspace
P03,S01,22,down,KeyN,1791213222343,30418,n
P03,S01,22,down,KeyE,1791213222439.2,30419,e
P03,S01,22,up,KeyN,1791213222439.2,30418,n
P03,S01,22,up,KeyE,1791213222556.9,30419,e
P03,S01,22,down,KeyC,1791213222661.8,30420,c
P03,S01,22,down,KeyY,1791213222761.4,30421,y
P03,S01,22,up,KeyC,1791213222789.5,30420,c
P03,S01,22,down,Space,1791213222840,30422, 
P03,S01,22,up,KeyY,1791213222888.4,30421,y
P03,S01,22,up,Space,1791213222923.5,30422, 
P03,S01,22,down,Enter,1791213223090.8,30423,Enter
P03,S01,22,up,Enter,1791213223155.6,30423,Enter
P03,S01,23,down,CapsLock,1791213230639.1,30424,CapsLock
P03,S01,23,down,KeyY,1791213230727,30425,Y
P03,S01,23,up,KeyY,1791213230805.4,30425,Y
P03,S01,23,up,CapsLock,1791213230846.3,30424,CapsLock
P03,S01,23,down,KeyE,1791213230980.4,30426,e
P03,S01,23,up,KeyE,1791213231076.5,30426,e
P03,S01,23,down,KeyS,1791213231174.1,30427,s
P03,S01,23,up,KeyS,1791213231291.6,30427,s
P03,S01,23,down,Space,1791213231292.2,30428, 
P03,S01,23,up,Space,1791213231389.9,30428, 
P03,S01,23,down,CapsLock,1791213231543.8,30429,CapsLock
P03,S01,23,down,KeyM,1791213231627.2,30430,M
P03,S01,23,up,KeyM,1791213231706.4,30430,M
P03,S01,23,up,CapsLock,1791213231742.4,30429,CapsLock
P03,S01,23,down,KeyO,1791213231800.4,30431,o
P03,S01,23,down,KeyN,1791213231957.3,30432,n
P03,S01,23,up,KeyO,1791213232056.2,30431,o
P03,S01,23,up,KeyN,1791213232064.9,30432,n
P03,S01,23,down,KeyT,1791213232106.6,30433,t
P03,S01,23,up,KeyT,1791213232211.3,30433,t
P03,S01,23,down,Space,1791213232221.2,30434, 
P03,S01,23,up,Space,1791213232299.2,30434, 
P03,S01,23,down,CapsLock,1791213232490.3,30435,CapsLock
P03,S01,23,down,KeyV,1791213232500.6,30436,V
P03,S01,23,up,KeyV,1791213232566,30436,V
P03,S01,23,up,CapsLock,1791213232608.6,30435,CapsLock
P03,S01,23,down,KeyE,1791213232738.4,30437,e
P03,S01,23,up,KeyE,1791213232875.7,30437,e
P03,S01,23,down,KeyY,1791213232981.3,30438,y
P03,S01,23,up,KeyY,1791213233090.2,30438,y
P03,S01,23,down,KeyR,1791213233339.9,30439,r
P03,S01,23,up,KeyR,1791213233479.5,30439,r
P03,S01,23,down,KeyI,1791213233507.4,30440,i
P03,S01,23,up,KeyI,1791213233598.8,30440,i
P03,S01,23,down,KeyE,1791213233623.9,30441,e
P03,S01,23,down,KeyR,1791213233771.1,30442,r
P03,S01,23,up,KeyE,1791213233774.7,30441,e
P03,S01,23,up,KeyR,1791213233895.6,30442,r
P03,S01,23,down,Enter,1791213233924.8,30443,Enter
P03,S01,23,up,Enter,1791213234038.5,30443,Enter
P03,S01,24,down,CapsLock,1791213240687.9,30444,CapsLock
P03,S01,24,down,KeyY,1791213241707.5,30445,Y
P03,S01,24,up,CapsLock,1791213241754.9,30444,CapsLock
P03,S01,24,up,KeyY,1791213241798.9,30445,Y
P03,S01,24,down,KeyE,1791213241886.4,30446,e
P03,S01,24,up,KeyE,1791213241990.2,30446,e
P03,S01,24,down,KeyS,1791213242090.1,30447,s
P03,S01,24,down,Space,1791213242208.9,30448, 
P03,S01,24,up,KeyS,1791213242216.9,30447,s
P03,S01,24,up,Space,1791213242300.3,30448, 
P03,S01,24,down,CapsLock,1791213242449.9,30449,CapsLock
P03,S01,24,down,KeyI,1791213242469.5,30450,I
P03,S01,24,up,CapsLock,1791213242573.4,30449,CapsLock
P03,S01,24,up,KeyI,1791213242649.2,30450,I
P03,S01,24,down,Space,1791213242691.7,30451, 
P03,S01,24,up,Space,1791213242795.9,30451, 
P03,S01,24,down,KeyT,1791213242847,30452,t
P03,S01,24,down,KeyO,1791213242927.1,30453,o
P03,S01,24,up,KeyT,1791213242940.6,30452,t
P03,S01,24,up,KeyO,1791213243011.2,30453,o
P03,S01,24,down,KeyO,1791213243073,30454,o
P03,S01,24,down,KeyK,1791213243182.5,30455,k
P03,S01,24,up,KeyO,1791213243250.4,30454,o
P03,S01,24,down,Space,1791213243305.7,30456, 
P03,S01,24,up,KeyK,1791213243322.1,30455,k
P03,S01,24,up,Space,1791213243423.3,30456, 
P03,S01,24,down,KeyP,1791213243540.9,30457,p
P03,S01,24,up,KeyP,1791213243700.3,30457,p
P03,S01,24,down,KeyH,1791213243727,30458,h
P03,S01,24,up,KeyH,1791213243856,30458,h
P03,S01,24,down,KeyO,1791213243907,30459,o
P03,S01,24,up,KeyO,1791213244039.8,30459,o
P03,S01,24,down,KeyT,1791213244109.2,30460,t
P03,S01,24,down,KeyO,1791213244223.1,30461,o
P03,S01,24,up,KeyT,1791213244224.9,30460,t
P03,S01,24,up,KeyO,1791213244328.9,30461,o
P03,S01,24,down,KeyS,1791213244540.5,30462,s
P03,S01,24,up,KeyS,1791213244658.3,30462,s
P03,S01,24,down,Enter,1791213244707.7,30463,Enter
P03,S01,24,up,Enter,1791213244764.8,30463,Enter
P03,S01,25,down,CapsLock,1791213252013.7,30464,CapsLock
P03,S01,25,down,KeyI,1791213252714.4,30465,I
P03,S01,25,up,KeyI,1791213252850.1,30465,I
P03,S01,25,up,CapsLock,1791213252895.7,30464,CapsLock
P03,S01,25,down,Space,1791213253040.8,30466, 
P03,S01,25,up,Space,1791213253157,30466, 
P03,S01,25,down,KeyB,1791213253373.9,30467,b
P03,S01,25,up,KeyB,1791213253456.6,30467,b
P03,S01,25,down,KeyR,1791213253473.6,30468,r
P03,S01,25,up,KeyR,1791213253577.6,30468,r
P03,S01,25,down,KeyO,1791213253589.7,30469,o
P03,S01,25,down,KeyU,1791213253673.1,30470,u
P03,S01,25,up,KeyO,1791213253739.4,30469,o
P03,S01,25,down,KeyG,1791213253761.4,30471,g
P03,S01,25,up,KeyU,1791213253781.1,30470,u
P03,S01,25,up,KeyG,1791213253829.1,30471,g
P03,S01,25,down,KeyH,1791213253888.1,30472,h
P03,S01,25,up,KeyH,1791213253955.9,30472,h
P03,S01,25,down,KeyT,1791213253956.4,30473,t
P03,S01,25,up,KeyT,1791213254048.3,30473,t
P03,S01,25,down,Space,1791213254060.1,30474, 
P03,S01,25,up,Space,1791213254144.1,30474, 
P03,S01,25,down,KeyM,1791213254281.7,30475,m
P03,S01,25,up,KeyM,1791213254325.6,30475,m
P03,S01,25,down,KeyY,1791213254440.2,30476,y
P03,S01,25,down,Space,1791213254494.1,30477, 
P03,S01,25,up,KeyY,1791213254530.1,30476,y
P03,S01,25,up,Space,1791213254598.8,30477, 
P03,S01,25,down,KeyP,1791213254649.4,30478,p
P03,S01,25,up,KeyP,1791213254756.2,30478,p
P03,S01,25,down,KeyH,1791213254773.5,30479,h
P03,S01,25,up,KeyH,1791213254848.9,30479,h
P03,S01,25,down,KeyO,1791213254879.5,30480,o
P03,S01,25,down,KeyN,1791213254991.3,30481,n
P03,S01,25,up,KeyO,1791213255015.3,30480,o
P03,S01,25,down,KeyE,1791213255043.1,30482,e
P03,S01,25,up,KeyN,1791213255072.5,30481,n
P03,S01,25,up,KeyE,1791213255147,30482,e
P03,S01,25,down,Space,1791213255166.2,30483, 
P03,S01,25,down,KeyA,1791213255224,30484,a
P03,S01,25,up,Space,1791213255240.7,30483, 
P03,S01,25,down,KeyN,1791213255340.2,30485,n
P03,S01,25,up,KeyN,1791213255414.3,30485,n
P03,S01,25,down,KeyD,1791213255423.1,30486,d
P03,S01,25,up,KeyA,1791213255442.3,30484,a
P03,S01,25,down,Space,1791213255490.4,30487, 
P03,S01,25,up,KeyD,1791213255540.1,30486,d
P03,S01,25,up,Space,1791213255574.6,30487, 
P03,S01,25,down,KeyA,1791213255615.7,30488,a
P03,S01,25,down,Space,1791213255707.7,30489, 
P03,S01,25,up,KeyA,1791213255739.9,30488,a
P03,S01,25,up,Space,1791213255792.3,30489, 
P03,S01,25,down,KeyC,1791213255931,30490,c
P03,S01,25,up,KeyC,1791213256010.8,30490,c
P03,S01,25,down,KeyM,1791213256123.5,30491,m
P03,S01,25,down,KeyA,1791213256141.1,30492,a
P03,S01,25,up,KeyM,1791213256160.7,30491,m
P03,S01,25,up,KeyA,1791213256231.6,30492,a
P03,S01,25,down,Backspace,1791213256524.2,30493,Backspace
P03,S01,25,up,Backspace,1791213256609.5,30493,Backspace
P03,S01,25,down,Backspace,1791213256691,30494,Backspace
P03,S01,25,up,Backspace,1791213256756.8,30494,Backspace
P03,S01,25,down,KeyA,1791213256763,30495,a
P03,S01,25,down,KeyM,1791213256827.8,30496,m
P03,S01,25,up,KeyA,1791213256863.7,30495,a
P03,S01,25,up,KeyM,1791213256927.8,30496,m
P03,S01,25,down,KeyE,1791213256972.2,30497,e
P03,S01,25,down,KeyR,1791213257089.1,30498,r
P03,S01,25,up,KeyE,1791213257107.1,30497,e
P03,S01,25,up,KeyR,1791213257189.1,30498,r
P03,S01,25,down,KeyA,1791213257239.1,30499,a
P03,S01,25,down,Enter,1791213257311.4,30500,Enter
P03,S01,25,up,KeyA,1791213257355.5,30499,a
P03,S01,25,up,Enter,1791213257427,30500,Enter
P03,S01,26,down,CapsLock,1791213264439.3,30501,CapsLock
P03,S01,26,down,KeyI,1791213264490.8,30502,I
P03,S01,26,up,KeyI,1791213264595.6,30502,I
P03,S01,26,up,CapsLock,1791213264626.2,30501,CapsLock
P03,S01,26,down,KeyT,1791213264793.3,30503,t
P03,S01,26,down,Space,1791213264877.1,30504, 
P03,S01,26,up,KeyT,1791213264914.7,30503,t
P03,S01,26,up,Space,1791213264990.2,30504, 
P03,S01,26,down,KeyW,1791213265039.9,30505,w
P03,S01,26,down,KeyA,1791213265132.1,30506,a
P03,S01,26,up,KeyW,1791213265156,30505,w
P03,S01,26,down,KeyS,1791213265264.2,30507,s
P03,S01,26,up,KeyA,1791213265324.1,30506,a
P03,S01,26,down,Space,1791213265324.4,30508, 
P03,S01,26,up,KeyS,1791213265359.8,30507,s
P03,S01,26,up,Space,1791213265408.2,30508, 
P03,S01,26,down,KeyA,1791213265456,30509,a
P03,S01,26,down,Space,1791213265563.7,30510, 
P03,S01,26,up,KeyA,1791213265572.9,30509,a
P03,S01,26,up,Space,1791213265624.9,30510, 
P03,S01,26,down,KeyD,1791213265730.3,30511,d
P03,S01,26,down,KeyI,1791213265829.9,30512,i
P03,S01,26,up,KeyD,1791213265838.1,30511,d
P03,S01,26,up,KeyI,1791213265906.5,30512,i
P03,S01,26,down,KeyG,1791213265979.5,30513,g
P03,S01,26,up,KeyG,1791213266054.9,30513,g
P03,S01,26,down,KeyI,1791213266055.6,30514,i
P03,S01,26,up,KeyI,1791213266132.9,30514,i
P03,S01,26,down,KeyC,1791213266226.8,30515,c
P03,S01,26,up,KeyC,1791213266331.8,30515,c
P03,S01,26,down,KeyA,1791213266356.5,30516,a
P03,S01,26,down,KeyM,1791213266407,30517,m
P03,S01,26,up,KeyA,1791213266456.1,30516,a
P03,S01,26,up,KeyM,1791213266530.6,30517,m
P03,S01,26,down,Enter,1791213266560.7,30518,Enter
P03,S01,26,up,Enter,1791213266689.7,30518,Enter
P03,S01,27,down,CapsLock,1791213272566.6,30519,CapsLock
P03,S01,27,down,KeyI,1791213273291.2,30520,I
P03,S01,27,up,KeyI,1791213273409.7,30520,I
P03,S01,27,up,CapsLock,1791213273416.8,30519,CapsLock
P03,S01,27,down,Space,1791213273656.5,30521, 
P03,S01,27,up,Space,1791213273774.8,30521, 
P03,S01,27,down,KeyJ,1791213273791.4,30522,j
P03,S01,27,up,KeyJ,1791213273893.1,30522,j
P03,S01,27,down,KeyU,1791213274006.8,30523,u
P03,S01,27,up,KeyU,1791213274099.3,30523,u
P03,S01,27,down,KeyS,1791213274140.2,30524,s
P03,S01,27,down,KeyT,1791213274242.8,30525,t
P03,S01,27,up,KeyS,1791213274273.2,30524,s
P03,S01,27,down,Space,1791213274311.7,30526, 
P03,S01,27,up,KeyT,1791213274356.2,30525,t
P03,S01,27,up,Space,1791213274378.7,30526, 
P03,S01,27,down,KeyK,1791213274479.8,30527,k
P03,S01,27,down,KeyE,1791213274539.5,30528,e
P03,S01,27,up,KeyK,1791213274547.8,30527,k
P03,S01,27,up,KeyE,1791213274624.2,30528,e
P03,S01,27,down,KeyE,1791213274732.8,30529,e
P03,S01,27,down,KeyP,1791213274780.9,30530,p
P03,S01,27,up,KeyE,1791213274806,30529,e
P03,S01,27,down,Space,1791213274856.2,30531, 
P03,S01,27,up,KeyP,1791213274896.3,30530,p
P03,S01,27,up,Space,1791213274960.8,30531, 
P03,S01,27,down,KeyT,1791213274973.5,30532,t
P03,S01,27,up,KeyT,1791213275060.7,30532,t
P03,S01,27,down,KeyH,1791213275072.9,30533,h
P03,S01,27,up,KeyH,1791213275144.8,30533,h
P03,S01,27,down,KeyE,1791213275172.7,30534,e
P03,S01,27,up,KeyE,1791213275248.6,30534,e
P03,S01,27,down,KeyM,1791213275310.6,30535,m
P03,S01,27,down,Space,1791213275359.2,30536, 
P03,S01,27,up,KeyM,1791213275415.1,30535,m
P03,S01,27,down,KeyA,1791213275440.1,30537,a
P03,S01,27,up,Space,1791213275478.8,30536, 
P03,S01,27,down,KeyS,1791213275590.5,30538,s
P03,S01,27,up,KeyA,1791213275662.7,30537,a
P03,S01,27,up,KeyS,1791213275710.9,30538,s
P03,S01,27,down,Space,1791213275711.3,30539, 
P03,S01,27,up,Space,1791213275783.2,30539, 
P03,S01,27,down,KeyT,1791213275856.1,30540,t
P03,S01,27,down,KeyH,1791213275933.1,30541,h
P03,S01,27,up,KeyT,1791213275945,30540,t
P03,S01,27,up,KeyH,1791213275977.6,30541,h
P03,S01,27,down,KeyE,1791213276011.5,30542,e
P03,S01,27,down,KeyY,1791213276115.6,30543,y
P03,S01,27,up,KeyE,1791213276127.3,30542,e
P03,S01,27,down,Space,1791213276188.4,30544, 
P03,S01,27,up,KeyY,1791213276247.7,30543,y
P03,S01,27,up,Space,1791213276280.2,30544, 
P03,S01,27,down,KeyA,1791213276305.3,30545,a
P03,S01,27,up,KeyA,1791213276424.5,30545,a
P03,S01,27,down,KeyR,1791213276432.2,30546,r
P03,S01,27,down,KeyE,1791213276505.7,30547,e
P03,S01,27,up,KeyR,1791213276548.9,30546,r
P03,S01,27,down,Enter,1791213276588.4,30548,Enter
P03,S01,27,up,KeyE,1791213276628.3,30547,e
P03,S01,27,up,Enter,1791213276708.2,30548,Enter
P03,S01,28,down,CapsLock,1791213283560.3,30549,CapsLock
P03,S01,28,down,KeyY,1791213285357.9,30550,Y
P03,S01,28,up,CapsLock,1791213285413.3,30549,CapsLock
P03,S01,28,up,KeyY,1791213285423.7,30550,Y
P03,S01,28,down,KeyE,1791213285993.2,30551,e
P03,S01,28,up,KeyE,1791213286122.5,30551,e
P03,S01,28,down,KeyS,1791213286122.5,30552,s
P03,S01,28,down,Space,1791213286189.1,30553, 
P03,S01,28,up,KeyS,1791213286239.5,30552,s
P03,S01,28,up,Space,1791213286309.6,30553, 
P03,S01,28,down,KeyI,1791213286492.7,30554,i
P03,S01,28,down,CapsLock,1791213286508.9,30555,CapsLock
P03,S01,28,up,KeyI,1791213286624.4,30554,i
P03,S01,28,up,CapsLock,1791213286641.5,30555,CapsLock
P03,S01,28,down,Space,1791213286670.4,30556, 
P03,S01,28,up,Space,1791213286764.9,30556, 
P03,S01,28,down,KeyS,1791213286860.3,30557,s
P03,S01,28,down,KeyH,1791213286907.9,30558,h
P03,S01,28,up,KeyH,1791213286956.1,30558,h
P03,S01,28,up,KeyS,1791213286960.2,30557,s
P03,S01,28,down,KeyA,1791213287108.3,30559,a
P03,S01,28,up,KeyA,1791213287277.8,30559,a
P03,S01,28,down,Backspace,1791213287428.6,30560,Backspace
P03,S01,28,up,Backspace,1791213287522.7,30560,Backspace
P03,S01,28,down,Backspace,1791213287593.1,30561,Backspace
P03,S01,28,up,Backspace,1791213287678.1,30561,Backspace
P03,S01,28,down,Backspace,1791213287697.9,30562,Backspace
P03,S01,28,up,Backspace,1791213287840.1,30562,Backspace
P03,S01,28,down,Backspace,1791213287936.4,30563,Backspace
P03,S01,28,up,Backspace,1791213287996.6,30563,Backspace
P03,S01,28,down,Backspace,1791213288223.5,30564,Backspace
P03,S01,28,up,Backspace,1791213288307.2,30564,Backspace
P03,S01,28,down,CapsLock,1791213288426,30565,CapsLock
P03,S01,28,down,KeyI,1791213288481.7,30566,I
P03,S01,28,up,KeyI,1791213288572.4,30566,I
P03,S01,28,up,CapsLock,1791213288599.1,30565,CapsLock
P03,S01,28,down,Space,1791213288694.4,30567, 
P03,S01,28,up,Space,1791213288806,30567, 
P03,S01,28,down,KeyS,1791213288841.3,30568,s
P03,S01,28,up,KeyS,1791213288957.4,30568,s
P03,S01,28,down,KeyH,1791213288982.5,30569,h
P03,S01,28,up,KeyH,1791213289072.8,30569,h
P03,S01,28,down,KeyA,1791213289090.2,30570,a
P03,S01,28,down,KeyR,1791213289223.7,30571,r
P03,S01,28,down,KeyE,1791213289322.7,30572,e
P03,S01,28,up,KeyA,1791213289341.1,30570,a
P03,S01,28,down,Space,1791213289357.7,30573, 
P03,S01,28,up,KeyR,1791213289380.8,30571,r
P03,S01,28,up,KeyE,1791213289444.9,30572,e
P03,S01,28,up,Space,1791213289472.3,30573, 
P03,S01,28,down,KeyT,1791213289529.2,30574,t
P03,S01,28,down,KeyH,1791213289593.2,30575,h
P03,S01,28,up,KeyT,1791213289641.3,30574,t
P03,S01,28,up,KeyH,1791213289665.8,30575,h
P03,S01,28,down,KeyE,1791213289729.3,30576,e
P03,S01,28,up,KeyE,1791213289849.7,30576,e
P03,S01,28,down,KeyM,1791213289856.8,30577,m
P03,S01,28,up,KeyM,1791213289906.3,30577,m
P03,S01,28,down,Space,1791213289928.8,30578, 
P03,S01,28,up,Space,1791213290073.5,30578, 
P03,S01,28,down,KeyW,1791213290292.1,30579,w
P03,S01,28,up,KeyW,1791213290376.6,30579,w
P03,S01,28,down,KeyI,1791213290406.2,30580,i
P03,S01,28,up,KeyI,1791213290512.8,30580,i
P03,S01,28,down,KeyT,1791213290559.4,30581,t
P03,S01,28,down,KeyH,1791213290621.5,30582,h
P03,S01,28,up,KeyT,1791213290654,30581,t
P03,S01,28,down,Space,1791213290699.3,30583, 
P03,S01,28,up,KeyH,1791213290747.4,30582,h
P03,S01,28,up,Space,1791213290792.4,30583, 
P03,S01,28,down,KeyM,1791213290906.9,30584,m
P03,S01,28,up,KeyM,1791213290974.5,30584,m
P03,S01,28,down,KeyY,1791213291123.8,30585,y
P03,S01,28,down,Space,1791213291174.9,30586, 
P03,S01,28,up,KeyY,1791213291231.5,30585,y
P03,S01,28,down,KeyF,1791213291247,30587,f
P03,S01,28,up,Space,1791213291305.8,30586, 
P03,S01,28,down,KeyR,1791213291355.5,30588,r
P03,S01,28,up,KeyF,1791213291389.1,30587,f
P03,S01,28,up,KeyR,1791213291455.8,30588,r
P03,S01,28,down,KeyI,1791213291455.8,30589,i
P03,S01,28,up,KeyI,1791213291531.6,30589,i
P03,S01,28,down,KeyE,1791213291588.4,30590,e
P03,S01,28,down,KeyN,1791213291689,30591,n
P03,S01,28,up,KeyN,1791213291739.4,30591,n
P03,S01,28,up,KeyE,1791213291756.7,30590,e
P03,S01,28,down,KeyD,1791213291781.1,30592,d
P03,S01,28,down,KeyS,1791213291940.7,30593,s
P03,S01,28,up,KeyD,1791213291964.7,30592,d
P03,S01,28,up,KeyS,1791213292056.5,30593,s
P03,S01,28,down,Space,1791213292381.7,30594, 
P03,S01,28,up,Space,1791213292477.7,30594, 
P03,S01,28,down,KeyA,1791213292494.2,30595,a
P03,S01,28,down,KeyN,1791213292607.3,30596,n
P03,S01,28,down,KeyD,1791213292642.6,30597,d
P03,S01,28,up,KeyN,1791213292674,30596,n
P03,S01,28,up,KeyA,1791213292690.7,30595,a
P03,S01,28,down,Space,1791213292742.3,30598, 
P03,S01,28,up,KeyD,1791213292754.6,30597,d
P03,S01,28,up,Space,1791213292811,30598, 
P03,S01,28,down,KeyF,1791213292899.4,30599,f
P03,S01,28,up,KeyF,1791213292973.5,30599,f
P03,S01,28,down,KeyA,1791213293006.1,30600,a
P03,S01,28,down,KeyM,1791213293104.7,30601,m
P03,S01,28,up,KeyA,1791213293111.8,30600,a
P03,S01,28,down,KeyI,1791213293189.2,30602,i
P03,S01,28,up,KeyM,1791213293191.8,30601,m
P03,S01,28,up,KeyI,1791213293244.3,30602,i
P03,S01,28,down,KeyL,1791213293363.2,30603,l
P03,S01,28,up,KeyL,1791213293456,30603,l
P03,S01,28,down,KeyY,1791213293463,30604,y
P03,S01,28,up,KeyY,1791213293538.9,30604,y
P03,S01,28,down,Enter,1791213293631.3,30605,Enter
P03,S01,28,up,Enter,1791213293739.2,30605,Enter
P03,S01,29,down,CapsLock,1791213302114.3,30606,CapsLock
P03,S01,29,down,KeyI,1791213304914.5,30607,I
P03,S01,29,up,KeyI,1791213305010.7,30607,I
P03,S01,29,up,CapsLock,1791213305073.2,30606,CapsLock
P03,S01,29,down,Space,1791213305173.5,30608, 
P03,S01,29,up,Space,1791213305271.4,30608, 
P03,S01,29,down,KeyW,1791213305329.7,30609,w
P03,S01,29,down,KeyA,1791213305407,30610,a
P03,S01,29,up,KeyW,1791213305449.5,30609,w
P03,S01,29,down,KeyI,1791213305480.7,30611,i
P03,S01,29,up,KeyA,1791213305510.1,30610,a
P03,S01,29,up,KeyI,1791213305593.1,30611,i
P03,S01,29,down,KeyT,1791213305622.1,30612,t
P03,S01,29,up,KeyT,1791213305722.7,30612,t
P03,S01,29,down,Space,1791213305739.5,30613, 
P03,S01,29,up,Space,1791213305794.3,30613, 
P03,S01,29,down,KeyT,1791213305822.5,30614,t
P03,S01,29,down,KeyI,1791213305905.7,30615,i
P03,S01,29,up,KeyT,1791213305932.8,30614,t
P03,S01,29,up,KeyI,1791213305964.8,30615,i
P03,S01,29,down,KeyL,1791213306078.9,30616,l
P03,S01,29,up,KeyL,1791213306147,30616,l
P03,S01,29,down,KeyL,1791213306210,30617,l
P03,S01,29,down,Space,1791213306278.2,30618, 
P03,S01,29,up,KeyL,1791213306309.9,30617,l
P03,S01,29,up,Space,1791213306387.1,30618, 
P03,S01,29,down,CapsLock,1791213306682.5,30619,CapsLock
P03,S01,29,down,KeyI,1791213306724.2,30620,I
P03,S01,29,up,KeyI,1791213306808.6,30620,I
P03,S01,29,up,CapsLock,1791213306859,30619,CapsLock
P03,S01,29,down,Space,1791213306939.8,30621, 
P03,S01,29,up,Space,1791213307021.5,30621, 
P03,S01,29,down,KeyA,1791213307109.3,30622,a
P03,S01,29,down,KeyM,1791213307190.3,30623,m
P03,S01,29,up,KeyA,1791213307229.7,30622,a
P03,S01,29,up,KeyM,1791213307307,30623,m
P03,S01,29,down,Space,1791213307506.5,30624, 
P03,S01,29,up,Space,1791213307623.9,30624, 
P03,S01,29,down,KeyB,1791213307724,30625,b
P03,S01,29,down,KeyA,1791213307772.7,30626,a
P03,S01,29,up,KeyB,1791213307772.8,30625,b
P03,S01,29,up,KeyA,1791213307907.9,30626,a
P03,S01,29,down,KeyC,1791213307910.4,30627,c
P03,S01,29,down,KeyK,1791213307972.9,30628,k
P03,S01,29,up,KeyC,1791213308010.5,30627,c
P03,S01,29,down,Space,1791213308023.3,30629, 
P03,S01,29,up,KeyK,1791213308072.2,30628,k
P03,S01,29,up,Space,1791213308158.8,30629, 
P03,S01,29,down,KeyH,1791213308209.7,30630,h
P03,S01,29,down,KeyO,1791213308314.1,30631,o
P03,S01,29,up,KeyH,1791213308330.3,30630,h
P03,S01,29,down,KeyM,1791213308440.1,30632,m
P03,S01,29,up,KeyO,1791213308459.1,30631,o
P03,S01,29,down,KeyE,1791213308481.7,30633,e
P03,S01,29,up,KeyM,1791213308521.9,30632,m
P03,S01,29,up,KeyE,1791213308574.8,30633,e
P03,S01,29,down,Enter,1791213308656.7,30634,Enter
P03,S01,29,up,Enter,1791213308756.4,30634,Enter
P03,S01,30,down,CapsLock,1791213316429.7,30635,CapsLock
P03,S01,30,down,KeyS,1791213316623.5,30636,S
P03,S01,30,up,KeyS,1791213316764.1,30636,S
P03,S01,30,up,CapsLock,1791213316772.6,30635,CapsLock
P03,S01,30,down,KeyH,1791213317029.9,30637,h
P03,S01,30,down,KeyO,1791213317162.1,30638,o
P03,S01,30,up,KeyH,1791213317173.8,30637,h
P03,S01,30,up,KeyO,1791213317290.2,30638,o
P03,S01,30,down,KeyW,1791213317310.5,30639,w
P03,S01,30,up,KeyW,1791213317394.7,30639,w
P03,S01,30,down,Backspace,1791213317590.2,30640,Backspace
P03,S01,30,up,Backspace,1791213317640.9,30640,Backspace
P03,S01,30,down,Backspace,1791213317694.9,30641,Backspace
P03,S01,30,up,Backspace,1791213317806.8,30641,Backspace
P03,S01,30,down,Backspace,1791213317832.4,30642,Backspace
P03,S01,30,up,Backspace,1791213317991,30642,Backspace
P03,S01,30,down,Backspace,1791213318076.9,30643,Backspace
P03,S01,30,up,Backspace,1791213318144.9,30643,Backspace
P03,S01,30,down,Backspace,1791213318188.5,30644,Backspace
P03,S01,30,up,Backspace,1791213318308.2,30644,Backspace
P03,S01,30,down,CapsLock,1791213318424.1,30645,CapsLock
P03,S01,30,down,KeyI,1791213318504.9,30646,I
P03,S01,30,up,KeyI,1791213318573.5,30646,I
P03,S01,30,up,CapsLock,1791213318628,30645,CapsLock
P03,S01,30,down,Space,1791213318694.2,30647, 
P03,S01,30,up,Space,1791213318783,30647, 
P03,S01,30,down,KeyH,1791213318813.9,30648,h
P03,S01,30,down,KeyA,1791213318906.1,30649,a
P03,S01,30,up,KeyH,1791213318906.1,30648,h
P03,S01,30,up,KeyA,1791213318993.8,30649,a
P03,S01,30,down,KeyV,1791213319024.4,30650,v
P03,S01,30,down,KeyE,1791213319089.1,30651,e
P03,S01,30,up,KeyV,1791213319089.1,30650,v
P03,S01,30,up,KeyE,1791213319189.1,30651,e
P03,S01,30,down,Space,1791213319206,30652, 
P03,S01,30,up,Space,1791213319280.9,30652, 
P03,S01,30,down,KeyA,1791213319323.5,30653,a
P03,S01,30,down,Space,1791213319390.3,30654, 
P03,S01,30,up,KeyA,1791213319427.5,30653,a
P03,S01,30,up,Space,1791213319476.1,30654, 
P03,S01,30,down,KeyB,1791213319540.3,30655,b
P03,S01,30,up,KeyB,1791213319622.7,30655,b
P03,S01,30,down,KeyI,1791213319623.3,30656,i
P03,S01,30,up,KeyI,1791213319712,30656,i
P03,S01,30,down,KeyG,1791213319728.6,30657,g
P03,S01,30,up,KeyG,1791213319796.7,30657,g
P03,S01,30,down,Space,1791213319839,30658, 
P03,S01,30,up,Space,1791213319942.9,30658, 
P03,S01,30,down,KeyD,1791213319989.6,30659,d
P03,S01,30,down,KeyI,1791213320078.8,30660,i
P03,S01,30,up,KeyD,1791213320106.7,30659,d
P03,S01,30,up,KeyI,1791213320189.6,30660,i
P03,S01,30,down,KeyN,1791213320206.9,30661,n
P03,S01,30,up,KeyN,1791213320356.8,30661,n
P03,S01,30,down,KeyN,1791213320394,30662,n
P03,S01,30,up,KeyN,1791213320477.4,30662,n
P03,S01,30,down,KeyE,1791213320489.4,30663,e
P03,S01,30,down,KeyR,1791213320577.3,30664,r
P03,S01,30,up,KeyE,1791213320629.2,30663,e
P03,S01,30,down,Comma,1791213320673,30665,","
P03,S01,30,up,KeyR,1791213320689.9,30664,r
P03,S01,30,up,Comma,1791213320757.8,30665,","
P03,S01,30,down,Space,1791213320930.4,30666, 
P03,S01,30,up,Space,1791213321055.1,30666, 
P03,S01,30,down,KeyS,1791213321275.5,30667,s
P03,S01,30,down,KeyH,1791213321377.7,30668,h
P03,S01,30,up,KeyS,1791213321378.5,30667,s
P03,S01,30,down,KeyO,1791213321456,30669,o
P03,S01,30,up,KeyH,1791213321473.1,30668,h
P03,S01,30,down,KeyW,1791213321563.7,30670,w
P03,S01,30,up,KeyO,1791213321590.4,30669,o
P03,S01,30,up,KeyW,1791213321673.4,30670,w
P03,S01,30,down,KeyE,1791213321777.3,30671,e
P03,S01,30,down,KeyR,1791213321889.6,30672,r
P03,S01,30,down,Space,1791213321923.3,30673, 
P03,S01,30,up,KeyE,1791213321936.6,30671,e
P03,S01,30,up,KeyR,1791213321995.1,30672,r
P03,S01,30,up,Space,1791213322021.1,30673, 
P03,S01,30,down,KeyT,1791213322122.3,30674,t
P03,S01,30,down,KeyH,1791213322162.6,30675,h
P03,S01,30,up,KeyT,1791213322223.8,30674,t
P03,S01,30,up,KeyH,1791213322223.9,30675,h
P03,S01,30,down,KeyE,1791213322331.7,30676,e
P03,S01,30,down,KeyN,1791213322371.7,30677,n
P03,S01,30,up,KeyE,1791213322415.6,30676,e
P03,S01,30,down,Space,1791213322455.3,30678, 
P03,S01,30,up,KeyN,1791213322507.3,30677,n
P03,S01,30,up,Space,1791213322571.8,30678, 
P03,S01,30,down,KeyN,1791213322724.3,30679,n
P03,S01,30,down,KeyA,1791213322792.6,30680,a
P03,S01,30,up,KeyN,1791213322808.4,30679,n
P03,S01,30,up,KeyA,1791213322905.7,30680,a
P03,S01,30,down,KeyP,1791213322915.8,30681,p
P03,S01,30,up,KeyP,1791213323023.1,30681,p
P03,S01,30,down,Enter,1791213323123.9,30682,Enter
P03,S01,30,up,Enter,1791213323278,30682,Enter
P03,S01,31,down,CapsLock,1791213328811.5,30683,CapsLock
P03,S01,31,down,KeyA,1791213331577.4,30684,A
P03,S01,31,up,KeyA,1791213331705.7,30684,A
P03,S01,31,up,CapsLock,1791213331707.2,30683,CapsLock
P03,S01,31,down,KeyN,1791213331808.8,30685,n
P03,S01,31,up,KeyN,1791213331892.9,30685,n
P03,S01,31,down,KeyY,1791213332012.6,30686,y
P03,S01,31,up,KeyY,1791213332080.1,30686,y
P03,S01,31,down,KeyT,1791213332092,30687,t
P03,S01,31,down,KeyH,1791213332205.6,30688,h
P03,S01,31,up,KeyT,1791213332212.3,30687,t
P03,S01,31,up,KeyH,1791213332240.3,30688,h
P03,S01,31,down,KeyI,1791213332288.8,30689,i
P03,S01,31,down,KeyN,1791213332365.7,30690,n
P03,S01,31,down,KeyG,1791213332405.2,30691,g
P03,S01,31,up,KeyI,1791213332429.9,30689,i
P03,S01,31,down,Space,1791213332474.1,30692, 
P03,S01,31,up,KeyN,1791213332490,30690,n
P03,S01,31,up,KeyG,1791213332513.8,30691,g
P03,S01,31,down,KeyH,1791213332641.7,30693,h
P03,S01,31,up,Space,1791213332642.4,30692, 
P03,S01,31,down,KeyO,1791213332705.6,30694,o
P03,S01,31,up,KeyH,1791213332755.5,30693,h
P03,S01,31,down,KeyN,1791213332857.9,30695,n
P03,S01,31,up,KeyO,1791213332882.7,30694,o
P03,S01,31,down,KeyE,1791213332906.5,30696,e
P03,S01,31,up,KeyN,1791213332962.5,30695,n
P03,S01,31,down,KeyS,1791213332982.3,30697,s
P03,S01,31,up,KeyE,1791213333039,30696,e
P03,S01,31,up,KeyS,1791213333127.1,30697,s
P03,S01,31,down,KeyT,1791213333139.9,30698,t
P03,S01,31,up,KeyT,1791213333258.5,30698,t
P03,S01,31,down,KeyL,1791213333339.6,30699,l
P03,S01,31,down,KeyY,1791213333406.4,30700,y
P03,S01,31,up,KeyL,1791213333449.4,30699,l
P03,S01,31,up,KeyY,1791213333516.3,30700,y
P03,S01,31,down,Enter,1791213333588.1,30701,Enter
P03,S01,31,up,Enter,1791213333682.2,30701,Enter
P03,S01,32,down,Escape,1791213339058.4,30702,Escape
P03,S01,32,up,Escape,1791213339090.7,30702,Escape
P03,S01,32,down,CapsLock,1791213343828.1,30703,CapsLock
P03,S01,32,down,KeyU,1791213343890.4,30704,U
P03,S01,32,up,KeyU,1791213344011.1,30704,U
P03,S01,32,down,Backspace,1791213344374.3,30705,Backspace
P03,S01,32,up,Backspace,1791213344478.5,30705,Backspace
P03,S01,32,down,Backspace,1791213344664.2,30706,Backspace
P03,S01,32,up,Backspace,1791213344790,30706,Backspace
P03,S01,32,down,KeyI,1791213345045.3,30707,I
P03,S01,32,up,KeyI,1791213345161.6,30707,I
P03,S01,32,down,Space,1791213345307.2,30708, 
P03,S01,32,down,Escape,1791213345406.8,30709,Escape
P03,S01,32,up,Space,1791213345406.8,30708, 
P03,S01,32,up,Escape,1791213345424.5,30709,Escape
P03,S01,32,down,Escape,1791213345525.4,30710,Escape
P03,S01,32,up,Escape,1791213345574,30710,Escape
P03,S01,32,up,CapsLock,1791213345609,30703,CapsLock
P03,S01,32,down,KeyL,1791213345752.6,30711,l
P03,S01,32,up,KeyL,1791213345831.2,30711,l
P03,S01,32,down,Escape,1791213345923.9,30712,Escape
P03,S01,32,down,KeyI,1791213345926.2,30713,i
P03,S01,32,up,Escape,1791213345962.7,30712,Escape
P03,S01,32,up,KeyI,1791213345972.3,30713,i
P03,S01,32,down,Escape,1791213346057,30714,Escape
P03,S01,32,down,KeyK,1791213346073.6,30715,k
P03,S01,32,up,Escape,1791213346087.5,30714,Escape
P03,S01,32,down,KeyE,1791213346122.1,30716,e
P03,S01,32,up,KeyK,1791213346149.4,30715,k
P03,S01,32,down,Escape,1791213346193.5,30717,Escape
P03,S01,32,up,Escape,1791213346213.5,30717,Escape
P03,S01,32,down,Space,1791213346214.4,30718, 
P03,S01,32,up,KeyE,1791213346238.6,30716,e
P03,S01,32,up,Space,1791213346322.4,30718, 
P03,S01,32,down,KeyT,1791213346355.9,30719,t
P03,S01,32,down,KeyO,1791213346440,30720,o
P03,S01,32,up,KeyT,1791213346454.6,30719,t
P03,S01,32,down,Space,1791213346532.2,30721, 
P03,S01,32,up,KeyO,1791213346607.6,30720,o
P03,S01,32,up,Space,1791213346673.5,30721, 
P03,S01,32,down,Escape,1791213346729.1,30722,Escape
P03,S01,32,up,Escape,1791213346761.3,30722,Escape
P03,S01,32,down,Escape,1791213346872.5,30723,Escape
P03,S01,32,up,Escape,1791213346889.5,30723,Escape
P03,S01,32,down,Escape,1791213347005.7,30724,Escape
P03,S01,32,up,Escape,1791213347039.8,30724,Escape
P03,S01,32,down,KeyG,1791213347093.2,30725,g
P03,S01,32,down,Escape,1791213347143.4,30726,Escape
P03,S01,32,down,KeyO,1791213347156.1,30727,o
P03,S01,32,up,Escape,1791213347172.2,30726,Escape
P03,S01,32,up,KeyG,1791213347199.4,30725,g
P03,S01,32,down,Space,1791213347223.2,30728, 
P03,S01,32,up,KeyO,1791213347256.2,30727,o
P03,S01,32,up,Space,1791213347347.4,30728, 
P03,S01,32,down,KeyT,1791213347547,30729,t
P03,S01,32,up,KeyT,1791213347615.1,30729,t
P03,S01,32,down,Backspace,1791213347838.4,30730,Backspace
P03,S01,32,up,Backspace,1791213347912,30730,Backspace
P03,S01,32,down,Backspace,1791213348009.5,30731,Backspace
P03,S01,32,up,Backspace,1791213348097.8,30731,Backspace
P03,S01,32,down,Space,1791213348389.8,30732, 
P03,S01,32,up,Space,1791213348475.1,30732, 
P03,S01,32,down,KeyB,1791213348565.1,30733,b
P03,S01,32,up,KeyB,1791213348640.8,30733,b
P03,S01,32,down,KeyU,1791213348648.5,30734,u
P03,S01,32,down,KeyY,1791213348841.4,30735,y
P03,S01,32,down,Space,1791213348988.5,30736, 
P03,S01,32,up,KeyU,1791213348992.4,30734,u
P03,S01,32,up,KeyY,1791213349022.8,30735,y
P03,S01,32,up,Space,1791213349065.1,30736, 
P03,S01,32,down,KeyS,1791213349192.3,30737,s
P03,S01,32,down,KeyO,1791213349229.2,30738,o
P03,S01,32,up,KeyS,1791213349261.9,30737,s
P03,S01,32,down,KeyM,1791213349329,30739,m
P03,S01,32,up,KeyO,1791213349356.7,30738,o
P03,S01,32,down,KeyE,1791213349392.9,30740,e
P03,S01,32,up,KeyM,1791213349428.8,30739,m
P03,S01,32,up,KeyE,1791213349493,30740,e
P03,S01,32,down,KeyT,1791213349626.8,30741,t
P03,S01,32,up,KeyT,1791213349722,30741,t
P03,S01,32,down,KeyI,1791213349730.6,30742,i
P03,S01,32,down,KeyM,1791213349806.6,30743,m
P03,S01,32,up,KeyI,1791213349843,30742,i
P03,S01,32,up,KeyM,1791213349894.7,30743,m
P03,S01,32,down,Backspace,1791213350123.2,30744,Backspace
P03,S01,32,up,Backspace,1791213350175.8,30744,Backspace
P03,S01,32,down,Backspace,1791213350322.4,30745,Backspace
P03,S01,32,up,Backspace,1791213350406.5,30745,Backspace
P03,S01,32,down,Escape,1791213350465.1,30746,Escape
P03,S01,32,up,Escape,1791213350490.1,30746,Escape
P03,S01,32,down,KeyH,1791213350496.6,30747,h
P03,S01,32,down,Escape,1791213350572.6,30748,Escape
P03,S01,32,up,KeyH,1791213350596.6,30747,h
P03,S01,32,up,Escape,1791213350613.2,30748,Escape
P03,S01,32,down,KeyI,1791213350645,30749,i
P03,S01,32,down,Escape,1791213350738.4,30750,Escape
P03,S01,32,up,Escape,1791213350755.4,30750,Escape
P03,S01,32,down,KeyN,1791213350760.5,30751,n
P03,S01,32,up,KeyI,1791213350792.9,30749,i
P03,S01,32,up,KeyN,1791213350840.9,30751,n
P03,S01,32,down,Escape,1791213350848.6,30752,Escape
P03,S01,32,up,Escape,1791213350888.7,30752,Escape
P03,S01,32,down,Space,1791213350892.2,30753, 
P03,S01,32,up,Space,1791213350990.2,30753, 
P03,S01,32,down,Escape,1791213350990.2,30754,Escape
P03,S01,32,up,Escape,1791213351039,30754,Escape
P03,S01,32,down,Escape,1791213351139.7,30755,Escape
P03,S01,32,up,Escape,1791213351159.1,30755,Escape
P03,S01,32,down,Backspace,1791213351175.6,30756,Backspace
P03,S01,32,down,KeyG,1791213351255.6,30757,g
P03,S01,32,down,Escape,1791213351263.4,30758,Escape
P03,S01,32,up,Backspace,1791213351279.3,30756,Backspace
P03,S01,32,up,Escape,1791213351307.5,30758,Escape
P03,S01,32,up,KeyG,1791213351372,30757,g
P03,S01,32,down,Space,1791213351404.3,30759, 
P03,S01,32,up,Space,1791213351505.4,30759, 
P03,S01,32,down,KeyC,1791213351572.3,30760,c
P03,S01,32,down,KeyH,1791213351644,30761,h
P03,S01,32,up,KeyC,1791213351647.1,30760,c
P03,S01,32,up,KeyH,1791213351707.9,30761,h
P03,S01,32,down,KeyE,1791213351772.2,30762,e
P03,S01,32,down,KeyA,1791213351908.2,30763,a
P03,S01,32,down,KeyP,1791213351939.4,30764,p
P03,S01,32,up,KeyE,1791213351957.1,30762,e
P03,S01,32,down,Space,1791213352008.3,30765, 
P03,S01,32,up,KeyA,1791213352024.6,30763,a
P03,S01,32,up,KeyP,1791213352063.9,30764,p
P03,S01,32,up,Space,1791213352147.7,30765, 
P03,S01,32,down,KeyT,1791213352206.5,30766,t
P03,S01,32,down,KeyO,1791213352262,30767,o
P03,S01,32,up,KeyT,1791213352306.7,30766,t
P03,S01,32,down,Space,1791213352355.7,30768, 
P03,S01,32,up,KeyO,1791213352404.2,30767,o
P03,S01,32,up,Space,1791213352461.6,30768, 
P03,S01,32,down,KeyE,1791213352523.6,30769,e
P03,S01,32,down,KeyA,1791213352656.9,30770,a
P03,S01,32,up,KeyE,1791213352663.8,30769,e
P03,S01,32,up,KeyA,1791213352764,30770,a
P03,S01,32,down,KeyT,1791213352764.9,30771,t
P03,S01,32,down,Enter,1791213352872.8,30772,Enter
P03,S01,32,up,KeyT,1791213352891.5,30771,t
P03,S01,32,up,Enter,1791213352988,30772,Enter
P03,S01,33,down,Escape,1791213355022,30773,Escape
P03,S01,33,up,Escape,1791213355047,30773,Escape
P03,S01,33,down,Escape,1791213355282,30774,Escape
P03,S01,33,up,Escape,1791213355314.4,30774,Escape
P03,S01,33,down,Escape,1791213355425.9,30775,Escape
P03,S01,33,up,Escape,1791213355442.2,30775,Escape
P03,S01,33,down,Escape,1791213355549.2,30776,Escape
P03,S01,33,up,Escape,1791213355593.5,30776,Escape
P03,S01,33,down,Escape,1791213355691.5,30777,Escape
P03,S01,33,up,Escape,1791213355723.8,30777,Escape
P03,S01,33,down,Escape,1791213355826.7,30778,Escape
P03,S01,33,up,Escape,1791213355846.8,30778,Escape
P03,S01,33,down,Escape,1791213358640.4,30779,Escape
P03,S01,33,up,Escape,1791213358689.6,30779,Escape
P03,S01,33,down,Escape,1791213358929.1,30780,Escape
P03,S01,33,up,Escape,1791213358956,30780,Escape
P03,S01,33,down,Escape,1791213359043.4,30781,Escape
P03,S01,33,up,Escape,1791213359091.7,30781,Escape
P03,S01,33,down,Escape,1791213359192.3,30782,Escape
P03,S01,33,up,Escape,1791213359228.6,30782,Escape
P03,S01,33,down,Escape,1791213359321.5,30783,Escape
P03,S01,33,up,Escape,1791213359354.4,30783,Escape
P03,S01,33,down,Escape,1791213365740.6,30784,Escape
P03,S01,33,up,Escape,1791213365790.1,30784,Escape
P03,S01,33,down,Escape,1791213365876.6,30785,Escape
P03,S01,33,up,Escape,1791213365923.5,30785,Escape
P03,S01,33,down,Escape,1791213366023.9,30786,Escape
P03,S01,33,up,Escape,1791213366061,30786,Escape
P03,S01,33,down,Escape,1791213366156.6,30787,Escape
P03,S01,33,up,Escape,1791213366190.3,30787,Escape
P03,S01,33,down,CapsLock,1791213366549.9,30788,CapsLock
P03,S01,33,down,KeyL,1791213366661.2,30789,L
P03,S01,33,down,Escape,1791213366675,30790,Escape
P03,S01,33,up,Escape,1791213366710.9,30790,Escape
P03,S01,33,up,KeyL,1791213366748.9,30789,L
P03,S01,33,up,CapsLock,1791213366793.9,30788,CapsLock
P03,S01,33,down,KeyO,1791213366905.9,30791,o
P03,S01,33,down,Escape,1791213366955.4,30792,Escape
P03,S01,33,up,KeyO,1791213366987.1,30791,o
P03,S01,33,up,Escape,1791213366990.8,30792,Escape
P03,S01,33,down,KeyC,1791213367092.4,30793,c
P03,S01,33,down,KeyA,1791213367190.7,30794,a
P03,S01,33,up,KeyC,1791213367214.8,30793,c
P03,S01,33,down,KeyL,1791213367295,30795,l
P03,S01,33,up,KeyA,1791213367347.8,30794,a
P03,S01,33,down,Space,1791213367391,30796, 
P03,S01,33,up,KeyL,1791213367430.1,30795,l
P03,S01,33,up,Space,1791213367507,30796, 
P03,S01,33,down,Escape,1791213367523.4,30797,Escape
P03,S01,33,down,KeyS,1791213367542.1,30798,s
P03,S01,33,up,Escape,1791213367557.6,30797,Escape
P03,S01,33,up,KeyS,1791213367655.1,30798,s
P03,S01,33,down,KeyT,1791213367782.5,30799,t
P03,S01,33,up,KeyT,1791213367894.5,30799,t
P03,S01,33,down,KeyR,1791213368005.9,30800,r
P03,S01,33,down,KeyE,1791213368095.1,30801,e
P03,S01,33,up,KeyR,1791213368123.1,30800,r
P03,S01,33,up,KeyE,1791213368191.8,30801,e
P03,S01,33,down,KeyE,1791213368247.5,30802,e
P03,S01,33,up,KeyE,1791213368364.1,30802,e
P03,S01,33,down,KeyT,1791213368480.5,30803,t
P03,S01,33,down,Space,1791213368572.4,30804, 
P03,S01,33,up,KeyT,1791213368580.7,30803,t
P03,S01,33,up,Space,1791213368638,30804, 
P03,S01,33,down,KeyV,1791213369117.5,30805,v
P03,S01,33,up,KeyV,1791213369189.6,30805,v
P03,S01,33,down,KeyE,1791213369247.8,30806,e
P03,S01,33,up,KeyE,1791213369348.5,30806,e
P03,S01,33,down,KeyN,1791213369377.4,30807,n
P03,S01,33,up,KeyN,1791213369473.7,30807,n
P03,S01,33,down,KeyD,1791213369746.6,30808,d
P03,S01,33,up,KeyD,1791213369842.9,30808,d
P03,S01,33,down,KeyO,1791213369906.7,30809,o
P03,S01,33,up,KeyO,1791213369996.8,30809,o
P03,S01,33,down,KeyR,1791213370063.7,30810,r
P03,S01,33,up,KeyR,1791213370143.7,30810,r
P03,S01,33,down,Space,1791213370790.1,30811, 
P03,S01,33,up,Space,1791213370871.9,30811, 
P03,S01,33,down,KeyO,1791213370962.2,30812,o
P03,S01,33,down,KeyR,1791213371022.9,30813,r
P03,S01,33,up,KeyO,1791213371058.2,30812,o
P03,S01,33,up,KeyR,1791213371110.3,30813,r
P03,S01,33,down,Space,1791213371122.6,30814, 
P03,S01,33,up,Space,1791213371194.4,30814, 
P03,S01,33,down,KeyB,1791213371295.9,30815,b
P03,S01,33,up,KeyB,1791213371332.3,30815,b
P03,S01,33,down,KeyA,1791213371439.5,30816,a
P03,S01,33,up,KeyA,1791213371559.2,30816,a
P03,S01,33,down,KeyK,1791213371562.2,30817,k
P03,S01,33,up,KeyK,1791213371638.9,30817,k
P03,S01,33,down,KeyE,1791213371723.4,30818,e
P03,S01,33,down,KeyR,1791213371808.2,30819,r
P03,S01,33,up,KeyE,1791213371832.4,30818,e
P03,S01,33,up,KeyR,1791213371924.5,30819,r
P03,S01,33,down,KeyY,1791213372028.3,30820,y
P03,S01,33,up,KeyY,1791213372155.8,30820,y
P03,S01,33,down,Enter,1791213372327.1,30821,Enter
P03,S01,33,down,Escape,1791213372421.1,30822,Escape
P03,S01,33,up,Enter,1791213372423.8,30821,Enter
P03,S01,33,up,Escape,1791213372487.8,30822,Escape
P03,S01,34,down,Escape,1791213372825.8,30823,Escape
P03,S01,34,up,Escape,1791213372881.8,30823,Escape
P03,S01,34,down,Escape,1791213372971.7,30824,Escape
P03,S01,34,up,Escape,1791213373007,30824,Escape
P03,S01,34,down,Escape,1791213373239.7,30825,Escape
P03,S01,34,up,Escape,1791213373277.4,30825,Escape
P03,S01,34,down,Escape,1791213374039.5,30826,Escape
P03,S01,34,up,Escape,1791213374062.4,30826,Escape
P03,S01,34,down,Escape,1791213374309.1,30827,Escape
P03,S01,34,up,Escape,1791213374346,30827,Escape
P03,S01,34,down,Escape,1791213382126.4,30828,Escape
P03,S01,34,up,Escape,1791213382211.2,30828,Escape
P03,S01,34,down,Escape,1791213382231.6,30829,Escape
P03,S01,34,up,Escape,1791213382304.3,30829,Escape
P03,S01,34,down,Escape,1791213382544.3,30830,Escape
P03,S01,34,up,Escape,1791213382624.2,30830,Escape
P03,S01,34,down,Escape,1791213383003.1,30831,Escape
P03,S01,34,up,Escape,1791213383036.7,30831,Escape
P03,S01,34,down,Escape,1791213383141.1,30832,Escape
P03,S01,34,up,Escape,1791213383162.2,30832,Escape
P03,S01,34,down,Escape,1791213383409.2,30833,Escape
P03,S01,34,up,Escape,1791213383441.5,30833,Escape
P03,S01,34,down,Escape,1791213397831.5,30834,Escape
P03,S01,34,up,Escape,1791213397857.6,30834,Escape
P03,S01,34,down,Escape,1791213397956.1,30835,Escape
P03,S01,34,up,Escape,1791213397989.5,30835,Escape
P03,S01,34,down,KeyS,1791213398456.4,30836,s
P03,S01,34,up,KeyS,1791213398560.4,30836,s
P03,S01,34,down,Backspace,1791213399023.2,30837,Backspace
P03,S01,34,down,Escape,1791213399126.1,30838,Escape
P03,S01,34,up,Escape,1791213399155.3,30838,Escape
P03,S01,34,up,Backspace,1791213399172,30837,Backspace
P03,S01,34,down,CapsLock,1791213399305,30839,CapsLock
P03,S01,34,down,KeyA,1791213399344.3,30840,A
P03,S01,34,up,KeyA,1791213399481.5,30840,A
P03,S01,34,up,CapsLock,1791213399504.4,30839,CapsLock
P03,S01,34,down,Space,1791213399643.1,30841, 
P03,S01,34,up,Space,1791213399738.9,30841, 
P03,S01,34,down,Escape,1791213399756.2,30842,Escape
P03,S01,34,down,KeyS,1791213399775.7,30843,s
P03,S01,34,up,Escape,1791213399807.5,30842,Escape
P03,S01,34,up,KeyS,1791213399889.6,30843,s
P03,S01,34,down,KeyA,1791213399940.1,30844,a
P03,S01,34,up,KeyA,1791213400071.6,30844,a
P03,S01,34,down,KeyV,1791213400178.6,30845,v
P03,S01,34,down,Escape,1791213400194.7,30846,Escape
P03,S01,34,up,Escape,1791213400226.9,30846,Escape
P03,S01,34,up,KeyV,1791213400273,30845,v
P03,S01,34,down,KeyO,1791213400391.5,30847,o
P03,S01,34,down,Escape,1791213400472.5,30848,Escape
P03,S01,34,up,KeyO,1791213400505.5,30847,o
P03,S01,34,up,Escape,1791213400505.5,30848,Escape
P03,S01,34,down,KeyR,1791213400522.2,30849,r
P03,S01,34,up,KeyR,1791213400609.7,30849,r
P03,S01,34,down,KeyY,1791213400643.4,30850,y
P03,S01,34,down,Space,1791213400759.4,30851, 
P03,S01,34,up,KeyY,1791213400821.4,30850,y
P03,S01,34,up,Space,1791213400843.4,30851, 
P03,S01,34,down,KeyT,1791213400924.4,30852,t
P03,S01,34,up,KeyT,1791213401040.6,30852,t
P03,S01,34,down,KeyR,1791213401081.9,30853,r
P03,S01,34,up,KeyR,1791213401158.2,30853,r
P03,S01,34,down,KeyE,1791213401307.8,30854,e
P03,S01,34,up,KeyE,1791213401439.6,30854,e
P03,S01,34,down,KeyA,1791213401526.3,30855,a
P03,S01,34,up,KeyA,1791213401631.3,30855,a
P03,S01,34,down,KeyT,1791213401673.1,30856,t
P03,S01,34,up,KeyT,1791213401788,30856,t
P03,S01,34,down,Enter,1791213401796.2,30857,Enter
P03,S01,34,up,Enter,1791213401889.3,30857,Enter
P03,S01,35,down,Escape,1791213402527.5,30858,Escape
P03,S01,35,up,Escape,1791213402556.9,30858,Escape
P03,S01,35,down,Escape,1791213402673.2,30859,Escape
P03,S01,35,up,Escape,1791213402693.6,30859,Escape
P03,S01,35,down,Escape,1791213402806.7,30860,Escape
P03,S01,35,up,Escape,1791213402839.9,30860,Escape
P03,S01,35,down,Escape,1791213403073.6,30861,Escape
P03,S01,35,up,Escape,1791213403098.4,30861,Escape
P03,S01,35,down,Escape,1791213405226.7,30862,Escape
P03,S01,35,up,Escape,1791213405256.9,30862,Escape
P03,S01,35,down,Escape,1791213406847,30863,Escape
P03,S01,35,up,Escape,1791213406867.4,30863,Escape
P03,S01,35,down,Escape,1791213417856.1,30864,Escape
P03,S01,35,up,Escape,1791213417887.6,30864,Escape
P03,S01,35,down,CapsLock,1791213418119.1,30865,CapsLock
P03,S01,35,down,KeyI,1791213418202.6,30866,I
P03,S01,35,up,KeyI,1791213418315.7,30866,I
P03,S01,35,up,CapsLock,1791213418347.9,30865,CapsLock
P03,S01,35,down,Space,1791213418438.7,30867, 
P03,S01,35,up,Space,1791213418547.9,30867, 
P03,S01,35,down,Escape,1791213418674.4,30868,Escape
P03,S01,35,up,Escape,1791213418690.1,30868,Escape
P03,S01,35,down,KeyG,1791213418839.7,30869,g
P03,S01,35,down,KeyR,1791213418952.6,30870,r
P03,S01,35,up,KeyG,1791213418956.4,30869,g
P03,S01,35,up,KeyR,1791213419046.1,30870,r
P03,S01,35,down,KeyA,1791213419109,30871,a
P03,S01,35,down,KeyB,1791213419214.1,30872,b
P03,S01,35,up,KeyA,1791213419239.1,30871,a
P03,S01,35,down,Space,1791213419305.7,30873, 
P03,S01,35,up,KeyB,1791213419355.5,30872,b
P03,S01,35,up,Space,1791213419422,30873, 
P03,S01,35,down,KeyW,1791213419473.4,30874,w
P03,S01,35,down,KeyH,1791213419564.3,30875,h
P03,S01,35,down,KeyA,1791213419622.3,30876,a
P03,S01,35,up,KeyW,1791213419622.3,30874,w
P03,S01,35,up,KeyH,1791213419655.3,30875,h
P03,S01,35,up,KeyA,1791213419712.6,30876,a
P03,S01,35,down,KeyT,1791213419804.9,30877,t
P03,S01,35,down,Space,1791213419871.7,30878, 
P03,S01,35,up,KeyT,1791213419896.6,30877,t
P03,S01,35,up,Space,1791213419964.1,30878, 
P03,S01,35,down,KeyL,1791213420095,30879,l
P03,S01,35,up,KeyL,1791213420156.6,30879,l
P03,S01,35,down,KeyO,1791213420260.4,30880,o
P03,S01,35,up,KeyO,1791213420323.4,30880,o
P03,S01,35,down,Escape,1791213420339.9,30881,Escape
P03,S01,35,up,Escape,1791213420380.5,30881,Escape
P03,S01,35,down,KeyO,1791213420391.8,30882,o
P03,S01,35,up,KeyO,1791213420449.3,30882,o
P03,S01,35,down,Escape,1791213420480,30883,Escape
P03,S01,35,up,Escape,1791213420505,30883,Escape
P03,S01,35,down,KeyK,1791213420563.4,30884,k
P03,S01,35,down,Escape,1791213420622.2,30885,Escape
P03,S01,35,down,KeyS,1791213420622.7,30886,s
P03,S01,35,up,KeyK,1791213420655.3,30884,k
P03,S01,35,up,Escape,1791213420658.7,30885,Escape
P03,S01,35,down,Space,1791213420688.4,30887, 
P03,S01,35,up,KeyS,1791213420705,30886,s
P03,S01,35,up,Space,1791213420788.2,30887, 
P03,S01,35,down,KeyT,1791213420826,30888,t
P03,S01,35,down,Escape,1791213420910,30889,Escape
P03,S01,35,down,KeyH,1791213420921.6,30890,h
P03,S01,35,up,KeyT,1791213420925.6,30888,t
P03,S01,35,up,Escape,1791213420926,30889,Escape
P03,S01,35,up,KeyH,1791213420978.6,30890,h
P03,S01,35,down,KeyE,1791213420997.4,30891,e
P03,S01,35,down,Escape,1791213421035.4,30892,Escape
P03,S01,35,down,Space,1791213421070.6,30893, 
P03,S01,35,up,Escape,1791213421070.7,30892,Escape
P03,S01,35,up,KeyE,1791213421098.5,30891,e
P03,S01,35,up,Space,1791213421178.7,30893, 
P03,S01,35,down,KeyB,1791213421189.9,30894,b
P03,S01,35,down,KeyE,1791213421282.4,30895,e
P03,S01,35,up,KeyB,1791213421289.8,30894,b
P03,S01,35,down,Escape,1791213421314.3,30896,Escape
P03,S01,35,down,KeyS,1791213421342.2,30897,s
P03,S01,35,up,Escape,1791213421345.5,30896,Escape
P03,S01,35,up,KeyE,1791213421388,30895,e
P03,S01,35,up,KeyS,1791213421471.6,30897,s
P03,S01,35,down,KeyT,1791213421514.1,30898,t
P03,S01,35,up,KeyT,1791213421606.1,30898,t
P03,S01,36,down,Escape,1791213423047.4,30899,Escape
P03,S01,36,up,Escape,1791213423088,30899,Escape
P03,S01,36,down,Escape,1791213423193.1,30900,Escape
P03,S01,36,up,Escape,1791213423212.6,30900,Escape
P03,S01,36,down,Escape,1791213430463.2,30901,Escape
P03,S01,36,up,Escape,1791213430495.3,30901,Escape
P03,S01,36,down,Escape,1791213430738.6,30902,Escape
P03,S01,36,up,Escape,1791213430763.1,30902,Escape
P03,S01,36,down,Escape,1791213430876.3,30903,Escape
P03,S01,36,up,Escape,1791213430922.2,30903,Escape
P03,S01,36,down,Escape,1791213431148.1,30904,Escape
P03,S01,36,up,Escape,1791213431197.4,30904,Escape
P03,S01,36,down,CapsLock,1791213431749.6,30905,CapsLock
P03,S01,36,down,KeyI,1791213431856.6,30906,I
P03,S01,36,up,KeyI,1791213431946.2,30906,I
P03,S01,36,down,Escape,1791213431954.5,30907,Escape
P03,S01,36,up,CapsLock,1791213431970.6,30905,CapsLock
P03,S01,36,up,Escape,1791213431978.2,30907,Escape
P03,S01,36,down,Space,1791213432026.6,30908, 
P03,S01,36,up,Space,1791213432140.6,30908, 
P03,S01,36,down,KeyG,1791213432176.2,30909,g
P03,S01,36,down,Escape,1791213432244.7,30910,Escape
P03,S01,36,up,KeyG,1791213432260.6,30909,g
P03,S01,36,up,Escape,1791213432264.5,30910,Escape
P03,S01,36,down,KeyR,1791213432388.6,30911,r
P03,S01,36,down,KeyA,1791213432572,30912,a
P03,S01,36,up,KeyR,1791213432572.1,30911,r
P03,S01,36,up,KeyA,1791213432722.8,30912,a
P03,S01,36,down,KeyB,1791213432723.6,30913,b
P03,S01,36,down,Space,1791213432795.9,30914, 
P03,S01,36,up,KeyB,1791213432843.8,30913,b
P03,S01,36,down,KeyW,1791213432943.7,30915,w
P03,S01,36,up,Space,1791213432944,30914, 
P03,S01,36,down,KeyH,1791213433055.4,30916,h
P03,S01,36,up,KeyW,1791213433055.5,30915,w
P03,S01,36,down,KeyA,1791213433139.8,30917,a
P03,S01,36,up,KeyH,1791213433140.3,30916,h
P03,S01,36,up,KeyA,1791213433223.8,30917,a
P03,S01,36,down,KeyT,1791213433323,30918,t
P03,S01,36,down,Space,1791213433405.7,30919, 
P03,S01,36,up,KeyT,1791213433425.3,30918,t
P03,S01,36,up,Space,1791213433503.7,30919, 
P03,S01,36,down,KeyL,1791213433632.3,30920,l
P03,S01,36,up,KeyL,1791213433705.2,30920,l
P03,S01,36,down,KeyO,1791213433824.7,30921,o
P03,S01,36,up,KeyO,1791213433871,30921,o
P03,S01,36,down,KeyO,1791213433958.8,30922,o
P03,S01,36,up,KeyO,1791213434023.7,30922,o
P03,S01,36,down,KeyK,1791213434141.1,30923,k
P03,S01,36,down,KeyS,1791213434205.7,30924,s
P03,S01,36,up,KeyK,1791213434211.3,30923,k
P03,S01,36,up,KeyS,1791213434324.4,30924,s
P03,S01,36,down,Space,1791213434513.1,30925, 
P03,S01,36,up,Space,1791213434614.1,30925, 
P03,S01,36,down,KeyB,1791213434673.8,30926,b
P03,S01,36,down,KeyE,1791213434739.3,30927,e
P03,S01,36,up,KeyB,1791213434757.1,30926,b
P03,S01,36,down,KeyS,1791213434823.2,30928,s
P03,S01,36,up,KeyE,1791213434891.4,30927,e
P03,S01,36,up,KeyS,1791213434936.6,30928,s
P03,S01,36,down,KeyT,1791213435006.4,30929,t
P03,S01,36,up,KeyT,1791213435123,30929,t
P03,S01,36,down,Enter,1791213435860.1,30930,Enter
P03,S01,36,up,Enter,1791213436037.9,30930,Enter
P03,S01,37,down,Escape,1791213436171.5,30931,Escape
P03,S01,37,up,Escape,1791213436192,30931,Escape
P03,S01,37,down,Escape,1791213436427.1,30932,Escape
P03,S01,37,up,Escape,1791213436463.4,30932,Escape
P03,S01,37,down,Escape,1791213436695.7,30933,Escape
P03,S01,37,up,Escape,1791213436736.3,30933,Escape
P03,S01,37,down,Escape,1791213436841.3,30934,Escape
P03,S01,37,up,Escape,1791213436865.5,30934,Escape
P03,S01,37,down,Escape,1791213436978,30935,Escape
P03,S01,37,up,Escape,1791213437038.7,30935,Escape
P03,S01,37,down,Escape,1791213437510.9,30936,Escape
P03,S01,37,up,Escape,1791213437558.7,30936,Escape
P03,S01,37,down,Escape,1791213437656.3,30937,Escape
P03,S01,37,up,Escape,1791213437689,30937,Escape
P03,S01,37,down,Escape,1791213437790.6,30938,Escape
P03,S01,37,up,Escape,1791213437827,30938,Escape
P03,S01,37,down,Escape,1791213437908.8,30939,Escape
P03,S01,37,up,Escape,1791213437954.9,30939,Escape
P03,S01,37,down,Escape,1791213438179,30940,Escape
P03,S01,37,up,Escape,1791213438221.7,30940,Escape
P03,S01,37,down,Escape,1791213438888.1,30941,Escape
P03,S01,37,up,Escape,1791213438948.4,30941,Escape
P03,S01,37,down,Escape,1791213439175.1,30942,Escape
P03,S01,37,up,Escape,1791213439207.8,30942,Escape
P03,S01,37,down,Escape,1791213439428.6,30943,Escape
P03,S01,37,up,Escape,1791213439475.2,30943,Escape
P03,S01,37,down,Escape,1791213439556.8,30944,Escape
P03,S01,37,up,Escape,1791213439605.9,30944,Escape
P03,S01,37,down,Escape,1791213439705.5,30945,Escape
P03,S01,37,up,Escape,1791213439756.1,30945,Escape
P03,S01,37,down,Escape,1791213439831.6,30946,Escape
P03,S01,37,up,Escape,1791213439863.9,30946,Escape
P03,S01,37,down,Escape,1791213439974.7,30947,Escape
P03,S01,37,up,Escape,1791213440042.4,30947,Escape
P03,S01,37,down,Escape,1791213440496.4,30948,Escape
P03,S01,37,up,Escape,1791213440540.3,30948,Escape
P03,S01,37,down,Escape,1791213440765.2,30949,Escape
P03,S01,37,up,Escape,1791213440781.8,30949,Escape
P03,S01,37,down,Escape,1791213441822.2,30950,Escape
P03,S01,37,up,Escape,1791213441870.8,30950,Escape
P03,S01,37,down,Escape,1791213442106.2,30951,Escape
P03,S01,37,up,Escape,1791213442143.1,30951,Escape
P03,S01,37,down,Escape,1791213442229,30952,Escape
P03,S01,37,up,Escape,1791213442264.8,30952,Escape
P03,S01,37,down,Escape,1791213442504.3,30953,Escape
P03,S01,37,up,Escape,1791213442538.1,30953,Escape
P03,S01,37,down,Escape,1791213442645.8,30954,Escape
P03,S01,37,up,Escape,1791213442674.1,30954,Escape
P03,S01,37,down,Escape,1791213442763.5,30955,Escape
P03,S01,37,up,Escape,1791213442811.7,30955,Escape
P03,S01,37,down,Escape,1791213442920.5,30956,Escape
P03,S01,37,up,Escape,1791213442940.8,30956,Escape
P03,S01,37,down,Escape,1791213443171.3,30957,Escape
P03,S01,37,up,Escape,1791213443207.7,30957,Escape
P03,S01,37,down,Escape,1791213443311,30958,Escape
P03,S01,37,up,Escape,1791213443337.1,30958,Escape
P03,S01,37,down,Escape,1791213443576.5,30959,Escape
P03,S01,37,up,Escape,1791213443621.9,30959,Escape
P03,S01,37,down,Escape,1791213443724.8,30960,Escape
P03,S01,37,up,Escape,1791213443756.2,30960,Escape
P03,S01,37,down,Escape,1791213443996.5,30961,Escape
P03,S01,37,up,Escape,1791213444036.5,30961,Escape
P03,S01,37,down,Escape,1791213444128,30962,Escape
P03,S01,37,up,Escape,1791213444164.3,30962,Escape
P03,S01,37,down,Escape,1791213444264.6,30963,Escape
P03,S01,37,up,Escape,1791213444304.3,30963,Escape
P03,S01,37,down,Escape,1791213444407,30964,Escape
P03,S01,37,up,Escape,1791213444424.3,30964,Escape
P03,S01,37,down,Escape,1791213444523.8,30965,Escape
P03,S01,37,up,Escape,1791213444567.7,30965,Escape
P03,S01,37,down,Escape,1791213455739.3,30966,Escape
P03,S01,37,up,Escape,1791213455772.7,30966,Escape
P03,S01,37,down,CapsLock,1791213456040.3,30967,CapsLock
P03,S01,37,down,KeyI,1791213456168.6,30968,I
P03,S01,37,up,CapsLock,1791213456277.3,30967,CapsLock
P03,S01,37,up,KeyI,1791213456277.3,30968,I
P03,S01,37,down,Space,1791213456392.4,30969, 
P03,S01,37,down,Escape,1791213456478.9,30970,Escape
P03,S01,37,down,KeyE,1791213456508.9,30971,e
P03,S01,37,up,Space,1791213456519.6,30969, 
P03,S01,37,up,Escape,1791213456531.4,30970,Escape
P03,S01,37,down,Escape,1791213456631.7,30972,Escape
P03,S01,37,up,KeyE,1791213456663.9,30971,e
P03,S01,37,up,Escape,1791213456679.7,30972,Escape
P03,S01,37,down,KeyA,1791213456710.6,30973,a
P03,S01,37,up,KeyA,1791213456806.2,30973,a
P03,S01,37,down,KeyT,1791213456880.1,30974,t
P03,S01,37,down,Escape,1791213456912.7,30975,Escape
P03,S01,37,down,Space,1791213456924.3,30976, 
P03,S01,37,up,Escape,1791213456947.5,30975,Escape
P03,S01,37,up,KeyT,1791213456987.8,30974,t
P03,S01,37,up,Space,1791213457024.6,30976, 
P03,S01,37,down,Escape,1791213457045.1,30977,Escape
P03,S01,37,down,KeyI,1791213457081.5,30978,i
P03,S01,37,up,Escape,1791213457092.9,30977,Escape
P03,S01,37,down,KeyT,1791213457160.8,30979,t
P03,S01,37,up,KeyI,1791213457177.1,30978,i
P03,S01,37,up,KeyT,1791213457265,30979,t
P03,S01,37,down,Escape,1791213457276.6,30980,Escape
P03,S01,37,down,Space,1791213457277,30981, 
P03,S01,37,up,Escape,1791213457321.5,30980,Escape
P03,S01,37,up,Space,1791213457357.9,30981, 
P03,S01,37,down,KeyI,1791213457394,30982,i
P03,S01,37,down,Escape,1791213457414.9,30983,Escape
P03,S01,37,up,Escape,1791213457458,30983,Escape
P03,S01,37,down,KeyN,1791213457510.3,30984,n
P03,S01,37,up,KeyI,1791213457540.2,30982,i
P03,S01,37,down,Escape,1791213457546.2,30985,Escape
P03,S01,37,up,Escape,1791213457587.8,30985,Escape
P03,S01,37,down,Space,1791213457590.5,30986, 
P03,S01,37,down,KeyT,1791213457623.9,30987,t
P03,S01,37,up,KeyN,1791213457625.7,30984,n
P03,S01,37,up,Space,1791213457654,30986, 
P03,S01,37,up,KeyT,1791213457742,30987,t
P03,S01,37,down,KeyH,1791213457755,30988,h
P03,S01,37,down,Escape,1791213457798.8,30989,Escape
P03,S01,37,down,KeyE,1791213457821.4,30990,e
P03,S01,37,up,KeyH,1791213457825.7,30988,h
P03,S01,37,up,Escape,1791213457836.7,30989,Escape
P03,S01,37,down,Space,1791213457898.2,30991, 
P03,S01,37,up,KeyE,1791213457904.4,30990,e
P03,S01,37,up,Space,1791213457988,30991, 
P03,S01,37,down,KeyS,1791213458007.1,30992,s
P03,S01,37,down,KeyH,1791213458088.8,30993,h
P03,S01,37,up,KeyS,1791213458090.7,30992,s
P03,S01,37,up,KeyH,1791213458154.5,30993,h
P03,S01,37,down,Escape,1791213458239.2,30994,Escape
P03,S01,37,down,KeyO,1791213458256.2,30995,o
P03,S01,37,up,Escape,1791213458281.8,30994,Escape
P03,S01,37,down,KeyP,1791213458355,30996,p
P03,S01,37,up,KeyO,1791213458357.4,30995,o
P03,S01,37,down,Escape,1791213458364.8,30997,Escape
P03,S01,37,up,Escape,1791213458405.1,30997,Escape
P03,S01,37,up,KeyP,1791213458472.3,30996,p
P03,S01,37,down,Escape,1791213458494.7,30998,Escape
P03,S01,37,up,Escape,1791213458538.9,30998,Escape
P03,S01,37,down,Escape,1791213458639.4,30999,Escape
P03,S01,37,up,Escape,1791213458659.4,30999,Escape
P03,S01,37,down,Escape,1791213459224.4,31000,Escape
P03,S01,37,up,Escape,1791213459240.9,31000,Escape
P03,S01,37,down,Escape,1791213459478.7,31001,Escape
P03,S01,37,up,Escape,1791213459507,31001,Escape
P03,S01,37,down,Escape,1791213460522.3,31002,Escape
P03,S01,37,up,Escape,1791213460604.7,31002,Escape
P03,S01,38,down,Escape,1791213460677.1,31003,Escape
P03,S01,38,up,Escape,1791213460741,31003,Escape
P03,S01,38,down,CapsLock,1791213507957.2,31004,CapsLock
P03,S01,38,down,KeyI,1791213508005.3,31005,I
P03,S01,38,up,KeyI,1791213508121.2,31005,I
P03,S01,38,up,CapsLock,1791213508144.7,31004,CapsLock
P03,S01,38,down,Space,1791213508201.1,31006, 
P03,S01,38,up,Space,1791213508276.4,31006, 
P03,S01,38,down,KeyL,1791213508330.4,31007,l
P03,S01,38,up,KeyL,1791213508426.7,31007,l
P03,S01,38,down,KeyI,1791213508456.6,31008,i
P03,S01,38,up,KeyI,1791213508521.7,31008,i
P03,S01,38,down,KeyK,1791213508622.6,31009,k
P03,S01,38,down,KeyE,1791213508658.5,31010,e
P03,S01,38,up,KeyK,1791213508709.8,31009,k
P03,S01,38,down,Space,1791213508730,31011, 
P03,S01,38,up,KeyE,1791213508737.4,31010,e
P03,S01,38,up,Space,1791213508873.7,31011, 
P03,S01,38,down,KeyT,1791213508877.4,31012,t
P03,S01,38,down,KeyO,1791213508945.7,31013,o
P03,S01,38,up,KeyT,1791213508977.6,31012,t
P03,S01,38,down,Space,1791213509036.1,31014, 
P03,S01,38,up,KeyO,1791213509086.8,31013,o
P03,S01,38,down,KeyS,1791213509130.1,31015,s
P03,S01,38,up,Space,1791213509154.5,31014, 
P03,S01,38,up,KeyS,1791213509210,31015,s
P03,S01,38,down,KeyT,1791213509309,31016,t
P03,S01,38,down,KeyI,1791213509372,31017,i
P03,S01,38,up,KeyT,1791213509393.3,31016,t
P03,S01,38,up,KeyI,1791213509429.4,31017,i
P03,S01,38,down,KeyC,1791213509559.7,31018,c
P03,S01,38,down,KeyK,1791213509595.3,31019,k
P03,S01,38,up,KeyC,1791213509659.4,31018,c
P03,S01,38,down,Space,1791213509670.5,31020, 
P03,S01,38,up,KeyK,1791213509698.9,31019,k
P03,S01,38,up,Space,1791213509787.8,31020, 
P03,S01,38,down,KeyT,1791213509860.2,31021,t
P03,S01,38,down,KeyO,1791213509872.4,31022,o
P03,S01,38,up,KeyT,1791213509945.1,31021,t
P03,S01,38,down,Space,1791213509997.1,31023, 
P03,S01,38,up,KeyO,1791213510005.4,31022,o
P03,S01,38,up,Space,1791213510114.2,31023, 
P03,S01,38,down,KeyA,1791213510142.6,31024,a
P03,S01,38,up,KeyA,1791213510243.2,31024,a
P03,S01,38,down,Space,1791213510246.6,31025, 
P03,S01,38,up,Space,1791213510345.3,31025, 
P03,S01,38,down,KeyC,1791213510443,31026,c
P03,S01,38,down,KeyO,1791213510520.9,31027,o
P03,S01,38,up,KeyC,1791213510521,31026,c
P03,S01,38,up,KeyO,1791213510612.6,31027,o
P03,S01,38,down,KeyL,1791213510737.8,31028,l
P03,S01,38,up,KeyL,1791213510804.3,31028,l
P03,S01,38,down,KeyD,1791213510804.4,31029,d
P03,S01,38,down,Space,1791213510908.2,31030, 
P03,S01,38,up,KeyD,1791213510912,31029,d
P03,S01,38,up,Space,1791213511001.5,31030, 
P03,S01,38,down,KeyD,1791213511101.4,31031,d
P03,S01,38,up,KeyD,1791213511271.9,31031,d
P03,S01,38,down,KeyR,1791213511355.3,31032,r
P03,S01,38,down,KeyI,1791213511437.5,31033,i
P03,S01,38,up,KeyR,1791213511472.7,31032,r
P03,S01,38,down,KeyN,1791213511520.8,31034,n
P03,S01,38,up,KeyI,1791213511537.4,31033,i
P03,S01,38,up,KeyN,1791213511629,31034,n
P03,S01,38,down,KeyK,1791213511688.3,31035,k
P03,S01,38,down,Space,1791213511788.3,31036, 
P03,S01,38,up,KeyK,1791213511808.8,31035,k
P03,S01,38,up,Space,1791213511914.2,31036, 
P03,S01,38,down,KeyA,1791213512340.5,31037,a
P03,S01,38,down,KeyN,1791213512488.6,31038,n
P03,S01,38,up,KeyN,1791213512564.9,31038,n
P03,S01,38,up,KeyA,1791213512608.2,31037,a
P03,S01,38,down,KeyD,1791213512608.8,31039,d
P03,S01,38,down,Space,1791213512712.8,31040, 
P03,S01,38,up,KeyD,1791213512723.7,31039,d
P03,S01,38,up,Space,1791213512805.1,31040, 
P03,S01,38,down,CapsLock,1791213513672.8,31041,CapsLock
P03,S01,38,down,KeyI,1791213513687,31042,I
P03,S01,38,up,CapsLock,1791213513804.1,31041,CapsLock
P03,S01,38,up,KeyI,1791213513804.1,31042,I
P03,S01,38,down,Space,1791213513831.2,31043, 
P03,S01,38,up,Space,1791213513911.8,31043, 
P03,S01,38,down,KeyA,1791213514021.3,31044,a
P03,S01,38,down,KeyL,1791213514090.3,31045,l
P03,S01,38,up,KeyL,1791213514174.5,31045,l
P03,S01,38,down,KeyS,1791213514274.3,31046,s
P03,S01,38,up,KeyA,1791213514322.9,31044,a
P03,S01,38,down,KeyO,1791213514393.9,31047,o
P03,S01,38,up,KeyS,1791213514405.1,31046,s
P03,S01,38,down,Space,1791213514509.8,31048, 
P03,S01,38,up,KeyO,1791213514529.7,31047,o
P03,S01,38,up,Space,1791213514638.2,31048, 
P03,S01,38,down,KeyL,1791213514804.4,31049,l
P03,S01,38,up,KeyL,1791213514875.9,31049,l
P03,S01,38,down,KeyI,1791213514941.1,31050,i
P03,S01,38,up,KeyI,1791213514997.7,31050,i
P03,S01,38,down,KeyK,1791213515108.9,31051,k
P03,S01,38,down,KeyE,1791213515145.4,31052,e
P03,S01,38,up,KeyK,1791213515173,31051,k
P03,S01,38,down,Space,1791213515229.5,31053, 
P03,S01,38,up,KeyE,1791213515276.3,31052,e
P03,S01,38,down,KeyH,1791213515324.4,31054,h
P03,S01,38,up,Space,1791213515338.2,31053, 
P03,S01,38,down,KeyO,1791213515453.6,31055,o
P03,S01,38,up,KeyH,1791213515471.3,31054,h
P03,S01,38,down,KeyT,1791213515519.9,31056,t
P03,S01,38,up,KeyO,1791213515554,31055,o
P03,S01,38,up,KeyT,1791213515588.8,31056,t
P03,S01,38,down,Backspace,1791213515849.1,31057,Backspace
P03,S01,38,up,Backspace,1791213516504.4,31057,Backspace
P03,S01,38,down,Backspace,1791213517407.3,31058,Backspace
P03,S01,38,up,Backspace,1791213517711.3,31058,Backspace
P03,S01,38,down,Backspace,1791213518255,31059,Backspace
P03,S01,38,up,Backspace,1791213518347.1,31059,Backspace
P03,S01,38,down,Backspace,1791213518453,31060,Backspace
P03,S01,38,up,Backspace,1791213518522.3,31060,Backspace
P03,S01,38,down,Backspace,1791213518595,31061,Backspace
P03,S01,38,up,Backspace,1791213518707.3,31061,Backspace
P03,S01,38,down,Backspace,1791213518838.4,31062,Backspace
P03,S01,38,up,Backspace,1791213518979.2,31062,Backspace
P03,S01,38,down,Backspace,1791213519044.9,31063,Backspace
P03,S01,38,up,Backspace,1791213519137.1,31063,Backspace
P03,S01,38,down,Backspace,1791213519164,31064,Backspace
P03,S01,38,up,Backspace,1791213519405.1,31064,Backspace
P03,S01,38,down,Backspace,1791213519470.9,31065,Backspace
P03,S01,38,up,Backspace,1791213519525.7,31065,Backspace
P03,S01,38,down,Backspace,1791213519596.9,31066,Backspace
P03,S01,38,up,Backspace,1791213519665.9,31066,Backspace
P03,S01,38,down,Backspace,1791213519740.7,31067,Backspace
P03,S01,38,up,Backspace,1791213519788.2,31067,Backspace
P03,S01,38,down,Backspace,1791213519861.1,31068,Backspace
P03,S01,38,up,Backspace,1791213519913.4,31068,Backspace
P03,S01,38,down,Backspace,1791213519952.7,31069,Backspace
P03,S01,38,up,Backspace,1791213520036.6,31069,Backspace
P03,S01,38,down,Backspace,1791213520124.5,31070,Backspace
P03,S01,38,up,Backspace,1791213520188.4,31070,Backspace
P03,S01,38,down,Backspace,1791213520304.4,31071,Backspace
P03,S01,38,up,Backspace,1791213520374.7,31071,Backspace
P03,S01,38,down,Backspace,1791213520487.9,31072,Backspace
P03,S01,38,up,Backspace,1791213520553,31072,Backspace
P03,S01,38,down,Backspace,1791213520627.9,31073,Backspace
P03,S01,38,up,Backspace,1791213520719.4,31073,Backspace
P03,S01,38,down,Enter,1791213520873.1,31074,Enter
P03,S01,38,up,Enter,1791213520972.7,31074,Enter
P03,S01,39,down,CapsLock,1791213529709.2,31075,CapsLock
P03,S01,39,down,KeyI,1791213529860,31076,I
P03,S01,39,up,KeyI,1791213529945.6,31076,I
P03,S01,39,up,CapsLock,1791213529977.5,31075,CapsLock
P03,S01,39,down,Space,1791213530077.7,31077, 
P03,S01,39,up,Space,1791213530151.1,31077, 
P03,S01,39,down,KeyT,1791213530247.1,31078,t
P03,S01,39,up,KeyT,1791213530355.6,31078,t
P03,S01,39,down,KeyR,1791213530389.6,31079,r
P03,S01,39,up,KeyR,1791213530502.9,31079,r
P03,S01,39,down,KeyY,1791213530520.3,31080,y
P03,S01,39,down,Space,1791213530592.5,31081, 
P03,S01,39,up,KeyY,1791213530628.9,31080,y
P03,S01,39,up,Space,1791213530681.1,31081, 
P03,S01,39,down,Backspace,1791213530959.8,31082,Backspace
P03,S01,39,up,Backspace,1791213531021.1,31082,Backspace
P03,S01,39,down,Backspace,1791213531092.6,31083,Backspace
P03,S01,39,up,Backspace,1791213531154.4,31083,Backspace
P03,S01,39,down,Backspace,1791213531221.1,31084,Backspace
P03,S01,39,up,Backspace,1791213531279.3,31084,Backspace
P03,S01,39,down,Backspace,1791213531341.5,31085,Backspace
P03,S01,39,up,Backspace,1791213531420.8,31085,Backspace
P03,S01,39,down,KeyU,1791213531855,31086,u
P03,S01,39,up,KeyU,1791213531930.6,31086,u
P03,S01,39,down,KeyS,1791213531942.3,31087,s
P03,S01,39,up,KeyS,1791213532053.6,31087,s
P03,S01,39,down,KeyU,1791213532080.8,31088,u
P03,S01,39,up,KeyU,1791213532136.9,31088,u
P03,S01,39,down,KeyA,1791213532189.6,31089,a
P03,S01,39,up,KeyA,1791213532288.5,31089,a
P03,S01,39,down,KeyL,1791213532323.7,31090,l
P03,S01,39,up,KeyL,1791213532392.2,31090,l
P03,S01,39,down,KeyL,1791213532474,31091,l
P03,S01,39,up,KeyL,1791213532558.4,31091,l
P03,S01,39,down,KeyY,1791213532605.9,31092,y
P03,S01,39,down,Space,1791213532638.1,31093, 
P03,S01,39,up,KeyY,1791213532674.2,31092,y
P03,S01,39,up,Space,1791213532754.8,31093, 
P03,S01,39,down,KeyT,1791213533021.3,31094,t
P03,S01,39,up,KeyT,1791213533105.1,31094,t
P03,S01,39,down,KeyR,1791213533113.1,31095,r
P03,S01,39,up,KeyR,1791213533245,31095,r
P03,S01,39,down,KeyY,1791213533257.3,31096,y
P03,S01,39,down,Space,1791213533346.1,31097, 
P03,S01,39,up,KeyY,1791213533389.6,31096,y
P03,S01,39,up,Space,1791213533445.7,31097, 
P03,S01,39,down,KeyW,1791213533453.2,31098,w
P03,S01,39,up,KeyW,1791213533525.4,31098,w
P03,S01,39,down,KeyH,1791213533595.3,31099,h
P03,S01,39,up,KeyH,1791213533654.2,31099,h
P03,S01,39,down,KeyA,1791213533688.3,31100,a
P03,S01,39,up,KeyA,1791213533764.5,31100,a
P03,S01,39,down,KeyT,1791213533946.1,31101,t
P03,S01,39,up,KeyT,1791213534038.3,31101,t
P03,S01,39,down,KeyE,1791213534143.5,31102,e
P03,S01,39,down,KeyV,1791213534247.3,31103,v
P03,S01,39,up,KeyE,1791213534253.2,31102,e
P03,S01,39,up,KeyV,1791213534344.3,31103,v
P03,S01,39,down,KeyE,1791213534371.2,31104,e
P03,S01,39,down,KeyR,1791213534480.1,31105,r
P03,S01,39,up,KeyE,1791213534520.2,31104,e
P03,S01,39,down,Space,1791213534575.1,31106, 
P03,S01,39,up,KeyR,1791213534587.5,31105,r
P03,S01,39,up,Space,1791213534688.2,31106, 
P03,S01,39,down,KeyI,1791213534855.5,31107,i
P03,S01,39,up,KeyI,1791213534971.1,31107,i
P03,S01,39,down,KeyS,1791213535004.5,31108,s
P03,S01,39,up,KeyS,1791213535091.5,31108,s
P03,S01,39,down,Space,1791213535121.4,31109, 
P03,S01,39,up,Space,1791213535220.3,31109, 
P03,S01,39,down,KeyO,1791213535538.8,31110,o
P03,S01,39,down,KeyN,1791213535675.3,31111,n
P03,S01,39,up,KeyO,1791213535705.9,31110,o
P03,S01,39,down,Space,1791213535724.5,31112, 
P03,S01,39,up,KeyN,1791213535770.5,31111,n
P03,S01,39,up,Space,1791213535819.4,31112, 
P03,S01,39,down,KeyT,1791213535840.1,31113,t
P03,S01,39,down,KeyH,1791213535920.7,31114,h
P03,S01,39,up,KeyT,1791213535923.8,31113,t
P03,S01,39,up,KeyH,1791213535991.1,31114,h
P03,S01,39,down,KeyE,1791213536020.4,31115,e
P03,S01,39,down,Space,1791213536111.5,31116, 
P03,S01,39,up,KeyE,1791213536120,31115,e
P03,S01,39,up,Space,1791213536186.6,31116, 
P03,S01,39,down,KeyM,1791213536346.1,31117,m
P03,S01,39,up,KeyM,1791213536422.9,31117,m
P03,S01,39,down,KeyE,1791213536430.5,31118,e
P03,S01,39,up,KeyE,1791213536539.7,31118,e
P03,S01,39,down,KeyN,1791213536579.8,31119,n
P03,S01,39,down,KeyU,1791213536695.9,31120,u
P03,S01,39,up,KeyN,1791213536704.2,31119,n
P03,S01,39,up,KeyU,1791213536822.1,31120,u
P03,S01,39,down,Comma,1791213537006.9,31121,","
P03,S01,39,up,Comma,1791213537078.5,31121,","
P03,S01,39,down,Space,1791213537213,31122, 
P03,S01,39,up,Space,1791213537281.3,31122, 
P03,S01,39,down,KeyS,1791213537502.9,31123,s
P03,S01,39,down,KeyO,1791213537591.9,31124,o
P03,S01,39,up,KeyS,1791213537635.9,31123,s
P03,S01,39,down,KeyE,1791213537659.9,31125,e
P03,S01,39,down,KeyM,1791213537670.5,31126,m
P03,S01,39,up,KeyO,1791213537712.2,31124,o
P03,S01,39,up,KeyE,1791213537754.2,31125,e
P03,S01,39,up,KeyM,1791213537756.9,31126,m
P03,S01,39,down,KeyT,1791213537891.9,31127,t
P03,S01,39,down,KeyH,1791213537960.2,31128,h
P03,S01,39,up,KeyT,1791213537987.9,31127,t
P03,S01,39,up,KeyH,1791213538044.3,31128,h
P03,S01,39,down,Backspace,1791213538277,31129,Backspace
P03,S01,39,up,Backspace,1791213538330.5,31129,Backspace
P03,S01,39,down,Backspace,1791213538410.3,31130,Backspace
P03,S01,39,up,Backspace,1791213538471.1,31130,Backspace
P03,S01,39,down,Backspace,1791213538541.8,31131,Backspace
P03,S01,39,up,Backspace,1791213538593.8,31131,Backspace
P03,S01,39,down,Backspace,1791213538677.7,31132,Backspace
P03,S01,39,up,Backspace,1791213538737.6,31132,Backspace
P03,S01,39,down,Backspace,1791213539062.6,31133,Backspace
P03,S01,39,up,Backspace,1791213539137.4,31133,Backspace
P03,S01,39,down,Backspace,1791213539225,31134,Backspace
P03,S01,39,up,Backspace,1791213539277.6,31134,Backspace
P03,S01,39,down,Backspace,1791213539414.3,31135,Backspace
P03,S01,39,up,Backspace,1791213539494.1,31135,Backspace
P03,S01,39,down,Backspace,1791213539571.6,31136,Backspace
P03,S01,39,up,Backspace,1791213539636.9,31136,Backspace
P03,S01,39,down,Space,1791213539922,31137, 
P03,S01,39,up,Space,1791213540022.3,31137, 
P03,S01,39,down,KeyT,1791213540070.9,31138,t
P03,S01,39,down,KeyH,1791213540147.3,31139,h
P03,S01,39,up,KeyT,1791213540171.7,31138,t
P03,S01,39,up,KeyH,1791213540207.2,31139,h
P03,S01,39,down,KeyA,1791213540246.2,31140,a
P03,S01,39,up,KeyA,1791213540342.4,31140,a
P03,S01,39,down,KeyT,1791213540370.1,31141,t
P03,S01,39,down,Space,1791213540444.6,31142, 
P03,S01,39,up,KeyT,1791213540475.6,31141,t
P03,S01,39,up,Space,1791213540548.1,31142, 
P03,S01,39,down,KeyI,1791213540579.7,31143,i
P03,S01,39,down,KeyN,1791213540673.5,31144,n
P03,S01,39,up,KeyI,1791213540710.4,31143,i
P03,S01,39,down,KeyT,1791213540737.8,31145,t
P03,S01,39,up,KeyN,1791213540774.2,31144,n
P03,S01,39,up,KeyT,1791213540854.4,31145,t
P03,S01,39,down,KeyE,1791213540904.8,31146,e
P03,S01,39,down,KeyR,1791213541004.3,31147,r
P03,S01,39,up,KeyE,1791213541033.3,31146,e
P03,S01,39,up,KeyR,1791213541119.7,31147,r
P03,S01,39,down,KeyS,1791213541171.4,31148,s
P03,S01,39,up,KeyS,1791213541346.6,31148,s
P03,S01,39,down,KeyT,1791213541381.7,31149,t
P03,S01,39,up,KeyT,1791213541486.8,31149,t
P03,S01,39,down,KeyS,1791213541510.3,31150,s
P03,S01,39,down,Space,1791213541603.4,31151, 
P03,S01,39,up,KeyS,1791213541658.5,31150,s
P03,S01,39,up,Space,1791213541711,31151, 
P03,S01,39,down,Backspace,1791213541977.2,31152,Backspace
P03,S01,39,up,Backspace,1791213542029.9,31152,Backspace
P03,S01,39,down,Backspace,1791213542112.7,31153,Backspace
P03,S01,39,up,Backspace,1791213542172.6,31153,Backspace
P03,S01,39,down,Backspace,1791213542255.2,31154,Backspace
P03,S01,39,up,Backspace,1791213542320.8,31154,Backspace
P03,S01,39,down,Backspace,1791213542528.1,31155,Backspace
P03,S01,39,up,Backspace,1791213542581,31155,Backspace
P03,S01,39,down,KeyE,1791213542657.1,31156,e
P03,S01,39,down,KeyS,1791213542753.5,31157,s
P03,S01,39,up,KeyE,1791213542777.2,31156,e
P03,S01,39,up,KeyS,1791213542877.3,31157,s
P03,S01,39,down,KeyT,1791213542927.2,31158,t
P03,S01,39,up,KeyT,1791213543027.2,31158,t
P03,S01,39,down,KeyS,1791213543187.2,31159,s
P03,S01,39,up,KeyS,1791213543291.1,31159,s
P03,S01,39,down,Space,1791213543579.9,31160, 
P03,S01,39,up,Space,1791213543661.2,31160, 
P03,S01,39,down,KeyM,1791213543786.8,31161,m
P03,S01,39,up,KeyM,1791213543879.4,31161,m
P03,S01,39,down,KeyE,1791213543879.4,31162,e
P03,S01,39,up,KeyE,1791213544008.9,31162,e
P03,S01,39,down,Period,1791213544060.3,31163,.
P03,S01,39,up,Period,1791213544137.4,31163,.
P03,S01,39,down,Space,1791213544287.8,31164, 
P03,S01,39,up,Space,1791213544359.6,31164, 
P03,S01,39,down,CapsLock,1791213544551.7,31165,CapsLock
P03,S01,39,down,KeyI,1791213544694.4,31166,I
P03,S01,39,up,KeyI,1791213544786.7,31166,I
P03,S01,39,up,CapsLock,1791213544847,31165,CapsLock
P03,S01,39,down,KeyF,1791213545876,31167,f
P03,S01,39,up,KeyF,1791213545977.1,31167,f
P03,S01,39,down,Space,1791213545994.6,31168, 
P03,S01,39,up,Space,1791213546074.3,31168, 
P03,S01,39,down,KeyI,1791213546155.9,31169,i
P03,S01,39,down,KeyT,1791213546236.3,31170,t
P03,S01,39,up,KeyI,1791213546236.4,31169,i
P03,S01,39,down,Space,1791213546323.4,31171, 
P03,S01,39,up,KeyT,1791213546331.4,31170,t
P03,S01,39,up,Space,1791213546429.2,31171, 
P03,S01,39,down,KeyI,1791213546609.2,31172,i
P03,S01,39,up,KeyI,1791213546689,31172,i
P03,S01,39,down,KeyS,1791213546772.7,31173,s
P03,S01,39,down,Space,1791213546859.2,31174, 
P03,S01,39,up,KeyS,1791213546862.7,31173,s
P03,S01,39,down,KeyN,1791213546954.5,31175,n
P03,S01,39,up,Space,1791213546975.4,31174, 
P03,S01,39,down,KeyO,1791213547039,31176,o
P03,S01,39,up,KeyN,1791213547091.1,31175,n
P03,S01,39,down,KeyT,1791213547107.3,31177,t
P03,S01,39,up,KeyO,1791213547151.9,31176,o
P03,S01,39,up,KeyT,1791213547211.3,31177,t
P03,S01,39,down,Space,1791213547235.5,31178, 
P03,S01,39,up,Space,1791213547337.2,31178, 
P03,S01,39,down,KeyT,1791213547654.8,31179,t
P03,S01,39,down,KeyO,1791213547692.8,31180,o
P03,S01,39,up,KeyT,1791213547740.9,31179,t
P03,S01,39,up,KeyO,1791213547777.3,31180,o
P03,S01,39,down,KeyO,1791213547873,31181,o
P03,S01,39,down,Space,1791213547920.7,31182, 
P03,S01,39,up,KeyO,1791213547940.9,31181,o
P03,S01,39,down,KeyE,1791213547972.8,31183,e
P03,S01,39,up,Space,1791213548038.1,31182, 
P03,S01,39,up,KeyE,1791213548070.6,31183,e
P03,S01,39,down,KeyX,1791213548231.5,31184,x
P03,S01,39,down,KeyP,1791213548315.5,31185,p
P03,S01,39,up,KeyX,1791213548315.1,31184,x
P03,S01,39,up,KeyP,1791213548404.8,31185,p
P03,S01,39,down,KeyE,1791213548456.7,31186,e
P03,S01,39,up,KeyE,1791213548571.9,31186,e
P03,S01,39,down,KeyN,1791213548572.1,31187,n
P03,S01,39,up,KeyN,1791213548621.2,31187,n
P03,S01,39,down,KeyS,1791213548704.8,31188,s
P03,S01,39,down,KeyI,1791213548755.1,31189,i
P03,S01,39,up,KeyS,1791213548789.5,31188,s
P03,S01,39,up,KeyI,1791213548820.5,31189,i
P03,S01,39,down,KeyV,1791213548945.1,31190,v
P03,S01,39,down,KeyE,1791213549025.5,31191,e
P03,S01,39,up,KeyV,1791213549028.2,31190,v
P03,S01,39,up,KeyE,1791213549124.9,31191,e
P03,S01,39,down,Period,1791213549372.7,31192,.
P03,S01,39,up,Period,1791213549456.8,31192,.
P03,S01,39,down,Space,1791213549580.1,31193, 
P03,S01,39,up,Space,1791213549656.8,31193, 
P03,S01,39,down,CapsLock,1791213549823.8,31194,CapsLock
P03,S01,39,down,KeyI,1791213549932.6,31195,I
P03,S01,39,up,KeyI,1791213550011.9,31195,I
P03,S01,39,up,CapsLock,1791213550034.1,31194,CapsLock
P03,S01,39,down,Space,1791213550145,31196, 
P03,S01,39,up,Space,1791213550220.9,31196, 
P03,S01,39,down,Backspace,1791213550788,31197,Backspace
P03,S01,39,up,Backspace,1791213550842.8,31197,Backspace
P03,S01,39,down,Backspace,1791213550940,31198,Backspace
P03,S01,39,up,Backspace,1791213551042.2,31198,Backspace
P03,S01,39,down,CapsLock,1791213551244.1,31199,CapsLock
P03,S01,39,down,KeyI,1791213551605,31200,I
P03,S01,39,up,KeyI,1791213551675.8,31200,I
P03,S01,39,up,CapsLock,1791213551707.1,31199,CapsLock
P03,S01,39,down,KeyF,1791213551938.1,31201,f
P03,S01,39,down,Space,1791213552010.9,31202, 
P03,S01,39,up,KeyF,1791213552023.4,31201,f
P03,S01,39,down,KeyN,1791213552111.3,31203,n
P03,S01,39,up,Space,1791213552112.1,31202, 
P03,S01,39,down,KeyO,1791213552187.2,31204,o
P03,S01,39,up,KeyN,1791213552254.7,31203,n
P03,S01,39,down,KeyT,1791213552275,31205,t
P03,S01,39,up,KeyO,1791213552306.5,31204,o
P03,S01,39,up,KeyT,1791213552359.2,31205,t
P03,S01,39,down,Comma,1791213553029.8,31206,","
P03,S01,39,up,Comma,1791213553125.5,31206,","
P03,S01,39,down,Space,1791213553236.8,31207, 
P03,S01,39,up,Space,1791213553303.3,31207, 
P03,S01,39,down,CapsLock,1791213553562.4,31208,CapsLock
P03,S01,39,down,KeyI,1791213553564.8,31209,I
P03,S01,39,up,KeyI,1791213553653.9,31209,I
P03,S01,39,down,Space,1791213553738.2,31210, 
P03,S01,39,up,Space,1791213553838.3,31210, 
P03,S01,39,up,CapsLock,1791213554005.4,31208,CapsLock
P03,S01,39,down,KeyW,1791213554878,31211,w
P03,S01,39,down,KeyI,1791213554958.6,31212,i
P03,S01,39,up,KeyW,1791213554989.2,31211,w
P03,S01,39,up,KeyI,1791213555042.4,31212,i
P03,S01,39,down,KeyL,1791213555371.2,31213,l
P03,S01,39,up,KeyL,1791213555430.3,31213,l
P03,S01,39,down,KeyL,1791213555505.4,31214,l
P03,S01,39,down,Space,1791213555572.1,31215, 
P03,S01,39,up,KeyL,1791213555612,31214,l
P03,S01,39,up,Space,1791213555691.8,31215, 
P03,S01,39,down,KeyJ,1791213555755.8,31216,j
P03,S01,39,up,KeyJ,1791213555838.2,31216,j
P03,S01,39,down,KeyU,1791213555952.2,31217,u
P03,S01,39,down,KeyS,1791213555988.1,31218,s
P03,S01,39,up,KeyU,1791213556012,31217,u
P03,S01,39,down,KeyT,1791213556137.6,31219,t
P03,S01,39,up,KeyS,1791213556137.7,31218,s
P03,S01,39,down,Space,1791213556155.8,31220, 
P03,S01,39,up,KeyT,1791213556227.5,31219,t
P03,S01,39,up,Space,1791213556244.2,31220, 
P03,S01,39,down,KeyS,1791213556294.7,31221,s
P03,S01,39,down,KeyT,1791213556430.3,31222,t
P03,S01,39,up,KeyS,1791213556442.1,31221,s
P03,S01,39,down,KeyI,1791213556478.5,31223,i
P03,S01,39,up,KeyT,1791213556536.7,31222,t
P03,S01,39,up,KeyI,1791213556559,31223,i
P03,S01,39,down,KeyC,1791213556688.6,31224,c
P03,S01,39,down,KeyK,1791213556738.4,31225,k
P03,S01,39,down,Space,1791213556786.6,31226, 
P03,S01,39,up,KeyC,1791213556789.9,31224,c
P03,S01,39,up,KeyK,1791213556860.3,31225,k
P03,S01,39,up,Space,1791213556921,31226, 
P03,S01,39,down,KeyT,1791213557009.1,31227,t
P03,S01,39,down,KeyO,1791213557058.7,31228,o
P03,S01,39,up,KeyT,1791213557086.5,31227,t
P03,S01,39,down,Space,1791213557130.4,31229, 
P03,S01,39,up,KeyO,1791213557159,31228,o
P03,S01,39,down,KeyW,1791213557221.7,31230,w
P03,S01,39,up,Space,1791213557223.1,31229, 
P03,S01,39,down,KeyA,1791213557370.5,31231,a
P03,S01,39,up,KeyW,1791213557426.7,31230,w
P03,S01,39,up,KeyA,1791213557490.9,31231,a
P03,S01,39,down,KeyT,1791213557527.5,31232,t
P03,S01,39,down,KeyE,1791213557640.2,31233,e
P03,S01,39,up,KeyT,1791213557656.3,31232,t
P03,S01,39,down,KeyR,1791213557771.4,31234,r
P03,S01,39,up,KeyE,1791213557808.2,31233,e
P03,S01,39,down,Enter,1791213557822,31235,Enter
P03,S01,39,up,KeyR,1791213557870.1,31234,r
P03,S01,39,up,Enter,1791213557931.4,31235,Enter
P03,S01,40,down,CapsLock,1791213581243.1,31236,CapsLock
P03,S01,40,down,KeyI,1791213581319.1,31237,I
P03,S01,40,up,KeyI,1791213581434.7,31237,I
P03,S01,40,up,CapsLock,1791213581464.6,31236,CapsLock
P03,S01,40,down,Space,1791213581543.8,31238, 
P03,S01,40,up,Space,1791213581648.5,31238, 
P03,S01,40,down,KeyU,1791213582027.2,31239,u
P03,S01,40,up,KeyU,1791213582088.7,31239,u
P03,S01,40,down,KeyS,1791213582103.9,31240,s
P03,S01,40,up,KeyS,1791213582204.1,31240,s
P03,S01,40,down,KeyU,1791213582206.7,31241,u
P03,S01,40,up,KeyU,1791213582269.2,31241,u
P03,S01,40,down,KeyA,1791213582308.4,31242,a
P03,S01,40,up,KeyA,1791213582393.3,31242,a
P03,S01,40,down,KeyL,1791213582403.8,31243,l
P03,S01,40,up,KeyL,1791213582476.9,31243,l
P03,S01,40,down,KeyL,1791213582546.7,31244,l
P03,S01,40,down,KeyY,1791213582606.2,31245,y
P03,S01,40,up,KeyL,1791213582621.6,31244,l
P03,S01,40,down,Space,1791213582646.5,31246, 
P03,S01,40,up,KeyY,1791213582703.5,31245,y
P03,S01,40,up,Space,1791213582762.5,31246, 
P03,S01,40,down,KeyG,1791213582821.2,31247,g
P03,S01,40,up,KeyG,1791213582922.3,31247,g
P03,S01,40,down,KeyE,1791213583022.1,31248,e
P03,S01,40,up,KeyE,1791213583121.9,31248,e
P03,S01,40,down,KeyT,1791213583137.5,31249,t
P03,S01,40,up,KeyT,1791213583245.6,31249,t
P03,S01,40,down,Space,1791213583246.7,31250, 
P03,S01,40,up,Space,1791213583335.8,31250, 
P03,S01,40,down,KeyA,1791213583370.1,31251,a
P03,S01,40,up,KeyA,1791213583520.7,31251,a
P03,S01,40,down,Space,1791213583524.6,31252, 
P03,S01,40,up,Space,1791213583594,31252, 
P03,S01,40,down,KeyS,1791213585476.9,31253,s
P03,S01,40,up,KeyS,1791213585589.5,31253,s
P03,S01,40,down,KeyA,1791213585603.8,31254,a
P03,S01,40,up,KeyA,1791213585738.9,31254,a
P03,S01,40,down,KeyN,1791213586054.5,31255,n
P03,S01,40,up,KeyN,1791213586139.5,31255,n
P03,S01,40,down,KeyD,1791213586757.1,31256,d
P03,S01,40,up,KeyD,1791213586913.5,31256,d
P03,S01,40,down,KeyW,1791213586970,31257,w
P03,S01,40,down,KeyI,1791213587038.9,31258,i
P03,S01,40,up,KeyW,1791213587082.4,31257,w
P03,S01,40,up,KeyI,1791213587142.3,31258,i
P03,S01,40,down,KeyC,1791213587255,31259,c
P03,S01,40,down,KeyH,1791213587327.9,31260,h
P03,S01,40,up,KeyC,1791213587371.6,31259,c
P03,S01,40,down,Space,1791213587421.2,31261, 
P03,S01,40,up,KeyH,1791213587463.9,31260,h
P03,S01,40,up,Space,1791213587544.6,31261, 
P03,S01,40,down,Backspace,1791213590574.7,31262,Backspace
P03,S01,40,up,Backspace,1791213590671.4,31262,Backspace
P03,S01,40,down,Comma,1791213590788.7,31263,","
P03,S01,40,up,Comma,1791213590871.8,31263,","
P03,S01,40,down,Space,1791213590972,31264, 
P03,S01,40,up,Space,1791213591055.2,31264, 
P03,S01,40,down,KeyL,1791213591172.2,31265,l
P03,S01,40,up,KeyL,1791213591238.2,31265,l
P03,S01,40,down,KeyI,1791213591304,31266,i
P03,S01,40,up,KeyI,1791213591356.3,31266,i
P03,S01,40,down,KeyK,1791213591455.2,31267,k
P03,S01,40,down,KeyE,1791213591496.4,31268,e
P03,S01,40,up,KeyK,1791213591523.5,31267,k
P03,S01,40,down,Space,1791213591576.4,31269, 
P03,S01,40,up,KeyE,1791213591603.6,31268,e
P03,S01,40,up,Space,1791213591668.6,31269, 
P03,S01,40,down,KeyA,1791213591710.1,31270,a
P03,S01,40,down,Space,1791213591771.4,31271, 
P03,S01,40,up,KeyA,1791213591809.5,31270,a
P03,S01,40,up,Space,1791213591886.3,31271, 
P03,S01,40,down,KeyR,1791213591904.6,31272,r
P03,S01,40,up,KeyR,1791213592005,31272,r
P03,S01,40,down,KeyA,1791213592057.9,31273,a
P03,S01,40,up,KeyA,1791213592171.2,31273,a
P03,S01,40,down,KeyC,1791213592194.9,31274,c
P03,S01,40,down,KeyL,1791213592311.6,31275,l
P03,S01,40,up,KeyC,1791213592320,31274,c
P03,S01,40,up,KeyL,1791213592379.8,31275,l
P03,S01,40,down,KeyE,1791213592421.4,31276,e
P03,S01,40,up,KeyE,1791213592537.2,31276,e
P03,S01,40,down,KeyT,1791213592587.4,31277,t
P03,S01,40,up,KeyT,1791213592635.4,31277,t
P03,S01,40,down,KeyT,1791213592753.5,31278,t
P03,S01,40,up,KeyT,1791213592836.9,31278,t
P03,S01,40,down,KeyE,1791213592904.2,31279,e
P03,S01,40,down,Space,1791213592995.2,31280, 
P03,S01,40,up,KeyE,1791213593035,31279,e
P03,S01,40,up,Space,1791213593106.9,31280, 
P03,S01,40,down,KeyS,1791213593171.4,31281,s
P03,S01,40,down,KeyA,1791213593273.6,31282,a
P03,S01,40,up,KeyS,1791213593303.6,31281,s
P03,S01,40,down,KeyN,1791213593404.2,31283,n
P03,S01,40,up,KeyA,1791213593437.9,31282,a
P03,S01,40,down,KeyD,1791213593453.9,31284,d
P03,S01,40,up,KeyN,1791213593473,31283,n
P03,S01,40,up,KeyD,1791213593594.2,31284,d
P03,S01,40,down,KeyW,1791213593643,31285,w
P03,S01,40,down,KeyI,1791213593743.2,31286,i
P03,S01,40,up,KeyW,1791213593783,31285,w
P03,S01,40,up,KeyI,1791213593871.2,31286,i
P03,S01,40,down,KeyC,1791213593971.3,31287,c
P03,S01,40,down,KeyH,1791213594058.3,31288,h
P03,S01,40,up,KeyC,1791213594064.2,31287,c
P03,S01,40,down,Space,1791213594141,31289, 
P03,S01,40,up,KeyH,1791213594229,31288,h
P03,S01,40,up,Space,1791213594269.8,31289, 
P03,S01,40,down,Enter,1791213594488.4,31290,Enter
P03,S01,40,up,Enter,1791213594591.5,31290,Enter
P03,S01,41,down,CapsLock,1791213607934.1,31291,CapsLock
P03,S01,41,down,KeyI,1791213608012.1,31292,I
P03,S01,41,up,KeyI,1791213608145,31292,I
P03,S01,41,up,CapsLock,1791213608192.9,31291,CapsLock
P03,S01,41,down,Space,1791213608221.9,31293, 
P03,S01,41,up,Space,1791213608334.5,31293, 
P03,S01,41,down,KeyL,1791213608391.3,31294,l
P03,S01,41,up,KeyL,1791213608478.8,31294,l
P03,S01,41,down,KeyI,1791213608519.3,31295,i
P03,S01,41,up,KeyI,1791213608587.3,31295,i
P03,S01,41,down,KeyK,1791213608708.2,31296,k
P03,S01,41,down,KeyE,1791213608792.9,31297,e
P03,S01,41,up,KeyK,1791213608803.4,31296,k
P03,S01,41,up,KeyE,1791213608896.9,31297,e
P03,S01,41,down,Space,1791213609086.8,31298, 
P03,S01,41,up,Space,1791213609202,31298, 
P03,S01,41,down,KeyM,1791213610004.3,31299,m
P03,S01,41,up,KeyM,1791213610086.8,31299,m
P03,S01,41,down,KeyI,1791213610120.3,31300,i
P03,S01,41,up,KeyI,1791213610243.9,31300,i
P03,S01,41,down,KeyN,1791213610309.4,31301,n
P03,S01,41,down,KeyE,1791213610430.3,31302,e
P03,S01,41,up,KeyN,1791213610438.6,31301,n
P03,S01,41,down,Space,1791213610541.2,31303, 
P03,S01,41,up,KeyE,1791213610554.7,31302,e
P03,S01,41,up,Space,1791213610646.7,31303, 
P03,S01,41,down,KeyW,1791213610758.4,31304,w
P03,S01,41,down,KeyI,1791213610855.1,31305,i
P03,S01,41,up,KeyW,1791213610855.8,31304,w
P03,S01,41,up,KeyI,1791213610947.3,31305,i
P03,S01,41,down,KeyT,1791213611019.6,31306,t
P03,S01,41,up,KeyT,1791213611104.2,31306,t
P03,S01,41,down,KeyH,1791213611127.2,31307,h
P03,S01,41,down,Space,1791213611171.2,31308, 
P03,S01,41,up,KeyH,1791213611202.7,31307,h
P03,S01,41,up,Space,1791213611279.5,31308, 
P03,S01,41,down,KeyD,1791213611302.7,31309,d
P03,S01,41,up,KeyD,1791213611391.4,31309,d
P03,S01,41,down,KeyR,1791213611509.4,31310,r
P03,S01,41,up,KeyR,1791213611593.1,31310,r
P03,S01,41,down,KeyI,1791213611605.2,31311,i
P03,S01,41,up,KeyI,1791213611703.8,31311,i
P03,S01,41,down,KeyE,1791213611726.3,31312,e
P03,S01,41,down,KeyD,1791213611837.8,31313,d
P03,S01,41,up,KeyE,1791213611855.1,31312,e
P03,S01,41,down,Space,1791213611921.6,31314, 
P03,S01,41,up,KeyD,1791213611946.1,31313,d
P03,S01,41,up,Space,1791213612042.8,31314, 
P03,S01,41,down,KeyB,1791213612178.1,31315,b
P03,S01,41,up,KeyB,1791213612258.2,31315,b
P03,S01,41,down,KeyE,1791213612295.6,31316,e
P03,S01,41,up,KeyE,1791213612352.2,31316,e
P03,S01,41,down,KeyE,1791213612471.5,31317,e
P03,S01,41,down,KeyF,1791213612579.2,31318,f
P03,S01,41,up,KeyE,1791213612590.1,31317,e
P03,S01,41,up,KeyF,1791213612695.6,31318,f
P03,S01,41,down,Space,1791213612726.5,31319, 
P03,S01,41,up,Space,1791213612819.2,31319, 
P03,S01,41,down,KeyA,1791213613793.5,31320,a
P03,S01,41,up,KeyA,1791213614059.1,31320,a
P03,S01,41,down,Backspace,1791213614213.1,31321,Backspace
P03,S01,41,up,Backspace,1791213614304.8,31321,Backspace
P03,S01,41,down,KeyA,1791213614404.1,31322,a
P03,S01,41,down,KeyN,1791213614530.2,31323,n
P03,S01,41,down,KeyD,1791213614589.9,31324,d
P03,S01,41,up,KeyA,1791213614609.3,31322,a
P03,S01,41,up,KeyN,1791213614621.1,31323,n
P03,S01,41,down,Space,1791213614694.1,31325, 
P03,S01,41,up,KeyD,1791213614745.9,31324,d
P03,S01,41,up,Space,1791213614794.3,31325, 
P03,S01,41,down,KeyE,1791213615156,31326,e
P03,S01,41,down,KeyV,1791213615228,31327,v
P03,S01,41,up,KeyE,1791213615243.9,31326,e
P03,S01,41,up,KeyV,1791213615319.7,31327,v
P03,S01,41,down,Backspace,1791213615507.9,31328,Backspace
P03,S01,41,up,Backspace,1791213615573.1,31328,Backspace
P03,S01,41,down,KeyV,1791213615643.2,31329,v
P03,S01,41,down,Backspace,1791213615644,31330,Backspace
P03,S01,41,up,Backspace,1791213615723.3,31330,Backspace
P03,S01,41,up,KeyV,1791213615759.8,31329,v
P03,S01,41,down,KeyE,1791213615895.4,31331,e
P03,S01,41,down,KeyG,1791213615975.1,31332,g
P03,S01,41,up,KeyE,1791213615991.5,31331,e
P03,S01,41,up,KeyG,1791213615992.2,31332,g
P03,S01,41,down,Backspace,1791213616380,31333,Backspace
P03,S01,41,up,Backspace,1791213616422.4,31333,Backspace
P03,S01,41,down,Backspace,1791213616522.4,31334,Backspace
P03,S01,41,up,Backspace,1791213616556.9,31334,Backspace
P03,S01,41,down,Backspace,1791213616638.6,31335,Backspace
P03,S01,41,up,Backspace,1791213616697.2,31335,Backspace
P03,S01,41,down,KeyV,1791213616729.1,31336,v
P03,S01,41,up,KeyV,1791213616847.9,31336,v
P03,S01,41,down,KeyE,1791213616976.9,31337,e
P03,S01,41,up,KeyE,1791213617077,31337,e
P03,S01,41,down,KeyG,1791213617116.8,31338,g
P03,S01,41,up,KeyG,1791213617184.9,31338,g
P03,S01,41,down,KeyG,1791213617288,31339,g
P03,S01,41,up,KeyG,1791213617337.5,31339,g
P03,S01,41,down,KeyI,1791213617471.8,31340,i
P03,S01,41,down,KeyE,1791213617536.8,31341,e
P03,S01,41,up,KeyI,1791213617570.1,31340,i
P03,S01,41,down,KeyS,1791213617654.4,31342,s
P03,S01,41,up,KeyE,1791213617700.2,31341,e
P03,S01,41,down,Enter,1791213617754,31343,Enter
P03,S01,41,up,KeyS,1791213617785.8,31342,s
P03,S01,41,up,Enter,1791213617834.4,31343,Enter
P03,S01,42,down,CapsLock,1791213624117.6,31344,CapsLock
P03,S01,42,down,KeyI,1791213624241.5,31345,I
P03,S01,42,up,KeyI,1791213624335.8,31345,I
P03,S01,42,up,CapsLock,1791213624374.6,31344,CapsLock
P03,S01,42,down,Space,1791213624421.6,31346, 
P03,S01,42,up,Space,1791213624533.8,31346, 
P03,S01,42,down,KeyL,1791213624621.3,31347,l
P03,S01,42,up,KeyL,1791213624709.7,31347,l
P03,S01,42,down,KeyI,1791213624778.1,31348,i
P03,S01,42,up,KeyI,1791213624825.9,31348,i
P03,S01,42,down,KeyK,1791213624959,31349,k
P03,S01,42,up,KeyK,1791213625047.3,31349,k
P03,S01,42,down,KeyE,1791213625053.4,31350,e
P03,S01,42,down,Space,1791213625142.6,31351, 
P03,S01,42,up,KeyE,1791213625177.3,31350,e
P03,S01,42,up,Space,1791213625239.2,31351, 
P03,S01,42,down,KeyI,1791213625472.9,31352,i
P03,S01,42,up,KeyI,1791213625560.9,31352,i
P03,S01,42,down,KeyT,1791213625580.9,31353,t
P03,S01,42,up,KeyT,1791213625704.6,31353,t
P03,S01,42,down,Space,1791213625712.8,31354, 
P03,S01,42,up,Space,1791213625789.7,31354, 
P03,S01,42,down,KeyC,1791213626305.3,31355,c
P03,S01,42,up,KeyC,1791213626413.6,31355,c
P03,S01,42,down,KeyR,1791213626540.1,31356,r
P03,S01,42,down,KeyI,1791213626654,31357,i
P03,S01,42,up,KeyR,1791213626671.6,31356,r
P03,S01,42,up,KeyI,1791213626754.1,31357,i
P03,S01,42,down,KeyS,1791213626774,31358,s
P03,S01,42,down,KeyP,1791213626854.6,31359,p
P03,S01,42,up,KeyS,1791213626890.1,31358,s
P03,S01,42,up,KeyP,1791213626954.8,31359,p
P03,S01,42,down,KeyY,1791213627055.5,31360,y
P03,S01,42,down,Space,1791213627104,31361, 
P03,S01,42,up,KeyY,1791213627143.6,31360,y
P03,S01,42,up,Space,1791213627203.1,31361, 
P03,S01,42,down,KeyO,1791213627246.9,31362,o
P03,S01,42,down,KeyN,1791213627370.6,31363,n
P03,S01,42,up,KeyO,1791213627402.6,31362,o
P03,S01,42,down,Space,1791213627438.6,31364, 
P03,S01,42,up,KeyN,1791213627485.7,31363,n
P03,S01,42,down,KeyT,1791213627523.1,31365,t
P03,S01,42,up,Space,1791213627523.7,31364, 
P03,S01,42,up,KeyT,1791213627620.5,31365,t
P03,S01,42,down,KeyH,1791213627630.8,31366,h
P03,S01,42,up,KeyH,1791213627691.2,31366,h
P03,S01,42,down,KeyE,1791213627726.9,31367,e
P03,S01,42,down,Space,1791213627803.6,31368, 
P03,S01,42,up,KeyE,1791213627819.2,31367,e
P03,S01,42,up,Space,1791213627871,31368, 
P03,S01,42,down,KeyI,1791213627962.2,31369,i
P03,S01,42,down,KeyN,1791213628041.9,31370,n
P03,S01,42,up,KeyI,1791213628081.8,31369,i
P03,S01,42,up,KeyN,1791213628137.8,31370,n
P03,S01,42,down,KeyS,1791213628138,31371,s
P03,S01,42,up,KeyS,1791213628221.8,31371,s
P03,S01,42,down,KeyI,1791213628263.2,31372,i
P03,S01,42,up,KeyI,1791213628339.8,31372,i
P03,S01,42,down,KeyD,1791213628354.2,31373,d
P03,S01,42,down,KeyE,1791213628429.5,31374,e
P03,S01,42,up,KeyD,1791213628470,31373,d
P03,S01,42,down,Space,1791213628485.4,31375, 
P03,S01,42,up,KeyE,1791213628537.6,31374,e
P03,S01,42,up,Space,1791213628570.1,31375, 
P03,S01,42,down,KeyA,1791213628654.3,31376,a
P03,S01,42,down,KeyN,1791213628737.6,31377,n
P03,S01,42,down,KeyD,1791213628819.9,31378,d
P03,S01,42,up,KeyN,1791213628820,31377,n
P03,S01,42,up,KeyA,1791213628839.1,31376,a
P03,S01,42,down,Space,1791213628904.5,31379, 
P03,S01,42,up,KeyD,1791213628936.6,31378,d
P03,S01,42,up,Space,1791213628979.8,31379, 
P03,S01,42,down,KeyS,1791213629107.8,31380,s
P03,S01,42,down,KeyO,1791213629204.4,31381,o
P03,S01,42,up,KeyS,1791213629223.4,31380,s
P03,S01,42,up,KeyO,1791213629287,31381,o
P03,S01,42,down,KeyF,1791213629342.7,31382,f
P03,S01,42,up,KeyF,1791213629393.8,31382,f
P03,S01,42,down,KeyT,1791213629596.3,31383,t
P03,S01,42,down,Space,1791213629680,31384, 
P03,S01,42,up,KeyT,1791213629701.4,31383,t
P03,S01,42,up,Space,1791213629771.9,31384, 
P03,S01,42,down,KeyO,1791213629788.4,31385,o
P03,S01,42,down,KeyN,1791213629954.4,31386,n
P03,S01,42,up,KeyO,1791213629959.6,31385,o
P03,S01,42,down,Space,1791213630052.9,31387, 
P03,S01,42,up,KeyN,1791213630087,31386,n
P03,S01,42,down,KeyT,1791213630136.9,31388,t
P03,S01,42,up,Space,1791213630136.9,31387, 
P03,S01,42,up,KeyT,1791213630236.9,31388,t
P03,S01,42,down,KeyH,1791213630253.8,31389,h
P03,S01,42,up,KeyH,1791213630310,31389,h
P03,S01,42,down,KeyE,1791213630373.7,31390,e
P03,S01,42,down,Space,1791213630454.1,31391, 
P03,S01,42,up,KeyE,1791213630471.6,31390,e
P03,S01,42,up,Space,1791213630502.5,31391, 
P03,S01,42,down,KeyO,1791213630712.2,31392,o
P03,S01,42,down,KeyU,1791213630785.9,31393,u
P03,S01,42,up,KeyO,1791213630820.9,31392,o
P03,S01,42,down,KeyT,1791213630860.9,31394,t
P03,S01,42,up,KeyU,1791213630904.4,31393,u
P03,S01,42,up,KeyT,1791213630925.1,31394,t
P03,S01,42,down,KeyS,1791213631037.7,31395,s
P03,S01,42,down,KeyI,1791213631120.9,31396,i
P03,S01,42,down,KeyD,1791213631188.6,31397,d
P03,S01,42,up,KeyI,1791213631191.7,31396,i
P03,S01,42,up,KeyS,1791213631243.8,31395,s
P03,S01,42,down,KeyE,1791213631324.1,31398,e
P03,S01,42,up,KeyD,1791213631371.9,31397,d
P03,S01,42,up,KeyE,1791213631440.1,31398,e
P03,S01,42,down,Comma,1791213631479.3,31399,","
P03,S01,42,up,Comma,1791213631571.6,31399,","
P03,S01,42,down,Space,1791213631742.4,31400, 
P03,S01,42,up,Space,1791213631825.7,31400, 
P03,S01,42,down,Backspace,1791213632238.1,31401,Backspace
P03,S01,42,up,Backspace,1791213632389.3,31401,Backspace
P03,S01,42,down,KeyO,1791213634007.3,31402,o
P03,S01,42,down,KeyU,1791213634063.9,31403,u
P03,S01,42,down,KeyT,1791213634119.9,31404,t
P03,S01,42,up,KeyO,1791213634127.1,31402,o
P03,S01,42,up,KeyU,1791213634187.1,31403,u
P03,S01,42,up,KeyT,1791213634204.2,31404,t
P03,S01,42,down,KeyS,1791213634291.5,31405,s
P03,S01,42,down,KeyI,1791213634376,31406,i
P03,S01,42,down,KeyD,1791213634439.6,31407,d
P03,S01,42,up,KeyI,1791213634464,31406,i
P03,S01,42,up,KeyS,1791213634496.3,31405,s
P03,S01,42,down,KeyE,1791213634537.5,31408,e
P03,S01,42,up,KeyD,1791213634571.9,31407,d
P03,S01,42,up,KeyE,1791213634652.8,31408,e
P03,S01,42,down,Backspace,1791213636637.7,31409,Backspace
P03,S01,42,up,Backspace,1791213636720.9,31409,Backspace
P03,S01,42,down,Backspace,1791213638788.5,31410,Backspace
P03,S01,42,up,Backspace,1791213638857.3,31410,Backspace
P03,S01,42,down,Backspace,1791213638954.6,31411,Backspace
P03,S01,42,up,Backspace,1791213639054.2,31411,Backspace
P03,S01,42,down,Backspace,1791213639444,31412,Backspace
P03,S01,42,up,Backspace,1791213639604.8,31412,Backspace
P03,S01,42,down,Space,1791213639920.6,31413, 
P03,S01,42,up,Space,1791213640024.7,31413, 
P03,S01,42,down,KeyS,1791213640346.3,31414,s
P03,S01,42,down,KeyO,1791213640393.3,31415,o
P03,S01,42,up,KeyS,1791213640462.4,31414,s
P03,S01,42,up,KeyO,1791213640520.2,31415,o
P03,S01,42,down,KeyF,1791213640546.3,31416,f
P03,S01,42,up,KeyF,1791213640625.5,31416,f
P03,S01,42,down,KeyT,1791213640777.5,31417,t
P03,S01,42,down,Space,1791213640813.3,31418, 
P03,S01,42,up,KeyT,1791213640845.1,31417,t
P03,S01,42,up,Space,1791213640903.6,31418, 
P03,S01,42,down,KeyO,1791213640905.7,31419,o
P03,S01,42,down,KeyN,1791213641019.3,31420,n
P03,S01,42,up,KeyO,1791213641045.1,31419,o
P03,S01,42,down,Space,1791213641089.8,31421, 
P03,S01,42,up,KeyN,1791213641125.4,31420,n
P03,S01,42,down,KeyT,1791213641173.5,31422,t
P03,S01,42,up,Space,1791213641187.8,31421, 
P03,S01,42,down,KeyH,1791213641277.6,31423,h
P03,S01,42,up,KeyT,1791213641284.7,31422,t
P03,S01,42,up,KeyH,1791213641337.3,31423,h
P03,S01,42,down,KeyE,1791213641387,31424,e
P03,S01,42,down,Space,1791213641420,31425, 
P03,S01,42,up,KeyE,1791213641506.6,31424,e
P03,S01,42,up,Space,1791213641522.5,31425, 
P03,S01,42,down,KeyI,1791213641534.9,31426,i
P03,S01,42,down,KeyN,1791213641643.2,31427,n
P03,S01,42,up,KeyI,1791213641687.3,31426,i
P03,S01,42,up,KeyN,1791213641723.2,31427,n
P03,S01,42,down,KeyS,1791213641726.5,31428,s
P03,S01,42,down,KeyI,1791213641855.1,31429,i
P03,S01,42,down,KeyD,1791213641907.3,31430,d
P03,S01,42,up,KeyI,1791213641938.5,31429,i
P03,S01,42,up,KeyS,1791213641954.1,31428,s
P03,S01,42,down,KeyE,1791213641990.9,31431,e
P03,S01,42,up,KeyD,1791213642030.9,31430,d
P03,S01,42,down,Space,1791213642086.2,31432, 
P03,S01,42,up,KeyE,1791213642138.8,31431,e
P03,S01,42,up,Space,1791213642195.4,31432, 
P03,S01,42,down,Backspace,1791213642520.7,31433,Backspace
P03,S01,42,up,Backspace,1791213642610.9,31433,Backspace
P03,S01,42,down,Enter,1791213643788,31434,Enter
P03,S01,42,up,Enter,1791213643895,31434,Enter
P03,S01,43,down,CapsLock,1791213651724,31435,CapsLock
P03,S01,43,down,KeyI,1791213651874.9,31436,I
P03,S01,43,up,KeyI,1791213651943.2,31436,I
P03,S01,43,up,CapsLock,1791213652029.3,31435,CapsLock
P03,S01,43,down,Space,1791213652167.9,31437, 
P03,S01,43,up,Space,1791213652265.5,31437, 
P03,S01,43,down,KeyU,1791213652786.6,31438,u
P03,S01,43,up,KeyU,1791213652823.7,31438,u
P03,S01,43,down,KeyS,1791213652839.3,31439,s
P03,S01,43,up,KeyS,1791213652944.5,31439,s
P03,S01,43,down,KeyU,1791213652962.4,31440,u
P03,S01,43,up,KeyU,1791213653023.1,31440,u
P03,S01,43,down,KeyA,1791213653069.9,31441,a
P03,S01,43,down,KeyL,1791213653136.4,31442,l
P03,S01,43,up,KeyA,1791213653163.3,31441,a
P03,S01,43,up,KeyL,1791213653228.7,31442,l
P03,S01,43,down,KeyL,1791213653275.3,31443,l
P03,S01,43,up,KeyL,1791213653360.5,31443,l
P03,S01,43,down,KeyY,1791213653454.9,31444,y
P03,S01,43,down,Space,1791213653500.7,31445, 
P03,S01,43,up,KeyY,1791213653560.6,31444,y
P03,S01,43,up,Space,1791213653608.7,31445, 
P03,S01,43,down,KeyN,1791213653720.7,31446,n
P03,S01,43,up,KeyN,1791213653757.8,31446,n
P03,S01,43,down,Backspace,1791213654137.5,31447,Backspace
P03,S01,43,up,Backspace,1791213654220.6,31447,Backspace
P03,S01,43,down,KeyB,1791213654379.7,31448,b
P03,S01,43,down,KeyR,1791213654438.5,31449,r
P03,S01,43,up,KeyB,1791213654442.7,31448,b
P03,S01,43,up,KeyR,1791213654544,31449,r
P03,S01,43,down,KeyI,1791213654569.1,31450,i
P03,S01,43,down,KeyN,1791213654627.3,31451,n
P03,S01,43,down,KeyG,1791213654675.4,31452,g
P03,S01,43,up,KeyI,1791213654678.7,31450,i
P03,S01,43,up,KeyN,1791213654723.5,31451,n
P03,S01,43,down,Space,1791213654743.4,31453, 
P03,S01,43,up,KeyG,1791213654746.7,31452,g
P03,S01,43,down,KeyI,1791213654847.1,31454,i
P03,S01,43,up,Space,1791213654852.5,31453, 
P03,S01,43,up,KeyI,1791213654939.3,31454,i
P03,S01,43,down,KeyT,1791213654952.7,31455,t
P03,S01,43,up,KeyT,1791213655039.8,31455,t
P03,S01,43,down,Space,1791213655062.3,31456, 
P03,S01,43,up,Space,1791213655152.5,31456, 
P03,S01,43,down,KeyE,1791213655295.5,31457,e
P03,S01,43,down,KeyL,1791213655379.5,31458,l
P03,S01,43,up,KeyE,1791213655403.1,31457,e
P03,S01,43,up,KeyL,1791213655492.3,31458,l
P03,S01,43,down,KeyS,1791213655519.7,31459,s
P03,S01,43,down,KeyE,1791213655624.2,31460,e
P03,S01,43,up,KeyS,1791213655655.9,31459,s
P03,S01,43,up,KeyE,1791213655696.2,31460,e
P03,S01,43,down,KeyW,1791213655788.6,31461,w
P03,S01,43,down,KeyH,1791213655870.9,31462,h
P03,S01,43,up,KeyW,1791213655892.4,31461,w
P03,S01,43,up,KeyH,1791213655937.8,31462,h
P03,S01,43,down,KeyE,1791213655995.3,31463,e
P03,S01,43,down,KeyR,1791213656095.4,31464,r
P03,S01,43,up,KeyE,1791213656102.8,31463,e
P03,S01,43,down,KeyE,1791213656206.8,31465,e
P03,S01,43,up,KeyR,1791213656235.1,31464,r
P03,S01,43,down,Space,1791213656291.5,31466, 
P03,S01,43,up,KeyE,1791213656320.1,31465,e
P03,S01,43,up,Space,1791213656375.6,31466, 
P03,S01,43,down,KeyT,1791213656460.4,31467,t
P03,S01,43,down,KeyO,1791213656521.2,31468,o
P03,S01,43,up,KeyT,1791213656555.7,31467,t
P03,S01,43,down,Space,1791213656596,31469, 
P03,S01,43,up,KeyO,1791213656640.9,31468,o
P03,S01,43,up,Space,1791213656724.5,31469, 
P03,S01,43,down,KeyE,1791213656743.1,31470,e
P03,S01,43,up,KeyE,1791213656840,31470,e
P03,S01,43,down,KeyA,1791213656872,31471,a
P03,S01,43,up,KeyA,1791213656976.7,31471,a
P03,S01,43,down,KeyT,1791213657019.1,31472,t
P03,S01,43,down,Space,1791213657104.5,31473, 
P03,S01,43,up,KeyT,1791213657120.9,31472,t
P03,S01,43,up,Space,1791213657170.6,31473, 
P03,S01,43,down,Enter,1791213657278.4,31474,Enter
P03,S01,43,up,Enter,1791213657358.5,31474,Enter
P03,S01,44,down,CapsLock,1791213664968.9,31475,CapsLock
P03,S01,44,down,KeyY,1791213665153.9,31476,Y
P03,S01,44,up,KeyY,1791213665246.4,31476,Y
P03,S01,44,up,CapsLock,1791213665262.6,31475,CapsLock
P03,S01,44,down,KeyE,1791213665417.9,31477,e
P03,S01,44,up,KeyE,1791213665527,31477,e
P03,S01,44,down,KeyS,1791213665609.1,31478,s
P03,S01,44,up,KeyS,1791213665730.1,31478,s
P03,S01,44,down,Space,1791213665761.4,31479, 
P03,S01,44,up,Space,1791213665822,31479, 
P03,S01,44,down,CapsLock,1791213665987.6,31480,CapsLock
P03,S01,44,down,KeyI,1791213665999.7,31481,I
P03,S01,44,up,CapsLock,1791213666118.6,31480,CapsLock
P03,S01,44,up,KeyI,1791213666118.6,31481,I
P03,S01,44,down,Space,1791213666154.5,31482, 
P03,S01,44,up,Space,1791213666267.6,31482, 
P03,S01,44,down,KeyW,1791213666327.4,31483,w
P03,S01,44,down,KeyI,1791213666367.5,31484,i
P03,S01,44,up,KeyI,1791213666422.5,31484,i
P03,S01,44,up,KeyW,1791213666423.2,31483,w
P03,S01,44,down,KeyL,1791213666523.9,31485,l
P03,S01,44,up,KeyL,1791213666597.3,31485,l
P03,S01,44,down,KeyL,1791213666674.2,31486,l
P03,S01,44,down,Space,1791213666738.6,31487, 
P03,S01,44,up,KeyL,1791213666754.4,31486,l
P03,S01,44,up,Space,1791213666837.9,31487, 
P03,S01,44,down,KeyB,1791213667261.5,31488,b
P03,S01,44,up,KeyB,1791213667325.3,31488,b
P03,S01,44,down,KeyR,1791213667363.2,31489,r
P03,S01,44,up,KeyR,1791213667439.6,31489,r
P03,S01,44,down,KeyI,1791213667471.4,31490,i
P03,S01,44,down,KeyN,1791213667559.4,31491,n
P03,S01,44,up,KeyI,1791213667587.8,31490,i
P03,S01,44,down,KeyG,1791213667590.8,31492,g
P03,S01,44,up,KeyG,1791213667671.4,31492,g
P03,S01,44,up,KeyN,1791213667671.8,31491,n
P03,S01,44,down,Space,1791213667710.6,31493, 
P03,S01,44,up,Space,1791213667790.5,31493, 
P03,S01,44,down,KeyI,1791213667800.5,31494,i
P03,S01,44,down,KeyT,1791213667861.3,31495,t
P03,S01,44,up,KeyI,1791213667884.1,31494,i
P03,S01,44,down,Space,1791213667946.4,31496, 
P03,S01,44,up,KeyT,1791213667961.8,31495,t
P03,S01,44,up,Space,1791213668030.7,31496, 
P03,S01,44,down,KeyT,1791213668074.9,31497,t
P03,S01,44,down,KeyO,1791213668152.6,31498,o
P03,S01,44,up,KeyT,1791213668195,31497,t
P03,S01,44,down,Space,1791213668224,31499, 
P03,S01,44,up,KeyO,1791213668258.4,31498,o
P03,S01,44,up,Space,1791213668311.8,31499, 
P03,S01,44,down,KeyA,1791213668385.2,31500,a
P03,S01,44,down,Space,1791213668471.4,31501, 
P03,S01,44,up,KeyA,1791213668494.6,31500,a
P03,S01,44,up,Space,1791213668559.9,31501, 
P03,S01,44,down,KeyB,1791213668687.9,31502,b
P03,S01,44,up,KeyB,1791213668732.3,31502,b
P03,S01,44,down,KeyE,1791213668735.3,31503,e
P03,S01,44,up,KeyE,1791213668829.2,31503,e
P03,S01,44,down,KeyN,1791213668894.7,31504,n
P03,S01,44,up,KeyN,1791213668958.5,31504,n
P03,S01,44,down,KeyC,1791213669046,31505,c
P03,S01,44,down,KeyH,1791213669114,31506,h
P03,S01,44,up,KeyC,1791213669128.8,31505,c
P03,S01,44,down,Space,1791213669203.9,31507, 
P03,S01,44,up,KeyH,1791213669224.8,31506,h
P03,S01,44,up,Space,1791213669320.2,31507, 
P03,S01,44,down,KeyI,1791213669354,31508,i
P03,S01,44,down,KeyF,1791213669436.3,31509,f
P03,S01,44,up,KeyI,1791213669438.9,31508,i
P03,S01,44,up,KeyF,1791213669537,31509,f
P03,S01,44,down,Space,1791213669539.1,31510, 
P03,S01,44,up,Space,1791213669607.4,31510, 
P03,S01,44,down,KeyI,1791213669755.9,31511,i
P03,S01,44,up,KeyI,1791213669869,31511,i
P03,S01,44,down,KeyT,1791213669928.4,31512,t
P03,S01,44,up,KeyT,1791213670012,31512,t
P03,S01,44,down,Space,1791213670012.8,31513, 
P03,S01,44,up,Space,1791213670091.8,31513, 
P03,S01,44,down,KeyI,1791213670356.7,31514,i
P03,S01,44,down,KeyS,1791213670453.5,31515,s
P03,S01,44,up,KeyI,1791213670469.5,31514,i
P03,S01,44,up,KeyS,1791213670553.8,31515,s
P03,S01,44,down,Space,1791213670561.3,31516, 
P03,S01,44,up,Space,1791213670646.2,31516, 
P03,S01,44,down,KeyN,1791213670690.9,31517,n
P03,S01,44,down,KeyO,1791213670795.2,31518,o
P03,S01,44,up,KeyN,1791213670839.5,31517,n
P03,S01,44,down,KeyT,1791213670855,31519,t
P03,S01,44,up,KeyO,1791213670904.2,31518,o
P03,S01,44,down,Space,1791213670926.7,31520, 
P03,S01,44,up,KeyT,1791213670935.5,31519,t
P03,S01,44,up,Space,1791213671027.6,31520, 
P03,S01,44,down,KeyT,1791213671069.7,31521,t
P03,S01,44,down,KeyO,1791213671123.7,31522,o
P03,S01,44,up,KeyT,1791213671159.5,31521,t
P03,S01,44,up,KeyO,1791213671191.9,31522,o
P03,S01,44,down,KeyO,1791213671258,31523,o
P03,S01,44,down,Space,1791213671342.1,31524, 
P03,S01,44,up,KeyO,1791213671373.9,31523,o
P03,S01,44,up,Space,1791213671442.7,31524, 
P03,S01,44,down,KeyL,1791213671495.3,31525,l
P03,S01,44,down,KeyA,1791213671527.2,31526,a
P03,S01,44,up,KeyL,1791213671591.1,31525,l
P03,S01,44,up,KeyA,1791213671604.6,31526,a
P03,S01,44,down,KeyT,1791213671686.6,31527,t
P03,S01,44,up,KeyT,1791213671757.1,31527,t
P03,S01,44,down,KeyE,1791213671802.4,31528,e
P03,S01,44,down,Space,1791213671853.9,31529, 
P03,S01,44,up,KeyE,1791213671892.5,31528,e
P03,S01,44,up,Space,1791213671945.6,31529, 
P03,S01,44,down,KeyI,1791213671987.4,31530,i
P03,S01,44,up,KeyI,1791213672070.2,31530,i
P03,S01,44,down,KeyF,1791213672138.1,31531,f
P03,S01,44,up,KeyF,1791213672228,31531,f
P03,S01,44,down,KeyN,1791213672240.1,31532,n
P03,S01,44,down,Space,1791213672319.6,31533, 
P03,S01,44,up,KeyN,1791213672371.6,31532,n
P03,S01,44,up,Space,1791213672485.9,31533, 
P03,S01,44,down,Backspace,1791213672797.3,31534,Backspace
P03,S01,44,up,Backspace,1791213672861.5,31534,Backspace
P03,S01,44,down,Backspace,1791213672937.6,31535,Backspace
P03,S01,44,up,Backspace,1791213672996.6,31535,Backspace
P03,S01,44,down,Space,1791213673109.2,31536, 
P03,S01,44,up,Space,1791213673245.6,31536, 
P03,S01,44,down,KeyN,1791213673288.6,31537,n
P03,S01,44,down,KeyO,1791213673369.2,31538,o
P03,S01,44,up,KeyN,1791213673408.7,31537,n
P03,S01,44,down,KeyT,1791213673421.3,31539,t
P03,S01,44,up,KeyO,1791213673497,31538,o
P03,S01,44,down,Space,1791213673508.7,31540, 
P03,S01,44,up,KeyT,1791213673536.9,31539,t
P03,S01,44,up,Space,1791213673629,31540, 
P03,S01,44,down,Backspace,1791213685354.1,31541,Backspace
P03,S01,44,up,Backspace,1791213685456.5,31541,Backspace
P03,S01,44,down,Backspace,1791213691624.5,31542,Backspace
P03,S01,44,up,Backspace,1791213691686.2,31542,Backspace
P03,S01,44,down,Backspace,1791213691752.6,31543,Backspace
P03,S01,44,up,Backspace,1791213691806.3,31543,Backspace
P03,S01,44,down,Backspace,1791213691875.5,31544,Backspace
P03,S01,44,up,Backspace,1791213691927.9,31544,Backspace
P03,S01,44,down,Backspace,1791213692004.1,31545,Backspace
P03,S01,44,up,Backspace,1791213692045.2,31545,Backspace
P03,S01,44,down,Backspace,1791213692122,31546,Backspace
P03,S01,44,up,Backspace,1791213692177.7,31546,Backspace
P03,S01,44,down,Backspace,1791213692371,31547,Backspace
P03,S01,44,up,Backspace,1791213692426.1,31547,Backspace
P03,S01,44,down,Enter,1791213692630.6,31548,Enter
P03,S01,44,up,Enter,1791213692705,31548,Enter
P03,S01,45,down,CapsLock,1791213700462.4,31549,CapsLock
P03,S01,45,down,KeyY,1791213703309.7,31550,Y
P03,S01,45,up,CapsLock,1791213703393.5,31549,CapsLock
P03,S01,45,up,KeyY,1791213703400.5,31550,Y
P03,S01,45,down,KeyE,1791213703631.9,31551,e
P03,S01,45,up,KeyE,1791213703769.9,31551,e
P03,S01,45,down,KeyS,1791213703887.9,31552,s
P03,S01,45,up,KeyS,1791213703994.4,31552,s
P03,S01,45,down,Space,1791213704036.2,31553, 
P03,S01,45,up,Space,1791213704121,31553, 
P03,S01,45,down,CapsLock,1791213704337.6,31554,CapsLock
P03,S01,45,down,KeyI,1791213704486,31555,I
P03,S01,45,up,KeyI,1791213704570.4,31555,I
P03,S01,45,up,CapsLock,1791213704594.2,31554,CapsLock
P03,S01,45,down,Space,1791213704656.9,31556, 
P03,S01,45,up,Space,1791213704753.5,31556, 
P03,S01,45,down,KeyL,1791213704876.3,31557,l
P03,S01,45,up,KeyL,1791213704953.6,31557,l
P03,S01,45,down,KeyI,1791213705071.4,31558,i
P03,S01,45,up,KeyI,1791213705121.8,31558,i
P03,S01,45,down,KeyK,1791213705227,31559,k
P03,S01,45,down,KeyE,1791213705247.3,31560,e
P03,S01,45,up,KeyK,1791213705295.5,31559,k
P03,S01,45,down,Space,1791213705343.4,31561, 
P03,S01,45,up,KeyE,1791213705384,31560,e
P03,S01,45,up,Space,1791213705463,31561, 
P03,S01,45,down,KeyT,1791213705527.9,31562,t
P03,S01,45,down,KeyO,1791213705571.2,31563,o
P03,S01,45,up,KeyT,1791213705621.7,31562,t
P03,S01,45,down,Space,1791213705652.6,31564, 
P03,S01,45,up,KeyO,1791213705695.7,31563,o
P03,S01,45,up,Space,1791213705771.7,31564, 
P03,S01,45,down,KeyG,1791213705785.7,31565,g
P03,S01,45,down,KeyO,1791213705876,31566,o
P03,S01,45,up,KeyG,1791213705899.8,31565,g
P03,S01,45,down,Space,1791213705969.3,31567, 
P03,S01,45,up,KeyO,1791213705975.4,31566,o
P03,S01,45,up,Space,1791213706040.5,31567, 
P03,S01,45,down,KeyB,1791213706753,31568,b
P03,S01,45,down,KeyY,1791213706843.1,31569,y
P03,S01,45,up,KeyB,1791213706846.4,31568,b
P03,S01,45,up,KeyY,1791213706969.5,31569,y
P03,S01,45,down,Space,1791213707019.9,31570, 
P03,S01,45,up,Space,1791213707124.2,31570, 
P03,S01,45,down,KeyT,1791213707226.1,31571,t
P03,S01,45,up,KeyT,1791213707320.2,31571,t
P03,S01,45,down,KeyH,1791213707337.9,31572,h
P03,S01,45,up,KeyH,1791213707409,31572,h
P03,S01,45,down,KeyE,1791213707443,31573,e
P03,S01,45,down,Space,1791213707466.6,31574, 
P03,S01,45,up,KeyE,1791213707538.7,31573,e
P03,S01,45,up,Space,1791213707563.4,31574, 
P03,S01,45,down,KeyL,1791213707652.6,31575,l
P03,S01,45,down,KeyA,1791213707719.3,31576,a
P03,S01,45,up,KeyL,1791213707743,31575,l
P03,S01,45,up,KeyA,1791213707835.7,31576,a
P03,S01,45,down,KeyK,1791213707863.3,31577,k
P03,S01,45,up,KeyK,1791213707963.5,31577,k
P03,S01,45,down,KeyE,1791213708125.2,31578,e
P03,S01,45,down,Space,1791213708287.8,31579, 
P03,S01,45,up,KeyE,1791213708305.1,31578,e
P03,S01,45,up,Space,1791213708413.6,31579, 
P03,S01,45,down,Enter,1791213708604,31580,Enter
P03,S01,45,up,Enter,1791213708725.5,31580,Enter
P03,S01,46,down,CapsLock,1791213722885.9,31581,CapsLock
P03,S01,46,down,KeyY,1791213725089.3,31582,Y
P03,S01,46,up,CapsLock,1791213725170.3,31581,CapsLock
P03,S01,46,up,KeyY,1791213725172.1,31582,Y
P03,S01,46,down,KeyE,1791213725373.9,31583,e
P03,S01,46,up,KeyE,1791213725495.2,31583,e
P03,S01,46,down,KeyS,1791213725559.8,31584,s
P03,S01,46,down,Space,1791213725653.2,31585, 
P03,S01,46,up,KeyS,1791213725685,31584,s
P03,S01,46,up,Space,1791213725753.7,31585, 
P03,S01,46,down,CapsLock,1791213725919.7,31586,CapsLock
P03,S01,46,down,KeyI,1791213725919.7,31587,I
P03,S01,46,up,KeyI,1791213726027,31587,I
P03,S01,46,up,CapsLock,1791213726060.6,31586,CapsLock
P03,S01,46,down,Space,1791213726061.1,31588, 
P03,S01,46,up,Space,1791213726155.6,31588, 
P03,S01,46,down,KeyL,1791213726242.9,31589,l
P03,S01,46,up,KeyL,1791213726318.3,31589,l
P03,S01,46,down,KeyI,1791213726402.2,31590,i
P03,S01,46,up,KeyI,1791213726455.3,31590,i
P03,S01,46,down,KeyK,1791213726586.6,31591,k
P03,S01,46,down,KeyE,1791213726624.7,31592,e
P03,S01,46,up,KeyK,1791213726628.2,31591,k
P03,S01,46,up,KeyE,1791213726736.8,31592,e
P03,S01,46,down,Space,1791213726737.3,31593, 
P03,S01,46,up,Space,1791213726853.6,31593, 
P03,S01,46,down,KeyT,1791213727919.4,31594,t
P03,S01,46,down,KeyO,1791213728007.2,31595,o
P03,S01,46,up,KeyT,1791213728052.1,31594,t
P03,S01,46,down,Space,1791213728104,31596, 
P03,S01,46,up,KeyO,1791213728172,31595,o
P03,S01,46,up,Space,1791213728255.7,31596, 
P03,S01,46,down,KeyE,1791213729436.6,31597,e
P03,S01,46,up,KeyE,1791213729542.3,31597,e
P03,S01,46,down,KeyA,1791213729553.3,31598,a
P03,S01,46,up,KeyA,1791213729630.2,31598,a
P03,S01,46,down,KeyT,1791213729652.7,31599,t
P03,S01,46,down,Space,1791213729756.5,31600, 
P03,S01,46,up,KeyT,1791213729772.8,31599,t
P03,S01,46,up,Space,1791213729829.3,31600, 
P03,S01,46,down,KeyM,1791213729944.9,31601,m
P03,S01,46,down,KeyY,1791213730012.8,31602,y
P03,S01,46,up,KeyM,1791213730024.4,31601,m
P03,S01,46,up,KeyY,1791213730109,31602,y
P03,S01,46,down,Space,1791213730129,31603, 
P03,S01,46,up,Space,1791213730219.7,31603, 
P03,S01,46,down,KeyS,1791213730246.7,31604,s
P03,S01,46,up,KeyS,1791213730336.6,31604,s
P03,S01,46,down,KeyA,1791213730403.7,31605,a
P03,S01,46,down,KeyN,1791213730502.2,31606,n
P03,S01,46,up,KeyA,1791213730552.5,31605,a
P03,S01,46,up,KeyN,1791213730558,31606,n
P03,S01,46,down,KeyD,1791213730592.4,31607,d
P03,S01,46,up,KeyD,1791213730721.2,31607,d
P03,S01,46,down,KeyW,1791213730758.8,31608,w
P03,S01,46,up,KeyW,1791213730870.1,31608,w
P03,S01,46,down,KeyI,1791213730870.8,31609,i
P03,S01,46,up,KeyI,1791213730959.6,31609,i
P03,S01,46,down,KeyC,1791213731037,31610,c
P03,S01,46,down,KeyH,1791213731109.7,31611,h
P03,S01,46,up,KeyC,1791213731136.6,31610,c
P03,S01,46,up,KeyH,1791213731170.6,31611,h
P03,S01,46,down,Comma,1791213731320,31612,","
P03,S01,46,up,Comma,1791213731403.5,31612,","
P03,S01,46,down,Space,1791213731523.2,31613, 
P03,S01,46,up,Space,1791213731606.4,31613, 
P03,S01,46,down,CapsLock,1791213731708.4,31614,CapsLock
P03,S01,46,down,KeyI,1791213731749.4,31615,I
P03,S01,46,up,KeyI,1791213731811.6,31615,I
P03,S01,46,up,CapsLock,1791213731839.7,31614,CapsLock
P03,S01,46,down,Space,1791213731919.3,31616, 
P03,S01,46,up,Space,1791213732020.4,31616, 
P03,S01,46,down,KeyA,1791213732042,31617,a
P03,S01,46,up,KeyA,1791213732154.3,31617,a
P03,S01,46,down,KeyT,1791213732253.5,31618,t
P03,S01,46,up,KeyT,1791213732357.8,31618,t
P03,S01,46,down,KeyE,1791213732386.2,31619,e
P03,S01,46,down,Space,1791213732493.1,31620, 
P03,S01,46,up,KeyE,1791213732524.5,31619,e
P03,S01,46,up,Space,1791213732556.9,31620, 
P03,S01,46,down,KeyM,1791213732671.6,31621,m
P03,S01,46,up,KeyM,1791213732724.2,31621,m
P03,S01,46,down,KeyY,1791213732738.2,31622,y
P03,S01,46,up,KeyY,1791213732851.8,31622,y
P03,S01,46,down,Space,1791213732874.7,31623, 
P03,S01,46,up,Space,1791213732939.2,31623, 
P03,S01,46,down,KeyS,1791213733011.5,31624,s
P03,S01,46,up,KeyS,1791213733120.2,31624,s
P03,S01,46,down,KeyA,1791213733213.4,31625,a
P03,S01,46,down,KeyN,1791213733289.1,31626,n
P03,S01,46,up,KeyA,1791213733289.2,31625,a
P03,S01,46,up,KeyN,1791213733353.6,31626,n
P03,S01,46,down,KeyD,1791213733439.8,31627,d
P03,S01,46,up,KeyD,1791213733524.2,31627,d
P03,S01,46,down,KeyW,1791213733537.3,31628,w
P03,S01,46,down,KeyI,1791213733623.3,31629,i
P03,S01,46,up,KeyW,1791213733623.7,31628,w
P03,S01,46,up,KeyI,1791213733716.4,31629,i
P03,S01,46,down,KeyC,1791213733842.4,31630,c
P03,S01,46,down,KeyH,1791213733892.9,31631,h
P03,S01,46,up,KeyC,1791213733929,31630,c
P03,S01,46,down,Space,1791213733960.9,31632, 
P03,S01,46,up,KeyH,1791213733996.2,31631,h
P03,S01,46,up,Space,1791213734060.8,31632, 
P03,S01,46,down,KeyF,1791213734153.9,31633,f
P03,S01,46,up,KeyF,1791213734223.8,31633,f
P03,S01,46,down,KeyO,1791213734270.7,31634,o
P03,S01,46,up,KeyO,1791213734352.8,31634,o
P03,S01,46,down,KeyR,1791213734386.9,31635,r
P03,S01,46,down,Space,1791213734462.9,31636, 
P03,S01,46,up,KeyR,1791213734475,31635,r
P03,S01,46,up,Space,1791213734554.8,31636, 
P03,S01,46,down,KeyF,1791213734619.5,31637,f
P03,S01,46,up,KeyF,1791213734741.6,31637,f
P03,S01,46,down,KeyR,1791213734742.1,31638,r
P03,S01,46,up,KeyR,1791213734802.3,31638,r
P03,S01,46,down,Backspace,1791213735050.8,31639,Backspace
P03,S01,46,up,Backspace,1791213735103.2,31639,Backspace
P03,S01,46,down,Backspace,1791213735201.3,31640,Backspace
P03,S01,46,up,Backspace,1791213735285.7,31640,Backspace
P03,S01,46,down,Backspace,1791213735952.6,31641,Backspace
P03,S01,46,up,Backspace,1791213736004.6,31641,Backspace
P03,S01,46,down,Backspace,1791213736086.9,31642,Backspace
P03,S01,46,up,Backspace,1791213736136.7,31642,Backspace
P03,S01,46,down,Backspace,1791213736228,31643,Backspace
P03,S01,46,up,Backspace,1791213736276.1,31643,Backspace
P03,S01,46,down,Backspace,1791213737474.9,31644,Backspace
P03,S01,46,up,Backspace,1791213737590.9,31644,Backspace
P03,S01,46,down,KeyH,1791213737920.8,31645,h
P03,S01,46,up,KeyH,1791213737971.7,31645,h
P03,S01,46,down,KeyA,1791213738109.8,31646,a
P03,S01,46,up,KeyA,1791213738222.4,31646,a
P03,S01,46,down,KeyL,1791213738259.6,31647,l
P03,S01,46,up,KeyL,1791213738360.8,31647,l
P03,S01,46,down,KeyF,1791213738385.1,31648,f
P03,S01,46,down,Space,1791213738457.7,31649, 
P03,S01,46,up,KeyF,1791213738473.2,31648,f
P03,S01,46,up,Space,1791213738557.4,31649, 
P03,S01,46,down,KeyF,1791213738845,31650,f
P03,S01,46,up,KeyF,1791213738973,31650,f
P03,S01,46,down,KeyO,1791213738973.3,31651,o
P03,S01,46,up,KeyO,1791213739085.5,31651,o
P03,S01,46,down,KeyR,1791213739095.8,31652,r
P03,S01,46,down,Space,1791213739152.2,31653, 
P03,S01,46,up,KeyR,1791213739211.8,31652,r
P03,S01,46,down,KeyL,1791213739253.1,31654,l
P03,S01,46,up,Space,1791213739253.1,31653, 
P03,S01,46,up,KeyL,1791213739360.8,31654,l
P03,S01,46,down,KeyU,1791213739440.8,31655,u
P03,S01,46,down,KeyN,1791213739518.3,31656,n
P03,S01,46,down,KeyC,1791213739590,31657,c
P03,S01,46,up,KeyU,1791213739601.1,31655,u
P03,S01,46,up,KeyN,1791213739635.3,31656,n
P03,S01,46,up,KeyC,1791213739722.7,31657,c
P03,S01,46,down,KeyH,1791213739736.5,31658,h
P03,S01,46,down,Space,1791213739804.8,31659, 
P03,S01,46,up,KeyH,1791213739853.9,31658,h
P03,S01,46,down,KeyA,1791213739874.5,31660,a
P03,S01,46,up,Space,1791213739902.7,31659, 
P03,S01,46,down,KeyN,1791213740011.1,31661,n
P03,S01,46,down,KeyD,1791213740046.5,31662,d
P03,S01,46,up,KeyA,1791213740074.6,31660,a
P03,S01,46,up,KeyN,1791213740126.5,31661,n
P03,S01,46,down,Space,1791213740127,31663, 
P03,S01,46,up,KeyD,1791213740179.4,31662,d
P03,S01,46,up,Space,1791213740235.9,31663, 
P03,S01,46,down,KeyH,1791213740404.2,31664,h
P03,S01,46,up,KeyH,1791213740476.5,31664,h
P03,S01,46,down,KeyA,1791213740496.2,31665,a
P03,S01,46,down,KeyL,1791213740607.1,31666,l
P03,S01,46,up,KeyA,1791213740671.9,31665,a
P03,S01,46,up,KeyL,1791213740679.8,31666,l
P03,S01,46,down,KeyF,1791213740993.7,31667,f
P03,S01,46,up,KeyF,1791213741122.4,31667,f
P03,S01,46,down,Space,1791213741138,31668, 
P03,S01,46,up,Space,1791213741220.2,31668, 
P03,S01,46,down,KeyF,1791213741408.8,31669,f
P03,S01,46,down,KeyO,1791213741503.3,31670,o
P03,S01,46,up,KeyF,1791213741507.9,31669,f
P03,S01,46,up,KeyO,1791213741586.7,31670,o
P03,S01,46,down,KeyR,1791213741595.4,31671,r
P03,S01,46,up,KeyR,1791213741674.9,31671,r
P03,S01,46,down,Space,1791213741675.3,31672, 
P03,S01,46,up,Space,1791213741752.3,31672, 
P03,S01,46,down,KeyD,1791213741852.7,31673,d
P03,S01,46,down,KeyI,1791213741936.6,31674,i
P03,S01,46,up,KeyD,1791213741942.8,31673,d
P03,S01,46,down,KeyN,1791213742039.7,31675,n
P03,S01,46,up,KeyI,1791213742059.8,31674,i
P03,S01,46,up,KeyN,1791213742095.6,31675,n
P03,S01,46,down,KeyN,1791213742152.4,31676,n
P03,S01,46,down,KeyE,1791213742245.1,31677,e
P03,S01,46,up,KeyN,1791213742260.3,31676,n
P03,S01,46,down,KeyR,1791213742340.6,31678,r
P03,S01,46,up,KeyE,1791213742386,31677,e
P03,S01,46,down,Enter,1791213742444.6,31679,Enter
P03,S01,46,up,KeyR,1791213742451.1,31678,r
P03,S01,46,up,Enter,1791213742534.2,31679,Enter
P03,S01,47,down,CapsLock,1791213748966.8,31680,CapsLock
P03,S01,47,down,KeyI,1791213749220.7,31681,I
P03,S01,47,up,KeyI,1791213749295.6,31681,I
P03,S01,47,up,CapsLock,1791213749344.3,31680,CapsLock
P03,S01,47,down,KeyT,1791213749654.5,31682,t
P03,S01,47,up,KeyT,1791213749752.7,31682,t
P03,S01,47,down,Space,1791213749769.3,31683, 
P03,S01,47,up,Space,1791213749852.9,31683, 
P03,S01,47,down,KeyW,1791213749958.4,31684,w
P03,S01,47,up,KeyW,1791213750141.3,31684,w
P03,S01,47,down,KeyA,1791213750303.5,31685,a
P03,S01,47,down,KeyS,1791213750419.9,31686,s
P03,S01,47,up,KeyA,1791213750479.2,31685,a
P03,S01,47,down,Space,1791213750522,31687, 
P03,S01,47,up,KeyS,1791213750525.8,31686,s
P03,S01,47,up,Space,1791213750604.2,31687, 
P03,S01,47,down,KeyB,1791213750646.8,31688,b
P03,S01,47,down,KeyE,1791213750720.2,31689,e
P03,S01,47,up,KeyB,1791213750762.2,31688,b
P03,S01,47,up,KeyE,1791213750838.6,31689,e
P03,S01,47,down,KeyT,1791213750906.2,31690,t
P03,S01,47,up,KeyT,1791213750978.5,31690,t
P03,S01,47,down,KeyT,1791213751071.7,31691,t
P03,S01,47,up,KeyT,1791213751156.8,31691,t
P03,S01,47,down,KeyE,1791213751195.9,31692,e
P03,S01,47,down,KeyR,1791213751308,31693,r
P03,S01,47,up,KeyE,1791213751371.3,31692,e
P03,S01,47,down,Space,1791213751403.2,31694, 
P03,S01,47,up,KeyR,1791213751440.5,31693,r
P03,S01,47,up,Space,1791213751509,31694, 
P03,S01,47,down,KeyD,1791213751577.9,31695,d
P03,S01,47,down,KeyU,1791213751687,31696,u
P03,S01,47,up,KeyD,1791213751705.4,31695,d
P03,S01,47,up,KeyU,1791213751753.6,31696,u
P03,S01,47,down,KeyR,1791213751809.5,31697,r
P03,S01,47,down,KeyI,1791213751902.8,31698,i
P03,S01,47,up,KeyR,1791213751905.7,31697,r
P03,S01,47,down,KeyN,1791213752003.2,31699,n
P03,S01,47,up,KeyI,1791213752025.2,31698,i
P03,S01,47,down,KeyG,1791213752053.4,31700,g
P03,S01,47,up,KeyN,1791213752089,31699,n
P03,S01,47,down,Space,1791213752125.1,31701, 
P03,S01,47,up,KeyG,1791213752136.8,31700,g
P03,S01,47,up,Space,1791213752252.5,31701, 
P03,S01,47,down,KeyL,1791213752268.3,31702,l
P03,S01,47,up,KeyL,1791213752370.4,31702,l
P03,S01,47,down,KeyU,1791213752427.6,31703,u
P03,S01,47,down,KeyN,1791213752518.9,31704,n
P03,S01,47,up,KeyU,1791213752559,31703,u
P03,S01,47,down,KeyC,1791213752585.8,31705,c
P03,S01,47,up,KeyN,1791213752603.8,31704,n
P03,S01,47,down,KeyH,1791213752687.7,31706,h
P03,S01,47,up,KeyC,1791213752719.9,31705,c
P03,S01,47,up,KeyH,1791213752759.5,31706,h
P03,S01,47,down,Period,1791213752958.1,31707,.
P03,S01,47,up,Period,1791213753043.1,31707,.
P03,S01,47,down,Space,1791213753171.6,31708, 
P03,S01,47,up,Space,1791213753226.8,31708, 
P03,S01,47,down,CapsLock,1791213753304.2,31709,CapsLock
P03,S01,47,down,KeyT,1791213753391,31710,T
P03,S01,47,up,CapsLock,1791213753456,31709,CapsLock
P03,S01,47,up,KeyT,1791213753458.7,31710,T
P03,S01,47,down,KeyH,1791213753589.8,31711,h
P03,S01,47,up,KeyH,1791213753669.7,31711,h
P03,S01,47,down,KeyE,1791213753678.1,31712,e
P03,S01,47,up,KeyE,1791213753779.3,31712,e
P03,S01,47,down,Space,1791213753805.4,31713, 
P03,S01,47,up,Space,1791213753862.4,31713, 
P03,S01,47,down,KeyS,1791213753938.7,31714,s
P03,S01,47,down,KeyA,1791213754036.4,31715,a
P03,S01,47,up,KeyS,1791213754054.5,31714,s
P03,S01,47,down,KeyN,1791213754110,31716,n
P03,S01,47,up,KeyN,1791213754170.8,31716,n
P03,S01,47,down,KeyD,1791213754186.2,31717,d
P03,S01,47,up,KeyA,1791213754203,31715,a
P03,S01,47,up,KeyD,1791213754306.1,31717,d
P03,S01,47,down,KeyI,1791213754322.9,31718,i
P03,S01,47,down,KeyW,1791213754353.1,31719,w
P03,S01,47,up,KeyI,1791213754385.6,31718,i
P03,S01,47,up,KeyW,1791213754438.8,31719,w
P03,S01,47,down,KeyC,1791213754604.2,31720,c
P03,S01,47,down,KeyH,1791213754676.2,31721,h
P03,S01,47,up,KeyC,1791213754704.5,31720,c
P03,S01,47,down,Space,1791213754802.6,31722, 
P03,S01,47,up,KeyH,1791213754840.8,31721,h
P03,S01,47,up,Space,1791213754904.7,31722, 
P03,S01,47,down,Backspace,1791213755204,31723,Backspace
P03,S01,47,up,Backspace,1791213755249.8,31723,Backspace
P03,S01,47,down,Backspace,1791213755328.9,31724,Backspace
P03,S01,47,up,Backspace,1791213755376.5,31724,Backspace
P03,S01,47,down,Backspace,1791213755459.5,31725,Backspace
P03,S01,47,up,Backspace,1791213755504.1,31725,Backspace
P03,S01,47,down,Backspace,1791213755586.8,31726,Backspace
P03,S01,47,up,Backspace,1791213755633.4,31726,Backspace
P03,S01,47,down,Backspace,1791213755703.8,31727,Backspace
P03,S01,47,up,Backspace,1791213755771.7,31727,Backspace
P03,S01,47,down,KeyW,1791213755775,31728,w
P03,S01,47,up,KeyW,1791213755859.6,31728,w
P03,S01,47,down,KeyI,1791213755946.1,31729,i
P03,S01,47,up,KeyI,1791213756019.9,31729,i
P03,S01,47,down,KeyC,1791213756052.2,31730,c
P03,S01,47,up,KeyC,1791213756144.4,31730,c
P03,S01,47,down,KeyH,1791213756173.9,31731,h
P03,S01,47,down,Space,1791213756238.7,31732, 
P03,S01,47,up,KeyH,1791213756286.8,31731,h
P03,S01,47,up,Space,1791213756351.1,31732, 
P03,S01,47,down,KeyU,1791213756638.6,31733,u
P03,S01,47,down,KeyD,1791213756706.6,31734,d
P03,S01,47,up,KeyU,1791213756735.8,31733,u
P03,S01,47,up,KeyD,1791213756853.1,31734,d
P03,S01,47,down,Backspace,1791213756953.7,31735,Backspace
P03,S01,47,up,Backspace,1791213756996.6,31735,Backspace
P03,S01,47,down,Backspace,1791213757072.7,31736,Backspace
P03,S01,47,up,Backspace,1791213757144.9,31736,Backspace
P03,S01,47,down,KeyD,1791213757156,31737,d
P03,S01,47,up,KeyD,1791213757269.1,31737,d
P03,S01,47,down,KeyU,1791213757289.9,31738,u
P03,S01,47,up,KeyU,1791213757362.5,31738,u
P03,S01,47,down,KeyR,1791213757385.7,31739,r
P03,S01,47,up,KeyR,1791213757469.4,31739,r
P03,S01,47,down,KeyI,1791213757496.7,31740,i
P03,S01,47,down,KeyN,1791213757587.4,31741,n
P03,S01,47,down,KeyG,1791213757596,31742,g
P03,S01,47,up,KeyI,1791213757624.1,31740,i
P03,S01,47,up,KeyG,1791213757686.7,31742,g
P03,S01,47,up,KeyN,1791213757712.7,31741,n
P03,S01,47,down,Space,1791213757719.4,31743, 
P03,S01,47,up,Space,1791213757785.6,31743, 
P03,S01,47,down,KeyL,1791213757862.8,31744,l
P03,S01,47,up,KeyL,1791213757954.9,31744,l
P03,S01,47,down,KeyU,1791213758012.8,31745,u
P03,S01,47,down,KeyN,1791213758107.3,31746,n
P03,S01,47,down,KeyC,1791213758158.5,31747,c
P03,S01,47,up,KeyU,1791213758159.2,31745,u
P03,S01,47,up,KeyN,1791213758203.2,31746,n
P03,S01,47,up,KeyC,1791213758255.3,31747,c
P03,S01,47,down,KeyH,1791213758289.5,31748,h
P03,S01,47,down,Space,1791213758367.3,31749, 
P03,S01,47,up,KeyH,1791213758418.3,31748,h
P03,S01,47,down,KeyW,1791213758452,31750,w
P03,S01,47,up,Space,1791213758468.7,31749, 
P03,S01,47,down,KeyA,1791213758562.5,31751,a
P03,S01,47,up,KeyW,1791213758568.7,31750,w
P03,S01,47,down,KeyS,1791213758720.5,31752,s
P03,S01,47,down,Space,1791213758742.4,31753, 
P03,S01,47,up,KeyA,1791213758754.3,31751,a
P03,S01,47,up,KeyS,1791213758803.5,31752,s
P03,S01,47,up,Space,1791213758835.4,31753, 
P03,S01,47,down,KeyM,1791213758959,31754,m
P03,S01,47,down,KeyO,1791213759034.9,31755,o
P03,S01,47,up,KeyM,1791213759058.7,31754,m
P03,S01,47,down,KeyR,1791213759085.7,31756,r
P03,S01,47,up,KeyO,1791213759139.6,31755,o
P03,S01,47,down,KeyE,1791213759154.6,31757,e
P03,S01,47,up,KeyR,1791213759179.2,31756,r
P03,S01,47,down,Space,1791213759243.1,31758, 
P03,S01,47,up,KeyE,1791213759262.8,31757,e
P03,S01,47,up,Space,1791213759327.9,31758, 
P03,S01,47,down,KeyC,1791213759436.8,31759,c
P03,S01,47,up,KeyC,1791213759520.5,31759,c
P03,S01,47,down,KeyR,1791213759653.8,31760,r
P03,S01,47,down,KeyI,1791213759735,31761,i
P03,S01,47,up,KeyR,1791213759773.6,31760,r
P03,S01,47,up,KeyI,1791213759786.7,31761,i
P03,S01,47,down,KeyS,1791213759868.7,31762,s
P03,S01,47,down,KeyP,1791213759945.4,31763,p
P03,S01,47,up,KeyS,1791213759956.7,31762,s
P03,S01,47,up,KeyP,1791213760021.8,31763,p
P03,S01,47,down,KeyY,1791213760158,31764,y
P03,S01,47,down,Space,1791213760237.7,31765, 
P03,S01,47,up,KeyY,1791213760269.8,31764,y
P03,S01,47,up,Space,1791213760342.3,31765, 
P03,S01,47,down,KeyB,1791213760452.9,31766,b
P03,S01,47,up,KeyB,1791213760526.2,31766,b
P03,S01,47,down,Backspace,1791213761006.1,31767,Backspace
P03,S01,47,up,Backspace,1791213761103.6,31767,Backspace
P03,S01,47,down,KeyA,1791213761137,31768,a
P03,S01,47,down,KeyN,1791213761322.7,31769,n
P03,S01,47,down,KeyD,1791213761357.8,31770,d
P03,S01,47,up,KeyN,1791213761398,31769,n
P03,S01,47,up,KeyA,1791213761406,31768,a
P03,S01,47,up,KeyD,1791213761495.2,31770,d
P03,S01,47,down,Space,1791213761562.5,31771, 
P03,S01,47,up,Space,1791213761618.7,31771, 
P03,S01,47,down,Backspace,1791213761803.4,31772,Backspace
P03,S01,47,up,Backspace,1791213761841.6,31772,Backspace
P03,S01,47,down,Backspace,1791213761937.4,31773,Backspace
P03,S01,47,up,Backspace,1791213761969.6,31773,Backspace
P03,S01,47,down,Backspace,1791213762038.6,31774,Backspace
P03,S01,47,up,Backspace,1791213762087.8,31774,Backspace
P03,S01,47,down,Backspace,1791213762152.6,31775,Backspace
P03,S01,47,up,Backspace,1791213762212.2,31775,Backspace
P03,S01,47,down,KeyB,1791213762384.8,31776,b
P03,S01,47,up,KeyB,1791213762485.3,31776,b
P03,S01,47,down,KeyU,1791213762551.5,31777,u
P03,S01,47,down,KeyT,1791213762628.5,31778,t
P03,S01,47,up,KeyU,1791213762651.6,31777,u
P03,S01,47,down,Space,1791213762719.1,31779, 
P03,S01,47,up,KeyT,1791213762727.9,31778,t
P03,S01,47,up,Space,1791213762819.3,31779, 
P03,S01,47,down,KeyB,1791213762909.8,31780,b
P03,S01,47,up,KeyB,1791213763002.2,31780,b
P03,S01,47,down,KeyY,1791213763112.8,31781,y
P03,S01,47,up,KeyY,1791213763220.1,31781,y
P03,S01,47,down,Space,1791213763220.8,31782, 
P03,S01,47,down,KeyD,1791213763320.4,31783,d
P03,S01,47,up,Space,1791213763328,31782, 
P03,S01,47,up,KeyD,1791213763428.8,31783,d
P03,S01,47,down,KeyI,1791213763436.6,31784,i
P03,S01,47,up,KeyI,1791213763537.1,31784,i
P03,S01,47,down,KeyN,1791213763668.4,31785,n
P03,S01,47,up,KeyN,1791213763736.6,31785,n
P03,S01,47,down,KeyN,1791213763804.2,31786,n
P03,S01,47,up,KeyN,1791213763872.3,31786,n
P03,S01,47,down,KeyE,1791213763886.6,31787,e
P03,S01,47,down,KeyR,1791213763970,31788,r
P03,S01,47,up,KeyE,1791213764053.2,31787,e
P03,S01,47,down,Space,1791213764053.2,31789, 
P03,S01,47,up,KeyR,1791213764104.3,31788,r
P03,S01,47,up,Space,1791213764152.5,31789, 
P03,S01,47,down,KeyT,1791213764228.8,31790,t
P03,S01,47,down,KeyI,1791213764287.3,31791,i
P03,S01,47,up,KeyT,1791213764320.5,31790,t
P03,S01,47,down,KeyM,1791213764376.4,31792,m
P03,S01,47,up,KeyI,1791213764408.9,31791,i
P03,S01,47,down,KeyE,1791213764453.2,31793,e
P03,S01,47,up,KeyM,1791213764460.2,31792,m
P03,S01,47,up,KeyE,1791213764545.8,31793,e
P03,S01,47,down,Space,1791213764575.2,31794, 
P03,S01,47,up,Space,1791213764687.4,31794, 
P03,S01,47,down,KeyT,1791213764785.2,31795,t
P03,S01,47,up,KeyT,1791213764869.9,31795,t
P03,S01,47,down,KeyI,1791213764902.7,31796,i
P03,S01,47,up,KeyI,1791213764968.5,31796,i
P03,S01,47,down,Backspace,1791213765135.4,31797,Backspace
P03,S01,47,up,Backspace,1791213765185,31797,Backspace
P03,S01,47,down,Backspace,1791213765260,31798,Backspace
P03,S01,47,up,Backspace,1791213765336.7,31798,Backspace
P03,S01,47,down,KeyI,1791213765421.6,31799,i
P03,S01,47,down,KeyT,1791213765485.8,31800,t
P03,S01,47,up,KeyI,1791213765500.5,31799,i
P03,S01,47,up,KeyT,1791213765584.1,31800,t
P03,S01,47,down,Space,1791213765589.4,31801, 
P03,S01,47,up,Space,1791213765690.7,31801, 
P03,S01,47,down,KeyW,1791213765720.1,31802,w
P03,S01,47,up,KeyW,1791213765839.7,31802,w
P03,S01,47,down,KeyA,1791213765843.1,31803,a
P03,S01,47,down,KeyS,1791213765937.2,31804,s
P03,S01,47,down,Space,1791213765988.5,31805, 
P03,S01,47,up,KeyA,1791213766007.8,31803,a
P03,S01,47,up,KeyS,1791213766053.7,31804,s
P03,S01,47,up,Space,1791213766103.2,31805, 
P03,S01,47,down,KeyS,1791213766370.9,31806,s
P03,S01,47,down,KeyO,1791213766472.2,31807,o
P03,S01,47,up,KeyS,1791213766472.6,31806,s
P03,S01,47,up,KeyO,1791213766559.7,31807,o
P03,S01,47,down,KeyG,1791213766586.7,31808,g
P03,S01,47,up,KeyG,1791213766722.9,31808,g
P03,S01,47,down,KeyG,1791213766810.3,31809,g
P03,S01,47,down,KeyY,1791213766863,31810,y
P03,S01,47,up,KeyG,1791213766894.6,31809,g
P03,S01,47,down,Space,1791213766952.5,31811, 
P03,S01,47,up,KeyY,1791213766967.6,31810,y
P03,S01,47,up,Space,1791213767027.1,31811, 
P03,S01,47,down,KeyA,1791213767052.6,31812,a
P03,S01,47,down,KeyN,1791213767153.7,31813,n
P03,S01,47,down,KeyD,1791213767199.8,31814,d
P03,S01,47,up,KeyA,1791213767210.4,31812,a
P03,S01,47,up,KeyN,1791213767235.4,31813,n
P03,S01,47,down,Space,1791213767286.7,31815, 
P03,S01,47,up,KeyD,1791213767294.4,31814,d
P03,S01,47,up,Space,1791213767395.3,31815, 
P03,S01,47,down,KeyT,1791213767438.6,31816,t
P03,S01,47,down,KeyH,1791213767519,31817,h
P03,S01,47,up,KeyT,1791213767535.9,31816,t
P03,S01,47,up,KeyH,1791213767575.5,31817,h
P03,S01,47,down,KeyE,1791213767636.2,31818,e
P03,S01,47,down,Space,1791213767704.3,31819, 
P03,S01,47,up,KeyE,1791213767707.2,31818,e
P03,S01,47,up,Space,1791213767796.4,31819, 
P03,S01,47,down,KeyS,1791213767836.2,31820,s
P03,S01,47,down,KeyU,1791213767920.3,31821,u
P03,S01,47,up,KeyS,1791213767992.6,31820,s
P03,S01,47,up,KeyU,1791213767995.6,31821,u
P03,S01,47,down,KeyA,1791213768087.9,31822,a
P03,S01,47,up,KeyA,1791213768186.6,31822,a
P03,S01,47,down,KeyC,1791213768320.6,31823,c
P03,S01,47,up,KeyC,1791213768391.6,31823,c
P03,S01,47,down,KeyE,1791213768486.6,31824,e
P03,S01,47,up,KeyE,1791213768586.4,31824,e
P03,S01,47,down,Backspace,1791213768746.2,31825,Backspace
P03,S01,47,up,Backspace,1791213768789.2,31825,Backspace
P03,S01,47,down,Backspace,1791213768876.3,31826,Backspace
P03,S01,47,up,Backspace,1791213768924.9,31826,Backspace
P03,S01,47,down,Backspace,1791213768987.2,31827,Backspace
P03,S01,47,up,Backspace,1791213769053.5,31827,Backspace
P03,S01,47,down,KeyA,1791213769091.5,31828,a
P03,S01,47,up,KeyA,1791213769192,31828,a
P03,S01,47,down,Backspace,1791213769276.5,31829,Backspace
P03,S01,47,up,Backspace,1791213769338.1,31829,Backspace
P03,S01,47,down,Backspace,1791213769420.6,31830,Backspace
P03,S01,47,up,Backspace,1791213769474.5,31830,Backspace
P03,S01,47,down,KeyA,1791213769504.1,31831,a
P03,S01,47,up,KeyA,1791213769620.3,31831,a
P03,S01,47,down,KeyU,1791213769639,31832,u
P03,S01,47,up,KeyU,1791213769701.1,31832,u
P03,S01,47,down,KeyC,1791213769737.7,31833,c
P03,S01,47,up,KeyC,1791213769886.5,31833,c
P03,S01,47,down,KeyE,1791213769905.9,31834,e
P03,S01,47,down,Space,1791213769974,31835, 
P03,S01,47,up,KeyE,1791213770018,31834,e
P03,S01,47,up,Space,1791213770062.3,31835, 
P03,S01,47,down,KeyL,1791213770170.4,31836,l
P03,S01,47,up,KeyL,1791213770240.6,31836,l
P03,S01,47,down,KeyE,1791213770329.6,31837,e
P03,S01,47,up,KeyE,1791213770426,31837,e
P03,S01,47,down,KeyA,1791213770520.5,31838,a
P03,S01,47,down,KeyK,1791213770603.5,31839,k
P03,S01,47,up,KeyA,1791213770610.3,31838,a
P03,S01,47,up,KeyK,1791213770670.1,31839,k
P03,S01,47,down,KeyE,1791213770725,31840,e
P03,S01,47,down,KeyD,1791213770836.8,31841,d
P03,S01,47,up,KeyE,1791213770885.6,31840,e
P03,S01,47,down,Space,1791213770908.5,31842, 
P03,S01,47,up,KeyD,1791213770960.8,31841,d
P03,S01,47,up,Space,1791213771035.9,31842, 
P03,S01,47,down,KeyO,1791213771040,31843,o
P03,S01,47,down,KeyU,1791213771153.5,31844,u
P03,S01,47,up,KeyO,1791213771188.9,31843,o
P03,S01,47,up,KeyU,1791213771268.6,31844,u
P03,S01,47,down,KeyT,1791213771276.2,31845,t
P03,S01,47,up,KeyT,1791213771324.7,31845,t
P03,S01,47,down,Space,1791213771426.9,31846, 
P03,S01,47,up,Space,1791213771522.8,31846, 
P03,S01,47,down,Enter,1791213771888.1,31847,Enter
P03,S01,47,up,Enter,1791213772008.2,31847,Enter
P03,S01,48,down,CapsLock,1791213780987.9,31848,CapsLock
P03,S01,48,down,KeyY,1791213781812.4,31849,Y
P03,S01,48,up,KeyY,1791213781918.5,31849,Y
P03,S01,48,up,CapsLock,1791213781923.9,31848,CapsLock
P03,S01,48,down,KeyE,1791213782047.8,31850,e
P03,S01,48,up,KeyE,1791213782171.7,31850,e
P03,S01,48,down,KeyS,1791213782267,31851,s
P03,S01,48,down,Space,1791213782337.3,31852, 
P03,S01,48,up,KeyS,1791213782371.2,31851,s
P03,S01,48,up,Space,1791213782436.3,31852, 
P03,S01,48,down,CapsLock,1791213782674.5,31853,CapsLock
P03,S01,48,down,KeyI,1791213782688.9,31854,I
P03,S01,48,up,KeyI,1791213782778.1,31854,I
P03,S01,48,up,CapsLock,1791213782809,31853,CapsLock
P03,S01,48,down,Space,1791213782891.7,31855, 
P03,S01,48,up,Space,1791213782979.6,31855, 
P03,S01,48,down,KeyF,1791213783074,31856,f
P03,S01,48,down,KeyI,1791213783202.8,31857,i
P03,S01,48,up,KeyF,1791213783221.7,31856,f
P03,S01,48,down,KeyN,1791213783302.8,31858,n
P03,S01,48,up,KeyI,1791213783320.5,31857,i
P03,S01,48,up,KeyN,1791213783386.3,31858,n
P03,S01,48,down,KeyI,1791213783444.4,31859,i
P03,S01,48,up,KeyI,1791213783521.9,31859,i
P03,S01,48,down,KeyS,1791213783605.1,31860,s
P03,S01,48,down,KeyH,1791213783692.8,31861,h
P03,S01,48,up,KeyS,1791213783701,31860,s
P03,S01,48,up,KeyH,1791213783769.8,31861,h
P03,S01,48,down,KeyE,1791213783836.2,31862,e
P03,S01,48,down,KeyD,1791213783927.2,31863,d
P03,S01,48,up,KeyE,1791213783959.3,31862,e
P03,S01,48,down,Space,1791213783960.2,31864, 
P03,S01,48,up,KeyD,1791213784019.3,31863,d
P03,S01,48,up,Space,1791213784052.5,31864, 
P03,S01,48,down,KeyI,1791213784100.9,31865,i
P03,S01,48,up,KeyI,1791213784204.2,31865,i
P03,S01,48,down,KeyT,1791213784252.8,31866,t
P03,S01,48,down,Space,1791213784285.5,31867, 
P03,S01,48,up,KeyT,1791213784301.2,31866,t
P03,S01,48,up,Space,1791213784357,31867, 
P03,S01,48,down,KeyO,1791213784435.5,31868,o
P03,S01,48,down,KeyF,1791213784502.4,31869,f
P03,S01,48,up,KeyO,1791213784519.9,31868,o
P03,S01,48,up,KeyF,1791213784595.3,31869,f
P03,S01,48,down,KeyF,1791213784687.3,31870,f
P03,S01,48,down,Space,1791213784743.2,31871, 
P03,S01,48,up,KeyF,1791213784751.5,31870,f
P03,S01,48,up,Space,1791213784836.4,31871, 
P03,S01,48,down,KeyF,1791213784859.6,31872,f
P03,S01,48,down,KeyO,1791213784921.2,31873,o
P03,S01,48,up,KeyF,1791213784959.7,31872,f
P03,S01,48,up,KeyO,1791213785012.2,31873,o
P03,S01,48,down,KeyR,1791213785037.1,31874,r
P03,S01,48,up,KeyR,1791213785118.8,31874,r
P03,S01,48,down,Space,1791213785136.5,31875, 
P03,S01,48,up,Space,1791213785174.8,31875, 
P03,S01,48,down,KeyD,1791213785252.1,31876,d
P03,S01,48,down,KeyI,1791213785302,31877,i
P03,S01,48,up,KeyD,1791213785340.5,31876,d
P03,S01,48,down,KeyN,1791213785408.7,31878,n
P03,S01,48,up,KeyI,1791213785435,31877,i
P03,S01,48,up,KeyN,1791213785476.9,31878,n
P03,S01,48,down,KeyN,1791213785551.9,31879,n
P03,S01,48,down,KeyE,1791213785620.2,31880,e
P03,S01,48,up,KeyN,1791213785634.1,31879,n
P03,S01,48,down,KeyR,1791213785707.6,31881,r
P03,S01,48,up,KeyE,1791213785735.4,31880,e
P03,S01,48,down,Space,1791213785787,31882, 
P03,S01,48,up,KeyR,1791213785819,31881,r
P03,S01,48,up,Space,1791213785859.3,31882, 
P03,S01,48,down,KeyA,1791213785910.1,31883,a
P03,S01,48,down,KeyS,1791213786026,31884,s
P03,S01,48,up,KeyA,1791213786073.9,31883,a
P03,S01,48,down,Space,1791213786093.2,31885, 
P03,S01,48,up,KeyS,1791213786141.2,31884,s
P03,S01,48,up,Space,1791213786169.9,31885, 
P03,S01,48,down,CapsLock,1791213786344,31886,CapsLock
P03,S01,48,down,KeyI,1791213786361.9,31887,I
P03,S01,48,up,KeyI,1791213786474.2,31887,I
P03,S01,48,up,CapsLock,1791213786481.4,31886,CapsLock
P03,S01,48,down,Space,1791213786520.1,31888, 
P03,S01,48,up,Space,1791213786626.1,31888, 
P03,S01,48,down,KeyW,1791213786695.7,31889,w
P03,S01,48,down,KeyA,1791213786795.9,31890,a
P03,S01,48,up,KeyW,1791213786827.5,31889,w
P03,S01,48,up,KeyA,1791213786971.9,31890,a
P03,S01,48,down,KeyN,1791213787122.1,31891,n
P03,S01,48,up,KeyN,1791213787189.3,31891,n
P03,S01,48,down,KeyT,1791213787261.4,31892,t
P03,S01,48,up,KeyT,1791213787346.1,31892,t
P03,S01,48,down,KeyE,1791213787453.5,31893,e
P03,S01,48,down,KeyD,1791213787522.5,31894,d
P03,S01,48,up,KeyE,1791213787557.4,31893,e
P03,S01,48,down,Space,1791213787573.7,31895, 
P03,S01,48,up,KeyD,1791213787609.3,31894,d
P03,S01,48,up,Space,1791213787661.9,31895, 
P03,S01,48,down,KeyT,1791213787738.1,31896,t
P03,S01,48,down,KeyO,1791213787794.6,31897,o
P03,S01,48,up,KeyT,1791213787842,31896,t
P03,S01,48,down,Space,1791213787869.9,31898, 
P03,S01,48,up,KeyO,1791213787901.6,31897,o
P03,S01,48,up,Space,1791213787954.4,31898, 
P03,S01,48,down,KeyS,1791213787979.4,31899,s
P03,S01,48,down,KeyA,1791213788136.9,31900,a
P03,S01,48,up,KeyS,1791213788155.3,31899,s
P03,S01,48,down,KeyV,1791213788183,31901,v
P03,S01,48,up,KeyV,1791213788262.9,31901,v
P03,S01,48,down,KeyE,1791213788311.1,31902,e
P03,S01,48,up,KeyA,1791213788395.8,31900,a
P03,S01,48,down,Space,1791213788418.7,31903, 
P03,S01,48,up,KeyE,1791213788459.6,31902,e
P03,S01,48,up,Space,1791213788520.1,31903, 
P03,S01,48,down,KeyM,1791213788669.9,31904,m
P03,S01,48,down,KeyO,1791213788736.4,31905,o
P03,S01,48,up,KeyM,1791213788758.9,31904,m
P03,S01,48,down,KeyN,1791213788875.3,31906,n
P03,S01,48,up,KeyO,1791213788891.2,31905,o
P03,S01,48,down,KeyE,1791213788907.8,31907,e
P03,S01,48,up,KeyN,1791213788974.8,31906,n
P03,S01,48,up,KeyE,1791213789051,31907,e
P03,S01,48,down,KeyY,1791213789051.4,31908,y
P03,S01,48,up,KeyY,1791213789155.5,31908,y
P03,S01,48,down,Enter,1791213789271,31909,Enter
P03,S01,48,up,Enter,1791213789338.9,31909,Enter
P03,S01,49,down,CapsLock,1791213797251.2,31910,CapsLock
P03,S01,49,down,KeyO,1791213797853.4,31911,O
P03,S01,49,up,KeyO,1791213797940.3,31911,O
P03,S01,49,up,CapsLock,1791213798001.6,31910,CapsLock
P03,S01,49,down,Space,1791213798078.3,31912, 
P03,S01,49,up,Space,1791213798166.3,31912, 
P03,S01,49,down,KeyJ,1791213798241.6,31913,j
P03,S01,49,up,KeyJ,1791213798321.5,31913,j
P03,S01,49,down,Backspace,1791213798669.3,31914,Backspace
P03,S01,49,up,Backspace,1791213798711.6,31914,Backspace
P03,S01,49,down,Backspace,1791213798809,31915,Backspace
P03,S01,49,up,Backspace,1791213798845.8,31915,Backspace
P03,S01,49,down,Backspace,1791213798925.9,31916,Backspace
P03,S01,49,up,Backspace,1791213798985.6,31916,Backspace
P03,S01,49,down,CapsLock,1791213799137.8,31917,CapsLock
P03,S01,49,down,KeyI,1791213799188.5,31918,I
P03,S01,49,up,KeyI,1791213799268.4,31918,I
P03,S01,49,up,CapsLock,1791213799278.1,31917,CapsLock
P03,S01,49,down,Space,1791213799308.4,31919, 
P03,S01,49,up,Space,1791213799415.6,31919, 
P03,S01,49,down,KeyJ,1791213799459.3,31920,j
P03,S01,49,up,KeyJ,1791213799528.7,31920,j
P03,S01,49,down,KeyU,1791213799612.5,31921,u
P03,S01,49,down,KeyS,1791213799644.3,31922,s
P03,S01,49,up,KeyU,1791213799679.6,31921,u
P03,S01,49,down,KeyT,1791213799768.8,31923,t
P03,S01,49,up,KeyS,1791213799771.8,31922,s
P03,S01,49,down,Space,1791213799856.1,31924, 
P03,S01,49,up,KeyT,1791213799871.9,31923,t
P03,S01,49,up,Space,1791213799944.1,31924, 
P03,S01,49,down,KeyW,1791213799951.1,31925,w
P03,S01,49,down,KeyE,1791213800055.8,31926,e
P03,S01,49,up,KeyW,1791213800120.5,31925,w
P03,S01,49,down,KeyN,1791213800156.5,31927,n
P03,S01,49,up,KeyE,1791213800184.8,31926,e
P03,S01,49,up,KeyN,1791213800240.3,31927,n
P03,S01,49,down,KeyT,1791213800302.1,31928,t
P03,S01,49,down,Space,1791213800386.1,31929, 
P03,S01,49,up,KeyT,1791213800404,31928,t
P03,S01,49,down,KeyH,1791213800482.9,31930,h
P03,S01,49,up,Space,1791213800483.7,31929, 
P03,S01,49,down,KeyO,1791213800568.5,31931,o
P03,S01,49,up,KeyH,1791213800583.9,31930,h
P03,S01,49,down,KeyM,1791213800683.8,31932,m
P03,S01,49,up,KeyO,1791213800711.4,31931,o
P03,S01,49,up,KeyM,1791213800768.2,31932,m
P03,S01,49,down,KeyE,1791213800788.6,31933,e
P03,S01,49,up,KeyE,1791213800869.9,31933,e
P03,S01,49,down,Space,1791213800892.3,31934, 
P03,S01,49,up,Space,1791213800987.2,31934, 
P03,S01,49,down,KeyA,1791213801003.4,31935,a
P03,S01,49,up,KeyA,1791213801121.8,31935,a
P03,S01,49,down,KeyF,1791213801136.6,31936,f
P03,S01,49,up,KeyF,1791213801226.1,31936,f
P03,S01,49,down,KeyT,1791213801342.9,31937,t
P03,S01,49,up,KeyT,1791213801427,31937,t
P03,S01,49,down,KeyE,1791213801504.9,31938,e
P03,S01,49,down,KeyR,1791213801573.2,31939,r
P03,S01,49,up,KeyE,1791213801618.5,31938,e
P03,S01,49,down,Space,1791213801645.3,31940, 
P03,S01,49,up,KeyR,1791213801686.2,31939,r
P03,S01,49,up,Space,1791213801741.3,31940, 
P03,S01,49,down,KeyE,1791213801761.9,31941,e
P03,S01,49,up,KeyE,1791213801837.8,31941,e
P03,S01,49,down,KeyA,1791213801852.6,31942,a
P03,S01,49,up,KeyA,1791213801925.7,31942,a
P03,S01,49,down,KeyT,1791213801994.7,31943,t
P03,S01,49,down,KeyI,1791213802085.4,31944,i
P03,S01,49,up,KeyT,1791213802094.3,31943,t
P03,S01,49,down,KeyN,1791213802169.8,31945,n
P03,S01,49,up,KeyI,1791213802211.4,31944,i
P03,S01,49,up,KeyN,1791213802259.3,31945,n
P03,S01,49,down,KeyG,1791213802285.1,31946,g
P03,S01,49,up,KeyG,1791213802341.1,31946,g
P03,S01,49,down,Space,1791213802353.6,31947, 
P03,S01,49,up,Space,1791213802477.1,31947, 
P03,S01,49,down,KeyM,1791213802569.8,31948,m
P03,S01,49,up,KeyM,1791213802685.6,31948,m
P03,S01,49,down,KeyY,1791213802749.9,31949,y
P03,S01,49,down,Space,1791213802861,31950, 
P03,S01,49,up,KeyY,1791213802868.9,31949,y
P03,S01,49,up,Space,1791213802984.6,31950, 
P03,S01,49,down,KeyS,1791213802992.3,31951,s
P03,S01,49,down,KeyA,1791213803076.9,31952,a
P03,S01,49,up,KeyS,1791213803117.4,31951,s
P03,S01,49,down,KeyN,1791213803177.6,31953,n
P03,S01,49,up,KeyA,1791213803201.9,31952,a
P03,S01,49,up,KeyN,1791213803253.3,31953,n
P03,S01,49,down,KeyD,1791213803294.9,31954,d
P03,S01,49,up,KeyD,1791213803395,31954,d
P03,S01,49,down,KeyW,1791213803436.8,31955,w
P03,S01,49,down,KeyI,1791213803523.6,31956,i
P03,S01,49,up,KeyW,1791213803538.5,31955,w
P03,S01,49,up,KeyI,1791213803618.4,31956,i
P03,S01,49,down,KeyC,1791213803721.4,31957,c
P03,S01,49,down,KeyH,1791213803773.4,31958,h
P03,S01,49,up,KeyC,1791213803824.5,31957,c
P03,S01,49,down,Space,1791213803862.4,31959, 
P03,S01,49,up,KeyH,1791213803905.5,31958,h
P03,S01,49,up,Space,1791213803986.2,31959, 
P03,S01,49,down,Enter,1791213806036.2,31960,Enter
P03,S01,49,up,Enter,1791213806154.5,31960,Enter
P03,S01,50,down,CapsLock,1791213812072.2,31961,CapsLock
P03,S01,50,up,CapsLock,1791213812729.9,31961,CapsLock
P03,S01,50,down,KeyY,1791213812861.2,31962,y
P03,S01,50,up,KeyY,1791213812957.8,31962,y
P03,S01,50,down,Backspace,1791213813290.2,31963,Backspace
P03,S01,50,down,CapsLock,1791213813315.4,31964,CapsLock
P03,S01,50,up,Backspace,1791213813389.8,31963,Backspace
P03,S01,50,down,KeyY,1791213813557.1,31965,Y
P03,S01,50,up,CapsLock,1791213813645.2,31964,CapsLock
P03,S01,50,up,KeyY,1791213813655.9,31965,Y
P03,S01,50,down,KeyE,1791213813760.1,31966,e
P03,S01,50,up,KeyE,1791213813880.6,31966,e
P03,S01,50,down,KeyS,1791213813972.3,31967,s
P03,S01,50,up,KeyS,1791213814113.6,31967,s
P03,S01,50,down,Space,1791213814191.2,31968, 
P03,S01,50,up,Space,1791213814295.7,31968, 
P03,S01,50,down,KeyI,1791213814446.2,31969,i
P03,S01,50,up,KeyI,1791213814519,31969,i
P03,S01,50,down,Backspace,1791213814775.7,31970,Backspace
P03,S01,50,up,Backspace,1791213814836.6,31970,Backspace
P03,S01,50,down,CapsLock,1791213814921.5,31971,CapsLock
P03,S01,50,down,KeyI,1791213814965.7,31972,I
P03,S01,50,up,CapsLock,1791213815059.9,31971,CapsLock
P03,S01,50,up,KeyI,1791213815065.9,31972,I
P03,S01,50,down,Space,1791213815128.7,31973, 
P03,S01,50,up,Space,1791213815239.5,31973, 
P03,S01,50,down,KeyS,1791213815289.8,31974,s
P03,S01,50,down,KeyL,1791213815407.1,31975,l
P03,S01,50,up,KeyS,1791213815457.1,31974,s
P03,S01,50,up,KeyL,1791213815498.1,31975,l
P03,S01,50,down,KeyE,1791213815559.8,31976,e
P03,S01,50,up,KeyE,1791213815638.6,31976,e
P03,S01,50,down,KeyP,1791213815638.7,31977,p
P03,S01,50,up,KeyP,1791213815719.6,31977,p
P03,S01,50,down,KeyT,1791213815801.4,31978,t
P03,S01,50,up,KeyT,1791213815918.9,31978,t
P03,S01,50,down,Space,1791213816035.9,31979, 
P03,S01,50,up,Space,1791213816128.4,31979, 
P03,S01,50,down,KeyF,1791213816293.9,31980,f
P03,S01,50,up,KeyF,1791213816405.8,31980,f
P03,S01,50,down,KeyO,1791213816421.6,31981,o
P03,S01,50,up,KeyO,1791213816545.3,31981,o
P03,S01,50,down,KeyR,1791213816568.9,31982,r
P03,S01,50,up,KeyR,1791213816660.8,31982,r
P03,S01,50,down,Space,1791213816678.6,31983, 
P03,S01,50,up,Space,1791213816752.1,31983, 
P03,S01,50,down,KeyL,1791213816775,31984,l
P03,S01,50,up,KeyL,1791213816878.7,31984,l
P03,S01,50,down,KeyI,1791213816919.6,31985,i
P03,S01,50,up,KeyI,1791213816970.4,31985,i
P03,S01,50,down,KeyK,1791213817087.6,31986,k
P03,S01,50,down,KeyE,1791213817103.3,31987,e
P03,S01,50,up,KeyK,1791213817153.4,31986,k
P03,S01,50,up,KeyE,1791213817196.1,31987,e
P03,S01,50,down,Space,1791213817218.8,31988, 
P03,S01,50,up,Space,1791213817289.8,31988, 
P03,S01,50,down,Digit1,1791213817386.9,31989,1
P03,S01,50,down,Digit0,1791213817472,31990,0
P03,S01,50,up,Digit1,1791213817487.4,31989,1
P03,S01,50,down,Space,1791213817539.9,31991, 
P03,S01,50,up,Digit0,1791213817588.7,31990,0
P03,S01,50,up,Space,1791213817669,31991, 
P03,S01,50,down,KeyH,1791213817904.2,31992,h
P03,S01,50,up,KeyH,1791213818002.3,31992,h
P03,S01,50,down,KeyO,1791213818033.4,31993,o
P03,S01,50,down,KeyU,1791213818134.8,31994,u
P03,S01,50,up,KeyO,1791213818170.4,31993,o
P03,S01,50,down,KeyR,1791213818192.9,31995,r
P03,S01,50,up,KeyU,1791213818234.9,31994,u
P03,S01,50,up,KeyR,1791213818310.4,31995,r
P03,S01,50,down,KeyS,1791213818402.1,31996,s
P03,S01,50,down,Space,1791213818468.6,31997, 
P03,S01,50,up,KeyS,1791213818486,31996,s
P03,S01,50,up,Space,1791213818550.6,31997, 
P03,S01,50,down,KeyA,1791213818702.5,31998,a
P03,S01,50,up,KeyA,1791213818853.1,31998,a
P03,S01,50,down,KeyF,1791213818889.8,31999,f
P03,S01,50,up,KeyF,1791213819003.2,31999,f
P03,S01,50,down,KeyT,1791213819124.5,32000,t
P03,S01,50,up,KeyT,1791213819212.4,32000,t
P03,S01,50,down,KeyE,1791213819304.1,32001,e
P03,S01,50,down,KeyR,1791213819392.2,32002,r
P03,S01,50,up,KeyE,1791213819432.8,32001,e
P03,S01,50,down,Space,1791213819433.9,32003, 
P03,S01,50,up,KeyR,1791213819476.9,32002,r
P03,S01,50,up,Space,1791213819529,32003, 
P03,S01,50,down,KeyT,1791213819578,32004,t
P03,S01,50,down,KeyH,1791213819670.1,32005,h
P03,S01,50,up,KeyT,1791213819670.4,32004,t
P03,S01,50,up,KeyH,1791213819742.3,32005,h
P03,S01,50,down,KeyA,1791213819803.4,32006,a
P03,S01,50,up,KeyA,1791213819924.2,32006,a
P03,S01,50,down,KeyT,1791213820040.3,32007,t
P03,S01,50,up,KeyT,1791213820128.6,32007,t
P03,S01,50,down,Space,1791213820140.9,32008, 
P03,S01,50,up,Space,1791213820230.2,32008, 
P03,S01,50,down,Enter,1791213820453.3,32009,Enter
P03,S01,50,up,Enter,1791213820522.5,32009,Enter
P03,S01,51,down,CapsLock,1791213828420.3,32010,CapsLock
P03,S01,51,down,KeyM,1791213828499.3,32011,M
P03,S01,51,up,KeyM,1791213828589.4,32011,M
P03,S01,51,up,CapsLock,1791213828612,32010,CapsLock
P03,S01,51,down,KeyY,1791213828740.5,32012,y
P03,S01,51,down,Space,1791213828805.3,32013, 
P03,S01,51,up,KeyY,1791213828837.8,32012,y
P03,S01,51,up,Space,1791213828897.5,32013, 
P03,S01,51,down,KeyL,1791213828956.3,32014,l
P03,S01,51,down,KeyE,1791213829015.6,32015,e
P03,S01,51,up,KeyL,1791213829043.2,32014,l
P03,S01,51,up,KeyE,1791213829111.9,32015,e
P03,S01,51,down,KeyG,1791213829174.4,32016,g
P03,S01,51,up,KeyG,1791213829253.9,32016,g
P03,S01,51,down,KeyS,1791213829271.7,32017,s
P03,S01,51,up,KeyS,1791213829371.7,32017,s
P03,S01,51,down,Space,1791213829388.9,32018, 
P03,S01,51,up,Space,1791213829478.1,32018, 
P03,S01,51,down,KeyW,1791213829505.3,32019,w
P03,S01,51,down,KeyE,1791213829628.8,32020,e
P03,S01,51,up,KeyW,1791213829639.3,32019,w
P03,S01,51,up,KeyE,1791213829733.2,32020,e
P03,S01,51,down,KeyR,1791213829828.4,32021,r
P03,S01,51,down,KeyE,1791213829923.9,32022,e
P03,S01,51,up,KeyR,1791213829934.7,32021,r
P03,S01,51,down,Space,1791213830018.3,32023, 
P03,S01,51,up,KeyE,1791213830035.4,32022,e
P03,S01,51,up,Space,1791213830101.8,32023, 
P03,S01,51,down,KeyS,1791213830175.6,32024,s
P03,S01,51,up,KeyS,1791213830269.4,32024,s
P03,S01,51,down,KeyO,1791213830271.2,32025,o
P03,S01,51,up,KeyO,1791213830352.7,32025,o
P03,S01,51,down,KeyR,1791213830352.8,32026,r
P03,S01,51,down,KeyE,1791213830442.8,32027,e
P03,S01,51,up,KeyR,1791213830467.9,32026,r
P03,S01,51,up,KeyE,1791213830559.6,32027,e
P03,S01,51,down,Period,1791213830736.6,32028,.
P03,S01,51,up,Period,1791213830809.6,32028,.
P03,S01,51,down,Space,1791213830937.1,32029, 
P03,S01,51,up,Space,1791213831004.9,32029, 
P03,S01,51,down,CapsLock,1791213831109.9,32030,CapsLock
P03,S01,51,down,KeyA,1791213831453.2,32031,A
P03,S01,51,up,CapsLock,1791213831585.1,32030,CapsLock
P03,S01,51,up,KeyA,1791213831591.5,32031,A
P03,S01,51,down,KeyC,1791213831787.7,32032,c
P03,S01,51,up,KeyC,1791213831859.4,32032,c
P03,S01,51,down,KeyT,1791213832019.4,32033,t
P03,S01,51,down,KeyU,1791213832070.6,32034,u
P03,S01,51,up,KeyT,1791213832106.1,32033,t
P03,S01,51,up,KeyU,1791213832138.3,32034,u
P03,S01,51,down,KeyA,1791213832203.3,32035,a
P03,S01,51,down,KeyL,1791213832242.9,32036,l
P03,S01,51,up,KeyA,1791213832320,32035,a
P03,S01,51,up,KeyL,1791213832336,32036,l
P03,S01,51,down,KeyL,1791213832385.8,32037,l
P03,S01,51,up,KeyL,1791213832469.3,32037,l
P03,S01,51,down,KeyY,1791213832570.4,32038,y
P03,S01,51,down,Space,1791213832658.8,32039, 
P03,S01,51,up,KeyY,1791213832687.5,32038,y
P03,S01,51,up,Space,1791213832743.7,32039, 
P03,S01,51,down,CapsLock,1791213832924,32040,CapsLock
P03,S01,51,down,KeyI,1791213832926,32041,I
P03,S01,51,up,KeyI,1791213833043,32041,I
P03,S01,51,down,Space,1791213833102.4,32042, 
P03,S01,51,up,Space,1791213833194.7,32042, 
P03,S01,51,down,KeyS,1791213833243.5,32043,s
P03,S01,51,up,KeyS,1791213833375.9,32043,s
P03,S01,51,down,KeyT,1791213833439.6,32044,t
P03,S01,51,up,KeyT,1791213833492.8,32044,t
P03,S01,51,down,KeyA,1791213833504.8,32045,a
P03,S01,51,up,KeyA,1791213833593.5,32045,a
P03,S01,51,down,KeyY,1791213833621.6,32046,y
P03,S01,51,up,KeyY,1791213833685.3,32046,y
P03,S01,51,down,KeyE,1791213833712.4,32047,e
P03,S01,51,down,KeyD,1791213833808.6,32048,d
P03,S01,51,up,KeyE,1791213833852.5,32047,e
P03,S01,51,down,Space,1791213833855.7,32049, 
P03,S01,51,up,KeyD,1791213833920.6,32048,d
P03,S01,51,down,KeyI,1791213833945.1,32050,i
P03,S01,51,up,Space,1791213833945.8,32049, 
P03,S01,51,down,KeyN,1791213834069.1,32051,n
P03,S01,51,up,KeyI,1791213834112.6,32050,i
P03,S01,51,down,Space,1791213834144.8,32052, 
P03,S01,51,up,KeyN,1791213834202.3,32051,n
P03,S01,51,down,KeyA,1791213834220,32053,a
P03,S01,51,up,Space,1791213834220.1,32052, 
P03,S01,51,up,KeyA,1791213834320.8,32053,a
P03,S01,51,down,Space,1791213834369.5,32054, 
P03,S01,51,up,Space,1791213834438.2,32054, 
P03,S01,51,down,KeyH,1791213834738.2,32055,h
P03,S01,51,down,KeyO,1791213834810,32056,o
P03,S01,51,up,KeyH,1791213834834.3,32055,h
P03,S01,51,down,KeyS,1791213834854.3,32057,s
P03,S01,51,up,KeyO,1791213834905.9,32056,o
P03,S01,51,up,KeyS,1791213834938.4,32057,s
P03,S01,51,down,KeyT,1791213835025.7,32058,t
P03,S01,51,up,KeyT,1791213835106.5,32058,t
P03,S01,51,down,KeyE,1791213835176.1,32059,e
P03,S01,51,down,KeyL,1791213835240,32060,l
P03,S01,51,up,KeyE,1791213835285.3,32059,e
P03,S01,51,up,KeyL,1791213835356.4,32060,l
P03,S01,51,down,Space,1791213835391,32061, 
P03,S01,51,up,Space,1791213835511.5,32061, 
P03,S01,51,down,KeyS,1791213835818.6,32062,s
P03,S01,51,down,KeyO,1791213835852.5,32063,o
P03,S01,51,down,Space,1791213835901.5,32064, 
P03,S01,51,up,KeyS,1791213835907.5,32062,s
P03,S01,51,up,KeyO,1791213835985.3,32063,o
P03,S01,51,up,Space,1791213836028.6,32064, 
P03,S01,51,down,KeyI,1791213836235.3,32065,I
P03,S01,51,up,CapsLock,1791213836369.9,32040,CapsLock
P03,S01,51,up,KeyI,1791213836375.9,32065,I
P03,S01,51,down,Space,1791213836383.3,32066, 
P03,S01,51,up,Space,1791213836482.2,32066, 
P03,S01,51,down,KeyC,1791213836719.4,32067,c
P03,S01,51,down,KeyO,1791213836765.3,32068,o
P03,S01,51,down,KeyU,1791213836841.1,32069,u
P03,S01,51,up,KeyC,1791213836852.5,32067,c
P03,S01,51,up,KeyO,1791213836900,32068,o
P03,S01,51,up,KeyU,1791213836940.8,32069,u
P03,S01,51,down,KeyL,1791213837034.7,32070,l
P03,S01,51,up,KeyL,1791213837119.4,32070,l
P03,S01,51,down,KeyN,1791213837407.4,32071,n
P03,S01,51,up,KeyN,1791213837439.8,32071,n
P03,S01,51,down,KeyD,1791213837461.1,32072,d
P03,S01,51,up,KeyD,1791213837519.3,32072,d
P03,S01,51,down,Backspace,1791213837719.9,32073,Backspace
P03,S01,51,up,Backspace,1791213837802.7,32073,Backspace
P03,S01,51,down,Backspace,1791213837870.1,32074,Backspace
P03,S01,51,up,Backspace,1791213837950.9,32074,Backspace
P03,S01,51,down,KeyD,1791213837977.4,32075,d
P03,S01,51,up,KeyD,1791213838085.5,32075,d
P03,S01,51,down,KeyN,1791213838093.2,32076,n
P03,S01,51,up,KeyN,1791213838176.6,32076,n
P03,S01,51,down,Space,1791213838184.6,32077, 
P03,S01,51,up,Space,1791213838267.6,32077, 
P03,S01,51,down,Backspace,1791213838454.3,32078,Backspace
P03,S01,51,up,Backspace,1791213838502.3,32078,Backspace
P03,S01,51,down,Backspace,1791213838577.1,32079,Backspace
P03,S01,51,up,Backspace,1791213838653,32079,Backspace
P03,S01,51,down,Space,1791213838722.1,32080, 
P03,S01,51,up,Space,1791213838835,32080, 
P03,S01,51,down,KeyN,1791213838837.5,32081,n
P03,S01,51,down,KeyO,1791213838951.2,32082,o
P03,S01,51,down,KeyT,1791213838976,32083,t
P03,S01,51,up,KeyN,1791213839001.5,32081,n
P03,S01,51,up,KeyO,1791213839083.3,32082,o
P03,S01,51,up,KeyT,1791213839083.3,32083,t
P03,S01,51,down,Space,1791213839093.4,32084, 
P03,S01,51,up,Space,1791213839178.6,32084, 
P03,S01,51,down,KeyS,1791213839256.4,32085,s
P03,S01,51,down,KeyL,1791213839324.9,32086,l
P03,S01,51,up,KeyS,1791213839337.1,32085,s
P03,S01,51,up,KeyL,1791213839419.1,32086,l
P03,S01,51,down,KeyE,1791213839435.6,32087,e
P03,S01,51,up,KeyE,1791213839506.9,32087,e
P03,S01,51,down,KeyP,1791213839586.4,32088,p
P03,S01,51,down,KeyE,1791213839593.7,32089,e
P03,S01,51,up,KeyE,1791213839654.9,32089,e
P03,S01,51,down,Space,1791213839670.7,32090, 
P03,S01,51,up,KeyP,1791213839701.7,32088,p
P03,S01,51,up,Space,1791213839768.9,32090, 
P03,S01,51,down,KeyT,1791213839776.7,32091,t
P03,S01,51,down,KeyH,1791213839851.8,32092,h
P03,S01,51,up,KeyT,1791213839851.9,32091,t
P03,S01,51,up,KeyH,1791213839918.5,32092,h
P03,S01,51,down,KeyA,1791213839945.2,32093,a
P03,S01,51,up,KeyA,1791213840061.1,32093,a
P03,S01,51,down,KeyT,1791213840075.7,32094,t
P03,S01,51,up,KeyT,1791213840185.4,32094,t
P03,S01,51,down,Space,1791213840185.9,32095, 
P03,S01,51,up,Space,1791213840252.7,32095, 
P03,S01,51,down,Backspace,1791213840769.6,32096,Backspace
P03,S01,51,up,Backspace,1791213840809.4,32096,Backspace
P03,S01,51,down,Backspace,1791213840884.8,32097,Backspace
P03,S01,51,up,Backspace,1791213840941.7,32097,Backspace
P03,S01,51,down,Backspace,1791213841015.1,32098,Backspace
P03,S01,51,up,Backspace,1791213841068.3,32098,Backspace
P03,S01,51,down,Backspace,1791213841139.4,32099,Backspace
P03,S01,51,up,Backspace,1791213841184.6,32099,Backspace
P03,S01,51,down,Backspace,1791213841269.1,32100,Backspace
P03,S01,51,up,Backspace,1791213841318.2,32100,Backspace
P03,S01,51,down,Backspace,1791213841393.5,32101,Backspace
P03,S01,51,up,Backspace,1791213841451.8,32101,Backspace
P03,S01,51,down,Backspace,1791213841526.8,32102,Backspace
P03,S01,51,up,Backspace,1791213841574.6,32102,Backspace
P03,S01,51,down,Backspace,1791213841656,32103,Backspace
P03,S01,51,up,Backspace,1791213841736.2,32103,Backspace
P03,S01,51,down,KeyE,1791213841785.2,32104,e
P03,S01,51,up,KeyE,1791213841893.9,32104,e
P03,S01,51,down,KeyP,1791213841945.3,32105,p
P03,S01,51,down,Space,1791213842024.7,32106, 
P03,S01,51,up,KeyP,1791213842056.3,32105,p
P03,S01,51,up,Space,1791213842150.7,32106, 
P03,S01,51,down,KeyT,1791213842262.2,32107,t
P03,S01,51,down,KeyH,1791213842342,32108,h
P03,S01,51,up,KeyT,1791213842353.7,32107,t
P03,S01,51,up,KeyH,1791213842421.7,32108,h
P03,S01,51,down,KeyA,1791213842432.6,32109,a
P03,S01,51,up,KeyA,1791213842558.9,32109,a
P03,S01,51,down,KeyT,1791213842559.6,32110,t
P03,S01,51,up,KeyT,1791213842670.6,32110,t
P03,S01,51,down,Space,1791213842674.5,32111, 
P03,S01,51,up,Space,1791213842751.8,32111, 
P03,S01,51,down,KeyW,1791213843160.3,32112,w
P03,S01,51,down,KeyE,1791213843224.1,32113,e
P03,S01,51,up,KeyW,1791213843240,32112,w
P03,S01,51,up,KeyE,1791213843356.1,32113,e
P03,S01,51,down,KeyL,1791213843370.7,32114,l
P03,S01,51,up,KeyL,1791213843420.9,32114,l
P03,S01,51,down,Space,1791213843623.1,32115, 
P03,S01,51,up,Space,1791213843785.1,32115, 
P03,S01,51,down,Backspace,1791213844182.6,32116,Backspace
P03,S01,51,up,Backspace,1791213844294.7,32116,Backspace
P03,S01,51,down,KeyL,1791213844428.8,32117,l
P03,S01,51,down,Space,1791213844524.6,32118, 
P03,S01,51,up,KeyL,1791213844564.3,32117,l
P03,S01,51,up,Space,1791213844652.3,32118, 
P03,S01,51,down,KeyB,1791213844685.7,32119,b
P03,S01,51,down,KeyU,1791213844778,32120,u
P03,S01,51,up,KeyB,1791213844805.5,32119,b
P03,S01,51,down,KeyT,1791213844841.2,32121,t
P03,S01,51,up,KeyU,1791213844893.8,32120,u
P03,S01,51,down,Space,1791213844918.1,32122, 
P03,S01,51,up,KeyT,1791213844934.5,32121,t
P03,S01,51,up,Space,1791213845018.6,32122, 
P03,S01,51,down,KeyT,1791213845025.5,32123,t
P03,S01,51,down,KeyH,1791213845073.8,32124,h
P03,S01,51,up,KeyT,1791213845126,32123,t
P03,S01,51,up,KeyH,1791213845169.8,32124,h
P03,S01,51,down,KeyE,1791213845226,32125,e
P03,S01,51,down,Space,1791213845285,32126, 
P03,S01,51,up,KeyE,1791213845325.7,32125,e
P03,S01,51,up,Space,1791213845386.1,32126, 
P03,S01,51,down,KeyD,1791213845475.5,32127,d
P03,S01,51,down,KeyA,1791213845585.6,32128,a
P03,S01,51,up,KeyD,1791213845602.7,32127,d
P03,S01,51,down,KeyY,1791213845658.4,32129,y
P03,S01,51,up,KeyA,1791213845711,32128,a
P03,S01,51,down,Space,1791213845722.7,32130, 
P03,S01,51,up,KeyY,1791213845767.2,32129,y
P03,S01,51,up,Space,1791213845818.3,32130, 
P03,S01,51,down,KeyA,1791213845844.8,32131,a
P03,S01,51,up,KeyA,1791213845960.7,32131,a
P03,S01,51,down,KeyF,1791213845984.2,32132,f
P03,S01,51,up,KeyF,1791213846095.4,32132,f
P03,S01,51,down,KeyT,1791213846104,32133,t
P03,S01,51,down,KeyE,1791213846184.4,32134,e
P03,S01,51,up,KeyT,1791213846207.6,32133,t
P03,S01,51,down,KeyR,1791213846291.9,32135,r
P03,S01,51,up,KeyE,1791213846327.8,32134,e
P03,S01,51,down,Space,1791213846368.5,32136, 
P03,S01,51,up,KeyR,1791213846391.6,32135,r
P03,S01,51,up,Space,1791213846484.1,32136, 
P03,S01,51,down,KeyI,1791213846734,32137,i
P03,S01,51,down,CapsLock,1791213846752.2,32138,CapsLock
P03,S01,51,up,KeyI,1791213846859.1,32137,i
P03,S01,51,down,Space,1791213846862.1,32139, 
P03,S01,51,up,CapsLock,1791213846882.6,32138,CapsLock
P03,S01,51,up,Space,1791213846978.8,32139, 
P03,S01,51,down,KeyS,1791213847140.9,32140,s
P03,S01,51,down,KeyL,1791213847208.4,32141,l
P03,S01,51,up,KeyS,1791213847211.6,32140,s
P03,S01,51,up,KeyL,1791213847276,32141,l
P03,S01,51,down,KeyE,1791213847310.7,32142,e
P03,S01,51,down,KeyP,1791213847403.1,32143,p
P03,S01,51,up,KeyE,1791213847422.5,32142,e
P03,S01,51,up,KeyP,1791213847501.3,32143,p
P03,S01,51,down,Space,1791213847523.8,32144, 
P03,S01,51,down,KeyT,1791213847543.5,32145,t
P03,S01,51,up,KeyT,1791213847619.1,32145,t
P03,S01,51,up,Space,1791213847619.1,32144, 
P03,S01,51,down,KeyR,1791213847756.1,32146,r
P03,S01,51,down,KeyE,1791213847820.6,32147,e
P03,S01,51,up,KeyR,1791213847856.6,32146,r
P03,S01,51,down,KeyA,1791213847955,32148,a
P03,S01,51,up,KeyE,1791213847955.4,32147,e
P03,S01,51,up,KeyA,1791213848039.5,32148,a
P03,S01,51,down,KeyL,1791213848043.2,32149,l
P03,S01,51,up,KeyL,1791213848140.1,32149,l
P03,S01,51,down,KeyL,1791213848199.9,32150,l
P03,S01,51,up,KeyL,1791213848349.8,32150,l
P03,S01,51,down,Backspace,1791213848611,32151,Backspace
P03,S01,51,up,Backspace,1791213848659,32151,Backspace
P03,S01,51,down,Backspace,1791213848736.6,32152,Backspace
P03,S01,51,up,Backspace,1791213848788.4,32152,Backspace
P03,S01,51,down,Backspace,1791213848860.2,32153,Backspace
P03,S01,51,up,Backspace,1791213848911.8,32153,Backspace
P03,S01,51,down,Backspace,1791213848987.9,32154,Backspace
P03,S01,51,up,Backspace,1791213849035.5,32154,Backspace
P03,S01,51,down,Backspace,1791213849123.9,32155,Backspace
P03,S01,51,up,Backspace,1791213849168,32155,Backspace
P03,S01,51,down,Backspace,1791213849251.6,32156,Backspace
P03,S01,51,up,Backspace,1791213849302.7,32156,Backspace
P03,S01,51,down,Backspace,1791213849386.2,32157,Backspace
P03,S01,51,up,Backspace,1791213849417.9,32157,Backspace
P03,S01,51,down,KeyT,1791213849528.1,32158,t
P03,S01,51,up,KeyT,1791213849589.2,32158,t
P03,S01,51,down,Space,1791213849640.6,32159, 
P03,S01,51,up,Space,1791213849720.8,32159, 
P03,S01,51,down,KeyR,1791213849973.8,32160,r
P03,S01,51,down,KeyE,1791213850061.9,32161,e
P03,S01,51,up,KeyR,1791213850062.3,32160,r
P03,S01,51,down,KeyA,1791213850169.3,32162,a
P03,S01,51,up,KeyE,1791213850169.7,32161,e
P03,S01,51,up,KeyA,1791213850294.4,32162,a
P03,S01,51,down,KeyL,1791213850318.5,32163,l
P03,S01,51,up,KeyL,1791213850357.5,32163,l
P03,S01,51,down,KeyL,1791213850435.7,32164,l
P03,S01,51,up,KeyL,1791213850554.1,32164,l
P03,S01,51,down,KeyY,1791213850628.4,32165,y
P03,S01,51,down,Space,1791213850701.5,32166, 
P03,S01,51,up,KeyY,1791213850751.4,32165,y
P03,S01,51,up,Space,1791213850787.2,32166, 
P03,S01,51,down,KeyW,1791213850791.1,32167,w
P03,S01,51,down,KeyE,1791213850895.3,32168,e
P03,S01,51,up,KeyW,1791213850918.8,32167,w
P03,S01,51,up,KeyE,1791213850992.4,32168,e
P03,S01,51,down,KeyL,1791213851009.8,32169,l
P03,S01,51,up,KeyL,1791213851086,32169,l
P03,S01,51,down,KeyL,1791213851155.8,32170,l
P03,S01,51,up,KeyL,1791213851219.9,32170,l
P03,S01,51,down,Enter,1791213851319.5,32171,Enter
P03,S01,51,up,Enter,1791213851388.4,32171,Enter
