participant_id,session_id,sample_id,event,key_code,timestamp_ms,press_id,key
P04,S01,1,down,Period,1791212658019.6,40001,.
P04,S01,1,up,Period,1791212658118.3,40001,.
P04,S01,1,down,KeyR,1791212658841.9,40002,r
P04,S01,1,up,KeyR,1791212658907.0,40002,r
P04,S01,1,down,Backspace,1791212659337.9,40003,Backspace
P04,S01,1,up,Backspace,1791212659455.2,40003,Backspace
P04,S01,1,down,KeyT,1791212659554.2,40004,t
P04,S01,1,up,KeyT,1791212659677.7,40004,t
P04,S01,1,down,KeyI,1791212659724.5,40005,i
P04,S01,1,up,KeyI,1791212659843.4,40005,i
P04,S01,1,down,KeyE,1791212659917.8,40006,e
P04,S01,1,up,KeyE,1791212660080.5,40006,e
P04,S01,1,down,Numpad5,1791212660277.4,40007,5
P04,S01,1,up,Numpad5,1791212660424.4,40007,5
P04,S01,1,down,ShiftLeft,1791212660575.1,40008,Shift
P04,S01,1,down,KeyR,1791212660854.9,40009,R
P04,S01,1,up,KeyR,1791212660949.8,40009,R
P04,S01,1,up,ShiftLeft,1791212660963.4,40008,Shift
P04,S01,1,down,KeyO,1791212661139.7,40010,o
P04,S01,1,up,KeyO,1791212661242.5,40010,o
P04,S01,1,down,KeyA,1791212661313.7,40011,a
P04,S01,1,up,KeyA,1791212661442.7,40011,a
P04,S01,1,down,KeyN,1791212661484.6,40012,n
P04,S01,1,up,KeyN,1791212661576.9,40012,n
P04,S01,1,down,KeyL,1791212661718.4,40013,l
P04,S01,1,up,KeyL,1791212661805.4,40013,l
P04,S01,1,down,Enter,1791212663820.2,40014,Enter
P04,S01,1,up,Enter,1791212663968.4,40014,Enter
P04,S01,2,down,Comma,1791212664568.3,40015,","
P04,S01,2,up,Comma,1791212664704.4,40015,","
P04,S01,2,down,KeyT,1791212664920.7,40016,t
P04,S01,2,up,KeyT,1791212665049.9,40016,t
P04,S01,2,down,KeyI,1791212665113.9,40017,i
P04,S01,2,up,KeyI,1791212665227.2,40017,i
P04,S01,2,down,KeyE,1791212665745.9,40018,e
P04,S01,2,up,KeyE,1791212665934.7,40018,e
P04,S01,2,down,Backspace,1791212666892.9,40019,Backspace
P04,S01,2,up,Backspace,1791212666990.8,40019,Backspace
P04,S01,2,down,Backspace,1791212667056.6,40020,Backspace
P04,S01,2,up,Backspace,1791212667158.9,40020,Backspace
P04,S01,2,down,Backspace,1791212667196.6,40021,Backspace
P04,S01,2,up,Backspace,1791212667299.4,40021,Backspace
P04,S01,2,down,Backspace,1791212667332.4,40022,Backspace
P04,S01,2,up,Backspace,1791212667461.2,40022,Backspace
P04,S01,2,down,Period,1791212667759.0,40023,.
P04,S01,2,up,Period,1791212667888.8,40023,.
P04,S01,2,down,KeyT,1791212668039.9,40024,t
P04,S01,2,up,KeyT,1791212668169.7,40024,t
P04,S01,2,down,KeyI,1791212668259.7,40025,i
P04,S01,2,up,KeyI,1791212668352.2,40025,i
P04,S01,2,down,KeyE,1791212668476.5,40026,e
P04,S01,2,up,KeyE,1791212668648.8,40026,e
P04,S01,2,down,Numpad5,1791212669700.4,40027,5
P04,S01,2,up,Numpad5,1791212669832.3,40027,5
P04,S01,2,down,ShiftLeft,1791212670435.0,40028,Shift
P04,S01,2,down,KeyR,1791212670810.3,40029,R
P04,S01,2,up,KeyR,1791212670897.2,40029,R
P04,S01,2,up,ShiftLeft,1791212670908.7,40028,Shift
P04,S01,2,down,KeyO,1791212671101.4,40030,o
P04,S01,2,up,KeyO,1791212671213.7,40030,o
P04,S01,2,down,KeyA,1791212671267.2,40031,a
P04,S01,2,up,KeyA,1791212671440.4,40031,a
P04,S01,2,down,KeyN,1791212671510.5,40032,n
P04,S01,2,up,KeyN,1791212671606.8,40032,n
P04,S01,2,down,KeyL,1791212671773.3,40033,l
P04,S01,2,up,KeyL,1791212671882.0,40033,l
P04,S01,2,down,Enter,1791212672939.0,40034,Enter
P04,S01,2,up,Enter,1791212673090.9,40034,Enter
P04,S01,3,down,Comma,1791212678876.3,40035,","
P04,S01,3,up,Comma,1791212678984.0,40035,","
P04,S01,3,down,Backspace,1791212679373.5,40036,Backspace
P04,S01,3,up,Backspace,1791212679519.2,40036,Backspace
P04,S01,3,down,Period,1791212679782.9,40037,.
P04,S01,3,up,Period,1791212679929.6,40037,.
P04,S01,3,down,KeyT,1791212680057.1,40038,t
P04,S01,3,up,KeyT,1791212680199.6,40038,t
P04,S01,3,down,KeyI,1791212680213.4,40039,i
P04,S01,3,up,KeyI,1791212680332.4,40039,i
P04,S01,3,down,KeyE,1791212680492.1,40040,e
P04,S01,3,up,KeyE,1791212680659.5,40040,e
P04,S01,3,down,Numpad5,1791212681127.9,40041,5
P04,S01,3,up,Numpad5,1791212681220.0,40041,5
P04,S01,3,down,ShiftLeft,1791212681381.9,40042,Shift
P04,S01,3,down,KeyR,1791212681671.3,40043,R
P04,S01,3,up,KeyR,1791212681765.4,40043,R
P04,S01,3,up,ShiftLeft,1791212681769.0,40042,Shift
P04,S01,3,down,KeyO,1791212681990.5,40044,o
P04,S01,3,up,KeyO,1791212682110.2,40044,o
P04,S01,3,down,KeyA,1791212682143.6,40045,a
P04,S01,3,up,KeyA,1791212682289.1,40045,a
P04,S01,3,down,KeyN,1791212682343.4,40046,n
P04,S01,3,up,KeyN,1791212682443.2,40046,n
P04,S01,3,down,KeyL,1791212682578.7,40047,l
P04,S01,3,up,KeyL,1791212682682.4,40047,l
P04,S01,3,down,Enter,1791212683739.6,40048,Enter
P04,S01,3,up,Enter,1791212683858.2,40048,Enter
P04,S01,4,down,Period,1791212684608.7,40049,.
P04,S01,4,up,Period,1791212684738.8,40049,.
P04,S01,4,down,KeyT,1791212685171.7,40050,t
P04,S01,4,up,KeyT,1791212685300.5,40050,t
P04,S01,4,down,KeyI,1791212685402.7,40051,i
P04,S01,4,up,KeyI,1791212685515.0,40051,i
P04,S01,4,down,KeyE,1791212685620.9,40052,e
P04,S01,4,up,KeyE,1791212685788.7,40052,e
P04,S01,4,down,Numpad5,1791212686463.1,40053,5
P04,S01,4,up,Numpad5,1791212686599.3,40053,5
P04,S01,4,down,ShiftLeft,1791212687193.9,40054,Shift
P04,S01,4,down,KeyR,1791212687457.2,40055,R
P04,S01,4,up,ShiftLeft,1791212687538.3,40054,Shift
P04,S01,4,up,KeyR,1791212687549.2,40055,R
P04,S01,4,down,KeyO,1791212687750.9,40056,o
P04,S01,4,up,KeyO,1791212687869.8,40056,o
P04,S01,4,down,KeyA,1791212687891.4,40057,a
P04,S01,4,up,KeyA,1791212688042.4,40057,a
P04,S01,4,down,KeyN,1791212688092.7,40058,n
P04,S01,4,up,KeyN,1791212688200.7,40058,n
P04,S01,4,down,KeyL,1791212688335.4,40059,l
P04,S01,4,up,KeyL,1791212688434.6,40059,l
P04,S01,4,down,Enter,1791212688818.3,40060,Enter
P04,S01,4,up,Enter,1791212688982.4,40060,Enter
P04,S01,5,down,Period,1791212689536.0,40061,.
P04,S01,5,up,Period,1791212689676.0,40061,.
P04,S01,5,down,KeyT,1791212689859.6,40062,t
P04,S01,5,up,KeyT,1791212689994.5,40062,t
P04,S01,5,down,KeyI,1791212690071.8,40063,i
P04,S01,5,up,KeyI,1791212690180.0,40063,i
P04,S01,5,down,KeyE,1791212690327.3,40064,e
P04,S01,5,up,KeyE,1791212690490.0,40064,e
P04,S01,5,down,Numpad5,1791212691125.9,40065,5
P04,S01,5,up,Numpad5,1791212691288.6,40065,5
P04,S01,5,down,ShiftLeft,1791212692149.9,40066,Shift
P04,S01,5,down,KeyR,1791212692384.2,40067,R
P04,S01,5,up,KeyR,1791212692471.1,40067,R
P04,S01,5,up,ShiftLeft,1791212692500.1,40066,Shift
P04,S01,5,down,KeyO,1791212692693.0,40068,o
P04,S01,5,up,KeyO,1791212692812.7,40068,o
P04,S01,5,down,KeyA,1791212692849.8,40069,a
P04,S01,5,up,KeyA,1791212693022.9,40069,a
P04,S01,5,down,KeyN,1791212693032.5,40070,n
P04,S01,5,up,KeyN,1791212693130.5,40070,n
P04,S01,5,down,KeyL,1791212693277.9,40071,l
P04,S01,5,up,KeyL,1791212693376.2,40071,l
P04,S01,5,down,Enter,1791212693814.6,40072,Enter
P04,S01,5,up,Enter,1791212693971.0,40072,Enter
P04,S01,6,down,Period,1791212694589.0,40073,.
P04,S01,6,up,Period,1791212694707.6,40073,.
P04,S01,6,down,KeyT,1791212695505.0,40074,t
P04,S01,6,up,KeyT,1791212695661.7,40074,t
P04,S01,6,down,KeyI,1791212696117.8,40075,i
P04,S01,6,up,KeyI,1791212696221.2,40075,i
P04,S01,6,down,KeyE,1791212696508.3,40076,e
P04,S01,6,up,KeyE,1791212696680.5,40076,e
P04,S01,6,down,Numpad5,1791212696689.5,40077,5
P04,S01,6,up,Numpad5,1791212696858.3,40077,5
P04,S01,6,down,ShiftLeft,1791212697157.8,40078,Shift
P04,S01,6,down,KeyR,1791212697556.0,40079,R
P04,S01,6,up,KeyR,1791212697653.0,40079,R
P04,S01,6,up,ShiftLeft,1791212697722.2,40078,Shift
P04,S01,6,down,KeyO,1791212698389.9,40080,o
P04,S01,6,up,KeyO,1791212698524.9,40080,o
P04,S01,6,down,KeyA,1791212698554.6,40081,a
P04,S01,6,down,KeyN,1791212698710.3,40082,n
P04,S01,6,up,KeyA,1791212698717.7,40081,a
P04,S01,6,up,KeyN,1791212698823.9,40082,n
P04,S01,6,down,KeyL,1791212698991.5,40083,l
P04,S01,6,up,KeyL,1791212699106.4,40083,l
P04,S01,6,down,Enter,1791212699455.0,40084,Enter
P04,S01,6,up,Enter,1791212699626.9,40084,Enter
P04,S01,7,down,Period,1791212700858.6,40085,.
P04,S01,7,up,Period,1791212700982.4,40085,.
P04,S01,7,down,KeyT,1791212701898.9,40086,t
P04,S01,7,up,KeyT,1791212702050.8,40086,t
P04,S01,7,down,KeyI,1791212702145.6,40087,i
P04,S01,7,up,KeyI,1791212702269.0,40087,i
P04,S01,7,down,KeyE,1791212702337.7,40088,e
P04,S01,7,up,KeyE,1791212702500.0,40088,e
P04,S01,7,down,Numpad5,1791212702838.9,40089,5
P04,S01,7,up,Numpad5,1791212702968.6,40089,5
P04,S01,7,down,ShiftLeft,1791212703165.6,40090,Shift
P04,S01,7,down,KeyR,1791212703444.6,40091,R
P04,S01,7,up,KeyR,1791212703523.4,40091,R
P04,S01,7,up,ShiftLeft,1791212703568.9,40090,Shift
P04,S01,7,down,KeyO,1791212703754.3,40092,o
P04,S01,7,up,KeyO,1791212703873.1,40092,o
P04,S01,7,down,KeyA,1791212703960.2,40093,a
P04,S01,7,down,KeyN,1791212704141.4,40094,n
P04,S01,7,up,KeyA,1791212704143.2,40093,a
P04,S01,7,up,KeyN,1791212704244.3,40094,n
P04,S01,7,down,KeyL,1791212704381.1,40095,l
P04,S01,7,up,KeyL,1791212704483.4,40095,l
P04,S01,7,down,Enter,1791212705335.7,40096,Enter
P04,S01,7,up,Enter,1791212705445.4,40096,Enter
P04,S01,8,down,Period,1791212705858.9,40097,.
P04,S01,8,up,Period,1791212705979.3,40097,.
P04,S01,8,down,KeyT,1791212706385.1,40098,t
P04,S01,8,up,KeyT,1791212706514.8,40098,t
P04,S01,8,down,KeyI,1791212706532.1,40099,i
P04,S01,8,up,KeyI,1791212706635.4,40099,i
P04,S01,8,down,KeyR,1791212706894.8,40100,r
P04,S01,8,up,KeyR,1791212706992.7,40100,r
P04,S01,8,down,Backspace,1791212707320.3,40101,Backspace
P04,S01,8,up,Backspace,1791212707470.8,40101,Backspace
P04,S01,8,down,KeyE,1791212707522.0,40102,e
P04,S01,8,up,KeyE,1791212707678.4,40102,e
P04,S01,8,down,Numpad5,1791212708113.4,40103,5
P04,S01,8,up,Numpad5,1791212708296.0,40103,5
P04,S01,8,down,ShiftLeft,1791212708482.0,40104,Shift
P04,S01,8,down,KeyR,1791212708691.1,40105,R
P04,S01,8,up,KeyR,1791212708793.7,40105,R
P04,S01,8,up,ShiftLeft,1791212708820.1,40104,Shift
P04,S01,8,down,KeyO,1791212709013.8,40106,o
P04,S01,8,up,KeyO,1791212709149.9,40106,o
P04,S01,8,down,KeyA,1791212709326.5,40107,a
P04,S01,8,up,KeyA,1791212709476.8,40107,a
P04,S01,8,down,KeyN,1791212709581.0,40108,n
P04,S01,8,up,KeyN,1791212709678.7,40108,n
P04,S01,8,down,KeyL,1791212709883.5,40109,l
P04,S01,8,up,KeyL,1791212709975.9,40109,l
P04,S01,8,down,Enter,1791212710469.1,40110,Enter
P04,S01,8,up,Enter,1791212710542.7,40110,Enter
P04,S01,9,down,KeyT,1791212729518.6,40111,t
P04,S01,9,up,KeyT,1791212729648.5,40111,t
P04,S01,9,down,KeyI,1791212729685.9,40112,i
P04,S01,9,up,KeyI,1791212729783.3,40112,i
P04,S01,9,down,KeyE,1791212730177.2,40113,e
P04,S01,9,up,KeyE,1791212730333.4,40113,e
P04,S01,9,down,Numpad5,1791212730790.3,40114,5
P04,S01,9,up,Numpad5,1791212730882.5,40114,5
P04,S01,9,down,ShiftLeft,1791212731064.6,40115,Shift
P04,S01,9,down,KeyR,1791212731445.8,40116,R
P04,S01,9,up,KeyR,1791212731534.3,40116,R
P04,S01,9,up,ShiftLeft,1791212731596.8,40115,Shift
P04,S01,9,down,KeyO,1791212731798.5,40117,o
P04,S01,9,up,KeyO,1791212731917.3,40117,o
P04,S01,9,down,KeyA,1791212731951.2,40118,a
P04,S01,9,up,KeyA,1791212732101.8,40118,a
P04,S01,9,down,KeyN,1791212732152.1,40119,n
P04,S01,9,up,KeyN,1791212732250.4,40119,n
P04,S01,9,down,KeyL,1791212732496.6,40120,l
P04,S01,9,up,KeyL,1791212732594.9,40120,l
P04,S01,9,down,Enter,1791212733409.0,40121,Enter
P04,S01,9,up,Enter,1791212733553.8,40121,Enter
P04,S01,10,down,Period,1791212733927.6,40122,.
P04,S01,10,up,Period,1791212734057.6,40122,.
P04,S01,10,down,KeyT,1791212734214.9,40123,t
P04,S01,10,up,KeyT,1791212734365.7,40123,t
P04,S01,10,down,KeyI,1791212734546.6,40124,i
P04,S01,10,up,KeyI,1791212734654.2,40124,i
P04,S01,10,down,KeyE,1791212734899.9,40125,e
P04,S01,10,up,KeyE,1791212735063.3,40125,e
P04,S01,10,down,Numpad5,1791212735403.7,40126,5
P04,S01,10,up,Numpad5,1791212735533.3,40126,5
P04,S01,10,down,ShiftLeft,1791212735694.5,40127,Shift
P04,S01,10,down,KeyR,1791212735999.4,40128,R
P04,S01,10,up,KeyR,1791212736092.6,40128,R
P04,S01,10,up,ShiftLeft,1791212736103.6,40127,Shift
P04,S01,10,down,KeyO,1791212736301.4,40129,o
P04,S01,10,up,KeyO,1791212736409.8,40129,o
P04,S01,10,down,KeyA,1791212736440.9,40130,a
P04,S01,10,up,KeyA,1791212736608.2,40130,a
P04,S01,10,down,KeyN,1791212736618.1,40131,n
P04,S01,10,up,KeyN,1791212736710.2,40131,n
P04,S01,10,down,KeyL,1791212736858.1,40132,l
P04,S01,10,up,KeyL,1791212736946.4,40132,l
P04,S01,10,down,KeyO,1791212762829.3,40133,o
P04,S01,10,up,KeyO,1791212762926.5,40133,o
P04,S01,10,down,KeyK,1791212762984.3,40134,k
P04,S01,10,down,KeyA,1791212763086.1,40135,a
P04,S01,10,up,KeyK,1791212763092.2,40134,k
P04,S01,10,up,KeyA,1791212763253.9,40135,a
P04,S01,10,down,KeyY,1791212763320.4,40136,y
P04,S01,10,up,KeyY,1791212763417.6,40136,y
P04,S01,10,down,Space,1791212763541.9,40137, 
P04,S01,10,up,Space,1791212763630.2,40137, 
P04,S01,10,down,KeyL,1791212764016.8,40138,l
P04,S01,10,up,KeyL,1791212764130.5,40138,l
P04,S01,10,down,KeyE,1791212764169.6,40139,e
P04,S01,10,up,KeyE,1791212764316.3,40139,e
P04,S01,10,down,KeyT,1791212764358.0,40140,t
P04,S01,10,up,KeyT,1791212764454.6,40140,t
P04,S01,10,down,KeyS,1791212764495.5,40141,s
P04,S01,10,down,Space,1791212764656.7,40142, 
P04,S01,10,up,KeyS,1791212764664.1,40141,s
P04,S01,10,up,Space,1791212764765.3,40142, 
P04,S01,10,down,KeyT,1791212765276.6,40143,t
P04,S01,10,up,KeyT,1791212765395.3,40143,t
P04,S01,10,down,KeyA,1791212765432.4,40144,a
P04,S01,10,up,KeyA,1791212765595.3,40144,a
P04,S01,10,down,KeyL,1791212765668.8,40145,l
P04,S01,10,up,KeyL,1791212765788.9,40145,l
P04,S01,10,down,KeyK,1791212765895.2,40146,k
P04,S01,10,up,KeyK,1791212765993.5,40146,k
P04,S01,10,down,Space,1791212766087.5,40147, 
P04,S01,10,up,Space,1791212766183.4,40147, 
P04,S01,10,down,KeyA,1791212766216.3,40148,a
P04,S01,10,down,Space,1791212766302.7,40149, 
P04,S01,10,up,KeyA,1791212766383.5,40148,a
P04,S01,10,up,Space,1791212766390.0,40149, 
P04,S01,10,down,KeyB,1791212766468.7,40150,b
P04,S01,10,up,KeyB,1791212766563.4,40150,b
P04,S01,10,down,KeyI,1791212766684.2,40151,i
P04,S01,10,up,KeyI,1791212766793.3,40151,i
P04,S01,10,down,KeyT,1791212766947.8,40152,t
P04,S01,10,up,KeyT,1791212767060.8,40152,t
P04,S01,10,down,Space,1791212767101.6,40153, 
P04,S01,10,up,Space,1791212767210.1,40153, 
P04,S01,10,down,KeyA,1791212767291.5,40154,a
P04,S01,10,up,KeyA,1791212767448.3,40154,a
P04,S01,10,down,KeyB,1791212767665.9,40155,b
P04,S01,10,up,KeyB,1791212767762.6,40155,b
P04,S01,10,down,KeyO,1791212767895.8,40156,o
P04,S01,10,up,KeyO,1791212768003.7,40156,o
P04,S01,10,down,KeyU,1791212768078.6,40157,u
P04,S01,10,up,KeyU,1791212768182.1,40157,u
P04,S01,10,down,KeyT,1791212768297.4,40158,t
P04,S01,10,up,KeyT,1791212768427.3,40158,t
P04,S01,10,down,Space,1791212768431.9,40159, 
P04,S01,10,up,Space,1791212768529.3,40159, 
P04,S01,10,down,KeyS,1791212768952.0,40160,s
P04,S01,10,down,KeyO,1791212769080.6,40161,o
P04,S01,10,up,KeyS,1791212769115.9,40160,s
P04,S01,10,up,KeyO,1791212769167.0,40161,o
P04,S01,10,down,KeyM,1791212769331.3,40162,m
P04,S01,10,up,KeyM,1791212769428.2,40162,m
P04,S01,10,down,KeyE,1791212769484.4,40163,e
P04,S01,10,up,KeyE,1791212769588.0,40163,e
P04,S01,10,down,KeyT,1791212769714.2,40164,t
P04,S01,10,up,KeyT,1791212769844.3,40164,t
P04,S01,10,down,KeyH,1791212769861.4,40165,h
P04,S01,10,up,KeyH,1791212769936.8,40165,h
P04,S01,10,down,KeyI,1791212770032.8,40166,i
P04,S01,10,up,KeyI,1791212770130.0,40166,i
P04,S01,10,down,KeyN,1791212770233.9,40167,n
P04,S01,10,up,KeyN,1791212770326.7,40167,n
P04,S01,10,down,KeyG,1791212770904.8,40168,g
P04,S01,10,up,KeyG,1791212770990.8,40168,g
P04,S01,10,down,Enter,1791212771272.6,40169,Enter
P04,S01,10,up,Enter,1791212771390.9,40169,Enter
P04,S01,11,down,KeyM,1791212775341.2,40170,m
P04,S01,11,up,KeyM,1791212775454.2,40170,m
P04,S01,11,down,KeyA,1791212775556.6,40171,a
P04,S01,11,up,KeyA,1791212775707.3,40171,a
P04,S01,11,down,KeyG,1791212775750.1,40172,g
P04,S01,11,up,KeyG,1791212775875.4,40172,g
P04,S01,11,down,KeyE,1791212775909.2,40173,e
P04,S01,11,down,Space,1791212776027.1,40174, 
P04,S01,11,up,KeyE,1791212776029.4,40173,e
P04,S01,11,up,Space,1791212776130.3,40174, 
P04,S01,11,down,KeyA,1791212776204.6,40175,a
P04,S01,11,down,Space,1791212776229.7,40176, 
P04,S01,11,up,Space,1791212776322.0,40176, 
P04,S01,11,up,KeyA,1791212776349.1,40175,a
P04,S01,11,down,KeyT,1791212776581.1,40177,t
P04,S01,11,up,KeyT,1791212776744.0,40177,t
P04,S01,11,down,KeyI,1791212776773.1,40178,i
P04,S01,11,up,KeyI,1791212776859.9,40178,i
P04,S01,11,down,Backspace,1791212777380.8,40179,Backspace
P04,S01,11,up,Backspace,1791212777488.4,40179,Backspace
P04,S01,11,down,KeyO,1791212777630.4,40180,o
P04,S01,11,up,KeyO,1791212777737.9,40180,o
P04,S01,11,down,KeyP,1791212777785.5,40181,p
P04,S01,11,up,KeyP,1791212777904.2,40181,p
P04,S01,11,down,KeyI,1791212778043.7,40182,i
P04,S01,11,up,KeyI,1791212778157.2,40182,i
P04,S01,11,down,KeyC,1791212778299.2,40183,c
P04,S01,11,up,KeyC,1791212778449.9,40183,c
P04,S01,11,down,Space,1791212778469.5,40184, 
P04,S01,11,up,Space,1791212778582.8,40184, 
P04,S01,11,down,KeyJ,1791212779066.3,40185,j
P04,S01,11,up,KeyJ,1791212779173.8,40185,j
P04,S01,11,down,KeyU,1791212779238.7,40186,u
P04,S01,11,up,KeyU,1791212779353.0,40186,u
P04,S01,11,down,KeyS,1791212779389.5,40187,s
P04,S01,11,up,KeyS,1791212779540.7,40187,s
P04,S01,11,down,KeyT,1791212779544.6,40188,t
P04,S01,11,up,KeyT,1791212779642.9,40188,t
P04,S01,11,down,Space,1791212779771.2,40189, 
P04,S01,11,up,Space,1791212779858.6,40189, 
P04,S01,11,down,KeyT,1791212779981.5,40190,t
P04,S01,11,up,KeyT,1791212780111.3,40190,t
P04,S01,11,down,KeyO,1791212780115.4,40191,o
P04,S01,11,up,KeyO,1791212780239.7,40191,o
P04,S01,11,down,Space,1791212780345.1,40192, 
P04,S01,11,up,Space,1791212780437.5,40192, 
P04,S01,11,down,KeyH,1791212780505.9,40193,h
P04,S01,11,down,KeyA,1791212780576.1,40194,a
P04,S01,11,up,KeyH,1791212780604.3,40193,h
P04,S01,11,up,KeyA,1791212780732.9,40194,a
P04,S01,11,down,KeyV,1791212780736.4,40195,v
P04,S01,11,up,KeyV,1791212780841.3,40195,v
P04,S01,11,down,KeyE,1791212780895.7,40196,e
P04,S01,11,down,Space,1791212780953.6,40197, 
P04,S01,11,up,KeyE,1791212781035.5,40196,e
P04,S01,11,up,Space,1791212781067.5,40197, 
P04,S01,11,down,KeyF,1791212781277.5,40198,f
P04,S01,11,down,KeyU,1791212781433.5,40199,u
P04,S01,11,up,KeyF,1791212781461.5,40198,f
P04,S01,11,up,KeyU,1791212781520.9,40199,u
P04,S01,11,down,KeyN,1791212781608.9,40200,n
P04,S01,11,up,KeyN,1791212781706.5,40200,n
P04,S01,11,down,Enter,1791212781816.0,40201,Enter
P04,S01,11,up,Enter,1791212781962.3,40201,Enter
P04,S01,12,down,KeyH,1791212795982.1,40202,h
P04,S01,12,up,KeyH,1791212796074.4,40202,h
P04,S01,12,down,Space,1791212796175.6,40203, 
P04,S01,12,up,Space,1791212796277.8,40203, 
P04,S01,12,down,KeyG,1791212796671.2,40204,g
P04,S01,12,down,KeyO,1791212796779.8,40205,o
P04,S01,12,up,KeyG,1791212796784.7,40204,g
P04,S01,12,up,KeyO,1791212796893.3,40205,o
P04,S01,12,down,KeyF,1791212797176.5,40206,f
P04,S01,12,up,KeyF,1791212797285.1,40206,f
P04,S01,12,down,Backspace,1791212797814.1,40207,Backspace
P04,S01,12,up,Backspace,1791212797954.4,40207,Backspace
P04,S01,12,down,KeyG,1791212798194.7,40208,g
P04,S01,12,up,KeyG,1791212798313.6,40208,g
P04,S01,12,down,Space,1791212798428.7,40209, 
P04,S01,12,up,Space,1791212798525.7,40209, 
P04,S01,12,down,KeyC,1791212798640.1,40210,c
P04,S01,12,down,KeyO,1791212798763.7,40211,o
P04,S01,12,up,KeyC,1791212798775.9,40210,c
P04,S01,12,up,KeyO,1791212798882.2,40211,o
P04,S01,12,down,KeyM,1791212798996.8,40212,m
P04,S01,12,up,KeyM,1791212799094.0,40212,m
P04,S01,12,down,KeyU,1791212799187.1,40213,u
P04,S01,12,up,KeyU,1791212799283.9,40213,u
P04,S01,12,down,KeyU,1791212799330.3,40214,u
P04,S01,12,up,KeyU,1791212799423.5,40214,u
P04,S01,12,down,KeyU,1791212799466.2,40215,u
P04,S01,12,up,KeyU,1791212799563.0,40215,u
P04,S01,12,down,KeyU,1791212799607.9,40216,u
P04,S01,12,up,KeyU,1791212799700.4,40216,u
P04,S01,12,down,KeyU,1791212799747.5,40217,u
P04,S01,12,up,KeyU,1791212799839.9,40217,u
P04,S01,12,down,KeyU,1791212799884.3,40218,u
P04,S01,12,up,KeyU,1791212799970.1,40218,u
P04,S01,12,down,KeyU,1791212800012.4,40219,u
P04,S01,12,up,KeyU,1791212800120.9,40219,u
P04,S01,12,down,KeyN,1791212800275.7,40220,n
P04,S01,12,up,KeyN,1791212800373.9,40220,n
P04,S01,12,down,Space,1791212800472.8,40221, 
P04,S01,12,up,Space,1791212800570.3,40221, 
P04,S01,12,down,KeyT,1791212800830.3,40222,t
P04,S01,12,up,KeyT,1791212800928.1,40222,t
P04,S01,12,down,KeyH,1791212801023.9,40223,h
P04,S01,12,up,KeyH,1791212801132.4,40223,h
P04,S01,12,down,KeyA,1791212801181.1,40224,a
P04,S01,12,down,KeyT,1791212801319.7,40225,t
P04,S01,12,up,KeyA,1791212801340.9,40224,a
P04,S01,12,up,KeyT,1791212801416.9,40225,t
P04,S01,12,down,KeyS,1791212802288.9,40226,s
P04,S01,12,up,KeyS,1791212802388.2,40226,s
P04,S01,12,down,Space,1791212802396.5,40227, 
P04,S01,12,up,Space,1791212802499.2,40227, 
P04,S01,12,down,KeyC,1791212802796.3,40228,c
P04,S01,12,up,KeyC,1791212802888.8,40228,c
P04,S01,12,down,KeyR,1791212802976.1,40229,r
P04,S01,12,up,KeyR,1791212803073.1,40229,r
P04,S01,12,down,KeyA,1791212803137.5,40230,a
P04,S01,12,up,KeyA,1791212803277.7,40230,a
P04,S01,12,down,KeyZ,1791212803451.3,40231,z
P04,S01,12,up,KeyZ,1791212803591.6,40231,z
P04,S01,12,down,KeyY,1791212803596.5,40232,y
P04,S01,12,up,KeyY,1791212803699.5,40232,y
P04,S01,12,down,Enter,1791212804154.5,40233,Enter
P04,S01,12,up,Enter,1791212804251.1,40233,Enter
P04,S01,13,down,KeyI,1791212808372.2,40234,i
P04,S01,13,up,KeyI,1791212808502.4,40234,i
P04,S01,13,down,KeyM,1791212808667.7,40235,m
P04,S01,13,up,KeyM,1791212808759.0,40235,m
P04,S01,13,down,Space,1791212808853.5,40236, 
P04,S01,13,up,Space,1791212808951.8,40236, 
P04,S01,13,down,KeyN,1791212810335.1,40237,n
P04,S01,13,up,KeyN,1791212810449.0,40237,n
P04,S01,13,down,KeyO,1791212811184.4,40238,o
P04,S01,13,up,KeyO,1791212811286.1,40238,o
P04,S01,13,down,KeyT,1791212811465.5,40239,t
P04,S01,13,up,KeyT,1791212811579.2,40239,t
P04,S01,13,down,Space,1791212811665.6,40240, 
P04,S01,13,up,Space,1791212811774.3,40240, 
P04,S01,13,down,KeyR,1791212811954.5,40241,r
P04,S01,13,up,KeyR,1791212812095.4,40241,r
P04,S01,13,down,KeyA,1791212812488.1,40242,a
P04,S01,13,up,KeyA,1791212812643.3,40242,a
P04,S01,13,down,KeyD,1791212812833.2,40243,d
P04,S01,13,up,KeyD,1791212812984.7,40243,d
P04,S01,13,down,Backspace,1791212817850.1,40244,Backspace
P04,S01,13,up,Backspace,1791212818022.5,40244,Backspace
P04,S01,13,down,KeyE,1791212818074.3,40245,e
P04,S01,13,up,KeyE,1791212818210.7,40245,e
P04,S01,13,down,KeyA,1791212818285.8,40246,a
P04,S01,13,up,KeyA,1791212818449.4,40246,a
P04,S01,13,down,KeyD,1791212818452.8,40247,d
P04,S01,13,up,KeyD,1791212818565.7,40247,d
P04,S01,13,down,KeyZ,1791212818909.1,40248,z
P04,S01,13,up,KeyZ,1791212819136.8,40248,z
P04,S01,13,down,Backspace,1791212822048.3,40249,Backspace
P04,S01,13,up,Backspace,1791212822171.3,40249,Backspace
P04,S01,13,down,KeyY,1791212822359.4,40250,y
P04,S01,13,up,KeyY,1791212822499.1,40250,y
P04,S01,13,down,Space,1791212822531.0,40251, 
P04,S01,13,up,Space,1791212822639.7,40251, 
P04,S01,13,down,KeyT,1791212822927.2,40252,t
P04,S01,13,up,KeyT,1791212823063.0,40252,t
P04,S01,13,down,KeyO,1791212823130.7,40253,o
P04,S01,13,up,KeyO,1791212823232.5,40253,o
P04,S01,13,down,Space,1791212823339.3,40254, 
P04,S01,13,up,Space,1791212823436.6,40254, 
P04,S01,13,down,KeyT,1791212823568.4,40255,t
P04,S01,13,up,KeyT,1791212823671.1,40255,t
P04,S01,13,down,KeyA,1791212823753.3,40256,a
P04,S01,13,up,KeyA,1791212823883.6,40256,a
P04,S01,13,down,KeyL,1791212823976.2,40257,l
P04,S01,13,up,KeyL,1791212824074.6,40257,l
P04,S01,13,down,KeyK,1791212824282.2,40258,k
P04,S01,13,up,KeyK,1791212824362.6,40258,k
P04,S01,13,down,Space,1791212831220.9,40259, 
P04,S01,13,up,Space,1791212831372.8,40259, 
P04,S01,13,down,KeyA,1791212831757.3,40260,a
P04,S01,13,up,KeyA,1791212831914.3,40260,a
P04,S01,13,down,KeyB,1791212831929.0,40261,b
P04,S01,13,up,KeyB,1791212832038.5,40261,b
P04,S01,13,down,KeyO,1791212832209.4,40262,o
P04,S01,13,up,KeyO,1791212832349.6,40262,o
P04,S01,13,down,KeyU,1791212833045.8,40263,u
P04,S01,13,up,KeyU,1791212833144.9,40263,u
P04,S01,13,down,KeyT,1791212833276.8,40264,t
P04,S01,13,up,KeyT,1791212833385.5,40264,t
P04,S01,13,down,Space,1791212833404.6,40265, 
P04,S01,13,up,Space,1791212833511.7,40265, 
P04,S01,13,down,KeyI,1791212833787.2,40266,i
P04,S01,13,up,KeyI,1791212833906.9,40266,i
P04,S01,13,down,KeyT,1791212834029.6,40267,t
P04,S01,13,up,KeyT,1791212834203.1,40267,t
P04,S01,13,down,Space,1791212834212.4,40268, 
P04,S01,13,up,Space,1791212834337.0,40268, 
P04,S01,13,down,Enter,1791212837333.5,40269,Enter
P04,S01,13,up,Enter,1791212837499.8,40269,Enter
P04,S01,14,down,KeyE,1791212844089.9,40270,e
P04,S01,14,up,KeyE,1791212844224.4,40270,e
P04,S01,14,down,KeyS,1791212844263.5,40271,s
P04,S01,14,up,KeyS,1791212844424.9,40271,s
P04,S01,14,down,Space,1791212844450.1,40272, 
P04,S01,14,up,Space,1791212844574.5,40272, 
P04,S01,14,down,KeyI,1791212844759.6,40273,i
P04,S01,14,up,KeyI,1791212844879.4,40273,i
P04,S01,14,down,Space,1791212844986.4,40274, 
P04,S01,14,up,Space,1791212845096.0,40274, 
P04,S01,14,down,KeyW,1791212845168.1,40275,w
P04,S01,14,down,KeyO,1791212845324.2,40276,o
P04,S01,14,up,KeyW,1791212845367.7,40275,w
P04,S01,14,up,KeyO,1791212845447.9,40276,o
P04,S01,14,down,KeyU,1791212845569.8,40277,u
P04,S01,14,up,KeyU,1791212845661.4,40277,u
P04,S01,14,down,KeyL,1791212845806.1,40278,l
P04,S01,14,up,KeyL,1791212845940.6,40278,l
P04,S01,14,down,KeyF,1791212846321.1,40279,f
P04,S01,14,up,KeyF,1791212846457.6,40279,f
P04,S01,14,down,Space,1791212846467.3,40280, 
P04,S01,14,up,Space,1791212846563.6,40280, 
P04,S01,14,down,KeyL,1791212846721.3,40281,l
P04,S01,14,up,KeyL,1791212846847.7,40281,l
P04,S01,14,down,KeyI,1791212846917.0,40282,i
P04,S01,14,up,KeyI,1791212847020.8,40282,i
P04,S01,14,down,KeyK,1791212847096.5,40283,k
P04,S01,14,up,KeyK,1791212847199.2,40283,k
P04,S01,14,down,KeyE,1791212847244.9,40284,e
P04,S01,14,down,Space,1791212847351.9,40285, 
P04,S01,14,up,KeyE,1791212847385.4,40284,e
P04,S01,14,up,Space,1791212847471.6,40285, 
P04,S01,14,down,KeyT,1791212847611.0,40286,t
P04,S01,14,down,KeyO,1791212847717.4,40287,o
P04,S01,14,up,KeyT,1791212847728.1,40286,t
P04,S01,14,up,KeyO,1791212847835.8,40287,o
P04,S01,14,down,Space,1791212847957.4,40288, 
P04,S01,14,up,Space,1791212848103.5,40288, 
P04,S01,14,down,KeyD,1791212848270.4,40289,d
P04,S01,14,down,KeyI,1791212848398.8,40290,i
P04,S01,14,up,KeyD,1791212848415.8,40289,d
P04,S01,14,up,KeyI,1791212848507.1,40290,i
P04,S01,14,down,KeyS,1791212848622.9,40291,s
P04,S01,14,up,KeyS,1791212848720.2,40291,s
P04,S01,14,down,KeyC,1791212848907.7,40292,c
P04,S01,14,up,KeyC,1791212848991.8,40292,c
P04,S01,14,down,KeyU,1791212849158.3,40293,u
P04,S01,14,up,KeyU,1791212849281.5,40293,u
P04,S01,14,down,KeyS,1791212849335.8,40294,s
P04,S01,14,up,KeyS,1791212849439.2,40294,s
P04,S01,14,down,KeyS,1791212849554.3,40295,s
P04,S01,14,up,KeyS,1791212849678.6,40295,s
P04,S01,14,down,Space,1791212849829.0,40296, 
P04,S01,14,up,Space,1791212849932.3,40296, 
P04,S01,14,down,KeyS,1791212850315.6,40297,s
P04,S01,14,up,KeyS,1791212850446.1,40297,s
P04,S01,14,down,KeyO,1791212850449.7,40298,o
P04,S01,14,up,KeyO,1791212850585.6,40298,o
P04,S01,14,down,KeyM,1791212850698.9,40299,m
P04,S01,14,up,KeyM,1791212850807.7,40299,m
P04,S01,14,down,KeyT,1791212851411.2,40300,t
P04,S01,14,up,KeyT,1791212851534.8,40300,t
P04,S01,14,down,KeyH,1791212851565.2,40301,h
P04,S01,14,up,KeyH,1791212851668.3,40301,h
P04,S01,14,down,Space,1791212851741.1,40302, 
P04,S01,14,up,Space,1791212851853.9,40302, 
P04,S01,14,down,KeyM,1791212852454.1,40303,m
P04,S01,14,up,KeyM,1791212852551.1,40303,m
P04,S01,14,down,KeyO,1791212852623.9,40304,o
P04,S01,14,up,KeyO,1791212852725.9,40304,o
P04,S01,14,down,KeyR,1791212852839.0,40305,r
P04,S01,14,up,KeyR,1791212852946.0,40305,r
P04,S01,14,down,KeyE,1791212853032.2,40306,e
P04,S01,14,down,Space,1791212853112.9,40307, 
P04,S01,14,up,KeyE,1791212853150.7,40306,e
P04,S01,14,up,Space,1791212853227.3,40307, 
P04,S01,14,down,KeyB,1791212853317.1,40308,b
P04,S01,14,up,KeyB,1791212853420.1,40308,b
P04,S01,14,down,KeyA,1791212853461.8,40309,a
P04,S01,14,up,KeyA,1791212853584.7,40309,a
P04,S01,14,down,KeyS,1791212854526.9,40310,s
P04,S01,14,up,KeyS,1791212854646.1,40310,s
P04,S01,14,down,KeyI,1791212854902.4,40311,i
P04,S01,14,up,KeyI,1791212855053.8,40311,i
P04,S01,14,down,KeyC,1791212855132.8,40312,c
P04,S01,14,up,KeyC,1791212855312.2,40312,c
P04,S01,14,down,Enter,1791212855429.7,40313,Enter
P04,S01,14,up,Enter,1791212855596.1,40313,Enter
P04,S01,15,down,KeyM,1791212863771.0,40314,m
P04,S01,15,up,KeyM,1791212863867.8,40314,m
P04,S01,15,down,KeyM,1791212863913.5,40315,m
P04,S01,15,up,KeyM,1791212864011.9,40315,m
P04,S01,15,down,KeyM,1791212864052.7,40316,m
P04,S01,15,up,KeyM,1791212864144.9,40316,m
P04,S01,15,down,KeyM,1791212864187.4,40317,m
P04,S01,15,up,KeyM,1791212864273.5,40317,m
P04,S01,15,down,Space,1791212864382.5,40318, 
P04,S01,15,up,Space,1791212864486.3,40318, 
P04,S01,15,down,KeyI,1791212864608.9,40319,i
P04,S01,15,up,KeyI,1791212864706.3,40319,i
P04,S01,15,down,KeyT,1791212864825.2,40320,t
P04,S01,15,up,KeyT,1791212864923.1,40320,t
P04,S01,15,down,KeyA,1791212865320.6,40321,a
P04,S01,15,up,KeyA,1791212865467.3,40321,a
P04,S01,15,down,KeyL,1791212865476.0,40322,l
P04,S01,15,up,KeyL,1791212865590.8,40322,l
P04,S01,15,down,KeyI,1791212865658.3,40323,i
P04,S01,15,up,KeyI,1791212865766.9,40323,i
P04,S01,15,down,KeyN,1791212866155.8,40324,n
P04,S01,15,up,KeyN,1791212866232.2,40324,n
P04,S01,15,down,Space,1791212866314.7,40325, 
P04,S01,15,up,Space,1791212866415.8,40325, 
P04,S01,15,down,KeyF,1791212866583.6,40326,f
P04,S01,15,down,KeyO,1791212866706.0,40327,o
P04,S01,15,up,KeyF,1791212866754.7,40326,f
P04,S01,15,up,KeyO,1791212866819.3,40327,o
P04,S01,15,down,KeyR,1791212866897.2,40328,r
P04,S01,15,up,KeyR,1791212867022.7,40328,r
P04,S01,15,down,Space,1791212867393.9,40329, 
P04,S01,15,up,Space,1791212867512.4,40329, 
P04,S01,15,down,KeyS,1791212867561.8,40330,s
P04,S01,15,up,KeyS,1791212867702.4,40330,s
P04,S01,15,down,KeyU,1791212867707.4,40331,u
P04,S01,15,up,KeyU,1791212867804.4,40331,u
P04,S01,15,down,KeyR,1791212867920.1,40332,r
P04,S01,15,up,KeyR,1791212868027.1,40332,r
P04,S01,15,down,KeyE,1791212868113.7,40333,e
P04,S01,15,up,KeyE,1791212868249.6,40333,e
P04,S01,15,down,Enter,1791212868473.4,40334,Enter
P04,S01,15,up,Enter,1791212868618.4,40334,Enter
P04,S01,16,down,Backspace,1791212874614.9,40335,Backspace
P04,S01,16,up,Backspace,1791212874761.2,40335,Backspace
P04,S01,16,down,KeyP,1791212874936.9,40336,p
P04,S01,16,up,KeyP,1791212875001.2,40336,p
P04,S01,16,down,KeyA,1791212875049.0,40337,a
P04,S01,16,up,KeyA,1791212875179.6,40337,a
P04,S01,16,down,KeyS,1791212875259.6,40338,s
P04,S01,16,up,KeyS,1791212875395.6,40338,s
P04,S01,16,down,KeyT,1791212875589.1,40339,t
P04,S01,16,up,KeyT,1791212875740.6,40339,t
P04,S01,16,down,KeyA,1791212875973.5,40340,a
P04,S01,16,up,KeyA,1791212876113.7,40340,a
P04,S01,16,down,Space,1791212876180.2,40341, 
P04,S01,16,up,Space,1791212876283.1,40341, 
P04,S01,16,down,KeyF,1791212876515.7,40342,f
P04,S01,16,up,KeyF,1791212876639.6,40342,f
P04,S01,16,down,KeyO,1791212876770.3,40343,o
P04,S01,16,up,KeyO,1791212876871.4,40343,o
P04,S01,16,down,KeyR,1791212876924.9,40344,r
P04,S01,16,up,KeyR,1791212877048.6,40344,r
P04,S01,16,down,Space,1791212877093.2,40345, 
P04,S01,16,up,Space,1791212877184.7,40345, 
P04,S01,16,down,KeyS,1791212877282.5,40346,s
P04,S01,16,up,KeyS,1791212877432.8,40346,s
P04,S01,16,down,KeyU,1791212877437.7,40347,u
P04,S01,16,up,KeyU,1791212877534.3,40347,u
P04,S01,16,down,KeyR,1791212877651.7,40348,r
P04,S01,16,up,KeyR,1791212877749.0,40348,r
P04,S01,16,down,KeyE,1791212877823.9,40349,e
P04,S01,16,up,KeyE,1791212877958.3,40349,e
P04,S01,16,down,KeyE,1791212878001.4,40350,e
P04,S01,16,up,KeyE,1791212878121.6,40350,e
P04,S01,16,down,KeyE,1791212878151.1,40351,e
P04,S01,16,up,KeyE,1791212878275.4,40351,e
P04,S01,16,down,Enter,1791212878301.7,40352,Enter
P04,S01,16,up,Enter,1791212878411.1,40352,Enter
P04,S01,17,down,KeyC,1791212883553.1,40353,c
P04,S01,17,up,KeyC,1791212883655.6,40353,c
P04,S01,17,down,KeyA,1791212883802.1,40354,a
P04,S01,17,down,KeyR,1791212883942.3,40355,r
P04,S01,17,up,KeyA,1791212883954.2,40354,a
P04,S01,17,up,KeyR,1791212884045.4,40355,r
P04,S01,17,down,KeyB,1791212885009.5,40356,b
P04,S01,17,up,KeyB,1791212885150.9,40356,b
P04,S01,17,down,KeyO,1791212885237.2,40357,o
P04,S01,17,up,KeyO,1791212885355.7,40357,o
P04,S01,17,down,KeyN,1791212885488.0,40358,n
P04,S01,17,up,KeyN,1791212885612.7,40358,n
P04,S01,17,down,KeyA,1791212885659.9,40359,a
P04,S01,17,up,KeyA,1791212885790.4,40359,a
P04,S01,17,down,KeyR,1791212885931.6,40360,r
P04,S01,17,up,KeyR,1791212886029.8,40360,r
P04,S01,17,down,KeyA,1791212886125.1,40361,a
P04,S01,17,up,KeyA,1791212886253.5,40361,a
P04,S01,17,down,Space,1791212886380.6,40362, 
P04,S01,17,up,Space,1791212886488.9,40362, 
P04,S01,17,down,KeyB,1791212886755.8,40363,b
P04,S01,17,up,KeyB,1791212886840.8,40363,b
P04,S01,17,down,KeyU,1791212886972.5,40364,u
P04,S01,17,up,KeyU,1791212887065.6,40364,u
P04,S01,17,down,KeyT,1791212887104.9,40365,t
P04,S01,17,up,KeyT,1791212887234.2,40365,t
P04,S01,17,down,Space,1791212887290.7,40366, 
P04,S01,17,up,Space,1791212887381.8,40366, 
P04,S01,17,down,KeyW,1791212889736.3,40367,w
P04,S01,17,up,KeyW,1791212889917.8,40367,w
P04,S01,17,down,KeyI,1791212889995.3,40368,i
P04,S01,17,up,KeyI,1791212890114.8,40368,i
P04,S01,17,down,KeyT,1791212890178.6,40369,t
P04,S01,17,up,KeyT,1791212890315.5,40369,t
P04,S01,17,down,KeyH,1791212890335.9,40370,h
P04,S01,17,up,KeyH,1791212890434.7,40370,h
P04,S01,17,down,Space,1791212890543.8,40371, 
P04,S01,17,up,Space,1791212890663.5,40371, 
P04,S01,17,down,KeyA,1791212890767.0,40372,a
P04,S01,17,down,Space,1791212890895.5,40373, 
P04,S01,17,up,KeyA,1791212890907.2,40372,a
P04,S01,17,up,Space,1791212890993.0,40373, 
P04,S01,17,down,KeyL,1791212891137.9,40374,l
P04,S01,17,up,KeyL,1791212891224.3,40374,l
P04,S01,17,down,KeyO,1791212891266.8,40375,o
P04,S01,17,up,KeyO,1791212891382.3,40375,o
P04,S01,17,down,KeyT,1791212891462.3,40376,t
P04,S01,17,down,Space,1791212891580.4,40377, 
P04,S01,17,up,KeyT,1791212891612.6,40376,t
P04,S01,17,up,Space,1791212891687.8,40377, 
P04,S01,17,down,KeyO,1791212891770.8,40378,o
P04,S01,17,up,KeyO,1791212891885.0,40378,o
P04,S01,17,down,KeyF,1791212892318.7,40379,f
P04,S01,17,up,KeyF,1791212892428.3,40379,f
P04,S01,17,down,Space,1791212892438.4,40380, 
P04,S01,17,up,Space,1791212892540.2,40380, 
P04,S01,17,down,KeyC,1791212892684.7,40381,c
P04,S01,17,down,KeyH,1791212892808.3,40382,h
P04,S01,17,up,KeyC,1791212892848.9,40381,c
P04,S01,17,up,KeyH,1791212892918.1,40382,h
P04,S01,17,down,KeyE,1791212893011.8,40383,e
P04,S01,17,up,KeyE,1791212893137.7,40383,e
P04,S01,17,down,KeyE,1791212893231.1,40384,e
P04,S01,17,up,KeyE,1791212893340.1,40384,e
P04,S01,17,down,KeyS,1791212893443.1,40385,s
P04,S01,17,up,KeyS,1791212893584.8,40385,s
P04,S01,17,down,KeyS,1791212893657.6,40386,s
P04,S01,17,up,KeyS,1791212893798.7,40386,s
P04,S01,17,down,Backspace,1791212894313.6,40387,Backspace
P04,S01,17,up,Backspace,1791212894460.1,40387,Backspace
P04,S01,17,down,KeyE,1791212894559.2,40388,e
P04,S01,17,up,KeyE,1791212894704.6,40388,e
P04,S01,17,down,Enter,1791212895042.6,40389,Enter
P04,S01,17,up,Enter,1791212895160.7,40389,Enter
P04,S01,18,down,Backspace,1791212907603.7,40390,Backspace
P04,S01,18,up,Backspace,1791212907744.1,40390,Backspace
P04,S01,18,down,KeyA,1791212908223.7,40391,a
P04,S01,18,up,KeyA,1791212908423.1,40391,a
P04,S01,18,down,KeyH,1791212908439.0,40392,h
P04,S01,18,up,KeyH,1791212908553.0,40392,h
P04,S01,18,down,KeyA,1791212908582.7,40393,a
P04,S01,18,down,KeyH,1791212908722.7,40394,h
P04,S01,18,up,KeyA,1791212908761.1,40393,a
P04,S01,18,up,KeyH,1791212908841.5,40394,h
P04,S01,18,down,KeyA,1791212908873.6,40395,a
P04,S01,18,down,KeyH,1791212909008.3,40396,h
P04,S01,18,up,KeyA,1791212909028.9,40395,a
P04,S01,18,up,KeyH,1791212909115.9,40396,h
P04,S01,18,down,KeyA,1791212909125.9,40397,a
P04,S01,18,up,KeyA,1791212909288.2,40397,a
P04,S01,18,down,KeyH,1791212909297.9,40398,h
P04,S01,18,up,KeyH,1791212909384.2,40398,h
P04,S01,18,down,Space,1791212909537.7,40399, 
P04,S01,18,up,Space,1791212909655.3,40399, 
P04,S01,18,down,KeyI,1791212911134.5,40400,i
P04,S01,18,up,KeyI,1791212911227.9,40400,i
P04,S01,18,down,Space,1791212911332.4,40401, 
P04,S01,18,up,Space,1791212911423.7,40401, 
P04,S01,18,down,KeyC,1791212911556.0,40402,c
P04,S01,18,up,KeyC,1791212911663.7,40402,c
P04,S01,18,down,KeyA,1791212911745.6,40403,a
P04,S01,18,up,KeyA,1791212911871.1,40403,a
P04,S01,18,down,KeyN,1791212911873.6,40404,n
P04,S01,18,up,KeyN,1791212911971.4,40404,n
P04,S01,18,down,KeyT,1791212912094.8,40405,t
P04,S01,18,up,KeyT,1791212912250.0,40405,t
P04,S01,18,down,Space,1791212912292.9,40406, 
P04,S01,18,up,Space,1791212912401.4,40406, 
P04,S01,18,down,KeyW,1791212912658.0,40407,w
P04,S01,18,down,KeyH,1791212912808.9,40408,h
P04,S01,18,up,KeyW,1791212912810.5,40407,w
P04,S01,18,up,KeyH,1791212912917.6,40408,h
P04,S01,18,down,KeyA,1791212912934.4,40409,a
P04,S01,18,down,KeyT,1791212913078.3,40410,t
P04,S01,18,up,KeyA,1791212913089.3,40409,a
P04,S01,18,up,KeyT,1791212913188.5,40410,t
P04,S01,18,down,Space,1791212913769.0,40411, 
P04,S01,18,up,Space,1791212913860.4,40411, 
P04,S01,18,down,KeyI,1791212914230.5,40412,i
P04,S01,18,up,KeyI,1791212914337.5,40412,i
P04,S01,18,down,Backspace,1791212914682.4,40413,Backspace
P04,S01,18,up,Backspace,1791212914816.2,40413,Backspace
P04,S01,18,down,KeyA,1791212915078.8,40414,a
P04,S01,18,down,KeyR,1791212915187.1,40415,r
P04,S01,18,up,KeyA,1791212915208.2,40414,a
P04,S01,18,up,KeyR,1791212915278.9,40415,r
P04,S01,18,down,KeyE,1791212915353.7,40416,e
P04,S01,18,down,Space,1791212915487.9,40417, 
P04,S01,18,up,KeyE,1791212915515.3,40416,e
P04,S01,18,up,Space,1791212915584.9,40417, 
P04,S01,18,down,KeyY,1791212915841.8,40418,y
P04,S01,18,down,KeyP,1791212915955.4,40419,p
P04,S01,18,up,KeyY,1791212915978.7,40418,y
P04,S01,18,up,KeyP,1791212916051.8,40419,p
P04,S01,18,down,KeyU,1791212916238.2,40420,u
P04,S01,18,up,KeyU,1791212916335.5,40420,u
P04,S01,18,down,Space,1791212916537.4,40421, 
P04,S01,18,up,Space,1791212916638.9,40421, 
P04,S01,18,down,KeyT,1791212917604.2,40422,t
P04,S01,18,up,KeyT,1791212917706.7,40422,t
P04,S01,18,down,KeyH,1791212917785.2,40423,h
P04,S01,18,up,KeyH,1791212917888.0,40423,h
P04,S01,18,down,KeyI,1791212917967.1,40424,i
P04,S01,18,up,KeyI,1791212918074.8,40424,i
P04,S01,18,down,KeyN,1791212918209.4,40425,n
P04,S01,18,up,KeyN,1791212918301.9,40425,n
P04,S01,18,down,KeyC,1791212918521.8,40426,c
P04,S01,18,down,KeyK,1791212918660.8,40427,k
P04,S01,18,up,KeyC,1791212918672.2,40426,c
P04,S01,18,up,KeyK,1791212918758.0,40427,k
P04,S01,18,down,KeyI,1791212918788.0,40428,i
P04,S01,18,up,KeyI,1791212918897.1,40428,i
P04,S01,18,down,KeyN,1791212919014.0,40429,n
P04,S01,18,up,KeyN,1791212919132.1,40429,n
P04,S01,18,down,KeyG,1791212919389.2,40430,g
P04,S01,18,up,KeyG,1791212919523.9,40430,g
P04,S01,18,down,Space,1791212919541.2,40431, 
P04,S01,18,up,Space,1791212919665.0,40431, 
P04,S01,18,down,KeyA,1791212919827.8,40432,a
P04,S01,18,up,KeyA,1791212919968.5,40432,a
P04,S01,18,down,KeyB,1791212920168.1,40433,b
P04,S01,18,up,KeyB,1791212920308.4,40433,b
P04,S01,18,down,KeyO,1791212920415.8,40434,o
P04,S01,18,up,KeyO,1791212920550.4,40434,o
P04,S01,18,down,KeyU,1791212920645.7,40435,u
P04,S01,18,up,KeyU,1791212920742.5,40435,u
P04,S01,18,down,KeyT,1791212920808.8,40436,t
P04,S01,18,up,KeyT,1791212920959.9,40436,t
P04,S01,18,down,Enter,1791212921046.0,40437,Enter
P04,S01,18,up,Enter,1791212921160.1,40437,Enter
P04,S01,19,down,KeyH,1791212927077.4,40438,h
P04,S01,19,up,KeyH,1791212927181.4,40438,h
P04,S01,19,down,KeyA,1791212927211.6,40439,a
P04,S01,19,down,KeyH,1791212927265.0,40440,h
P04,S01,19,up,KeyA,1791212927331.2,40439,a
P04,S01,19,up,KeyH,1791212927358.4,40440,h
P04,S01,19,down,KeyH,1791212927432.9,40441,h
P04,S01,19,down,KeyA,1791212927454.3,40442,a
P04,S01,19,up,KeyH,1791212927520.6,40441,h
P04,S01,19,up,KeyA,1791212927541.4,40442,a
P04,S01,19,down,KeyH,1791212927621.3,40443,h
P04,S01,19,down,KeyA,1791212927664.0,40444,a
P04,S01,19,up,KeyH,1791212927702.6,40443,h
P04,S01,19,up,KeyA,1791212927747.6,40444,a
P04,S01,19,down,KeyH,1791212927795.7,40445,h
P04,S01,19,down,KeyA,1791212927833.6,40446,a
P04,S01,19,up,KeyH,1791212927872.4,40445,h
P04,S01,19,up,KeyA,1791212927931.9,40446,a
P04,S01,19,down,Space,1791212928004.1,40447, 
P04,S01,19,up,Space,1791212928111.8,40447, 
P04,S01,19,down,KeyY,1791212928169.1,40448,y
P04,S01,19,down,KeyP,1791212928303.6,40449,p
P04,S01,19,up,KeyY,1791212928320.4,40448,y
P04,S01,19,up,KeyP,1791212928417.3,40449,p
P04,S01,19,down,KeyU,1791212928561.6,40450,u
P04,S01,19,up,KeyU,1791212928659.6,40450,u
P04,S01,19,down,Backspace,1791212929542.3,40451,Backspace
P04,S01,19,up,Backspace,1791212929704.0,40451,Backspace
P04,S01,19,down,Backspace,1791212929780.9,40452,Backspace
P04,S01,19,up,Backspace,1791212929889.9,40452,Backspace
P04,S01,19,down,KeyO,1791212930275.3,40453,o
P04,S01,19,up,KeyO,1791212930379.2,40453,o
P04,S01,19,down,KeyU,1791212930522.2,40454,u
P04,S01,19,up,KeyU,1791212930608.7,40454,u
P04,S01,19,down,Space,1791212930832.7,40455, 
P04,S01,19,up,Space,1791212930919.2,40455, 
P04,S01,19,down,KeyM,1791212931318.6,40456,m
P04,S01,19,up,KeyM,1791212931427.3,40456,m
P04,S01,19,down,KeyA,1791212931471.2,40457,a
P04,S01,19,down,KeyK,1791212931600.0,40458,k
P04,S01,19,up,KeyA,1791212931617.0,40457,a
P04,S01,19,up,KeyK,1791212931687.3,40458,k
P04,S01,19,down,KeyE,1791212931756.7,40459,e
P04,S01,19,down,Space,1791212931868.4,40460, 
P04,S01,19,up,KeyE,1791212931912.7,40459,e
P04,S01,19,up,Space,1791212931961.4,40460, 
P04,S01,19,down,KeyM,1791212932026.6,40461,m
P04,S01,19,up,KeyM,1791212932129.9,40461,m
P04,S01,19,down,KeyE,1791212932153.6,40462,e
P04,S01,19,down,Space,1791212932288.7,40463, 
P04,S01,19,up,KeyE,1791212932304.7,40462,e
P04,S01,19,up,Space,1791212932390.7,40463, 
P04,S01,19,down,KeyS,1791212933169.1,40464,s
P04,S01,19,down,KeyM,1791212933309.4,40465,m
P04,S01,19,up,KeyS,1791212933312.2,40464,s
P04,S01,19,up,KeyM,1791212933412.1,40465,m
P04,S01,19,down,KeyI,1791212933498.1,40466,i
P04,S01,19,up,KeyI,1791212933590.7,40466,i
P04,S01,19,down,KeyL,1791212933669.8,40467,l
P04,S01,19,up,KeyL,1791212933777.7,40467,l
P04,S01,19,down,KeyE,1791212933810.1,40468,e
P04,S01,19,up,KeyE,1791212933939.5,40468,e
P04,S01,19,down,Space,1791212933949.1,40469, 
P04,S01,19,up,Space,1791212934051.3,40469, 
P04,S01,19,down,KeyB,1791212934254.3,40470,b
P04,S01,19,up,KeyB,1791212934356.6,40470,b
P04,S01,19,down,KeyR,1791212934420.3,40471,r
P04,S01,19,up,KeyR,1791212934544.3,40471,r
P04,S01,19,down,KeyO,1791212934674.5,40472,o
P04,S01,19,up,KeyO,1791212934772.0,40472,o
P04,S01,19,down,KeyO,1791212934807.9,40473,o
P04,S01,19,up,KeyO,1791212934937.3,40473,o
P04,S01,19,down,Enter,1791212935283.9,40474,Enter
P04,S01,19,up,Enter,1791212935465.1,40474,Enter
P04,S01,20,down,KeyG,1791212953098.5,40475,g
P04,S01,20,up,KeyG,1791212953202.2,40475,g
P04,S01,20,down,KeyO,1791212953364.5,40476,o
P04,S01,20,up,KeyO,1791212953484.4,40476,o
P04,S01,20,down,KeyF,1791212953874.5,40477,f
P04,S01,20,up,KeyF,1791212953977.4,40477,f
P04,S01,20,down,Backspace,1791212954460.0,40478,Backspace
P04,S01,20,up,Backspace,1791212954627.3,40478,Backspace
P04,S01,20,down,KeyD,1791212954688.7,40479,d
P04,S01,20,up,KeyD,1791212954775.7,40479,d
P04,S01,20,down,KeyD,1791212955188.0,40480,d
P04,S01,20,up,KeyD,1791212955324.5,40480,d
P04,S01,20,down,Space,1791212955517.4,40481, 
P04,S01,20,up,Space,1791212955589.0,40481, 
P04,S01,20,down,KeyL,1791212956673.0,40482,l
P04,S01,20,up,KeyL,1791212956759.4,40482,l
P04,S01,20,down,KeyE,1791212956790.9,40483,e
P04,S01,20,up,KeyE,1791212956953.4,40483,e
P04,S01,20,down,KeyT,1791212957047.9,40484,t
P04,S01,20,up,KeyT,1791212957182.9,40484,t
P04,S01,20,down,KeyS,1791212957222.7,40485,s
P04,S01,20,down,Space,1791212957367.5,40486, 
P04,S01,20,up,KeyS,1791212957369.6,40485,s
P04,S01,20,up,Space,1791212957465.7,40486, 
P04,S01,20,down,KeyB,1791212957748.2,40487,b
P04,S01,20,up,KeyB,1791212957851.5,40487,b
P04,S01,20,down,KeyE,1791212957871.4,40488,e
P04,S01,20,down,Space,1791212957957.8,40489, 
P04,S01,20,up,KeyE,1791212958028.6,40488,e
P04,S01,20,up,Space,1791212958044.4,40489, 
P04,S01,20,down,KeyM,1791212958153.8,40490,m
P04,S01,20,up,KeyM,1791212958235.6,40490,m
P04,S01,20,down,KeyO,1791212958323.0,40491,o
P04,S01,20,up,KeyO,1791212958425.7,40491,o
P04,S01,20,down,KeyR,1791212958465.6,40492,r
P04,S01,20,up,KeyR,1791212958567.0,40492,r
P04,S01,20,down,KeyE,1791212958649.1,40493,e
P04,S01,20,down,Space,1791212958718.9,40494, 
P04,S01,20,up,KeyE,1791212958775.4,40493,e
P04,S01,20,up,Space,1791212958816.8,40494, 
P04,S01,20,down,KeyS,1791212959053.7,40495,s
P04,S01,20,up,KeyS,1791212959204.6,40495,s
P04,S01,20,down,KeyE,1791212959214.6,40496,e
P04,S01,20,up,KeyE,1791212959382.1,40496,e
P04,S01,20,down,KeyR,1791212959858.6,40497,r
P04,S01,20,up,KeyR,1791212960067.5,40497,r
P04,S01,20,down,KeyI,1791212960152.2,40498,i
P04,S01,20,up,KeyI,1791212960255.3,40498,i
P04,S01,20,down,KeyO,1791212960363.8,40499,o
P04,S01,20,up,KeyO,1791212960477.6,40499,o
P04,S01,20,down,KeyU,1791212960571.5,40500,u
P04,S01,20,up,KeyU,1791212960670.7,40500,u
P04,S01,20,down,KeyS,1791212960945.0,40501,s
P04,S01,20,up,KeyS,1791212961063.7,40501,s
P04,S01,20,down,KeyL,1791212961393.0,40502,l
P04,S01,20,up,KeyL,1791212961554.5,40502,l
P04,S01,20,down,Backspace,1791212962090.7,40503,Backspace
P04,S01,20,up,Backspace,1791212962246.8,40503,Backspace
P04,S01,20,down,Enter,1791212962618.4,40504,Enter
P04,S01,20,up,Enter,1791212962774.8,40504,Enter
P04,S01,21,down,Space,1791212976185.0,40505, 
P04,S01,21,up,Space,1791212976299.0,40505, 
P04,S01,21,down,KeyC,1791212976371.7,40506,c
P04,S01,21,up,KeyC,1791212976501.0,40506,c
P04,S01,21,down,KeyA,1791212976621.1,40507,a
P04,S01,21,up,KeyA,1791212976767.6,40507,a
P04,S01,21,down,KeyN,1791212976782.6,40508,n
P04,S01,21,up,KeyN,1791212976886.7,40508,n
P04,S01,21,down,KeyT,1791212976952.7,40509,t
P04,S01,21,up,KeyT,1791212977115.9,40509,t
P04,S01,21,down,Space,1791212977149.5,40510, 
P04,S01,21,up,Space,1791212977251.7,40510, 
P04,S01,21,down,KeyT,1791212978297.4,40511,t
P04,S01,21,up,KeyT,1791212978417.1,40511,t
P04,S01,21,down,KeyH,1791212978521.2,40512,h
P04,S01,21,up,KeyH,1791212978656.1,40512,h
P04,S01,21,down,KeyA,1791212978896.0,40513,a
P04,S01,21,up,KeyA,1791212979040.8,40513,a
P04,S01,21,down,KeyT,1791212979069.8,40514,t
P04,S01,21,up,KeyT,1791212979204.4,40514,t
P04,S01,21,down,KeyS,1791212979348.7,40515,s
P04,S01,21,up,KeyS,1791212979478.5,40515,s
P04,S01,21,down,Space,1791212979518.5,40516, 
P04,S01,21,up,Space,1791212979626.4,40516, 
P04,S01,21,down,KeyT,1791212980221.6,40517,t
P04,S01,21,up,KeyT,1791212980347.7,40517,t
P04,S01,21,down,KeyO,1791212980386.0,40518,o
P04,S01,21,up,KeyO,1791212980467.3,40518,o
P04,S01,21,down,KeyO,1791212980518.7,40519,o
P04,S01,21,up,KeyO,1791212980622.7,40519,o
P04,S01,21,down,Space,1791212980742.2,40520, 
P04,S01,21,up,Space,1791212980850.3,40520, 
P04,S01,21,down,KeyS,1791212980905.7,40521,s
P04,S01,21,down,KeyE,1791212981032.3,40522,e
P04,S01,21,up,KeyS,1791212981036.4,40521,s
P04,S01,21,up,KeyE,1791212981168.2,40522,e
P04,S01,21,down,KeyR,1791212981279.0,40523,r
P04,S01,21,up,KeyR,1791212981424.9,40523,r
P04,S01,21,down,KeyI,1791212981440.4,40524,i
P04,S01,21,up,KeyI,1791212981544.4,40524,i
P04,S01,21,down,KeyO,1791212981904.1,40525,o
P04,S01,21,up,KeyO,1791212982023.8,40525,o
P04,S01,21,down,KeyU,1791212982144.9,40526,u
P04,S01,21,up,KeyU,1791212982236.8,40526,u
P04,S01,21,down,KeyS,1791212982328.1,40527,s
P04,S01,21,up,KeyS,1791212982484.7,40527,s
P04,S01,21,down,Semicolon,1791212982520.3,40528,;
P04,S01,21,up,Semicolon,1791212982645.7,40528,;
P04,S01,21,down,Backspace,1791212983020.1,40529,Backspace
P04,S01,21,up,Backspace,1791212983187.2,40529,Backspace
P04,S01,21,down,Slash,1791212984114.1,40530,/
P04,S01,21,up,Slash,1791212984217.8,40530,/
P04,S01,21,down,Space,1791212984413.5,40531, 
P04,S01,21,up,Space,1791212984516.2,40531, 
P04,S01,21,down,Backspace,1791212984777.0,40532,Backspace
P04,S01,21,up,Backspace,1791212984906.9,40532,Backspace
P04,S01,21,down,Backspace,1791212984959.2,40533,Backspace
P04,S01,21,up,Backspace,1791212985040.2,40533,Backspace
P04,S01,21,down,Period,1791212985242.5,40534,.
P04,S01,21,up,Period,1791212985345.3,40534,.
P04,S01,21,down,Space,1791212985448.6,40535, 
P04,S01,21,up,Space,1791212985534.4,40535, 
P04,S01,21,down,KeyB,1791212985964.5,40536,b
P04,S01,21,up,KeyB,1791212986066.7,40536,b
P04,S01,21,down,KeyU,1791212986161.3,40537,u
P04,S01,21,up,KeyU,1791212986268.1,40537,u
P04,S01,21,down,KeyT,1791212986360.9,40538,t
P04,S01,21,down,Space,1791212986495.7,40539, 
P04,S01,21,up,KeyT,1791212986507.8,40538,t
P04,S01,21,up,Space,1791212986577.8,40539, 
P04,S01,21,down,KeyI,1791212986829.8,40540,i
P04,S01,21,up,KeyI,1791212986921.4,40540,i
P04,S01,21,down,Space,1791212987027.8,40541, 
P04,S01,21,up,Space,1791212987125.5,40541, 
P04,S01,21,down,KeyG,1791212987761.2,40542,g
P04,S01,21,up,KeyG,1791212987849.1,40542,g
P04,S01,21,down,KeyU,1791212988116.1,40543,u
P04,S01,21,up,KeyU,1791212988218.5,40543,u
P04,S01,21,down,KeyE,1791212988331.7,40544,e
P04,S01,21,up,KeyE,1791212988461.2,40544,e
P04,S01,21,down,KeyS,1791212988711.8,40545,s
P04,S01,21,up,KeyS,1791212988789.4,40545,s
P04,S01,21,down,KeyS,1791212989217.9,40546,s
P04,S01,21,up,KeyS,1791212989343.4,40546,s
P04,S01,21,down,Space,1791212989487.4,40547, 
P04,S01,21,up,Space,1791212989590.0,40547, 
P04,S01,21,down,KeyP,1791212990133.4,40548,p
P04,S01,21,down,KeyE,1791212990241.3,40549,e
P04,S01,21,up,KeyP,1791212990243.0,40548,p
P04,S01,21,down,KeyO,1791212990353.7,40550,o
P04,S01,21,up,KeyE,1791212990370.6,40549,e
P04,S01,21,up,KeyO,1791212990424.8,40550,o
P04,S01,21,down,KeyO,1791212990860.5,40551,o
P04,S01,21,up,KeyO,1791212990948.9,40551,o
P04,S01,21,down,KeyP,1791212991023.6,40552,p
P04,S01,21,up,KeyP,1791212991115.7,40552,p
P04,S01,21,down,KeyL,1791212991231.0,40553,l
P04,S01,21,up,KeyL,1791212991333.0,40553,l
P04,S01,21,down,KeyE,1791212991392.4,40554,e
P04,S01,21,up,KeyE,1791212991509.6,40554,e
P04,S01,21,down,Space,1791212991532.1,40555, 
P04,S01,21,up,Space,1791212991618.4,40555, 
P04,S01,21,down,Backspace,1791212991881.2,40556,Backspace
P04,S01,21,up,Backspace,1791212991996.3,40556,Backspace
P04,S01,21,down,Backspace,1791212992045.8,40557,Backspace
P04,S01,21,up,Backspace,1791212992147.9,40557,Backspace
P04,S01,21,down,Backspace,1791212992193.6,40558,Backspace
P04,S01,21,up,Backspace,1791212992292.1,40558,Backspace
P04,S01,21,down,Backspace,1791212992342.1,40559,Backspace
P04,S01,21,up,Backspace,1791212992439.3,40559,Backspace
P04,S01,21,down,Backspace,1791212992492.1,40560,Backspace
P04,S01,21,up,Backspace,1791212992616.5,40560,Backspace
P04,S01,21,down,KeyP,1791212992940.0,40561,p
P04,S01,21,up,KeyP,1791212993027.7,40561,p
P04,S01,21,down,KeyL,1791212993115.5,40562,l
P04,S01,21,up,KeyL,1791212993234.6,40562,l
P04,S01,21,down,KeyE,1791212993244.2,40563,e
P04,S01,21,down,Space,1791212993373.5,40564, 
P04,S01,21,up,KeyE,1791212993395.8,40563,e
P04,S01,21,up,Space,1791212993487.1,40564, 
P04,S01,21,down,KeyN,1791212993962.4,40565,n
P04,S01,21,up,KeyN,1791212994097.4,40565,n
P04,S01,21,down,KeyE,1791212994152.1,40566,e
P04,S01,21,up,KeyE,1791212994292.9,40566,e
P04,S01,21,down,KeyV,1791212994339.7,40567,v
P04,S01,21,up,KeyV,1791212994451.3,40567,v
P04,S01,21,down,KeyE,1791212994474.0,40568,e
P04,S01,21,up,KeyE,1791212994609.9,40568,e
P04,S01,21,down,KeyR,1791212994683.6,40569,r
P04,S01,21,down,Space,1791212994798.7,40570, 
P04,S01,21,up,KeyR,1791212994811.4,40569,r
P04,S01,21,up,Space,1791212994915.6,40570, 
P04,S01,21,down,KeyC,1791212995032.8,40571,c
P04,S01,21,up,KeyC,1791212995179.1,40571,c
P04,S01,21,down,KeyH,1791212995189.1,40572,h
P04,S01,21,up,KeyH,1791212995298.1,40572,h
P04,S01,21,down,KeyA,1791212995380.7,40573,a
P04,S01,21,down,CapsLock,1791212995393.0,40574,CapsLock
P04,S01,21,up,CapsLock,1791212995477.9,40574,CapsLock
P04,S01,21,up,KeyA,1791212995484.2,40573,a
P04,S01,21,down,Backspace,1791212996023.4,40575,Backspace
P04,S01,21,up,Backspace,1791212996147.3,40575,Backspace
P04,S01,21,down,CapsLock,1791212996415.2,40576,CapsLock
P04,S01,21,up,CapsLock,1791212996544.1,40576,CapsLock
P04,S01,21,down,KeyA,1791212996807.7,40577,a
P04,S01,21,up,KeyA,1791212996912.1,40577,a
P04,S01,21,down,KeyN,1791212997007.1,40578,n
P04,S01,21,up,KeyN,1791212997114.6,40578,n
P04,S01,21,down,KeyG,1791212997348.7,40579,g
P04,S01,21,up,KeyG,1791212997446.7,40579,g
P04,S01,21,down,KeyE,1791212997491.3,40580,e
P04,S01,21,up,KeyE,1791212997651.9,40580,e
P04,S01,21,down,Slash,1791212998306.7,40581,/
P04,S01,21,up,Slash,1791212998453.6,40581,/
P04,S01,21,down,Backspace,1791212999092.8,40582,Backspace
P04,S01,21,up,Backspace,1791212999249.0,40582,Backspace
P04,S01,21,down,Period,1791212999500.5,40583,.
P04,S01,21,up,Period,1791212999592.1,40583,.
P04,S01,21,down,Space,1791212999821.2,40584, 
P04,S01,21,up,Space,1791212999913.7,40584, 
P04,S01,21,down,KeyT,1791213000158.9,40585,t
P04,S01,21,up,KeyT,1791213000266.7,40585,t
P04,S01,21,down,KeyH,1791213000349.2,40586,h
P04,S01,21,down,KeyE,1791213000445.3,40587,e
P04,S01,21,up,KeyH,1791213000446.5,40586,h
P04,S01,21,down,Space,1791213000569.2,40588, 
P04,S01,21,up,KeyE,1791213000579.0,40587,e
P04,S01,21,up,Space,1791213000667.7,40588, 
P04,S01,21,down,KeyP,1791213000903.3,40589,p
P04,S01,21,down,KeyE,1791213001048.1,40590,e
P04,S01,21,up,KeyP,1791213001060.1,40589,p
P04,S01,21,up,KeyE,1791213001188.4,40590,e
P04,S01,21,down,KeyR,1791213001255.1,40591,r
P04,S01,21,up,KeyR,1791213001374.1,40591,r
P04,S01,21,down,KeyS,1791213001491.8,40592,s
P04,S01,21,up,KeyS,1791213001664.7,40592,s
P04,S01,21,down,KeyO,1791213001692.0,40593,o
P04,S01,21,up,KeyO,1791213001785.0,40593,o
P04,S01,21,down,KeyN,1791213001913.5,40594,n
P04,S01,21,up,KeyN,1791213002016.4,40594,n
P04,S01,21,down,KeyA,1791213002268.7,40595,a
P04,S01,21,up,KeyA,1791213002436.8,40595,a
P04,S01,21,down,KeyL,1791213003122.8,40596,l
P04,S01,21,up,KeyL,1791213003278.6,40596,l
P04,S01,21,down,KeyI,1791213003502.5,40597,i
P04,S01,21,up,KeyI,1791213003615.9,40597,i
P04,S01,21,down,KeyT,1791213003802.9,40598,t
P04,S01,21,up,KeyT,1791213003932.5,40598,t
P04,S01,21,down,KeyY,1791213004281.7,40599,y
P04,S01,21,up,KeyY,1791213004325.6,40599,y
P04,S01,21,down,KeyZ,1791213004463.1,40600,z
P04,S01,21,up,KeyZ,1791213004620.1,40600,z
P04,S01,21,down,Backspace,1791213005055.5,40601,Backspace
P04,S01,21,up,Backspace,1791213005168.4,40601,Backspace
P04,S01,21,down,Space,1791213005317.3,40602, 
P04,S01,21,up,Space,1791213005405.2,40602, 
P04,S01,21,down,Space,1791213005650.6,40603, 
P04,S01,21,up,Space,1791213005731.6,40603, 
P04,S01,21,down,KeyI,1791213005892.7,40604,i
P04,S01,21,up,KeyI,1791213005979.3,40604,i
P04,S01,21,down,KeyS,1791213006031.6,40605,s
P04,S01,21,down,Space,1791213006139.1,40606, 
P04,S01,21,up,KeyS,1791213006168.1,40605,s
P04,S01,21,up,Space,1791213006242.1,40606, 
P04,S01,21,down,KeyA,1791213006752.8,40607,a
P04,S01,21,up,KeyA,1791213006877.5,40607,a
P04,S01,21,down,KeyL,1791213006881.6,40608,l
P04,S01,21,up,KeyL,1791213007017.4,40608,l
P04,S01,21,down,KeyW,1791213007137.9,40609,w
P04,S01,21,down,KeyA,1791213007287.8,40610,a
P04,S01,21,up,KeyW,1791213007294.8,40609,w
P04,S01,21,up,KeyA,1791213007504.6,40610,a
P04,S01,21,down,KeyY,1791213007922.3,40611,y
P04,S01,21,up,KeyY,1791213008034.7,40611,y
P04,S01,21,down,KeyS,1791213008099.9,40612,s
P04,S01,21,up,KeyS,1791213008246.1,40612,s
P04,S01,21,down,Space,1791213008354.4,40613, 
P04,S01,21,up,Space,1791213008462.7,40613, 
P04,S01,21,down,KeyT,1791213008783.4,40614,t
P04,S01,21,down,IntlBackslash,1791213008804.4,40615,\
P04,S01,21,up,IntlBackslash,1791213008853.9,40615,\
P04,S01,21,up,KeyT,1791213008936.4,40614,t
P04,S01,21,down,KeyH,1791213009017.5,40616,h
P04,S01,21,down,KeyE,1791213009152.0,40617,e
P04,S01,21,up,KeyH,1791213009163.3,40616,h
P04,S01,21,up,KeyE,1791213009313.7,40617,e
P04,S01,21,down,Space,1791213009319.3,40618, 
P04,S01,21,up,Space,1791213009443.2,40618, 
P04,S01,21,down,Backspace,1791213009649.3,40619,Backspace
P04,S01,21,up,Backspace,1791213009773.9,40619,Backspace
P04,S01,21,down,Backspace,1791213009849.0,40620,Backspace
P04,S01,21,up,Backspace,1791213009949.2,40620,Backspace
P04,S01,21,down,Backspace,1791213010015.4,40621,Backspace
P04,S01,21,up,Backspace,1791213010087.4,40621,Backspace
P04,S01,21,down,Backspace,1791213010150.5,40622,Backspace
P04,S01,21,up,Backspace,1791213010264.6,40622,Backspace
P04,S01,21,down,Backspace,1791213010531.0,40623,Backspace
P04,S01,21,up,Backspace,1791213010645.3,40623,Backspace
P04,S01,21,down,KeyH,1791213010798.4,40624,h
P04,S01,21,up,KeyH,1791213010904.3,40624,h
P04,S01,21,down,KeyE,1791213010937.4,40625,e
P04,S01,21,down,Space,1791213011075.1,40626, 
P04,S01,21,up,KeyE,1791213011108.1,40625,e
P04,S01,21,up,Space,1791213011195.1,40626, 
P04,S01,21,down,KeyS,1791213011415.5,40627,s
P04,S01,21,up,KeyS,1791213011562.6,40627,s
P04,S01,21,down,KeyA,1791213011656.8,40628,a
P04,S01,21,down,KeyM,1791213011796.1,40629,m
P04,S01,21,up,KeyA,1791213011808.3,40628,a
P04,S01,21,up,KeyM,1791213011942.3,40629,m
P04,S01,21,down,KeyE,1791213011979.2,40630,e
P04,S01,21,up,KeyE,1791213012145.7,40630,e
P04,S01,21,down,Enter,1791213012409.7,40631,Enter
P04,S01,21,up,Enter,1791213012539.7,40631,Enter
P04,S01,22,down,KeyI,1791213035562.7,40632,i
P04,S01,22,up,KeyI,1791213035644.0,40632,i
P04,S01,22,down,Space,1791213035800.0,40633, 
P04,S01,22,up,Space,1791213035892.4,40633, 
P04,S01,22,down,KeyD,1791213035999.3,40634,d
P04,S01,22,down,KeyO,1791213036111.6,40635,o
P04,S01,22,up,KeyD,1791213036161.5,40634,d
P04,S01,22,up,KeyO,1791213036218.1,40635,o
P04,S01,22,down,KeyN,1791213036400.7,40636,n
P04,S01,22,up,KeyN,1791213036488.3,40636,n
P04,S01,22,down,KeyT,1791213036550.4,40637,t
P04,S01,22,up,KeyT,1791213036690.8,40637,t
P04,S01,22,down,Space,1791213036716.9,40638, 
P04,S01,22,up,Space,1791213036804.6,40638, 
P04,S01,22,down,KeyK,1791213037180.1,40639,k
P04,S01,22,up,KeyK,1791213037255.9,40639,k
P04,S01,22,down,KeyN,1791213037339.7,40640,n
P04,S01,22,up,KeyN,1791213037432.5,40640,n
P04,S01,22,down,KeyO,1791213037513.3,40641,o
P04,S01,22,down,KeyW,1791213037599.3,40642,w
P04,S01,22,up,KeyO,1791213037605.8,40641,o
P04,S01,22,up,KeyW,1791213037771.7,40642,w
P04,S01,22,down,ShiftLeft,1791213038152.4,40643,Shift
P04,S01,22,up,ShiftLeft,1791213038449.1,40643,Shift
P04,S01,22,down,Comma,1791213038954.7,40644,","
P04,S01,22,up,Comma,1791213039032.3,40644,","
P04,S01,22,down,Space,1791213039583.8,40645, 
P04,S01,22,up,Space,1791213039672.2,40645, 
P04,S01,22,down,KeyY,1791213040769.1,40646,y
P04,S01,22,up,KeyY,1791213040882.2,40646,y
P04,S01,22,down,KeyO,1791213040897.1,40647,o
P04,S01,22,up,KeyO,1791213040994.6,40647,o
P04,S01,22,down,KeyU,1791213041167.9,40648,u
P04,S01,22,up,KeyU,1791213041266.7,40648,u
P04,S01,22,down,Space,1791213041609.6,40649, 
P04,S01,22,up,Space,1791213041712.5,40649, 
P04,S01,22,down,KeyK,1791213042090.9,40650,k
P04,S01,22,up,KeyK,1791213042183.3,40650,k
P04,S01,22,down,KeyN,1791213042286.1,40651,n
P04,S01,22,up,KeyN,1791213042394.6,40651,n
P04,S01,22,down,KeyO,1791213042516.1,40652,o
P04,S01,22,up,KeyO,1791213042614.0,40652,o
P04,S01,22,down,KeyW,1791213042650.2,40653,w
P04,S01,22,down,Space,1791213042816.5,40654, 
P04,S01,22,up,KeyW,1791213042819.0,40653,w
P04,S01,22,up,Space,1791213042919.7,40654, 
P04,S01,22,down,KeyI,1791213043048.8,40655,i
P04,S01,22,up,KeyI,1791213043152.2,40655,i
P04,S01,22,down,KeyM,1791213043408.7,40656,m
P04,S01,22,up,KeyM,1791213043490.7,40656,m
P04,S01,22,down,Space,1791213043783.2,40657, 
P04,S01,22,up,Space,1791213043870.4,40657, 
P04,S01,22,down,KeyA,1791213044217.7,40658,a
P04,S01,22,down,Space,1791213044368.6,40659, 
P04,S01,22,up,KeyA,1791213044375.6,40658,a
P04,S01,22,up,Space,1791213044467.0,40659, 
P04,S01,22,down,KeyT,1791213044756.9,40660,t
P04,S01,22,up,KeyT,1791213044854.1,40660,t
P04,S01,22,down,KeyE,1791213044886.5,40661,e
P04,S01,22,down,KeyC,1791213045025.0,40662,c
P04,S01,22,up,KeyE,1791213045042.8,40661,e
P04,S01,22,up,KeyC,1791213045111.9,40662,c
P04,S01,22,down,KeyH,1791213045227.8,40663,h
P04,S01,22,up,KeyH,1791213045331.9,40663,h
P04,S01,22,down,KeyN,1791213045481.7,40664,n
P04,S01,22,up,KeyN,1791213045589.7,40664,n
P04,S01,22,down,KeyI,1791213045690.1,40665,i
P04,S01,22,up,KeyI,1791213045794.9,40665,i
P04,S01,22,down,KeyC,1791213045940.9,40666,c
P04,S01,22,up,KeyC,1791213046042.9,40666,c
P04,S01,22,down,KeyA,1791213046070.5,40667,a
P04,S01,22,up,KeyA,1791213046226.2,40667,a
P04,S01,22,down,KeyL,1791213046236.2,40668,l
P04,S01,22,up,KeyL,1791213046339.3,40668,l
P04,S01,22,down,Space,1791213046495.4,40669, 
P04,S01,22,up,Space,1791213046575.9,40669, 
P04,S01,22,down,KeyP,1791213046814.6,40670,p
P04,S01,22,up,KeyP,1791213046928.2,40670,p
P04,S01,22,down,KeyE,1791213046953.5,40671,e
P04,S01,22,up,KeyE,1791213047061.8,40671,e
P04,S01,22,down,KeyR,1791213047149.2,40672,r
P04,S01,22,up,KeyR,1791213047268.2,40672,r
P04,S01,22,down,KeyS,1791213047345.0,40673,s
P04,S01,22,up,KeyS,1791213047518.6,40673,s
P04,S01,22,down,KeyO,1791213047522.7,40674,o
P04,S01,22,up,KeyO,1791213047610.3,40674,o
P04,S01,22,down,KeyN,1791213047897.2,40675,n
P04,S01,22,up,KeyN,1791213047967.7,40675,n
P04,S01,22,down,Comma,1791213048734.3,40676,","
P04,S01,22,up,Comma,1791213048827.2,40676,","
P04,S01,22,down,Space,1791213049048.1,40677, 
P04,S01,22,up,Space,1791213049134.2,40677, 
P04,S01,22,down,KeyI,1791213049458.4,40678,i
P04,S01,22,up,KeyI,1791213049572.8,40678,i
P04,S01,22,down,Space,1791213049682.1,40679, 
P04,S01,22,up,Space,1791213049794.7,40679, 
P04,S01,22,down,KeyS,1791213049823.9,40680,s
P04,S01,22,up,KeyS,1791213049932.6,40680,s
P04,S01,22,down,KeyT,1791213050193.5,40681,t
P04,S01,22,down,KeyU,1791213050349.3,40682,u
P04,S01,22,up,KeyT,1791213050365.9,40681,t
P04,S01,22,up,KeyU,1791213050450.7,40682,u
P04,S01,22,down,KeyD,1791213050818.2,40683,d
P04,S01,22,up,KeyD,1791213050938.6,40683,d
P04,S01,22,down,KeyI,1791213051682.8,40684,i
P04,S01,22,up,KeyI,1791213051796.7,40684,i
P04,S01,22,down,KeyE,1791213051902.2,40685,e
P04,S01,22,up,KeyE,1791213052049.2,40685,e
P04,S01,22,down,KeyS,1791213052128.5,40686,s
P04,S01,22,up,KeyS,1791213052205.6,40686,s
P04,S01,22,down,Backspace,1791213052477.5,40687,Backspace
P04,S01,22,down,KeyD,1791213052622.9,40688,d
P04,S01,22,up,Backspace,1791213052624.1,40687,Backspace
P04,S01,22,up,KeyD,1791213052746.9,40688,d
P04,S01,22,down,Space,1791213052817.1,40689, 
P04,S01,22,up,Space,1791213052925.5,40689, 
P04,S01,22,down,KeyE,1791213053351.9,40690,e
P04,S01,22,up,KeyE,1791213053498.6,40690,e
P04,S01,22,down,KeyN,1791213053660.9,40691,n
P04,S01,22,up,KeyN,1791213053770.2,40691,n
P04,S01,22,down,KeyG,1791213053900.0,40692,g
P04,S01,22,up,KeyG,1791213054034.8,40692,g
P04,S01,22,down,KeyE,1791213054123.1,40693,e
P04,S01,22,up,KeyE,1791213054242.7,40693,e
P04,S01,22,down,KeyN,1791213054305.0,40694,n
P04,S01,22,up,KeyN,1791213054412.9,40694,n
P04,S01,22,down,KeyE,1791213054489.9,40695,e
P04,S01,22,up,KeyE,1791213054591.7,40695,e
P04,S01,22,down,KeyE,1791213054650.9,40696,e
P04,S01,22,up,KeyE,1791213054753.1,40696,e
P04,S01,22,down,KeyR,1791213054852.2,40697,r
P04,S01,22,up,KeyR,1791213054992.7,40697,r
P04,S01,22,down,KeyI,1791213055088.7,40698,i
P04,S01,22,up,KeyI,1791213055181.9,40698,i
P04,S01,22,down,KeyN,1791213055381.5,40699,n
P04,S01,22,up,KeyN,1791213055473.8,40699,n
P04,S01,22,down,KeyG,1791213055690.6,40700,g
P04,S01,22,up,KeyG,1791213055830.6,40700,g
P04,S01,22,down,Space,1791213055869.9,40701, 
P04,S01,22,up,Space,1791213055956.2,40701, 
P04,S01,22,down,KeyA,1791213056067.6,40702,a
P04,S01,22,down,KeyN,1791213056212.2,40703,n
P04,S01,22,up,KeyA,1791213056241.1,40702,a
P04,S01,22,up,KeyN,1791213056311.8,40703,n
P04,S01,22,down,KeyF,1791213056432.3,40704,f
P04,S01,22,down,Space,1791213056534.6,40705, 
P04,S01,22,up,KeyF,1791213056605.6,40704,f
P04,S01,22,up,Space,1791213056632.6,40705, 
P04,S01,22,down,Backspace,1791213057043.3,40706,Backspace
P04,S01,22,up,Backspace,1791213057183.4,40706,Backspace
P04,S01,22,down,Backspace,1791213057230.0,40707,Backspace
P04,S01,22,up,Backspace,1791213057317.8,40707,Backspace
P04,S01,22,down,KeyF,1791213057345.4,40708,f
P04,S01,22,up,KeyF,1791213057422.4,40708,f
P04,S01,22,down,Backspace,1791213057819.8,40709,Backspace
P04,S01,22,up,Backspace,1791213057933.1,40709,Backspace
P04,S01,22,down,KeyD,1791213057985.4,40710,d
P04,S01,22,up,KeyD,1791213058087.9,40710,d
P04,S01,22,down,Space,1791213058114.0,40711, 
P04,S01,22,up,Space,1791213058222.3,40711, 
P04,S01,22,down,KeyC,1791213058291.8,40712,c
P04,S01,22,up,KeyC,1791213058437.5,40712,c
P04,S01,22,down,KeyO,1791213058447.3,40713,o
P04,S01,22,up,KeyO,1791213058555.7,40713,o
P04,S01,22,down,KeyM,1791213058676.6,40714,m
P04,S01,22,up,KeyM,1791213058774.0,40714,m
P04,S01,22,down,KeyP,1791213059203.9,40715,p
P04,S01,22,up,KeyP,1791213059306.9,40715,p
P04,S01,22,down,KeyU,1791213059610.6,40716,u
P04,S01,22,up,KeyU,1791213059734.1,40716,u
P04,S01,22,down,KeyT,1791213059953.5,40717,t
P04,S01,22,up,KeyT,1791213060072.8,40717,t
P04,S01,22,down,KeyE,1791213060078.3,40718,e
P04,S01,22,down,KeyR,1791213060190.6,40719,r
P04,S01,22,up,KeyE,1791213060198.1,40718,e
P04,S01,22,up,KeyR,1791213060299.2,40719,r
P04,S01,22,down,Space,1791213060420.3,40720, 
P04,S01,22,up,Space,1791213060544.8,40720, 
P04,S01,22,down,KeyS,1791213060614.0,40721,s
P04,S01,22,down,KeyC,1791213060741.8,40722,c
P04,S01,22,up,KeyS,1791213060744.3,40721,s
P04,S01,22,up,KeyC,1791213060845.8,40722,c
P04,S01,22,down,KeyI,1791213061077.9,40723,i
P04,S01,22,up,KeyI,1791213061181.0,40723,i
P04,S01,22,down,KeyR,1791213061494.2,40724,r
P04,S01,22,up,KeyR,1791213061559.2,40724,r
P04,S01,22,down,KeyN,1791213061730.5,40725,n
P04,S01,22,up,KeyN,1791213061833.5,40725,n
P04,S01,22,down,KeyC,1791213062096.5,40726,c
P04,S01,22,up,KeyC,1791213062193.2,40726,c
P04,S01,22,down,KeyE,1791213062651.8,40727,e
P04,S01,22,up,KeyE,1791213062802.7,40727,e
P04,S01,22,down,Backspace,1791213063096.5,40728,Backspace
P04,S01,22,up,Backspace,1791213063236.0,40728,Backspace
P04,S01,22,down,Backspace,1791213063268.7,40729,Backspace
P04,S01,22,up,Backspace,1791213063378.7,40729,Backspace
P04,S01,22,down,Backspace,1791213063417.9,40730,Backspace
P04,S01,22,up,Backspace,1791213063516.1,40730,Backspace
P04,S01,22,down,Backspace,1791213063565.3,40731,Backspace
P04,S01,22,up,Backspace,1791213063668.6,40731,Backspace
P04,S01,22,down,KeyE,1791213064215.7,40732,e
P04,S01,22,up,KeyE,1791213064333.2,40732,e
P04,S01,22,down,KeyN,1791213064646.4,40733,n
P04,S01,22,up,KeyN,1791213064734.2,40733,n
P04,S01,22,down,KeyC,1791213065118.7,40734,c
P04,S01,22,up,KeyC,1791213065243.0,40734,c
P04,S01,22,down,KeyE,1791213065418.9,40735,e
P04,S01,22,up,KeyE,1791213065538.7,40735,e
P04,S01,22,down,Space,1791213065593.9,40736, 
P04,S01,22,up,Space,1791213065674.4,40736, 
P04,S01,22,down,KeyN,1791213066002.4,40737,n
P04,S01,22,up,KeyN,1791213066090.6,40737,n
P04,S01,22,down,KeyO,1791213066182.8,40738,o
P04,S01,22,up,KeyO,1791213066286.8,40738,o
P04,S01,22,down,KeyW,1791213066313.5,40739,w
P04,S01,22,up,KeyW,1791213066480.7,40739,w
P04,S01,22,down,Space,1791213067178.7,40740, 
P04,S01,22,up,Space,1791213067276.7,40740, 
P04,S01,22,down,KeyS,1791213067370.4,40741,s
P04,S01,22,down,KeyO,1791213067466.2,40742,o
P04,S01,22,up,KeyS,1791213067504.8,40741,s
P04,S01,22,up,KeyO,1791213067565.3,40742,o
P04,S01,22,down,Space,1791213067721.5,40743, 
P04,S01,22,up,Space,1791213067814.4,40743, 
P04,S01,22,down,KeyF,1791213068092.3,40744,f
P04,S01,22,up,KeyF,1791213068222.5,40744,f
P04,S01,22,down,KeyO,1791213068229.0,40745,o
P04,S01,22,up,KeyO,1791213068324.0,40745,o
P04,S01,22,down,KeyR,1791213068372.2,40746,r
P04,S01,22,up,KeyR,1791213068513.1,40746,r
P04,S01,22,down,Space,1791213068531.0,40747, 
P04,S01,22,up,Space,1791213068623.8,40747, 
P04,S01,22,down,KeyM,1791213068717.9,40748,m
P04,S01,22,up,KeyM,1791213068805.1,40748,m
P04,S01,22,down,KeyE,1791213068815.6,40749,e
P04,S01,22,down,Space,1791213068970.5,40750, 
P04,S01,22,up,KeyE,1791213068972.2,40749,e
P04,S01,22,up,Space,1791213069056.3,40750, 
P04,S01,22,down,KeyI,1791213069308.6,40751,i
P04,S01,22,up,KeyI,1791213069405.7,40751,i
P04,S01,22,down,KeyT,1791213069585.1,40752,t
P04,S01,22,up,KeyT,1791213069688.7,40752,t
P04,S01,22,down,KeyS,1791213069837.1,40753,s
P04,S01,22,up,KeyS,1791213069983.1,40753,s
P04,S01,22,down,Space,1791213069992.6,40754, 
P04,S01,22,up,Space,1791213070090.6,40754, 
P04,S01,22,down,KeyH,1791213070450.2,40755,h
P04,S01,22,up,KeyH,1791213070537.1,40755,h
P04,S01,22,down,KeyA,1791213070594.4,40756,a
P04,S01,22,up,KeyA,1791213070750.7,40756,a
P04,S01,22,down,KeyR,1791213070802.3,40757,r
P04,S01,22,up,KeyR,1791213070904.6,40757,r
P04,S01,22,down,KeyD,1791213071019.1,40758,d
P04,S01,22,up,KeyD,1791213071116.5,40758,d
P04,S01,22,down,Space,1791213071260.6,40759, 
P04,S01,22,up,Space,1791213071368.1,40759, 
P04,S01,22,down,KeyT,1791213071548.6,40760,t
P04,S01,22,up,KeyT,1791213071666.8,40760,t
P04,S01,22,down,KeyO,1791213071689.3,40761,o
P04,S01,22,up,KeyO,1791213071801.7,40761,o
P04,S01,22,down,Space,1791213072003.6,40762, 
P04,S01,22,up,Space,1791213072105.5,40762, 
P04,S01,22,down,KeyI,1791213072282.7,40763,i
P04,S01,22,up,KeyI,1791213072381.4,40763,i
P04,S01,22,down,Backspace,1791213072749.6,40764,Backspace
P04,S01,22,up,Backspace,1791213072873.1,40764,Backspace
P04,S01,22,down,KeyU,1791213073071.0,40765,u
P04,S01,22,up,KeyU,1791213073156.5,40765,u
P04,S01,22,down,KeyN,1791213073263.7,40766,n
P04,S01,22,up,KeyN,1791213073366.5,40766,n
P04,S01,22,down,KeyD,1791213073453.5,40767,d
P04,S01,22,up,KeyD,1791213073588.0,40767,d
P04,S01,22,down,KeyE,1791213073620.0,40768,e
P04,S01,22,up,KeyE,1791213073773.3,40768,e
P04,S01,22,down,KeyR,1791213073842.4,40769,r
P04,S01,22,up,KeyR,1791213073959.0,40769,r
P04,S01,22,down,KeyS,1791213074202.5,40770,s
P04,S01,22,up,KeyS,1791213074327.1,40770,s
P04,S01,22,down,KeyT,1791213074370.2,40771,t
P04,S01,22,up,KeyT,1791213074467.3,40771,t
P04,S01,22,down,KeyA,1791213074472.0,40772,a
P04,S01,22,up,KeyA,1791213074600.1,40772,a
P04,S01,22,down,KeyN,1791213074715.4,40773,n
P04,S01,22,up,KeyN,1791213074839.2,40773,n
P04,S01,22,down,KeyD,1791213074936.0,40774,d
P04,S01,22,down,Space,1791213075069.2,40775, 
P04,S01,22,up,KeyD,1791213075082.2,40774,d
P04,S01,22,up,Space,1791213075189.2,40775, 
P04,S01,22,down,KeyT,1791213075400.9,40776,t
P04,S01,22,up,KeyT,1791213075503.8,40776,t
P04,S01,22,down,KeyH,1791213075573.4,40777,h
P04,S01,22,up,KeyH,1791213075691.8,40777,h
P04,S01,22,down,KeyE,1791213075695.8,40778,e
P04,S01,22,down,Space,1791213075825.2,40779, 
P04,S01,22,up,KeyE,1791213075833.0,40778,e
P04,S01,22,up,Space,1791213075934.5,40779, 
P04,S01,22,down,KeyD,1791213076018.8,40780,d
P04,S01,22,up,KeyD,1791213076155.8,40780,d
P04,S01,22,down,KeyE,1791213076164.6,40781,e
P04,S01,22,up,KeyE,1791213076325.8,40781,e
P04,S01,22,down,KeyT,1791213076539.0,40782,t
P04,S01,22,up,KeyT,1791213076659.4,40782,t
P04,S01,22,down,KeyA,1791213076706.5,40783,a
P04,S01,22,up,KeyA,1791213076846.7,40783,a
P04,S01,22,down,KeyI,1791213076994.6,40784,i
P04,S01,22,up,KeyI,1791213077115.0,40784,i
P04,S01,22,down,KeyL,1791213077232.2,40785,l
P04,S01,22,up,KeyL,1791213077330.0,40785,l
P04,S01,22,down,KeyS,1791213077420.1,40786,s
P04,S01,22,up,KeyS,1791213077574.6,40786,s
P04,S01,22,down,Space,1791213077584.6,40787, 
P04,S01,22,up,Space,1791213077693.6,40787, 
P04,S01,22,down,KeyO,1791213077838.7,40788,o
P04,S01,22,up,KeyO,1791213078000.9,40788,o
P04,S01,22,down,KeyF,1791213078834.9,40789,f
P04,S01,22,up,KeyF,1791213078965.2,40789,f
P04,S01,22,down,Space,1791213078982.3,40790, 
P04,S01,22,up,Space,1791213079101.2,40790, 
P04,S01,22,down,KeyH,1791213079310.3,40791,h
P04,S01,22,up,KeyH,1791213079407.3,40791,h
P04,S01,22,down,KeyU,1791213079493.0,40792,u
P04,S01,22,up,KeyU,1791213079577.9,40792,u
P04,S01,22,down,KeyM,1791213079692.6,40793,m
P04,S01,22,up,KeyM,1791213079812.5,40793,m
P04,S01,22,down,KeyA,1791213079849.2,40794,a
P04,S01,22,up,KeyA,1791213079988.9,40794,a
P04,S01,22,down,KeyN,1791213080142.6,40795,n
P04,S01,22,up,KeyN,1791213080233.3,40795,n
P04,S01,22,down,Space,1791213080760.4,40796, 
P04,S01,22,up,Space,1791213080859.5,40796, 
P04,S01,22,down,Backspace,1791213081189.1,40797,Backspace
P04,S01,22,up,Backspace,1791213081334.5,40797,Backspace
P04,S01,22,down,KeyS,1791213081369.9,40798,s
P04,S01,22,up,KeyS,1791213081510.7,40798,s
P04,S01,22,down,Space,1791213081538.9,40799, 
P04,S01,22,up,Space,1791213081668.0,40799, 
P04,S01,22,down,KeyP,1791213082210.8,40800,p
P04,S01,22,up,KeyP,1791213082319.4,40800,p
P04,S01,22,down,KeyE,1791213082334.3,40801,e
P04,S01,22,up,KeyE,1791213082458.0,40801,e
P04,S01,22,down,KeyR,1791213082527.9,40802,r
P04,S01,22,up,KeyR,1791213082668.1,40802,r
P04,S01,22,down,KeyS,1791213082937.3,40803,s
P04,S01,22,up,KeyS,1791213083072.6,40803,s
P04,S01,22,down,KeyO,1791213083082.2,40804,o
P04,S01,22,up,KeyO,1791213083179.0,40804,o
P04,S01,22,down,KeyN,1791213083291.4,40805,n
P04,S01,22,up,KeyN,1791213083400.7,40805,n
P04,S01,22,down,KeyA,1791213083455.8,40806,a
P04,S01,22,up,KeyA,1791213083581.5,40806,a
P04,S01,22,down,KeyL,1791213083652.7,40807,l
P04,S01,22,up,KeyL,1791213083766.4,40807,l
P04,S01,22,down,KeyI,1791213083847.4,40808,i
P04,S01,22,up,KeyI,1791213083960.6,40808,i
P04,S01,22,down,KeyT,1791213084253.2,40809,t
P04,S01,22,up,KeyT,1791213084399.2,40809,t
P04,S01,22,down,KeyY,1791213084525.9,40810,y
P04,S01,22,up,KeyY,1791213084639.6,40810,y
P04,S01,22,down,Enter,1791213085090.6,40811,Enter
P04,S01,22,up,Enter,1791213085229.9,40811,Enter
P04,S01,23,down,KeyY,1791213099980.6,40812,y
P04,S01,23,up,KeyY,1791213100078.3,40812,y
P04,S01,23,down,KeyE,1791213100200.2,40813,e
P04,S01,23,up,KeyE,1791213100363.2,40813,e
P04,S01,23,down,KeyS,1791213100712.2,40814,s
P04,S01,23,up,KeyS,1791213100824.6,40814,s
P04,S01,23,down,Space,1791213101059.9,40815, 
P04,S01,23,up,Space,1791213101169.9,40815, 
P04,S01,23,down,KeyE,1791213101319.5,40816,e
P04,S01,23,up,KeyE,1791213101439.3,40816,e
P04,S01,23,down,KeyX,1791213101988.7,40817,x
P04,S01,23,up,KeyX,1791213102156.8,40817,x
P04,S01,23,down,KeyA,1791213102183.2,40818,a
P04,S01,23,down,KeyC,1791213102300.7,40819,c
P04,S01,23,up,KeyA,1791213102312.8,40818,a
P04,S01,23,up,KeyC,1791213102404.4,40819,c
P04,S01,23,down,KeyT,1791213102717.9,40820,t
P04,S01,23,up,KeyT,1791213102777.8,40820,t
P04,S01,23,down,KeyL,1791213103082.4,40821,l
P04,S01,23,up,KeyL,1791213103165.2,40821,l
P04,S01,23,down,KeyY,1791213103399.4,40822,y
P04,S01,23,up,KeyY,1791213103504.5,40822,y
P04,S01,23,down,Space,1791213104178.2,40823, 
P04,S01,23,up,Space,1791213104287.8,40823, 
P04,S01,23,down,KeyB,1791213104442.3,40824,b
P04,S01,23,up,KeyB,1791213104530.7,40824,b
P04,S01,23,down,KeyU,1791213104645.9,40825,u
P04,S01,23,up,KeyU,1791213104753.7,40825,u
P04,S01,23,down,KeyT,1791213105060.2,40826,t
P04,S01,23,up,KeyT,1791213105184.9,40826,t
P04,S01,23,down,Space,1791213105281.8,40827, 
P04,S01,23,up,Space,1791213105383.9,40827, 
P04,S01,23,down,KeyT,1791213105935.9,40828,t
P04,S01,23,up,KeyT,1791213106070.8,40828,t
P04,S01,23,down,KeyB,1791213106434.0,40829,b
P04,S01,23,up,KeyB,1791213106541.4,40829,b
P04,S01,23,down,KeyH,1791213106866.7,40830,h
P04,S01,23,up,KeyH,1791213106953.6,40830,h
P04,S01,23,down,Space,1791213107050.9,40831, 
P04,S01,23,up,Space,1791213107153.7,40831, 
P04,S01,23,down,KeyO,1791213107308.2,40832,o
P04,S01,23,up,KeyO,1791213107401.2,40832,o
P04,S01,23,down,Backspace,1791213107794.8,40833,Backspace
P04,S01,23,up,Backspace,1791213107897.8,40833,Backspace
P04,S01,23,down,KeyI,1791213108047.1,40834,i
P04,S01,23,up,KeyI,1791213108150.3,40834,i
P04,S01,23,down,Space,1791213108235.6,40835, 
P04,S01,23,up,Space,1791213108340.1,40835, 
P04,S01,23,down,KeyL,1791213108522.3,40836,l
P04,S01,23,up,KeyL,1791213108599.2,40836,l
P04,S01,23,down,KeyI,1791213108672.2,40837,i
P04,S01,23,up,KeyI,1791213108753.5,40837,i
P04,S01,23,down,KeyK,1791213108834.6,40838,k
P04,S01,23,up,KeyK,1791213108932.5,40838,k
P04,S01,23,down,KeyE,1791213109003.4,40839,e
P04,S01,23,down,Space,1791213109111.1,40840, 
P04,S01,23,up,KeyE,1791213109112.5,40839,e
P04,S01,23,up,Space,1791213109199.1,40840, 
P04,S01,23,down,KeyT,1791213109369.0,40841,t
P04,S01,23,up,KeyT,1791213109499.3,40841,t
P04,S01,23,down,KeyA,1791213109727.3,40842,a
P04,S01,23,down,KeyL,1791213109866.3,40843,l
P04,S01,23,up,KeyA,1791213109937.1,40842,a
P04,S01,23,up,KeyL,1791213109948.4,40843,l
P04,S01,23,down,KeyK,1791213110019.2,40844,k
P04,S01,23,up,KeyK,1791213110096.0,40844,k
P04,S01,23,down,Space,1791213110175.7,40845, 
P04,S01,23,up,Space,1791213110289.2,40845, 
P04,S01,23,down,KeyT,1791213110323.6,40846,t
P04,S01,23,down,KeyO,1791213110446.1,40847,o
P04,S01,23,up,KeyT,1791213110463.9,40846,t
P04,S01,23,up,KeyO,1791213110549.7,40847,o
P04,S01,23,down,Space,1791213110645.8,40848, 
P04,S01,23,up,Space,1791213110743.6,40848, 
P04,S01,23,down,KeyP,1791213110869.9,40849,p
P04,S01,23,up,KeyP,1791213111022.0,40849,p
P04,S01,23,down,KeyE,1791213111069.9,40850,e
P04,S01,23,down,KeyO,1791213111198.2,40851,o
P04,S01,23,up,KeyE,1791213111215.1,40850,e
P04,S01,23,up,KeyO,1791213111290.6,40851,o
P04,S01,23,down,KeyP,1791213111372.4,40852,p
P04,S01,23,up,KeyP,1791213111485.5,40852,p
P04,S01,23,down,KeyL,1791213111606.7,40853,l
P04,S01,23,up,KeyL,1791213111741.9,40853,l
P04,S01,23,down,KeyE,1791213111769.3,40854,e
P04,S01,23,down,Space,1791213111909.3,40855, 
P04,S01,23,up,KeyE,1791213111921.3,40854,e
P04,S01,23,up,Space,1791213112032.7,40855, 
P04,S01,23,down,KeyB,1791213112527.0,40856,b
P04,S01,23,up,KeyB,1791213112629.0,40856,b
P04,S01,23,down,KeyU,1791213112708.4,40857,u
P04,S01,23,up,KeyU,1791213112828.1,40857,u
P04,S01,23,down,KeyT,1791213112847.2,40858,t
P04,S01,23,down,Space,1791213112976.0,40859, 
P04,S01,23,up,KeyT,1791213113008.4,40858,t
P04,S01,23,up,Space,1791213113086.7,40859, 
P04,S01,23,down,KeyN,1791213113395.4,40860,n
P04,S01,23,up,KeyN,1791213113499.4,40860,n
P04,S01,23,down,KeyO,1791213113638.2,40861,o
P04,S01,23,up,KeyO,1791213113756.4,40861,o
P04,S01,23,down,KeyT,1791213113865.0,40862,t
P04,S01,23,down,Space,1791213113988.5,40863, 
P04,S01,23,up,KeyT,1791213113990.0,40862,t
P04,S01,23,up,Space,1791213114097.4,40863, 
P04,S01,23,down,KeyA,1791213114344.3,40864,a
P04,S01,23,down,KeyL,1791213114494.2,40865,l
P04,S01,23,up,KeyA,1791213114506.1,40864,a
P04,S01,23,up,KeyL,1791213114641.7,40865,l
P04,S01,23,down,KeyW,1791213114681.4,40866,w
P04,S01,23,up,KeyW,1791213114827.5,40866,w
P04,S01,23,down,KeyA,1791213114930.2,40867,a
P04,S01,23,up,KeyA,1791213115096.6,40867,a
P04,S01,23,down,KeyY,1791213115565.4,40868,y
P04,S01,23,up,KeyY,1791213115690.3,40868,y
P04,S01,23,down,KeyS,1791213115708.7,40869,s
P04,S01,23,up,KeyS,1791213115842.5,40869,s
P04,S01,23,down,Space,1791213115926.8,40870, 
P04,S01,23,up,Space,1791213116029.5,40870, 
P04,S01,23,down,KeyA,1791213116415.3,40871,a
P04,S01,23,up,KeyA,1791213116560.6,40871,a
P04,S01,23,down,KeyH,1791213116565.2,40872,h
P04,S01,23,up,KeyH,1791213116673.5,40872,h
P04,S01,23,down,KeyA,1791213116726.9,40873,a
P04,S01,23,up,KeyA,1791213116829.3,40873,a
P04,S01,23,down,KeyH,1791213116864.7,40874,h
P04,S01,23,up,KeyH,1791213116949.5,40874,h
P04,S01,23,down,KeyA,1791213117015.5,40875,a
P04,S01,23,up,KeyA,1791213117113.9,40875,a
P04,S01,23,down,KeyH,1791213117173.7,40876,h
P04,S01,23,up,KeyH,1791213117264.9,40876,h
P04,S01,23,down,KeyA,1791213117314.3,40877,a
P04,S01,23,up,KeyA,1791213117433.2,40877,a
P04,S01,23,down,KeyH,1791213117496.6,40878,h
P04,S01,23,down,KeyA,1791213117566.9,40879,a
P04,S01,23,up,KeyH,1791213117583.6,40878,h
P04,S01,23,up,KeyA,1791213117675.2,40879,a
P04,S01,23,down,Enter,1791213118473.9,40880,Enter
P04,S01,23,up,Enter,1791213118629.0,40880,Enter
P04,S01,24,down,KeyO,1791213129243.5,40881,o
P04,S01,24,up,KeyO,1791213129362.8,40881,o
P04,S01,24,down,KeyN,1791213129748.6,40882,n
P04,S01,24,up,KeyN,1791213129907.2,40882,n
P04,S01,24,down,Backspace,1791213130357.0,40883,Backspace
P04,S01,24,up,Backspace,1791213130535.3,40883,Backspace
P04,S01,24,down,Backspace,1791213130637.4,40884,Backspace
P04,S01,24,up,Backspace,1791213130767.0,40884,Backspace
P04,S01,24,down,Backspace,1791213130844.3,40885,Backspace
P04,S01,24,up,Backspace,1791213130964.8,40885,Backspace
P04,S01,24,down,Backspace,1791213131026.3,40886,Backspace
P04,S01,24,up,Backspace,1791213131150.8,40886,Backspace
P04,S01,24,down,KeyL,1791213133114.8,40887,l
P04,S01,24,up,KeyL,1791213133249.0,40887,l
P04,S01,24,down,KeyE,1791213133295.2,40888,e
P04,S01,24,up,KeyE,1791213133463.3,40888,e
P04,S01,24,down,KeyT,1791213133501.3,40889,t
P04,S01,24,up,KeyT,1791213133636.3,40889,t
P04,S01,24,down,KeyS,1791213133685.9,40890,s
P04,S01,24,up,KeyS,1791213133827.2,40890,s
P04,S01,24,down,Space,1791213133869.7,40891, 
P04,S01,24,up,Space,1791213133972.0,40891, 
P04,S01,24,down,KeyC,1791213134430.8,40892,c
P04,S01,24,up,KeyC,1791213134534.0,40892,c
P04,S01,24,down,KeyH,1791213134662.0,40893,h
P04,S01,24,up,KeyH,1791213134764.8,40893,h
P04,S01,24,down,KeyA,1791213134817.4,40894,a
P04,S01,24,up,KeyA,1791213134930.2,40894,a
P04,S01,24,down,KeyN,1791213135099.0,40895,n
P04,S01,24,up,KeyN,1791213135223.7,40895,n
P04,S01,24,down,KeyG,1791213135426.0,40896,g
P04,S01,24,up,KeyG,1791213135550.5,40896,g
P04,S01,24,down,KeyE,1791213135587.1,40897,e
P04,S01,24,up,KeyE,1791213135732.6,40897,e
P04,S01,24,down,Space,1791213135754.8,40898, 
P04,S01,24,up,Space,1791213135851.9,40898, 
P04,S01,24,down,KeyA,1791213135885.2,40899,a
P04,S01,24,down,Space,1791213135992.9,40900, 
P04,S01,24,up,KeyA,1791213136031.4,40899,a
P04,S01,24,up,Space,1791213136090.3,40900, 
P04,S01,24,down,KeyT,1791213136339.1,40901,t
P04,S01,24,up,KeyT,1791213136485.5,40901,t
P04,S01,24,down,KeyO,1791213136489.5,40902,o
P04,S01,24,up,KeyO,1791213136608.6,40902,o
P04,S01,24,down,KeyP,1791213136733.3,40903,p
P04,S01,24,up,KeyP,1791213136858.2,40903,p
P04,S01,24,down,KeyI,1791213136949.6,40904,i
P04,S01,24,up,KeyI,1791213137063.8,40904,i
P04,S01,24,down,KeyS,1791213137181.6,40905,s
P04,S01,24,up,KeyS,1791213137289.8,40905,s
P04,S01,24,down,Backspace,1791213137918.3,40906,Backspace
P04,S01,24,up,Backspace,1791213138074.6,40906,Backspace
P04,S01,24,down,KeyC,1791213138184.9,40907,c
P04,S01,24,up,KeyC,1791213138309.3,40907,c
P04,S01,24,down,Enter,1791213138509.7,40908,Enter
P04,S01,24,up,Enter,1791213138665.7,40908,Enter
P04,S01,25,down,KeyH,1791213147305.5,40909,h
P04,S01,25,up,KeyH,1791213147419.0,40909,h
P04,S01,25,down,KeyA,1791213147480.0,40910,a
P04,S01,25,down,KeyH,1791213147598.8,40911,h
P04,S01,25,up,KeyA,1791213147619.6,40910,a
P04,S01,25,up,KeyH,1791213147701.2,40911,h
P04,S01,25,down,KeyA,1791213147759.0,40912,a
P04,S01,25,up,KeyA,1791213147906.0,40912,a
P04,S01,25,down,KeyH,1791213147916.0,40913,h
P04,S01,25,up,KeyH,1791213148001.3,40913,h
P04,S01,25,down,KeyA,1791213148011.1,40914,a
P04,S01,25,up,KeyA,1791213148162.7,40914,a
P04,S01,25,down,Space,1791213148511.3,40915, 
P04,S01,25,up,Space,1791213148596.8,40915, 
P04,S01,25,down,Comma,1791213149538.0,40916,","
P04,S01,25,up,Comma,1791213149598.1,40916,","
P04,S01,25,down,Backspace,1791213150121.9,40917,Backspace
P04,S01,25,up,Backspace,1791213150214.5,40917,Backspace
P04,S01,25,down,KeyI,1791213150841.2,40918,i
P04,S01,25,up,KeyI,1791213150933.2,40918,i
P04,S01,25,down,Space,1791213151077.9,40919, 
P04,S01,25,up,Space,1791213151169.6,40919, 
P04,S01,25,down,KeyA,1791213151847.9,40920,a
P04,S01,25,down,KeyL,1791213152003.5,40921,l
P04,S01,25,up,KeyA,1791213152010.3,40920,a
P04,S01,25,up,KeyL,1791213152116.8,40921,l
P04,S01,25,down,KeyS,1791213152238.9,40922,s
P04,S01,25,up,KeyS,1791213152391.0,40922,s
P04,S01,25,down,KeyK,1791213152723.3,40923,k
P04,S01,25,down,KeyE,1791213152864.3,40924,e
P04,S01,25,up,KeyK,1791213152894.5,40923,k
P04,S01,25,down,KeyD,1791213153039.2,40925,d
P04,S01,25,up,KeyE,1791213153045.8,40924,e
P04,S01,25,up,KeyD,1791213153217.2,40925,d
P04,S01,25,down,Space,1791213153227.1,40926, 
P04,S01,25,up,Space,1791213153346.3,40926, 
P04,S01,25,down,Backspace,1791213153817.9,40927,Backspace
P04,S01,25,up,Backspace,1791213153937.0,40927,Backspace
P04,S01,25,down,Backspace,1791213154500.1,40928,Backspace
P04,S01,25,up,Backspace,1791213154624.7,40928,Backspace
P04,S01,25,down,Backspace,1791213154669.5,40929,Backspace
P04,S01,25,up,Backspace,1791213154772.6,40929,Backspace
P04,S01,25,down,Backspace,1791213154818.4,40930,Backspace
P04,S01,25,up,Backspace,1791213154927.1,40930,Backspace
P04,S01,25,down,Backspace,1791213154989.1,40931,Backspace
P04,S01,25,up,Backspace,1791213155099.3,40931,Backspace
P04,S01,25,down,Backspace,1791213155891.8,40932,Backspace
P04,S01,25,up,Backspace,1791213156058.2,40932,Backspace
P04,S01,25,down,KeyD,1791213156189.4,40933,d
P04,S01,25,up,KeyD,1791213156340.8,40933,d
P04,S01,25,down,Backspace,1791213156785.9,40934,Backspace
P04,S01,25,up,Backspace,1791213156936.3,40934,Backspace
P04,S01,25,down,KeyS,1791213156981.4,40935,s
P04,S01,25,up,KeyS,1791213157116.5,40935,s
P04,S01,25,down,KeyL,1791213157160.7,40936,l
P04,S01,25,up,KeyL,1791213157317.5,40936,l
P04,S01,25,down,Backspace,1791213157545.6,40937,Backspace
P04,S01,25,up,Backspace,1791213157664.1,40937,Backspace
P04,S01,25,down,KeyK,1791213157807.4,40938,k
P04,S01,25,up,KeyK,1791213157915.1,40938,k
P04,S01,25,down,KeyE,1791213157957.2,40939,e
P04,S01,25,up,KeyE,1791213158129.8,40939,e
P04,S01,25,down,KeyD,1791213158140.9,40940,d
P04,S01,25,down,Space,1791213158290.3,40941, 
P04,S01,25,up,KeyD,1791213158301.3,40940,d
P04,S01,25,up,Space,1791213158398.5,40941, 
P04,S01,25,down,KeyY,1791213158777.8,40942,y
P04,S01,25,down,KeyP,1791213158900.8,40943,p
P04,S01,25,up,KeyY,1791213158912.4,40942,y
P04,S01,25,up,KeyP,1791213159009.3,40943,p
P04,S01,25,down,KeyU,1791213159126.7,40944,u
P04,S01,25,up,KeyU,1791213159214.8,40944,u
P04,S01,25,down,Space,1791213159332.1,40945, 
P04,S01,25,up,Space,1791213159439.3,40945, 
P04,S01,25,down,KeyL,1791213159554.3,40946,l
P04,S01,25,up,KeyL,1791213159656.0,40946,l
P04,S01,25,down,KeyA,1791213159764.2,40947,a
P04,S01,25,up,KeyA,1791213159883.3,40947,a
P04,S01,25,down,KeyS,1791213159992.4,40948,s
P04,S01,25,up,KeyS,1791213160117.2,40948,s
P04,S01,25,down,KeyT,1791213160269.6,40949,t
P04,S01,25,down,Space,1791213160410.0,40950, 
P04,S01,25,up,KeyT,1791213160426.3,40949,t
P04,S01,25,up,Space,1791213160523.8,40950, 
P04,S01,25,down,KeyT,1791213161830.1,40951,t
P04,S01,25,down,KeyI,1791213161954.3,40952,i
P04,S01,25,up,KeyT,1791213161970.0,40951,t
P04,S01,25,up,KeyI,1791213162051.3,40952,i
P04,S01,25,down,KeyM,1791213162153.9,40953,m
P04,S01,25,up,KeyM,1791213162267.8,40953,m
P04,S01,25,down,KeyE,1791213162291.7,40954,e
P04,S01,25,down,Space,1791213162399.0,40955, 
P04,S01,25,up,KeyE,1791213162438.0,40954,e
P04,S01,25,up,Space,1791213162512.8,40955, 
P04,S01,25,down,KeyI,1791213163066.6,40956,i
P04,S01,25,up,KeyI,1791213163239.6,40956,i
P04,S01,25,down,KeyF,1791213164491.0,40957,f
P04,S01,25,up,KeyF,1791213164660.3,40957,f
P04,S01,25,down,Space,1791213164725.0,40958, 
P04,S01,25,up,Space,1791213164827.5,40958, 
P04,S01,25,down,Backspace,1791213165740.9,40959,Backspace
P04,S01,25,up,Backspace,1791213165871.4,40959,Backspace
P04,S01,25,down,Backspace,1791213165940.6,40960,Backspace
P04,S01,25,up,Backspace,1791213166031.4,40960,Backspace
P04,S01,25,down,Backspace,1791213166103.0,40961,Backspace
P04,S01,25,up,Backspace,1791213166189.9,40961,Backspace
P04,S01,25,down,KeyW,1791213166644.5,40962,w
P04,S01,25,down,KeyH,1791213166770.3,40963,h
P04,S01,25,up,KeyW,1791213166805.1,40962,w
P04,S01,25,down,KeyA,1791213166874.8,40964,a
P04,S01,25,up,KeyH,1791213166897.5,40963,h
P04,S01,25,down,KeyT,1791213167041.1,40965,t
P04,S01,25,up,KeyA,1791213167048.5,40964,a
P04,S01,25,up,KeyT,1791213167133.8,40965,t
P04,S01,25,down,Space,1791213167252.4,40966, 
P04,S01,25,up,Space,1791213167370.3,40966, 
P04,S01,25,down,KeyC,1791213168026.2,40967,c
P04,S01,25,up,KeyC,1791213168130.1,40967,c
P04,S01,25,down,KeyA,1791213168180.3,40968,a
P04,S01,25,up,KeyA,1791213168337.2,40968,a
P04,S01,25,down,KeyN,1791213168397.8,40969,n
P04,S01,25,up,KeyN,1791213168507.3,40969,n
P04,S01,25,down,Space,1791213168574.5,40970, 
P04,S01,25,up,Space,1791213168689.1,40970, 
P04,S01,25,down,KeyW,1791213168838.6,40971,w
P04,S01,25,up,KeyW,1791213168984.5,40971,w
P04,S01,25,down,KeyE,1791213169049.0,40972,e
P04,S01,25,down,Space,1791213169178.0,40973, 
P04,S01,25,up,KeyE,1791213169199.9,40972,e
P04,S01,25,up,Space,1791213169299.0,40973, 
P04,S01,25,down,KeyY,1791213169489.6,40974,y
P04,S01,25,up,KeyY,1791213169596.9,40974,y
P04,S01,25,down,Backspace,1791213169909.2,40975,Backspace
P04,S01,25,down,KeyT,1791213170026.7,40976,t
P04,S01,25,up,Backspace,1791213170048.7,40975,Backspace
P04,S01,25,up,KeyT,1791213170156.1,40976,t
P04,S01,25,down,KeyA,1791213170288.1,40977,a
P04,S01,25,down,KeyL,1791213170508.1,40978,l
P04,S01,25,up,KeyA,1791213170510.7,40977,a
P04,S01,25,up,KeyL,1791213170664.3,40978,l
P04,S01,25,down,KeyK,1791213170712.6,40979,k
P04,S01,25,up,KeyK,1791213170822.5,40979,k
P04,S01,25,down,Space,1791213170907.6,40980, 
P04,S01,25,up,Space,1791213171046.6,40980, 
P04,S01,25,down,KeyA,1791213171077.9,40981,a
P04,S01,25,down,KeyB,1791213171212.4,40982,b
P04,S01,25,up,KeyA,1791213171230.6,40981,a
P04,S01,25,up,KeyB,1791213171315.5,40982,b
P04,S01,25,down,KeyO,1791213171871.4,40983,o
P04,S01,25,up,KeyO,1791213171995.8,40983,o
P04,S01,25,down,KeyU,1791213172108.3,40984,u
P04,S01,25,up,KeyU,1791213172238.0,40984,u
P04,S01,25,down,KeyT,1791213172307.6,40985,t
P04,S01,25,down,Space,1791213172424.2,40986, 
P04,S01,25,up,KeyT,1791213172448.6,40985,t
P04,S01,25,up,Space,1791213172543.5,40986, 
P04,S01,25,down,KeyA,1791213172661.6,40987,a
P04,S01,25,up,KeyA,1791213172835.7,40987,a
P04,S01,25,down,KeyN,1791213173052.1,40988,n
P04,S01,25,up,KeyN,1791213173175.6,40988,n
P04,S01,25,down,KeyD,1791213173295.0,40989,d
P04,S01,25,down,Space,1791213173438.1,40990, 
P04,S01,25,up,KeyD,1791213173439.8,40989,d
P04,S01,25,up,Space,1791213173540.9,40990, 
P04,S01,25,down,KeyY,1791213174119.3,40991,y
P04,S01,25,up,KeyY,1791213174293.5,40991,y
P04,S01,25,down,KeyO,1791213174352.3,40992,o
P04,S01,25,up,KeyO,1791213174476.1,40992,o
P04,S01,25,down,KeyU,1791213174623.0,40993,u
P04,S01,25,up,KeyU,1791213174720.5,40993,u
P04,S01,25,down,Space,1791213174979.3,40994, 
P04,S01,25,up,Space,1791213175093.9,40994, 
P04,S01,25,down,KeyA,1791213175483.3,40995,a
P04,S01,25,up,KeyA,1791213175619.3,40995,a
P04,S01,25,down,KeyS,1791213175722.6,40996,s
P04,S01,25,up,KeyS,1791213175858.2,40996,s
P04,S01,25,down,KeyK,1791213176016.7,40997,k
P04,S01,25,up,KeyK,1791213176151.2,40997,k
P04,S01,25,down,KeyE,1791213176278.2,40998,e
P04,S01,25,down,KeyD,1791213176439.8,40999,d
P04,S01,25,up,KeyE,1791213176456.7,40998,e
P04,S01,25,up,KeyD,1791213176638.9,40999,d
P04,S01,25,down,Space,1791213176648.9,41000, 
P04,S01,25,up,Space,1791213176751.8,41000, 
P04,S01,25,down,KeyM,1791213176862.1,41001,m
P04,S01,25,down,KeyE,1791213176991.2,41002,e
P04,S01,25,up,KeyM,1791213176997.6,41001,m
P04,S01,25,down,Space,1791213177119.9,41003, 
P04,S01,25,up,KeyE,1791213177141.1,41002,e
P04,S01,25,up,Space,1791213177213.4,41003, 
P04,S01,25,down,KeyT,1791213177315.0,41004,t
P04,S01,25,up,KeyT,1791213177439.3,41004,t
P04,S01,25,down,KeyH,1791213177504.3,41005,h
P04,S01,25,up,KeyH,1791213177623.6,41005,h
P04,S01,25,down,KeyE,1791213177646.1,41006,e
P04,S01,25,down,Space,1791213177764.3,41007, 
P04,S01,25,up,KeyE,1791213177803.1,41006,e
P04,S01,25,up,Space,1791213177868.0,41007, 
P04,S01,25,down,KeyS,1791213177889.6,41008,s
P04,S01,25,up,KeyS,1791213178031.2,41008,s
P04,S01,25,down,KeyA,1791213178115.4,41009,a
P04,S01,25,down,KeyM,1791213178227.7,41010,m
P04,S01,25,up,KeyA,1791213178255.2,41009,a
P04,S01,25,up,KeyM,1791213178325.7,41010,m
P04,S01,25,down,KeyE,1791213178379.9,41011,e
P04,S01,25,down,Space,1791213178499.2,41012, 
P04,S01,25,up,KeyE,1791213178546.8,41011,e
P04,S01,25,up,Space,1791213178595.8,41012, 
P04,S01,25,down,KeyT,1791213178779.0,41013,t
P04,S01,25,up,KeyT,1791213178936.0,41013,t
P04,S01,25,down,KeyH,1791213178945.5,41014,h
P04,S01,25,up,KeyH,1791213179038.9,41014,h
P04,S01,25,down,KeyI,1791213179144.3,41015,i
P04,S01,25,up,KeyI,1791213179264.9,41015,i
P04,S01,25,down,KeyN,1791213179818.0,41016,n
P04,S01,25,up,KeyN,1791213179926.8,41016,n
P04,S01,25,down,KeyG,1791213180336.6,41017,g
P04,S01,25,up,KeyG,1791213180435.3,41017,g
P04,S01,25,down,Enter,1791213180700.1,41018,Enter
P04,S01,25,up,Enter,1791213180840.2,41018,Enter
P04,S01,26,down,Unidentified,1791213181411.5,41019,Unidentified
P04,S01,26,up,Unidentified,1791213181421.6,41019,Unidentified
P04,S01,26,down,Unidentified,1791213181887.6,41020,Unidentified
P04,S01,26,up,Unidentified,1791213181896.8,41020,Unidentified
P04,S01,26,down,KeyT,1791213190742.1,41021,t
P04,S01,26,up,KeyT,1791213190877.1,41021,t
P04,S01,26,down,KeyO,1791213190894.0,41022,o
P04,S01,26,up,KeyO,1791213191008.8,41022,o
P04,S01,26,down,KeyO,1791213191095.3,41023,o
P04,S01,26,up,KeyO,1791213191209.0,41023,o
P04,S01,26,down,Space,1791213191481.0,41024, 
P04,S01,26,up,Space,1791213191577.8,41024, 
P04,S01,26,down,KeyG,1791213192140.7,41025,g
P04,S01,26,up,KeyG,1791213192255.2,41025,g
P04,S01,26,down,Backspace,1791213192801.0,41026,Backspace
P04,S01,26,up,Backspace,1791213192920.9,41026,Backspace
P04,S01,26,down,KeyH,1791213193127.9,41027,h
P04,S01,26,up,KeyH,1791213193235.7,41027,h
P04,S01,26,down,KeyA,1791213193394.6,41028,a
P04,S01,26,down,KeyR,1791213193620.3,41029,r
P04,S01,26,up,KeyA,1791213193637.1,41028,a
P04,S01,26,up,KeyR,1791213193712.2,41029,r
P04,S01,26,down,KeyD,1791213193810.9,41030,d
P04,S01,26,up,KeyD,1791213193897.2,41030,d
P04,S01,26,down,KeyD,1791213193951.1,41031,d
P04,S01,26,up,KeyD,1791213194050.9,41031,d
P04,S01,26,down,KeyD,1791213194114.0,41032,d
P04,S01,26,up,KeyD,1791213194201.2,41032,d
P04,S01,26,down,KeyD,1791213194226.8,41033,d
P04,S01,26,up,KeyD,1791213194322.4,41033,d
P04,S01,26,down,Space,1791213194474.4,41034, 
P04,S01,26,up,Space,1791213194592.2,41034, 
P04,S01,26,down,KeyS,1791213194719.9,41035,s
P04,S01,26,down,KeyO,1791213194848.6,41036,o
P04,S01,26,up,KeyS,1791213194855.5,41035,s
P04,S01,26,up,KeyO,1791213194978.7,41036,o
P04,S01,26,down,KeyR,1791213195458.1,41037,r
P04,S01,26,up,KeyR,1791213195576.6,41037,r
P04,S01,26,down,KeyR,1791213195630.9,41038,r
P04,S01,26,up,KeyR,1791213195734.4,41038,r
P04,S01,26,down,KeyZ,1791213195843.8,41039,z
P04,S01,26,down,Space,1791213196043.3,41040, 
P04,S01,26,up,KeyZ,1791213196098.6,41039,z
P04,S01,26,up,Space,1791213196162.7,41040, 
P04,S01,26,down,Backspace,1791213196445.1,41041,Backspace
P04,S01,26,up,Backspace,1791213196552.7,41041,Backspace
P04,S01,26,down,Backspace,1791213196611.0,41042,Backspace
P04,S01,26,up,Backspace,1791213196691.9,41042,Backspace
P04,S01,26,down,KeyY,1791213196787.6,41043,y
P04,S01,26,down,Space,1791213196921.9,41044, 
P04,S01,26,up,KeyY,1791213196928.1,41043,y
P04,S01,26,up,Space,1791213197051.4,41044, 
P04,S01,26,down,KeyM,1791213197190.0,41045,m
P04,S01,26,up,KeyM,1791213197341.7,41045,m
P04,S01,26,down,KeyA,1791213197495.7,41046,a
P04,S01,26,up,KeyA,1791213197669.2,41046,a
P04,S01,26,down,KeyY,1791213197775.2,41047,y
P04,S01,26,up,KeyY,1791213197890.0,41047,y
P04,S01,26,down,KeyB,1791213198007.3,41048,b
P04,S01,26,up,KeyB,1791213198099.1,41048,b
P04,S01,26,down,KeyE,1791213198195.0,41049,e
P04,S01,26,up,KeyE,1791213198347.2,41049,e
P04,S01,26,down,Space,1791213198350.1,41050, 
P04,S01,26,up,Space,1791213198437.4,41050, 
P04,S01,26,down,KeyI,1791213199015.1,41051,i
P04,S01,26,up,KeyI,1791213199106.2,41051,i
P04,S01,26,down,KeyM,1791213199477.2,41052,m
P04,S01,26,up,KeyM,1791213199557.8,41052,m
P04,S01,26,down,Space,1791213199703.6,41053, 
P04,S01,26,up,Space,1791213199784.8,41053, 
P04,S01,26,down,KeyN,1791213200066.7,41054,n
P04,S01,26,up,KeyN,1791213200153.5,41054,n
P04,S01,26,down,KeyO,1791213200340.6,41055,o
P04,S01,26,up,KeyO,1791213200449.6,41055,o
P04,S01,26,down,KeyT,1791213200533.9,41056,t
P04,S01,26,up,KeyT,1791213200662.9,41056,t
P04,S01,26,down,Space,1791213200678.9,41057, 
P04,S01,26,up,Space,1791213200776.1,41057, 
P04,S01,26,down,KeyE,1791213201287.4,41058,e
P04,S01,26,up,KeyE,1791213201444.0,41058,e
P04,S01,26,down,KeyN,1791213201665.8,41059,n
P04,S01,26,up,KeyN,1791213201756.9,41059,n
P04,S01,26,down,KeyP,1791213201897.6,41060,p
P04,S01,26,up,KeyP,1791213201989.8,41060,p
P04,S01,26,down,KeyU,1791213202154.0,41061,u
P04,S01,26,up,KeyU,1791213202268.4,41061,u
P04,S01,26,down,KeyG,1791213202744.3,41062,g
P04,S01,26,down,KeyH,1791213202829.8,41063,h
P04,S01,26,up,KeyG,1791213202874.2,41062,g
P04,S01,26,up,KeyH,1791213202922.8,41063,h
P04,S01,26,down,Space,1791213203019.7,41064, 
P04,S01,26,up,Space,1791213203121.9,41064, 
P04,S01,26,down,KeyT,1791213204427.9,41065,t
P04,S01,26,up,KeyT,1791213204525.0,41065,t
P04,S01,26,down,KeyA,1791213204598.6,41066,a
P04,S01,26,up,KeyA,1791213204727.3,41066,a
P04,S01,26,down,KeyL,1791213204898.4,41067,l
P04,S01,26,up,KeyL,1791213204996.5,41067,l
P04,S01,26,down,KeyK,1791213205066.4,41068,k
P04,S01,26,up,KeyK,1791213205159.3,41068,k
P04,S01,26,down,KeyA,1791213205587.7,41069,a
P04,S01,26,up,KeyA,1791213205738.3,41069,a
P04,S01,26,down,KeyC,1791213205877.9,41070,c
P04,S01,26,up,KeyC,1791213205986.7,41070,c
P04,S01,26,down,KeyT,1791213206105.9,41071,t
P04,S01,26,up,KeyT,1791213206208.7,41071,t
P04,S01,26,down,KeyI,1791213206497.3,41072,i
P04,S01,26,up,KeyI,1791213206600.6,41072,i
P04,S01,26,down,KeyV,1791213206707.5,41073,v
P04,S01,26,up,KeyV,1791213206816.4,41073,v
P04,S01,26,down,KeyE,1791213206870.9,41074,e
P04,S01,26,down,Space,1791213206940.9,41075, 
P04,S01,26,up,KeyE,1791213207011.0,41074,e
P04,S01,26,up,Space,1791213207032.8,41075, 
P04,S01,26,down,KeyT,1791213207285.0,41076,t
P04,S01,26,up,KeyT,1791213207382.6,41076,t
P04,S01,26,down,KeyO,1791213207567.0,41077,o
P04,S01,26,up,KeyO,1791213207686.6,41077,o
P04,S01,26,down,KeyD,1791213208072.7,41078,d
P04,S01,26,up,KeyD,1791213208176.6,41078,d
P04,S01,26,down,KeyA,1791213208288.0,41079,a
P04,S01,26,up,KeyA,1791213208445.1,41079,a
P04,S01,26,down,KeyY,1791213208448.9,41080,y
P04,S01,26,up,KeyY,1791213208551.4,41080,y
P04,S01,26,down,ShiftLeft,1791213209431.9,41081,Shift
P04,S01,26,down,Slash,1791213209540.7,41082,?
P04,S01,26,up,ShiftLeft,1791213209663.8,41081,Shift
P04,S01,26,up,Slash,1791213209681.2,41082,?
P04,S01,26,down,Space,1791213209877.6,41083, 
P04,S01,26,up,Space,1791213209975.7,41083, 
P04,S01,26,down,Backspace,1791213210226.3,41084,Backspace
P04,S01,26,up,Backspace,1791213210372.5,41084,Backspace
P04,S01,26,down,Backspace,1791213210424.9,41085,Backspace
P04,S01,26,up,Backspace,1791213210528.5,41085,Backspace
P04,S01,26,down,Comma,1791213210899.0,41086,","
P04,S01,26,up,Comma,1791213210981.7,41086,","
P04,S01,26,down,Space,1791213211453.8,41087, 
P04,S01,26,up,Space,1791213211572.5,41087, 
P04,S01,26,down,KeyI,1791213212113.9,41088,i
P04,S01,26,up,KeyI,1791213212198.8,41088,i
P04,S01,26,down,KeyY,1791213212534.0,41089,y
P04,S01,26,up,KeyY,1791213212626.0,41089,y
P04,S01,26,down,Backspace,1791213212945.3,41090,Backspace
P04,S01,26,up,Backspace,1791213213080.8,41090,Backspace
P04,S01,26,down,KeyT,1791213213289.7,41091,t
P04,S01,26,up,KeyT,1791213213386.7,41091,t
P04,S01,26,down,Space,1791213213489.1,41092, 
P04,S01,26,up,Space,1791213213612.8,41092, 
P04,S01,26,down,KeyS,1791213213750.6,41093,s
P04,S01,26,up,KeyS,1791213213849.3,41093,s
P04,S01,26,down,Space,1791213213869.4,41094, 
P04,S01,26,up,Space,1791213213968.9,41094, 
P04,S01,26,down,KeyS,1791213214238.7,41095,s
P04,S01,26,up,KeyS,1791213214348.0,41095,s
P04,S01,26,down,KeyO,1791213214380.8,41096,o
P04,S01,26,up,KeyO,1791213214482.7,41096,o
P04,S01,26,down,Space,1791213214589.1,41097, 
P04,S01,26,up,Space,1791213214686.1,41097, 
P04,S01,26,down,KeyH,1791213214802.9,41098,h
P04,S01,26,up,KeyH,1791213214895.8,41098,h
P04,S01,26,down,KeyA,1791213214899.7,41099,a
P04,S01,26,up,KeyA,1791213215019.7,41099,a
P04,S01,26,down,KeyR,1791213215155.3,41100,r
P04,S01,26,up,KeyR,1791213215355.2,41100,r
P04,S01,26,down,KeyD,1791213215437.4,41101,d
P04,S01,26,up,KeyD,1791213215578.1,41101,d
P04,S01,26,down,Space,1791213215603.2,41102, 
P04,S01,26,up,Space,1791213215715.0,41102, 
P04,S01,26,down,KeyT,1791213215936.6,41103,t
P04,S01,26,down,KeyO,1791213216087.1,41104,o
P04,S01,26,up,KeyT,1791213216088.9,41103,t
P04,S01,26,up,KeyO,1791213216189.9,41104,o
P04,S01,26,down,Space,1791213216311.0,41105, 
P04,S01,26,up,Space,1791213216407.7,41105, 
P04,S01,26,down,KeyS,1791213216781.6,41106,s
P04,S01,26,up,KeyS,1791213216950.9,41106,s
P04,S01,26,down,KeyP,1791213216973.8,41107,p
P04,S01,26,up,KeyP,1791213217099.5,41107,p
P04,S01,26,down,KeyE,1791213217109.1,41108,e
P04,S01,26,up,KeyE,1791213217265.5,41108,e
P04,S01,26,down,KeyA,1791213217320.9,41109,a
P04,S01,26,down,KeyK,1791213217509.6,41110,k
P04,S01,26,up,KeyA,1791213217511.1,41109,a
P04,S01,26,up,KeyK,1791213217590.0,41110,k
P04,S01,26,down,Space,1791213217682.5,41111, 
P04,S01,26,up,Space,1791213217786.5,41111, 
P04,S01,26,down,KeyE,1791213217867.7,41112,e
P04,S01,26,up,KeyE,1791213218037.1,41112,e
P04,S01,26,down,KeyN,1791213218128.7,41113,n
P04,S01,26,up,KeyN,1791213218247.6,41113,n
P04,S01,26,down,KeyF,1791213218452.4,41114,f
P04,S01,26,up,KeyF,1791213218555.6,41114,f
P04,S01,26,down,Backspace,1791213218990.3,41115,Backspace
P04,S01,26,up,Backspace,1791213219134.7,41115,Backspace
P04,S01,26,down,KeyG,1791213219207.2,41116,g
P04,S01,26,up,KeyG,1791213219352.7,41116,g
P04,S01,26,down,KeyL,1791213219415.8,41117,l
P04,S01,26,up,KeyL,1791213219601.2,41117,l
P04,S01,26,down,KeyI,1791213220039.9,41118,i
P04,S01,26,up,KeyI,1791213220141.7,41118,i
P04,S01,26,down,KeyS,1791213220346.6,41119,s
P04,S01,26,up,KeyS,1791213220492.9,41119,s
P04,S01,26,down,KeyH,1791213220503.1,41120,h
P04,S01,26,up,KeyH,1791213220593.8,41120,h
P04,S01,26,down,Space,1791213220674.3,41121, 
P04,S01,26,up,Space,1791213220777.6,41121, 
P04,S01,26,down,KeyA,1791213220807.4,41122,a
P04,S01,26,up,KeyA,1791213220959.5,41122,a
P04,S01,26,down,KeyL,1791213221366.4,41123,l
P04,S01,26,up,KeyL,1791213221453.2,41123,l
P04,S01,26,down,KeyL,1791213221517.2,41124,l
P04,S01,26,up,KeyL,1791213221609.9,41124,l
P04,S01,26,down,Space,1791213221718.1,41125, 
P04,S01,26,up,Space,1791213221799.6,41125, 
P04,S01,26,down,KeyT,1791213221914.3,41126,t
P04,S01,26,up,KeyT,1791213222016.1,41126,t
P04,S01,26,down,KeyH,1791213222089.1,41127,h
P04,S01,26,up,KeyH,1791213222191.6,41127,h
P04,S01,26,down,KeyE,1791213222243.1,41128,e
P04,S01,26,down,Space,1791213222318.0,41129, 
P04,S01,26,up,KeyE,1791213222384.3,41128,e
P04,S01,26,up,Space,1791213222420.5,41129, 
P04,S01,26,down,KeyT,1791213222586.7,41130,t
P04,S01,26,up,KeyT,1791213222736.6,41130,t
P04,S01,26,down,KeyI,1791213222761.2,41131,i
P04,S01,26,up,KeyI,1791213222858.9,41131,i
P04,S01,26,down,KeyM,1791213222955.6,41132,m
P04,S01,26,up,KeyM,1791213223047.9,41132,m
P04,S01,26,down,KeyE,1791213223092.3,41133,e
P04,S01,26,up,KeyE,1791213223215.3,41133,e
P04,S01,26,down,KeyE,1791213223261.5,41134,e
P04,S01,26,up,KeyE,1791213223401.5,41134,e
P04,S01,26,down,Enter,1791213223469.9,41135,Enter
P04,S01,26,up,Enter,1791213223595.0,41135,Enter
P04,S01,27,down,KeyR,1791213234685.9,41136,r
P04,S01,27,up,KeyR,1791213234784.5,41136,r
P04,S01,27,down,KeyE,1791213234846.2,41137,e
P04,S01,27,up,KeyE,1791213235008.6,41137,e
P04,S01,27,down,KeyN,1791213235063.5,41138,n
P04,S01,27,up,KeyN,1791213235173.2,41138,n
P04,S01,27,down,KeyC,1791213235243.5,41139,c
P04,S01,27,up,KeyC,1791213235399.7,41139,c
P04,S01,27,down,KeyH,1791213235422.6,41140,h
P04,S01,27,up,KeyH,1791213235497.5,41140,h
P04,S01,27,down,Space,1791213235592.6,41141, 
P04,S01,27,up,Space,1791213235684.2,41141, 
P04,S01,27,down,KeyI,1791213235805.3,41142,i
P04,S01,27,up,KeyI,1791213235897.9,41142,i
P04,S01,27,down,KeyS,1791213236015.5,41143,s
P04,S01,27,up,KeyS,1791213236134.9,41143,s
P04,S01,27,down,KeyM,1791213236312.1,41144,m
P04,S01,27,up,KeyM,1791213236394.0,41144,m
P04,S01,27,down,Backspace,1791213236763.8,41145,Backspace
P04,S01,27,up,Backspace,1791213236897.9,41145,Backspace
P04,S01,27,down,Space,1791213237042.1,41146, 
P04,S01,27,up,Space,1791213237181.9,41146, 
P04,S01,27,down,Space,1791213237217.9,41147, 
P04,S01,27,up,Space,1791213237316.2,41147, 
P04,S01,27,down,KeyM,1791213237420.5,41148,m
P04,S01,27,up,KeyM,1791213237507.5,41148,m
P04,S01,27,down,KeyY,1791213237700.6,41149,y
P04,S01,27,up,KeyY,1791213237797.9,41149,y
P04,S01,27,down,Space,1791213237928.6,41150, 
P04,S01,27,up,Space,1791213238028.7,41150, 
P04,S01,27,down,Numpad4,1791213238357.1,41151,4
P04,S01,27,up,Numpad4,1791213238503.1,41151,4
P04,S01,27,down,KeyY,1791213238802.7,41152,y
P04,S01,27,up,KeyY,1791213238894.9,41152,y
P04,S01,27,down,Backspace,1791213239815.3,41153,Backspace
P04,S01,27,up,Backspace,1791213239918.9,41153,Backspace
P04,S01,27,down,KeyT,1791213239994.3,41154,t
P04,S01,27,down,KeyH,1791213240122.7,41155,h
P04,S01,27,up,KeyT,1791213240151.0,41154,t
P04,S01,27,up,KeyH,1791213240231.8,41155,h
P04,S01,27,down,Space,1791213240319.0,41156, 
P04,S01,27,up,Space,1791213240427.7,41156, 
P04,S01,27,down,KeyF,1791213240765.9,41157,f
P04,S01,27,up,KeyF,1791213240938.0,41157,f
P04,S01,27,down,KeyO,1791213240956.9,41158,o
P04,S01,27,up,KeyO,1791213241091.8,41158,o
P04,S01,27,down,KeyR,1791213241165.8,41159,r
P04,S01,27,up,KeyR,1791213241316.9,41159,r
P04,S01,27,down,KeyE,1791213241396.8,41160,e
P04,S01,27,up,KeyE,1791213241565.2,41160,e
P04,S01,27,down,KeyI,1791213241778.0,41161,i
P04,S01,27,up,KeyI,1791213241875.3,41161,i
P04,S01,27,down,KeyN,1791213242028.2,41162,n
P04,S01,27,up,KeyN,1791213242136.8,41162,n
P04,S01,27,down,KeyG,1791213242307.6,41163,g
P04,S01,27,up,KeyG,1791213242415.4,41163,g
P04,S01,27,down,Space,1791213242517.2,41164, 
P04,S01,27,up,Space,1791213242636.2,41164, 
P04,S01,27,down,KeyL,1791213243607.6,41165,l
P04,S01,27,up,KeyL,1791213243731.7,41165,l
P04,S01,27,down,KeyA,1791213243859.2,41166,a
P04,S01,27,up,KeyA,1791213244010.0,41166,a
P04,S01,27,down,KeyN,1791213244380.4,41167,n
P04,S01,27,up,KeyN,1791213244488.9,41167,n
P04,S01,27,down,KeyH,1791213244597.1,41168,h
P04,S01,27,up,KeyH,1791213244688.5,41168,h
P04,S01,27,down,Backspace,1791213245102.0,41169,Backspace
P04,S01,27,up,Backspace,1791213245233.4,41169,Backspace
P04,S01,27,down,KeyG,1791213245291.7,41170,g
P04,S01,27,up,KeyG,1791213245411.9,41170,g
P04,S01,27,down,KeyU,1791213245429.0,41171,u
P04,S01,27,up,KeyU,1791213245537.0,41171,u
P04,S01,27,down,KeyA,1791213245618.0,41172,a
P04,S01,27,up,KeyA,1791213245781.2,41172,a
P04,S01,27,down,KeyH,1791213245818.5,41173,h
P04,S01,27,up,KeyH,1791213245932.1,41173,h
P04,S01,27,down,KeyE,1791213246028.1,41174,e
P04,S01,27,up,KeyE,1791213246174.2,41174,e
P04,S01,27,down,Backspace,1791213246734.6,41175,Backspace
P04,S01,27,up,Backspace,1791213246887.1,41175,Backspace
P04,S01,27,down,Backspace,1791213246929.4,41176,Backspace
P04,S01,27,up,Backspace,1791213247027.8,41176,Backspace
P04,S01,27,down,KeyG,1791213247675.4,41177,g
P04,S01,27,up,KeyG,1791213247792.2,41177,g
P04,S01,27,down,KeyE,1791213247893.7,41178,e
P04,S01,27,up,KeyE,1791213248044.0,41178,e
P04,S01,27,down,Slash,1791213248622.4,41179,/
P04,S01,27,up,Slash,1791213248704.0,41179,/
P04,S01,27,down,Space,1791213248902.0,41180, 
P04,S01,27,up,Space,1791213249000.5,41180, 
P04,S01,27,down,Backspace,1791213249241.4,41181,Backspace
P04,S01,27,up,Backspace,1791213249360.5,41181,Backspace
P04,S01,27,down,Backspace,1791213249420.7,41182,Backspace
P04,S01,27,up,Backspace,1791213249523.1,41182,Backspace
P04,S01,27,down,Comma,1791213249840.4,41183,","
P04,S01,27,up,Comma,1791213249938.4,41183,","
P04,S01,27,down,Backspace,1791213250187.0,41184,Backspace
P04,S01,27,up,Backspace,1791213250320.1,41184,Backspace
P04,S01,27,down,Period,1791213250505.3,41185,.
P04,S01,27,up,Period,1791213250624.8,41185,.
P04,S01,27,down,Space,1791213250784.8,41186, 
P04,S01,27,up,Space,1791213250882.3,41186, 
P04,S01,27,down,KeyY,1791213251295.2,41187,y
P04,S01,27,up,KeyY,1791213251405.1,41187,y
P04,S01,27,down,KeyE,1791213251450.7,41188,e
P04,S01,27,up,KeyE,1791213251580.7,41188,e
P04,S01,27,down,KeyA,1791213251694.2,41189,a
P04,S01,27,up,KeyA,1791213251841.1,41189,a
P04,S01,27,down,KeyT,1791213251928.9,41190,t
P04,S01,27,up,KeyT,1791213252048.7,41190,t
P04,S01,27,down,KeyS,1791213252096.5,41191,s
P04,S01,27,up,KeyS,1791213252214.8,41191,s
P04,S01,27,down,KeyR,1791213252224.4,41192,r
P04,S01,27,up,KeyR,1791213252331.3,41192,r
P04,S01,27,down,KeyD,1791213252715.6,41193,d
P04,S01,27,up,KeyD,1791213252835.7,41193,d
P04,S01,27,down,KeyA,1791213252849.9,41194,a
P04,S01,27,up,KeyA,1791213253001.7,41194,a
P04,S01,27,down,KeyT,1791213253017.5,41195,t
P04,S01,27,up,KeyT,1791213253135.2,41195,t
P04,S01,27,down,Backspace,1791213253580.5,41196,Backspace
P04,S01,27,up,Backspace,1791213253705.9,41196,Backspace
P04,S01,27,down,KeyY,1791213254490.3,41197,y
P04,S01,27,up,KeyY,1791213254625.5,41197,y
P04,S01,27,down,Space,1791213254951.5,41198, 
P04,S01,27,up,Space,1791213255059.6,41198, 
P04,S01,27,down,KeyI,1791213255591.3,41199,i
P04,S01,27,up,KeyI,1791213255683.5,41199,i
P04,S01,27,down,Space,1791213256392.0,41200, 
P04,S01,27,up,Space,1791213256484.3,41200, 
P04,S01,27,down,KeyT,1791213256699.1,41201,t
P04,S01,27,up,KeyT,1791213256836.0,41201,t
P04,S01,27,down,KeyR,1791213256935.4,41202,r
P04,S01,27,up,KeyR,1791213257087.2,41202,r
P04,S01,27,down,KeyI,1791213257168.0,41203,i
P04,S01,27,up,KeyI,1791213257287.4,41203,i
P04,S01,27,down,KeyE,1791213257315.3,41204,e
P04,S01,27,up,KeyE,1791213257470.8,41204,e
P04,S01,27,down,KeyD,1791213257700.5,41205,d
P04,S01,27,up,KeyD,1791213257879.8,41205,d
P04,S01,27,down,Space,1791213258000.6,41206, 
P04,S01,27,up,Space,1791213258130.5,41206, 
P04,S01,27,down,KeyT,1791213258308.8,41207,t
P04,S01,27,down,KeyP,1791213258485.1,41208,p
P04,S01,27,up,KeyT,1791213258493.9,41207,t
P04,S01,27,down,KeyO,1791213258512.9,41209,o
P04,S01,27,up,KeyO,1791213258572.0,41209,o
P04,S01,27,up,KeyP,1791213258582.6,41208,p
P04,S01,27,down,Backspace,1791213259080.4,41210,Backspace
P04,S01,27,up,Backspace,1791213259216.4,41210,Backspace
P04,S01,27,down,Backspace,1791213259308.9,41211,Backspace
P04,S01,27,up,Backspace,1791213259410.2,41211,Backspace
P04,S01,27,down,KeyO,1791213259769.0,41212,o
P04,S01,27,up,KeyO,1791213259854.2,41212,o
P04,S01,27,down,Space,1791213259968.0,41213, 
P04,S01,27,up,Space,1791213260060.8,41213, 
P04,S01,27,down,KeyT,1791213260382.2,41214,t
P04,S01,27,up,KeyT,1791213260507.2,41214,t
P04,S01,27,down,KeyA,1791213260665.8,41215,a
P04,S01,27,up,KeyA,1791213260865.6,41215,a
P04,S01,27,down,KeyL,1791213260880.9,41216,l
P04,S01,27,up,KeyL,1791213260961.8,41216,l
P04,S01,27,down,KeyK,1791213261020.0,41217,k
P04,S01,27,up,KeyK,1791213261090.8,41217,k
P04,S01,27,down,Space,1791213261183.3,41218, 
P04,S01,27,up,Space,1791213261292.8,41218, 
P04,S01,27,down,KeyT,1791213261589.9,41219,t
P04,S01,27,up,KeyT,1791213261741.9,41219,t
P04,S01,27,down,KeyO,1791213261799.5,41220,o
P04,S01,27,up,KeyO,1791213261885.9,41220,o
P04,S01,27,down,Space,1791213262022.1,41221, 
P04,S01,27,up,Space,1791213262125.5,41221, 
P04,S01,27,down,KeyW,1791213262330.2,41222,w
P04,S01,27,down,KeyO,1791213262485.0,41223,o
P04,S01,27,up,KeyW,1791213262507.0,41222,w
P04,S01,27,up,KeyO,1791213262599.2,41223,o
P04,S01,27,down,KeyM,1791213262779.1,41224,m
P04,S01,27,up,KeyM,1791213262885.9,41224,m
P04,S01,27,down,KeyA,1791213262917.8,41225,a
P04,S01,27,down,KeyN,1791213263034.9,41226,n
P04,S01,27,up,KeyA,1791213263074.1,41225,a
P04,S01,27,up,KeyN,1791213263131.8,41226,n
P04,S01,27,down,Space,1791213263222.4,41227, 
P04,S01,27,up,Space,1791213263319.7,41227, 
P04,S01,27,down,KeyI,1791213264231.7,41228,i
P04,S01,27,up,KeyI,1791213264315.2,41228,i
P04,S01,27,down,KeyN,1791213264413.4,41229,n
P04,S01,27,up,KeyN,1791213264499.7,41229,n
P04,S01,27,down,Space,1791213264564.3,41230, 
P04,S01,27,up,Space,1791213264677.9,41230, 
P04,S01,27,down,KeyF,1791213264978.1,41231,f
P04,S01,27,up,KeyF,1791213265113.2,41231,f
P04,S01,27,down,KeyR,1791213265177.9,41232,r
P04,S01,27,up,KeyR,1791213265301.6,41232,r
P04,S01,27,down,KeyE,1791213265362.6,41233,e
P04,S01,27,up,KeyE,1791213265492.4,41233,e
P04,S01,27,down,KeyN,1791213265531.5,41234,n
P04,S01,27,up,KeyN,1791213265640.6,41234,n
P04,S01,27,down,KeyC,1791213265864.9,41235,c
P04,S01,27,up,KeyC,1791213266026.1,41235,c
P04,S01,27,down,KeyH,1791213266043.7,41236,h
P04,S01,27,up,KeyH,1791213266125.4,41236,h
P04,S01,27,down,Space,1791213266220.7,41237, 
P04,S01,27,up,Space,1791213266322.6,41237, 
P04,S01,27,down,KeyI,1791213266420.0,41238,i
P04,S01,27,up,KeyI,1791213266512.4,41238,i
P04,S01,27,down,KeyN,1791213266614.0,41239,n
P04,S01,27,up,KeyN,1791213266707.5,41239,n
P04,S01,27,down,Space,1791213266776.8,41240, 
P04,S01,27,up,Space,1791213266862.6,41240, 
P04,S01,27,down,KeyT,1791213267727.7,41241,t
P04,S01,27,up,KeyT,1791213267853.8,41241,t
P04,S01,27,down,KeyH,1791213267867.9,41242,h
P04,S01,27,down,KeyE,1791213267970.2,41243,e
P04,S01,27,up,KeyH,1791213267976.9,41242,h
P04,S01,27,down,Space,1791213268132.2,41244, 
P04,S01,27,up,KeyE,1791213268137.0,41243,e
P04,S01,27,up,Space,1791213268223.2,41244, 
P04,S01,27,down,KeyS,1791213268910.9,41245,s
P04,S01,27,down,KeyU,1791213269050.2,41246,u
P04,S01,27,up,KeyS,1791213269114.6,41245,s
P04,S01,27,up,KeyU,1791213269131.2,41246,u
P04,S01,27,down,KeyP,1791213269326.8,41247,p
P04,S01,27,up,KeyP,1791213269478.8,41247,p
P04,S01,27,down,KeyE,1791213269482.4,41248,e
P04,S01,27,up,KeyE,1791213269618.8,41248,e
P04,S01,27,down,KeyR,1791213269704.1,41249,r
P04,S01,27,up,KeyR,1791213269801.6,41249,r
P04,S01,27,down,KeyM,1791213269841.9,41250,m
P04,S01,27,up,KeyM,1791213269977.6,41250,m
P04,S01,27,down,KeyA,1791213269989.6,41251,a
P04,S01,27,up,KeyA,1791213270138.0,41251,a
P04,S01,27,down,KeyR,1791213270252.6,41252,r
P04,S01,27,up,KeyR,1791213270394.0,41252,r
P04,S01,27,down,KeyK,1791213270442.7,41253,k
P04,S01,27,down,KeyE,1791213270545.4,41254,e
P04,S01,27,up,KeyK,1791213270592.6,41253,k
P04,S01,27,up,KeyE,1791213270695.8,41254,e
P04,S01,27,down,KeyT,1791213271263.7,41255,t
P04,S01,27,up,KeyT,1791213271413.9,41255,t
P04,S01,27,down,Space,1791213271468.0,41256, 
P04,S01,27,up,Space,1791213271597.7,41256, 
P04,S01,27,down,KeyA,1791213271769.4,41257,a
P04,S01,27,down,KeyN,1791213271903.6,41258,n
P04,S01,27,up,KeyA,1791213271921.7,41257,a
P04,S01,27,up,KeyN,1791213272022.5,41258,n
P04,S01,27,down,KeyF,1791213272141.7,41259,f
P04,S01,27,down,Space,1791213272254.7,41260, 
P04,S01,27,up,KeyF,1791213272298.1,41259,f
P04,S01,27,up,Space,1791213272421.7,41260, 
P04,S01,27,down,Backspace,1791213272707.7,41261,Backspace
P04,S01,27,up,Backspace,1791213272869.3,41261,Backspace
P04,S01,27,down,Backspace,1791213272909.6,41262,Backspace
P04,S01,27,up,Backspace,1791213273006.5,41262,Backspace
P04,S01,27,down,KeyD,1791213273078.3,41263,d
P04,S01,27,up,KeyD,1791213273223.0,41263,d
P04,S01,27,down,Space,1791213273238.5,41264, 
P04,S01,27,up,Space,1791213273368.8,41264, 
P04,S01,27,down,KeyS,1791213273777.1,41265,s
P04,S01,27,up,KeyS,1791213273933.7,41265,s
P04,S01,27,down,KeyH,1791213273937.2,41266,h
P04,S01,27,up,KeyH,1791213274051.0,41266,h
P04,S01,27,down,KeyE,1791213274060.6,41267,e
P04,S01,27,down,Space,1791213274216.7,41268, 
P04,S01,27,up,KeyE,1791213274239.3,41267,e
P04,S01,27,up,Space,1791213274325.6,41268, 
P04,S01,27,down,KeyT,1791213274584.1,41269,t
P04,S01,27,up,KeyT,1791213274734.5,41269,t
P04,S01,27,down,KeyO,1791213274801.6,41270,o
P04,S01,27,up,KeyO,1791213274894.1,41270,o
P04,S01,27,down,KeyL,1791213275046.7,41271,l
P04,S01,27,up,KeyL,1791213275170.5,41271,l
P04,S01,27,down,KeyD,1791213275279.4,41272,d
P04,S01,27,down,Space,1791213275396.6,41273, 
P04,S01,27,up,KeyD,1791213275419.4,41272,d
P04,S01,27,up,Space,1791213275505.4,41273, 
P04,S01,27,down,KeyM,1791213275986.0,41274,m
P04,S01,27,up,KeyM,1791213276110.4,41274,m
P04,S01,27,down,KeyE,1791213276233.1,41275,e
P04,S01,27,up,KeyE,1791213276374.3,41275,e
P04,S01,27,down,Space,1791213276414.8,41276, 
P04,S01,27,up,Space,1791213276544.5,41276, 
P04,S01,27,down,KeyQ,1791213278113.5,41277,q
P04,S01,27,up,KeyQ,1791213278349.1,41277,q
P04,S01,27,down,KeyU,1791213278638.0,41278,u
P04,S01,27,up,KeyU,1791213278746.3,41278,u
P04,S01,27,down,KeyO,1791213278925.0,41279,o
P04,S01,27,up,KeyO,1791213279054.6,41279,o
P04,S01,27,down,KeyI,1791213279145.9,41280,i
P04,S01,27,up,KeyI,1791213279242.7,41280,i
P04,S01,27,down,Enter,1791213280293.6,41281,Enter
P04,S01,27,up,Enter,1791213280375.1,41281,Enter
P04,S01,28,down,KeyJ,1791213297670.9,41282,j
P04,S01,28,up,KeyJ,1791213297801.2,41282,j
P04,S01,28,down,KeyU,1791213297949.5,41283,u
P04,S01,28,up,KeyU,1791213298051.7,41283,u
P04,S01,28,down,KeyS,1791213298201.3,41284,s
P04,S01,28,down,KeyT,1791213298330.1,41285,t
P04,S01,28,up,KeyS,1791213298359.7,41284,s
P04,S01,28,up,KeyT,1791213298429.6,41285,t
P04,S01,28,down,Space,1791213298592.9,41286, 
P04,S01,28,up,Space,1791213298733.7,41286, 
P04,S01,28,down,KeyT,1791213299236.5,41287,t
P04,S01,28,up,KeyT,1791213299383.4,41287,t
P04,S01,28,down,KeyO,1791213299393.4,41288,o
P04,S01,28,up,KeyO,1791213299486.4,41288,o
P04,S01,28,down,Space,1791213299635.5,41289, 
P04,S01,28,up,Space,1791213299727.8,41289, 
P04,S01,28,down,KeyS,1791213299822.2,41290,s
P04,S01,28,up,KeyS,1791213299930.1,41290,s
P04,S01,28,down,KeyP,1791213300042.3,41291,p
P04,S01,28,down,KeyE,1791213300118.3,41292,e
P04,S01,28,up,KeyP,1791213300184.0,41291,p
P04,S01,28,up,KeyE,1791213300275.0,41292,e
P04,S01,28,down,KeyA,1791213300394.1,41293,a
P04,S01,28,down,KeyK,1791213300548.5,41294,k
P04,S01,28,up,KeyA,1791213300571.0,41293,a
P04,S01,28,up,KeyK,1791213300674.2,41294,k
P04,S01,28,down,Backspace,1791213301271.5,41295,Backspace
P04,S01,28,up,Backspace,1791213301406.4,41295,Backspace
P04,S01,28,down,Backspace,1791213301485.0,41296,Backspace
P04,S01,28,up,Backspace,1791213301594.0,41296,Backspace
P04,S01,28,down,Backspace,1791213301671.7,41297,Backspace
P04,S01,28,up,Backspace,1791213301763.3,41297,Backspace
P04,S01,28,down,Backspace,1791213302036.6,41298,Backspace
P04,S01,28,up,Backspace,1791213302151.1,41298,Backspace
P04,S01,28,down,Backspace,1791213302683.9,41299,Backspace
P04,S01,28,up,Backspace,1791213302819.6,41299,Backspace
P04,S01,28,down,KeyO,1791213303463.0,41300,o
P04,S01,28,up,KeyO,1791213303608.1,41300,o
P04,S01,28,down,KeyR,1791213303679.0,41301,r
P04,S01,28,up,KeyR,1791213303815.4,41301,r
P04,S01,28,down,KeyD,1791213304004.4,41302,d
P04,S01,28,up,KeyD,1791213304160.7,41302,d
P04,S01,28,down,KeyE,1791213304248.9,41303,e
P04,S01,28,up,KeyE,1791213304383.8,41303,e
P04,S01,28,down,KeyR,1791213304468.3,41304,r
P04,S01,28,up,KeyR,1791213304603.6,41304,r
P04,S01,28,down,Space,1791213304649.5,41305, 
P04,S01,28,up,Space,1791213304746.7,41305, 
P04,S01,28,down,KeyS,1791213305783.0,41306,s
P04,S01,28,down,KeyO,1791213305930.1,41307,o
P04,S01,28,up,KeyS,1791213305977.5,41306,s
P04,S01,28,up,KeyO,1791213306053.6,41307,o
P04,S01,28,down,KeyM,1791213306175.6,41308,m
P04,S01,28,up,KeyM,1791213306299.1,41308,m
P04,S01,28,down,KeyE,1791213306389.1,41309,e
P04,S01,28,up,KeyE,1791213306502.5,41309,e
P04,S01,28,down,KeyT,1791213306631.7,41310,t
P04,S01,28,down,KeyH,1791213306777.3,41311,h
P04,S01,28,up,KeyT,1791213306783.0,41310,t
P04,S01,28,up,KeyH,1791213306863.7,41311,h
P04,S01,28,down,KeyI,1791213306948.4,41312,i
P04,S01,28,up,KeyI,1791213307051.2,41312,i
P04,S01,28,down,KeyN,1791213307163.0,41313,n
P04,S01,28,up,KeyN,1791213307282.7,41313,n
P04,S01,28,down,KeyG,1791213307610.3,41314,g
P04,S01,28,up,KeyG,1791213307715.4,41314,g
P04,S01,28,down,Enter,1791213308257.6,41315,Enter
P04,S01,28,up,Enter,1791213308382.9,41315,Enter
P04,S01,29,down,KeyI,1791213317023.2,41316,i
P04,S01,29,up,KeyI,1791213317126.1,41316,i
P04,S01,29,down,Space,1791213317380.5,41317, 
P04,S01,29,up,Space,1791213317488.9,41317, 
P04,S01,29,down,KeyF,1791213317529.0,41318,f
P04,S01,29,up,KeyF,1791213317659.4,41318,f
P04,S01,29,down,KeyE,1791213317729.0,41319,e
P04,S01,29,up,KeyE,1791213317864.1,41319,e
P04,S01,29,down,KeyE,1791213317921.8,41320,e
P04,S01,29,up,KeyE,1791213318035.7,41320,e
P04,S01,29,down,Semicolon,1791213318134.9,41321,;
P04,S01,29,up,Semicolon,1791213318212.2,41321,;
P04,S01,29,down,Backspace,1791213318848.8,41322,Backspace
P04,S01,29,up,Backspace,1791213318963.9,41322,Backspace
P04,S01,29,down,KeyL,1791213319165.2,41323,l
P04,S01,29,up,KeyL,1791213319256.9,41323,l
P04,S01,29,down,Space,1791213319338.7,41324, 
P04,S01,29,up,Space,1791213319431.9,41324, 
P04,S01,29,down,KeyL,1791213319537.7,41325,l
P04,S01,29,up,KeyL,1791213319624.8,41325,l
P04,S01,29,down,KeyI,1791213319700.4,41326,i
P04,S01,29,up,KeyI,1791213319791.4,41326,i
P04,S01,29,down,KeyK,1791213319857.9,41327,k
P04,S01,29,up,KeyK,1791213319961.0,41327,k
P04,S01,29,down,KeyE,1791213319994.4,41328,e
P04,S01,29,down,Space,1791213320107.4,41329, 
P04,S01,29,up,KeyE,1791213320134.7,41328,e
P04,S01,29,up,Space,1791213320204.4,41329, 
P04,S01,29,down,KeyI,1791213320340.0,41330,i
P04,S01,29,up,KeyI,1791213320443.2,41330,i
P04,S01,29,down,Space,1791213320562.4,41331, 
P04,S01,29,up,Space,1791213320675.8,41331, 
P04,S01,29,down,KeyH,1791213320884.5,41332,h
P04,S01,29,up,KeyH,1791213320982.2,41332,h
P04,S01,29,down,KeyA,1791213321027.5,41333,a
P04,S01,29,up,KeyA,1791213321194.8,41333,a
P04,S01,29,down,KeyB,1791213321210.8,41334,b
P04,S01,29,up,KeyB,1791213321333.2,41334,b
P04,S01,29,down,KeyE,1791213321382.0,41335,e
P04,S01,29,down,Space,1791213321522.7,41336, 
P04,S01,29,up,KeyE,1791213321534.3,41335,e
P04,S01,29,up,Space,1791213321631.1,41336, 
P04,S01,29,down,Backspace,1791213321885.5,41337,Backspace
P04,S01,29,up,Backspace,1791213322015.8,41337,Backspace
P04,S01,29,down,Backspace,1791213322066.9,41338,Backspace
P04,S01,29,up,Backspace,1791213322175.7,41338,Backspace
P04,S01,29,down,Backspace,1791213322226.4,41339,Backspace
P04,S01,29,up,Backspace,1791213322317.9,41339,Backspace
P04,S01,29,down,KeyB,1791213322574.7,41340,b
P04,S01,29,up,KeyB,1791213322666.6,41340,b
P04,S01,29,down,Backspace,1791213323028.1,41341,Backspace
P04,S01,29,up,Backspace,1791213323167.9,41341,Backspace
P04,S01,29,down,KeyV,1791213323229.1,41342,v
P04,S01,29,up,KeyV,1791213323391.1,41342,v
P04,S01,29,down,KeyE,1791213323408.1,41343,e
P04,S01,29,up,KeyE,1791213323575.3,41343,e
P04,S01,29,down,Space,1791213323584.8,41344, 
P04,S01,29,up,Space,1791213323693.1,41344, 
P04,S01,29,down,KeyA,1791213323755.9,41345,a
P04,S01,29,down,Space,1791213323820.7,41346, 
P04,S01,29,up,Space,1791213323900.8,41346, 
P04,S01,29,up,KeyA,1791213323912.3,41345,a
P04,S01,29,down,KeyL,1791213324596.5,41347,l
P04,S01,29,up,KeyL,1791213324721.0,41347,l
P04,S01,29,down,KeyA,1791213324748.0,41348,a
P04,S01,29,up,KeyA,1791213324877.3,41348,a
P04,S01,29,down,KeyN,1791213325025.3,41349,n
P04,S01,29,up,KeyN,1791213325159.2,41349,n
P04,S01,29,down,KeyG,1791213325371.2,41350,g
P04,S01,29,up,KeyG,1791213325469.6,41350,g
P04,S01,29,down,KeyU,1791213325578.6,41351,u
P04,S01,29,up,KeyU,1791213325703.5,41351,u
P04,S01,29,down,KeyA,1791213325743.5,41352,a
P04,S01,29,up,KeyA,1791213325878.5,41352,a
P04,S01,29,down,KeyG,1791213325950.7,41353,g
P04,S01,29,up,KeyG,1791213326113.0,41353,g
P04,S01,29,down,KeyE,1791213326158.8,41354,e
P04,S01,29,down,Space,1791213326292.9,41355, 
P04,S01,29,up,KeyE,1791213326321.3,41354,e
P04,S01,29,up,Space,1791213326433.8,41355, 
P04,S01,29,down,KeyB,1791213326758.4,41356,b
P04,S01,29,up,KeyB,1791213326877.6,41356,b
P04,S01,29,down,KeyA,1791213326970.2,41357,a
P04,S01,29,up,KeyA,1791213327023.5,41357,a
P04,S01,29,down,KeyR,1791213327274.5,41358,r
P04,S01,29,up,KeyR,1791213327378.6,41358,r
P04,S01,29,down,KeyI,1791213327598.6,41359,i
P04,S01,29,up,KeyI,1791213327733.1,41359,i
P04,S01,29,down,Backspace,1791213328013.1,41360,Backspace
P04,S01,29,up,Backspace,1791213328148.9,41360,Backspace
P04,S01,29,down,KeyR,1791213328236.2,41361,r
P04,S01,29,down,KeyI,1791213328332.8,41362,i
P04,S01,29,up,KeyR,1791213328359.6,41361,r
P04,S01,29,up,KeyI,1791213328499.9,41362,i
P04,S01,29,down,KeyE,1791213328671.1,41363,e
P04,S01,29,up,KeyE,1791213328812.0,41363,e
P04,S01,29,down,KeyR,1791213328933.5,41364,r
P04,S01,29,up,KeyR,1791213329068.1,41364,r
P04,S01,29,down,Space,1791213329207.2,41365, 
P04,S01,29,up,Space,1791213329320.6,41365, 
P04,S01,29,down,KeyN,1791213329690.7,41366,n
P04,S01,29,up,KeyN,1791213329782.7,41366,n
P04,S01,29,down,KeyO,1791213329872.3,41367,o
P04,S01,29,up,KeyO,1791213329992.9,41367,o
P04,S01,29,down,KeyW,1791213330083.4,41368,w
P04,S01,29,up,KeyW,1791213330230.7,41368,w
P04,S01,29,down,KeyW,1791213330338.7,41369,w
P04,S01,29,down,Enter,1791213330402.9,41370,Enter
P04,S01,29,up,KeyW,1791213330421.1,41369,w
P04,S01,29,up,Enter,1791213330539.4,41370,Enter
P04,S01,30,down,KeyE,1791213344617.0,41371,e
P04,S01,30,up,KeyE,1791213344791.1,41371,e
P04,S01,30,down,KeyS,1791213344834.9,41372,s
P04,S01,30,down,Space,1791213345001.0,41373, 
P04,S01,30,up,KeyS,1791213345002.6,41372,s
P04,S01,30,up,Space,1791213345104.0,41373, 
P04,S01,30,down,KeyI,1791213345624.1,41374,i
P04,S01,30,up,KeyI,1791213345729.6,41374,i
P04,S01,30,down,Space,1791213345814.4,41375, 
P04,S01,30,up,Space,1791213345928.5,41375, 
P04,S01,30,down,KeyW,1791213345963.1,41376,w
P04,S01,30,down,KeyA,1791213346102.2,41377,a
P04,S01,30,up,KeyW,1791213346136.6,41376,w
P04,S01,30,down,KeyN,1791213346253.5,41378,n
P04,S01,30,up,KeyA,1791213346280.5,41377,a
P04,S01,30,up,KeyN,1791213346376.6,41378,n
P04,S01,30,down,KeyT,1791213346460.3,41379,t
P04,S01,30,up,KeyT,1791213346595.4,41379,t
P04,S01,30,down,Space,1791213346616.0,41380, 
P04,S01,30,up,Space,1791213346730.1,41380, 
P04,S01,30,down,KeyI,1791213346868.2,41381,i
P04,S01,30,up,KeyI,1791213346981.5,41381,i
P04,S01,30,down,KeyT,1791213347071.9,41382,t
P04,S01,30,up,KeyT,1791213347234.7,41382,t
P04,S01,30,down,Enter,1791213347289.0,41383,Enter
P04,S01,30,up,Enter,1791213347423.2,41383,Enter
P04,S01,31,down,KeyM,1791213353827.3,41384,m
P04,S01,31,up,KeyM,1791213353903.2,41384,m
P04,S01,31,down,Space,1791213353984.3,41385, 
P04,S01,31,up,Space,1791213354076.3,41385, 
P04,S01,31,down,KeyT,1791213354371.0,41386,t
P04,S01,31,up,KeyT,1791213354516.1,41386,t
P04,S01,31,down,KeyA,1791213354678.4,41387,a
P04,S01,31,down,KeyL,1791213354817.6,41388,l
P04,S01,31,up,KeyA,1791213354856.6,41387,a
P04,S01,31,up,KeyL,1791213354936.7,41388,l
P04,S01,31,down,KeyK,1791213354991.1,41389,k
P04,S01,31,up,KeyK,1791213355073.6,41389,k
P04,S01,31,down,KeyI,1791213355120.7,41390,i
P04,S01,31,up,KeyI,1791213355230.4,41390,i
P04,S01,31,down,KeyN,1791213355328.3,41391,n
P04,S01,31,up,KeyN,1791213355463.0,41391,n
P04,S01,31,down,KeyF,1791213355552.0,41392,f
P04,S01,31,up,KeyF,1791213355682.3,41392,f
P04,S01,31,down,Backspace,1791213356134.4,41393,Backspace
P04,S01,31,up,Backspace,1791213356280.3,41393,Backspace
P04,S01,31,down,KeyG,1791213356362.9,41394,g
P04,S01,31,up,KeyG,1791213356459.8,41394,g
P04,S01,31,down,Space,1791213356494.9,41395, 
P04,S01,31,up,Space,1791213356601.6,41395, 
P04,S01,31,down,KeyT,1791213357055.1,41396,t
P04,S01,31,up,KeyT,1791213357231.9,41396,t
P04,S01,31,down,KeyO,1791213357276.3,41397,o
P04,S01,31,up,KeyO,1791213357362.6,41397,o
P04,S01,31,down,Space,1791213357474.4,41398, 
P04,S01,31,up,Space,1791213357594.2,41398, 
P04,S01,31,down,KeyY,1791213357745.5,41399,y
P04,S01,31,down,KeyP,1791213357847.6,41400,p
P04,S01,31,up,KeyY,1791213357881.0,41399,y
P04,S01,31,up,KeyP,1791213357998.0,41400,p
P04,S01,31,down,Backspace,1791213358460.1,41401,Backspace
P04,S01,31,up,Backspace,1791213358649.2,41401,Backspace
P04,S01,31,down,Backspace,1791213358748.3,41402,Backspace
P04,S01,31,up,Backspace,1791213358889.2,41402,Backspace
P04,S01,31,down,KeyY,1791213359482.4,41403,y
P04,S01,31,down,KeyO,1791213359568.1,41404,o
P04,S01,31,up,KeyY,1791213359639.5,41403,y
P04,S01,31,up,KeyO,1791213359687.6,41404,o
P04,S01,31,down,KeyU,1791213359781.9,41405,u
P04,S01,31,up,KeyU,1791213359889.1,41405,u
P04,S01,31,down,Space,1791213360104.5,41406, 
P04,S01,31,up,Space,1791213360218.0,41406, 
P04,S01,31,down,KeyJ,1791213360706.5,41407,j
P04,S01,31,up,KeyJ,1791213360803.8,41407,j
P04,S01,31,down,KeyU,1791213360872.1,41408,u
P04,S01,31,up,KeyU,1791213360985.1,41408,u
P04,S01,31,down,KeyS,1791213361065.9,41409,s
P04,S01,31,down,KeyT,1791213361210.9,41410,t
P04,S01,31,up,KeyS,1791213361233.0,41409,s
P04,S01,31,up,KeyT,1791213361308.2,41410,t
P04,S01,31,down,Space,1791213361441.6,41411, 
P04,S01,31,up,Space,1791213361540.0,41411, 
P04,S01,31,down,KeyT,1791213361674.9,41412,t
P04,S01,31,down,KeyO,1791213361808.6,41413,o
P04,S01,31,up,KeyT,1791213361810.5,41412,t
P04,S01,31,up,KeyO,1791213361900.8,41413,o
P04,S01,31,down,Space,1791213362125.1,41414, 
P04,S01,31,up,Space,1791213362212.0,41414, 
P04,S01,31,down,KeyC,1791213363135.0,41415,c
P04,S01,31,down,KeyO,1791213363283.9,41416,o
P04,S01,31,up,KeyC,1791213363312.1,41415,c
P04,S01,31,up,KeyO,1791213363376.0,41416,o
P04,S01,31,down,KeyL,1791213363467.7,41417,l
P04,S01,31,up,KeyL,1791213363560.7,41417,l
P04,S01,31,down,KeyL,1791213363595.6,41418,l
P04,S01,31,up,KeyL,1791213363715.0,41418,l
P04,S01,31,down,KeyE,1791213363752.4,41419,e
P04,S01,31,up,KeyE,1791213363909.1,41419,e
P04,S01,31,down,KeyC,1791213364014.8,41420,c
P04,S01,31,up,KeyC,1791213364171.9,41420,c
P04,S01,31,down,KeyT,1791213364255.8,41421,t
P04,S01,31,up,KeyT,1791213364321.6,41421,t
P04,S01,31,down,Space,1791213364470.1,41422, 
P04,S01,31,up,Space,1791213364566.2,41422, 
P04,S01,31,down,KeyM,1791213364716.2,41423,m
P04,S01,31,up,KeyM,1791213364809.2,41423,m
P04,S01,31,down,KeyY,1791213364998.6,41424,y
P04,S01,31,up,KeyY,1791213365094.8,41424,y
P04,S01,31,down,Space,1791213365551.1,41425, 
P04,S01,31,up,Space,1791213365654.6,41425, 
P04,S01,31,down,KeyD,1791213366166.2,41426,d
P04,S01,31,up,KeyD,1791213366265.0,41426,d
P04,S01,31,down,KeyA,1791213366317.6,41427,a
P04,S01,31,down,KeyT,1791213366430.4,41428,t
P04,S01,31,up,KeyA,1791213366457.8,41427,a
P04,S01,31,up,KeyT,1791213366523.4,41428,t
P04,S01,31,down,KeyA,1791213366589.0,41429,a
P04,S01,31,up,KeyA,1791213366745.7,41429,a
P04,S01,31,down,Space,1791213366820.1,41430, 
P04,S01,31,up,Space,1791213366938.3,41430, 
P04,S01,31,down,KeyF,1791213367012.7,41431,f
P04,S01,31,up,KeyF,1791213367132.5,41431,f
P04,S01,31,down,KeyO,1791213367168.4,41432,o
P04,S01,31,down,KeyR,1791213367259.1,41433,r
P04,S01,31,up,KeyO,1791213367265.7,41432,o
P04,S01,31,up,KeyR,1791213367383.7,41433,r
P04,S01,31,down,Space,1791213367435.1,41434, 
P04,S01,31,up,Space,1791213367554.3,41434, 
P04,S01,31,down,KeyA,1791213367612.9,41435,a
P04,S01,31,down,Space,1791213367769.4,41436, 
P04,S01,31,up,KeyA,1791213367840.8,41435,a
P04,S01,31,up,Space,1791213367855.1,41436, 
P04,S01,31,down,KeyP,1791213367997.2,41437,p
P04,S01,31,up,KeyP,1791213368110.8,41437,p
P04,S01,31,down,KeyR,1791213368170.8,41438,r
P04,S01,31,up,KeyR,1791213368311.6,41438,r
P04,S01,31,down,KeyO,1791213368327.6,41439,o
P04,S01,31,up,KeyO,1791213368434.6,41439,o
P04,S01,31,down,KeyJ,1791213369023.2,41440,j
P04,S01,31,up,KeyJ,1791213369136.9,41440,j
P04,S01,31,down,KeyE,1791213369252.2,41441,e
P04,S01,31,up,KeyE,1791213369472.1,41441,e
P04,S01,31,down,KeyC,1791213369565.9,41442,c
P04,S01,31,up,KeyC,1791213369734.2,41442,c
P04,S01,31,down,KeyT,1791213369778.7,41443,t
P04,S01,31,up,KeyT,1791213369870.8,41443,t
P04,S01,31,down,Enter,1791213370133.8,41444,Enter
P04,S01,31,up,Enter,1791213370301.5,41444,Enter
P04,S01,32,down,Space,1791213372706.0,41445, 
P04,S01,32,up,Space,1791213372970.0,41445, 
P04,S01,32,down,KeyO,1791213377997.1,41446,o
P04,S01,32,up,KeyO,1791213378099.6,41446,o
P04,S01,32,down,KeyK,1791213378173.6,41447,k
P04,S01,32,up,KeyK,1791213378287.3,41447,k
P04,S01,32,down,KeyA,1791213378342.8,41448,a
P04,S01,32,down,KeyY,1791213378492.9,41449,y
P04,S01,32,up,KeyA,1791213378537.2,41448,a
P04,S01,32,up,KeyY,1791213378601.4,41449,y
P04,S01,32,down,Space,1791213378880.0,41450, 
P04,S01,32,up,Space,1791213378977.3,41450, 
P04,S01,32,down,KeyL,1791213379434.2,41451,l
P04,S01,32,up,KeyL,1791213379602.9,41451,l
P04,S01,32,down,KeyE,1791213379663.4,41452,e
P04,S01,32,up,KeyE,1791213379836.1,41452,e
P04,S01,32,down,KeyT,1791213379918.4,41453,t
P04,S01,32,up,KeyT,1791213380032.4,41453,t
P04,S01,32,down,KeyS,1791213380092.9,41454,s
P04,S01,32,down,Space,1791213380249.6,41455, 
P04,S01,32,up,KeyS,1791213380254.8,41454,s
P04,S01,32,up,Space,1791213380370.2,41455, 
P04,S01,32,down,KeyC,1791213381142.4,41456,c
P04,S01,32,down,KeyO,1791213381282.2,41457,o
P04,S01,32,up,KeyC,1791213381326.6,41456,c
P04,S01,32,up,KeyO,1791213381374.1,41457,o
P04,S01,32,down,KeyN,1791213381699.9,41458,n
P04,S01,32,up,KeyN,1791213381862.3,41458,n
P04,S01,32,down,KeyT,1791213382210.8,41459,t
P04,S01,32,up,KeyT,1791213382368.0,41459,t
P04,S01,32,down,KeyI,1791213382427.4,41460,i
P04,S01,32,up,KeyI,1791213382535.4,41460,i
P04,S01,32,down,KeyN,1791213382766.4,41461,n
P04,S01,32,up,KeyN,1791213382859.0,41461,n
P04,S01,32,down,KeyU,1791213382935.6,41462,u
P04,S01,32,up,KeyU,1791213383054.4,41462,u
P04,S01,32,down,KeyE,1791213383211.1,41463,e
P04,S01,32,up,KeyE,1791213383421.8,41463,e
P04,S01,32,down,Enter,1791213383980.0,41464,Enter
P04,S01,32,up,Enter,1791213384125.5,41464,Enter
P04,S01,33,down,KeyK,1791213396359.8,41465,k
P04,S01,33,up,KeyK,1791213396516.4,41465,k
P04,S01,33,down,Backspace,1791213397275.0,41466,Backspace
P04,S01,33,up,Backspace,1791213397383.3,41466,Backspace
P04,S01,33,down,KeyS,1791213397406.4,41467,s
P04,S01,33,up,KeyS,1791213397547.0,41467,s
P04,S01,33,down,KeyK,1791213397715.4,41468,k
P04,S01,33,up,KeyK,1791213397796.4,41468,k
P04,S01,33,down,Space,1791213397899.7,41469, 
P04,S01,33,up,Space,1791213397996.7,41469, 
P04,S01,33,down,KeyM,1791213398068.0,41470,m
P04,S01,33,up,KeyM,1791213398176.0,41470,m
P04,S01,33,down,KeyE,1791213398211.4,41471,e
P04,S01,33,down,Space,1791213398345.0,41472, 
P04,S01,33,up,KeyE,1791213398350.8,41471,e
P04,S01,33,up,Space,1791213398447.3,41472, 
P04,S01,33,down,KeyS,1791213398596.5,41473,s
P04,S01,33,down,KeyO,1791213398686.8,41474,o
P04,S01,33,up,KeyS,1791213398746.3,41473,s
P04,S01,33,up,KeyO,1791213398800.9,41474,o
P04,S01,33,down,KeyM,1791213398910.9,41475,m
P04,S01,33,up,KeyM,1791213399044.8,41475,m
P04,S01,33,down,KeyE,1791213399067.1,41476,e
P04,S01,33,up,KeyE,1791213399201.8,41476,e
P04,S01,33,down,KeyT,1791213399387.4,41477,t
P04,S01,33,up,KeyT,1791213399533.5,41477,t
P04,S01,33,down,KeyH,1791213399679.0,41478,h
P04,S01,33,up,KeyH,1791213399788.4,41478,h
P04,S01,33,down,KeyI,1791213399881.4,41479,i
P04,S01,33,up,KeyI,1791213399979.1,41479,i
P04,S01,33,down,KeyN,1791213400098.8,41480,n
P04,S01,33,up,KeyN,1791213400224.2,41480,n
P04,S01,33,down,KeyG,1791213402453.4,41481,g
P04,S01,33,up,KeyG,1791213402590.7,41481,g
P04,S01,33,down,Space,1791213404362.4,41482, 
P04,S01,33,up,Space,1791213404487.6,41482, 
P04,S01,33,down,KeyP,1791213404798.8,41483,p
P04,S01,33,up,KeyP,1791213404922.8,41483,p
P04,S01,33,down,KeyL,1791213404996.6,41484,l
P04,S01,33,up,KeyL,1791213405126.3,41484,l
P04,S01,33,down,KeyE,1791213405672.6,41485,e
P04,S01,33,up,KeyE,1791213405787.4,41485,e
P04,S01,33,down,KeyA,1791213405881.7,41486,a
P04,S01,33,up,KeyA,1791213406023.6,41486,a
P04,S01,33,down,KeyS,1791213406098.1,41487,s
P04,S01,33,up,KeyS,1791213406227.7,41487,s
P04,S01,33,down,KeyE,1791213406306.2,41488,e
P04,S01,33,up,KeyE,1791213406448.1,41488,e
P04,S01,33,down,Space,1791213406456.7,41489, 
P04,S01,33,up,Space,1791213406569.6,41489, 
P04,S01,33,down,KeyW,1791213406644.8,41490,w
P04,S01,33,up,KeyW,1791213406788.7,41490,w
P04,S01,33,down,KeyE,1791213406863.5,41491,e
P04,S01,33,down,Space,1791213407009.0,41492, 
P04,S01,33,up,KeyE,1791213407010.6,41491,e
P04,S01,33,up,Space,1791213407123.8,41492, 
P04,S01,33,down,KeyN,1791213407240.0,41493,n
P04,S01,33,up,KeyN,1791213407316.2,41493,n
P04,S01,33,down,KeyE,1791213407516.1,41494,e
P04,S01,33,up,KeyE,1791213407645.7,41494,e
P04,S01,33,down,KeyE,1791213407781.0,41495,e
P04,S01,33,up,KeyE,1791213407890.6,41495,e
P04,S01,33,down,KeyD,1791213407987.3,41496,d
P04,S01,33,up,KeyD,1791213408160.6,41496,d
P04,S01,33,down,Space,1791213408170.5,41497, 
P04,S01,33,up,Space,1791213408273.0,41497, 
P04,S01,33,down,KeyT,1791213409030.6,41498,t
P04,S01,33,up,KeyT,1791213409177.0,41498,t
P04,S01,33,down,KeyO,1791213409455.2,41499,o
P04,S01,33,up,KeyO,1791213409541.3,41499,o
P04,S01,33,down,Space,1791213409662.3,41500, 
P04,S01,33,up,Space,1791213409748.5,41500, 
P04,S01,33,down,KeyK,1791213409827.7,41501,k
P04,S01,33,up,KeyK,1791213409913.4,41501,k
P04,S01,33,down,KeyE,1791213409979.7,41502,e
P04,S01,33,up,KeyE,1791213410087.8,41502,e
P04,S01,33,down,KeyE,1791213410137.5,41503,e
P04,S01,33,down,KeyP,1791213410259.0,41504,p
P04,S01,33,up,KeyE,1791213410271.7,41503,e
P04,S01,33,up,KeyP,1791213410362.5,41504,p
P04,S01,33,down,Space,1791213410517.3,41505, 
P04,S01,33,up,Space,1791213410642.7,41505, 
P04,S01,33,down,KeyT,1791213410797.9,41506,t
P04,S01,33,up,KeyT,1791213410916.9,41506,t
P04,S01,33,down,KeyH,1791213410974.3,41507,h
P04,S01,33,up,KeyH,1791213411066.9,41507,h
P04,S01,33,down,KeyE,1791213411139.1,41508,e
P04,S01,33,down,Space,1791213411282.7,41509, 
P04,S01,33,up,KeyE,1791213411291.0,41508,e
P04,S01,33,up,Space,1791213411386.2,41509, 
P04,S01,33,down,KeyC,1791213411525.4,41510,c
P04,S01,33,up,KeyC,1791213411683.1,41510,c
P04,S01,33,down,KeyO,1791213411737.9,41511,o
P04,S01,33,up,KeyO,1791213411894.0,41511,o
P04,S01,33,down,KeyN,1791213412058.1,41512,n
P04,S01,33,up,KeyN,1791213412177.0,41512,n
P04,S01,33,down,KeyV,1791213412664.7,41513,v
P04,S01,33,up,KeyV,1791213412778.2,41513,v
P04,S01,33,down,KeyE,1791213412877.2,41514,e
P04,S01,33,up,KeyE,1791213413024.1,41514,e
P04,S01,33,down,KeyR,1791213413351.7,41515,r
P04,S01,33,up,KeyR,1791213413454.3,41515,r
P04,S01,33,down,KeyS,1791213413700.9,41516,s
P04,S01,33,up,KeyS,1791213413820.4,41516,s
P04,S01,33,down,KeyA,1791213413902.4,41517,a
P04,S01,33,up,KeyA,1791213414022.3,41517,a
P04,S01,33,down,KeyT,1791213414254.6,41518,t
P04,S01,33,up,KeyT,1791213414428.3,41518,t
P04,S01,33,down,KeyI,1791213414715.6,41519,i
P04,S01,33,up,KeyI,1791213414812.8,41519,i
P04,S01,33,down,KeyO,1791213414877.3,41520,o
P04,S01,33,up,KeyO,1791213414986.8,41520,o
P04,S01,33,down,KeyN,1791213415186.7,41521,n
P04,S01,33,up,KeyN,1791213415277.4,41521,n
P04,S01,33,down,Space,1791213415376.7,41522, 
P04,S01,33,up,Space,1791213415498.4,41522, 
P04,S01,33,down,KeyM,1791213416188.7,41523,m
P04,S01,33,up,KeyM,1791213416292.8,41523,m
P04,S01,33,down,KeyO,1791213416379.4,41524,o
P04,S01,33,up,KeyO,1791213416481.8,41524,o
P04,S01,33,down,KeyR,1791213416561.1,41525,r
P04,S01,33,up,KeyR,1791213416685.2,41525,r
P04,S01,33,down,KeyE,1791213416791.7,41526,e
P04,S01,33,up,KeyE,1791213416931.4,41526,e
P04,S01,33,down,Backspace,1791213417099.3,41527,Backspace
P04,S01,33,up,Backspace,1791213417239.8,41527,Backspace
P04,S01,33,down,Backspace,1791213417292.1,41528,Backspace
P04,S01,33,up,Backspace,1791213417383.5,41528,Backspace
P04,S01,33,down,Backspace,1791213417439.1,41529,Backspace
P04,S01,33,up,Backspace,1791213417531.1,41529,Backspace
P04,S01,33,down,Backspace,1791213417601.6,41530,Backspace
P04,S01,33,up,Backspace,1791213417688.5,41530,Backspace
P04,S01,33,down,Backspace,1791213417768.5,41531,Backspace
P04,S01,33,up,Backspace,1791213417860.5,41531,Backspace
P04,S01,33,down,Space,1791213418402.6,41532, 
P04,S01,33,up,Space,1791213418499.5,41532, 
P04,S01,33,down,Numpad3,1791213418954.8,41533,3
P04,S01,33,up,Numpad3,1791213419090.7,41533,3
P04,S01,33,down,Space,1791213419315.5,41534, 
P04,S01,33,up,Space,1791213419418.6,41534, 
P04,S01,33,down,KeyM,1791213419545.5,41535,m
P04,S01,33,up,KeyM,1791213419638.5,41535,m
P04,S01,33,down,KeyI,1791213419692.7,41536,i
P04,S01,33,up,KeyI,1791213419795.8,41536,i
P04,S01,33,down,KeyN,1791213419884.7,41537,n
P04,S01,33,up,KeyN,1791213419970.4,41537,n
P04,S01,33,down,KeyU,1791213420012.6,41538,u
P04,S01,33,up,KeyU,1791213420132.1,41538,u
P04,S01,33,down,KeyT,1791213420263.8,41539,t
P04,S01,33,up,KeyT,1791213420371.9,41539,t
P04,S01,33,down,KeyE,1791213420575.7,41540,e
P04,S01,33,up,KeyE,1791213420698.8,41540,e
P04,S01,33,down,KeyS,1791213420784.1,41541,s
P04,S01,33,up,KeyS,1791213420914.8,41541,s
P04,S01,33,down,Space,1791213420952.0,41542, 
P04,S01,33,up,Space,1791213421050.1,41542, 
P04,S01,33,down,KeyM,1791213421283.3,41543,m
P04,S01,33,up,KeyM,1791213421380.8,41543,m
P04,S01,33,down,KeyO,1791213421448.3,41544,o
P04,S01,33,up,KeyO,1791213421562.4,41544,o
P04,S01,33,down,KeyR,1791213421585.3,41545,r
P04,S01,33,up,KeyR,1791213421720.3,41545,r
P04,S01,33,down,KeyE,1791213421776.0,41546,e
P04,S01,33,up,KeyE,1791213421916.0,41546,e
P04,S01,33,down,Slash,1791213422542.5,41547,/
P04,S01,33,up,Slash,1791213422639.9,41547,/
P04,S01,33,down,Space,1791213422798.4,41548, 
P04,S01,33,up,Space,1791213422892.9,41548, 
P04,S01,33,down,KeyA,1791213423006.2,41549,a
P04,S01,33,down,KeyN,1791213423113.3,41550,n
P04,S01,33,up,KeyA,1791213423167.7,41549,a
P04,S01,33,up,KeyN,1791213423216.5,41550,n
P04,S01,33,down,KeyD,1791213423270.1,41551,d
P04,S01,33,down,Space,1791213423435.9,41552, 
P04,S01,33,up,KeyD,1791213423463.8,41551,d
P04,S01,33,up,Space,1791213423539.7,41552, 
P04,S01,33,down,KeyY,1791213423804.9,41553,y
P04,S01,33,up,KeyY,1791213423959.5,41553,y
P04,S01,33,down,KeyP,1791213423964.5,41554,p
P04,S01,33,up,KeyP,1791213424099.6,41554,p
P04,S01,33,down,KeyU,1791213424234.0,41555,u
P04,S01,33,up,KeyU,1791213424347.9,41555,u
P04,S01,33,down,KeyR,1791213424787.6,41556,r
P04,S01,33,up,KeyR,1791213424914.4,41556,r
P04,S01,33,down,KeyE,1791213424987.3,41557,e
P04,S01,33,up,KeyE,1791213425091.4,41557,e
P04,S01,33,down,Space,1791213425110.6,41558, 
P04,S01,33,up,Space,1791213425214.9,41558, 
P04,S01,33,down,KeyA,1791213425270.2,41559,a
P04,S01,33,down,Space,1791213425388.0,41560, 
P04,S01,33,up,KeyA,1791213425463.8,41559,a
P04,S01,33,up,Space,1791213425480.6,41560, 
P04,S01,33,down,KeyR,1791213425808.7,41561,r
P04,S01,33,up,KeyR,1791213425987.0,41561,r
P04,S01,33,down,KeyO,1791213426025.0,41562,o
P04,S01,33,up,KeyO,1791213426186.8,41562,o
P04,S01,33,down,KeyB,1791213426291.5,41563,b
P04,S01,33,down,KeyO,1791213426393.6,41564,o
P04,S01,33,up,KeyB,1791213426438.8,41563,b
P04,S01,33,up,KeyO,1791213426572.0,41564,o
P04,S01,33,down,KeyT,1791213426605.6,41565,t
P04,S01,33,up,KeyT,1791213426793.4,41565,t
P04,S01,33,down,Space,1791213426857.6,41566, 
P04,S01,33,up,Space,1791213427038.8,41566, 
P04,S01,33,down,KeyS,1791213427729.4,41567,s
P04,S01,33,down,KeyO,1791213427868.9,41568,o
P04,S01,33,up,KeyS,1791213427907.5,41567,s
P04,S01,33,up,KeyO,1791213427966.0,41568,o
P04,S01,33,down,Space,1791213428079.6,41569, 
P04,S01,33,up,Space,1791213428197.7,41569, 
P04,S01,33,down,KeyY,1791213428461.7,41570,y
P04,S01,33,down,KeyO,1791213428543.2,41571,o
P04,S01,33,up,KeyY,1791213428618.8,41570,y
P04,S01,33,up,KeyO,1791213428645.6,41571,o
P04,S01,33,down,KeyU,1791213428785.2,41572,u
P04,S01,33,up,KeyU,1791213428878.1,41572,u
P04,S01,33,down,Space,1791213429137.9,41573, 
P04,S01,33,up,Space,1791213429240.3,41573, 
P04,S01,33,down,KeyM,1791213429638.5,41574,m
P04,S01,33,up,KeyM,1791213429729.9,41574,m
P04,S01,33,down,KeyU,1791213429839.4,41575,u
P04,S01,33,up,KeyU,1791213429937.3,41575,u
P04,S01,33,down,KeyS,1791213429946.5,41576,s
P04,S01,33,up,KeyS,1791213430103.5,41576,s
P04,S01,33,down,KeyT,1791213430227.5,41577,t
P04,S01,33,down,Space,1791213430350.9,41578, 
P04,S01,33,up,KeyT,1791213430385.9,41577,t
P04,S01,33,up,Space,1791213430449.5,41578, 
P04,S01,33,down,KeyB,1791213430530.0,41579,b
P04,S01,33,up,KeyB,1791213430627.4,41579,b
P04,S01,33,down,Space,1791213430814.2,41580, 
P04,S01,33,up,Space,1791213430905.9,41580, 
P04,S01,33,down,KeyE,1791213430926.1,41581,e
P04,S01,33,up,KeyE,1791213431003.0,41581,e
P04,S01,33,down,Backspace,1791213431266.6,41582,Backspace
P04,S01,33,up,Backspace,1791213431412.6,41582,Backspace
P04,S01,33,down,Backspace,1791213431481.1,41583,Backspace
P04,S01,33,up,Backspace,1791213431593.8,41583,Backspace
P04,S01,33,down,KeyE,1791213431707.3,41584,e
P04,S01,33,up,KeyE,1791213431853.9,41584,e
P04,S01,33,down,Space,1791213431871.6,41585, 
P04,S01,33,up,Space,1791213431996.5,41585, 
P04,S01,33,down,KeyT,1791213432219.4,41586,t
P04,S01,33,up,KeyT,1791213432360.0,41586,t
P04,S01,33,down,KeyA,1791213432600.1,41587,a
P04,S01,33,up,KeyA,1791213432757.5,41587,a
P04,S01,33,down,KeyL,1791213432951.5,41588,l
P04,S01,33,up,KeyL,1791213433049.0,41588,l
P04,S01,33,down,KeyK,1791213433103.7,41589,k
P04,S01,33,up,KeyK,1791213433201.1,41589,k
P04,S01,33,down,KeyA,1791213433494.4,41590,a
P04,S01,33,up,KeyA,1791213433641.7,41590,a
P04,S01,33,down,KeyC,1791213433835.2,41591,c
P04,S01,33,up,KeyC,1791213433916.0,41591,c
P04,S01,33,down,Backspace,1791213434227.2,41592,Backspace
P04,S01,33,up,Backspace,1791213434373.1,41592,Backspace
P04,S01,33,down,KeyC,1791213435045.5,41593,c
P04,S01,33,up,KeyC,1791213435196.9,41593,c
P04,S01,33,down,KeyR,1791213435320.6,41594,r
P04,S01,33,up,KeyR,1791213435470.9,41594,r
P04,S01,33,down,KeyI,1791213435496.4,41595,i
P04,S01,33,up,KeyI,1791213435605.5,41595,i
P04,S01,33,down,KeyV,1791213435794.4,41596,v
P04,S01,33,up,KeyV,1791213435891.3,41596,v
P04,S01,33,down,KeyE,1791213435953.3,41597,e
P04,S01,33,up,KeyE,1791213436070.9,41597,e
P04,S01,33,down,Space,1791213436092.7,41598, 
P04,S01,33,up,Space,1791213436178.7,41598, 
P04,S01,33,down,KeyA,1791213436432.7,41599,a
P04,S01,33,down,KeyL,1791213436605.1,41600,l
P04,S01,33,up,KeyA,1791213436615.9,41599,a
P04,S01,33,up,KeyL,1791213436701.3,41600,l
P04,S01,33,down,KeyL,1791213436755.1,41601,l
P04,S01,33,up,KeyL,1791213436853.3,41601,l
P04,S01,33,down,Space,1791213436943.9,41602, 
P04,S01,33,up,Space,1791213437053.1,41602, 
P04,S01,33,down,KeyT,1791213437132.4,41603,t
P04,S01,33,up,KeyT,1791213437273.1,41603,t
P04,S01,33,down,KeyH,1791213437282.5,41604,h
P04,S01,33,up,KeyH,1791213437380.1,41604,h
P04,S01,33,down,KeyE,1791213437412.3,41605,e
P04,S01,33,up,KeyE,1791213437556.6,41605,e
P04,S01,33,down,Space,1791213437575.2,41606, 
P04,S01,33,up,Space,1791213437678.2,41606, 
P04,S01,33,down,KeyT,1791213438073.2,41607,t
P04,S01,33,up,KeyT,1791213438235.3,41607,t
P04,S01,33,down,KeyI,1791213438262.5,41608,i
P04,S01,33,up,KeyI,1791213438355.1,41608,i
P04,S01,33,down,KeyM,1791213438442.3,41609,m
P04,S01,33,up,KeyM,1791213438540.0,41609,m
P04,S01,33,down,KeyE,1791213438549.8,41610,e
P04,S01,33,up,KeyE,1791213438712.1,41610,e
P04,S01,33,down,Enter,1791213438791.2,41611,Enter
P04,S01,33,up,Enter,1791213438909.1,41611,Enter
P04,S01,34,down,KeyI,1791213453562.2,41612,i
P04,S01,34,up,KeyI,1791213453659.9,41612,i
P04,S01,34,down,Space,1791213453773.9,41613, 
P04,S01,34,up,Space,1791213453878.1,41613, 
P04,S01,34,down,KeyW,1791213454280.4,41614,w
P04,S01,34,up,KeyW,1791213454409.8,41614,w
P04,S01,34,down,KeyI,1791213454545.2,41615,i
P04,S01,34,up,KeyI,1791213454646.9,41615,i
P04,S01,34,down,KeyL,1791213454808.2,41616,l
P04,S01,34,up,KeyL,1791213454927.7,41616,l
P04,S01,34,down,KeyL,1791213454985.4,41617,l
P04,S01,34,up,KeyL,1791213455077.8,41617,l
P04,S01,34,down,KeyL,1791213455149.5,41618,l
P04,S01,34,up,KeyL,1791213455220.0,41618,l
P04,S01,34,down,Backspace,1791213455667.3,41619,Backspace
P04,S01,34,up,Backspace,1791213455785.7,41619,Backspace
P04,S01,34,down,Space,1791213455993.9,41620, 
P04,S01,34,up,Space,1791213456101.1,41620, 
P04,S01,34,down,KeyW,1791213456208.4,41621,w
P04,S01,34,up,KeyW,1791213456365.2,41621,w
P04,S01,34,down,KeyA,1791213456434.5,41622,a
P04,S01,34,up,KeyA,1791213456569.9,41622,a
P04,S01,34,down,KeyT,1791213456843.2,41623,t
P04,S01,34,up,KeyT,1791213456940.6,41623,t
P04,S01,34,down,KeyC,1791213456995.5,41624,c
P04,S01,34,up,KeyC,1791213457162.8,41624,c
P04,S01,34,down,KeyH,1791213457167.3,41625,h
P04,S01,34,up,KeyH,1791213457276.1,41625,h
P04,S01,34,down,Space,1791213457384.6,41626, 
P04,S01,34,up,Space,1791213457494.8,41626, 
P04,S01,34,down,KeyC,1791213457737.6,41627,c
P04,S01,34,up,KeyC,1791213457877.7,41627,c
P04,S01,34,down,Backspace,1791213458242.7,41628,Backspace
P04,S01,34,up,Backspace,1791213458372.5,41628,Backspace
P04,S01,34,down,KeyR,1791213458461.3,41629,r
P04,S01,34,up,KeyR,1791213458584.6,41629,r
P04,S01,34,down,KeyE,1791213458691.9,41630,e
P04,S01,34,up,KeyE,1791213458816.2,41630,e
P04,S01,34,down,KeyE,1791213458889.3,41631,e
P04,S01,34,up,KeyE,1791213459022.9,41631,e
P04,S01,34,down,KeyL,1791213459132.4,41632,l
P04,S01,34,up,KeyL,1791213459225.3,41632,l
P04,S01,34,down,KeyS,1791213459342.9,41633,s
P04,S01,34,up,KeyS,1791213459478.1,41633,s
P04,S01,34,down,Space,1791213459539.6,41634, 
P04,S01,34,up,Space,1791213459642.3,41634, 
P04,S01,34,down,KeyT,1791213460957.6,41635,t
P04,S01,34,up,KeyT,1791213461054.5,41635,t
P04,S01,34,down,KeyH,1791213461143.6,41636,h
P04,S01,34,up,KeyH,1791213461252.9,41636,h
P04,S01,34,down,KeyE,1791213461262.0,41637,e
P04,S01,34,down,KeyN,1791213461417.7,41638,n
P04,S01,34,up,KeyE,1791213461424.2,41637,e
P04,S01,34,up,KeyN,1791213461515.1,41638,n
P04,S01,34,down,Space,1791213461575.1,41639, 
P04,S01,34,up,Space,1791213461677.6,41639, 
P04,S01,34,down,KeyH,1791213461909.9,41640,h
P04,S01,34,up,KeyH,1791213462018.5,41640,h
P04,S01,34,down,KeyA,1791213462052.9,41641,a
P04,S01,34,up,KeyA,1791213462188.7,41641,a
P04,S01,34,down,KeyV,1791213462197.9,41642,v
P04,S01,34,up,KeyV,1791213462312.4,41642,v
P04,S01,34,down,KeyE,1791213462369.6,41643,e
P04,S01,34,up,KeyE,1791213462494.9,41643,e
P04,S01,34,down,Space,1791213462547.7,41644, 
P04,S01,34,up,Space,1791213462617.9,41644, 
P04,S01,34,down,Space,1791213462937.2,41645, 
P04,S01,34,up,Space,1791213463023.7,41645, 
P04,S01,34,down,Backspace,1791213463430.9,41646,Backspace
P04,S01,34,up,Backspace,1791213463577.1,41646,Backspace
P04,S01,34,down,KeyA,1791213463842.6,41647,a
P04,S01,34,down,Space,1791213464014.8,41648, 
P04,S01,34,up,KeyA,1791213464027.2,41647,a
P04,S01,34,up,Space,1791213464139.3,41648, 
P04,S01,34,down,KeyB,1791213464549.5,41649,b
P04,S01,34,up,KeyB,1791213464676.3,41649,b
P04,S01,34,down,KeyR,1791213464699.7,41650,r
P04,S01,34,up,KeyR,1791213464834.7,41650,r
P04,S01,34,down,KeyE,1791213464903.2,41651,e
P04,S01,34,up,KeyE,1791213465028.1,41651,e
P04,S01,34,down,KeyA,1791213465258.4,41652,a
P04,S01,34,up,KeyA,1791213465414.6,41652,a
P04,S01,34,down,KeyK,1791213466490.3,41653,k
P04,S01,34,up,KeyK,1791213466598.4,41653,k
P04,S01,34,down,KeyF,1791213467454.3,41654,f
P04,S01,34,up,KeyF,1791213467603.7,41654,f
P04,S01,34,down,KeyA,1791213467745.2,41655,a
P04,S01,34,up,KeyA,1791213467918.4,41655,a
P04,S01,34,down,KeyS,1791213468098.4,41656,s
P04,S01,34,down,KeyR,1791213468226.9,41657,r
P04,S01,34,up,KeyS,1791213468254.3,41656,s
P04,S01,34,up,KeyR,1791213468318.7,41657,r
P04,S01,34,down,Backspace,1791213468779.3,41658,Backspace
P04,S01,34,up,Backspace,1791213468931.6,41658,Backspace
P04,S01,34,down,KeyT,1791213468976.7,41659,t
P04,S01,34,up,KeyT,1791213469117.1,41659,t
P04,S01,34,down,Space,1791213469207.9,41660, 
P04,S01,34,up,Space,1791213469315.9,41660, 
P04,S01,34,down,KeyA,1791213469673.6,41661,a
P04,S01,34,up,KeyA,1791213469868.5,41661,a
P04,S01,34,down,KeyN,1791213469872.3,41662,n
P04,S01,34,up,KeyN,1791213469997.5,41662,n
P04,S01,34,down,KeyF,1791213470018.5,41663,f
P04,S01,34,up,KeyF,1791213470222.8,41663,f
P04,S01,34,down,Space,1791213470277.0,41664, 
P04,S01,34,up,Space,1791213470401.4,41664, 
P04,S01,34,down,Backspace,1791213471010.8,41665,Backspace
P04,S01,34,up,Backspace,1791213471269.1,41665,Backspace
P04,S01,34,down,Backspace,1791213471573.5,41666,Backspace
P04,S01,34,up,Backspace,1791213471692.8,41666,Backspace
P04,S01,34,down,KeyD,1791213472229.8,41667,d
P04,S01,34,up,KeyD,1791213472370.5,41667,d
P04,S01,34,down,Space,1791213472434.8,41668, 
P04,S01,34,up,Space,1791213472527.5,41668, 
P04,S01,34,down,KeyR,1791213473437.3,41669,r
P04,S01,34,up,KeyR,1791213473582.6,41669,r
P04,S01,34,down,KeyE,1791213473690.6,41670,e
P04,S01,34,up,KeyE,1791213473820.7,41670,e
P04,S01,34,down,KeyA,1791213473994.5,41671,a
P04,S01,34,up,KeyA,1791213474134.5,41671,a
P04,S01,34,down,KeyD,1791213474534.0,41672,d
P04,S01,34,up,KeyD,1791213474663.6,41672,d
P04,S01,34,down,Space,1791213474726.5,41673, 
P04,S01,34,up,Space,1791213474825.4,41673, 
P04,S01,34,down,KeyA,1791213474857.3,41674,a
P04,S01,34,down,Space,1791213475002.8,41675, 
P04,S01,34,up,KeyA,1791213475019.0,41674,a
P04,S01,34,up,Space,1791213475105.9,41675, 
P04,S01,34,down,KeyB,1791213475530.4,41676,b
P04,S01,34,up,KeyB,1791213475667.9,41676,b
P04,S01,34,down,KeyO,1791213475702.1,41677,o
P04,S01,34,up,KeyO,1791213475804.4,41677,o
P04,S01,34,down,KeyO,1791213475859.0,41678,o
P04,S01,34,up,KeyO,1791213475961.3,41678,o
P04,S01,34,down,KeyK,1791213476031.2,41679,k
P04,S01,34,up,KeyK,1791213476121.7,41679,k
P04,S01,34,down,Enter,1791213476324.2,41680,Enter
P04,S01,34,up,Enter,1791213476463.9,41680,Enter
P04,S01,35,down,KeyM,1791213489198.0,41681,m
P04,S01,35,up,KeyM,1791213489306.5,41681,m
P04,S01,35,down,KeyM,1791213489363.1,41682,m
P04,S01,35,up,KeyM,1791213489439.0,41682,m
P04,S01,35,down,KeyM,1791213489501.8,41683,m
P04,S01,35,up,KeyM,1791213489588.8,41683,m
P04,S01,35,down,KeyM,1791213489658.0,41684,m
P04,S01,35,up,KeyM,1791213489733.4,41684,m
P04,S01,35,down,Space,1791213490783.3,41685, 
P04,S01,35,up,Space,1791213490870.0,41685, 
P04,S01,35,down,KeyT,1791213491580.9,41686,t
P04,S01,35,up,KeyT,1791213491672.3,41686,t
P04,S01,35,down,KeyH,1791213491740.3,41687,h
P04,S01,35,up,KeyH,1791213491842.3,41687,h
P04,S01,35,down,KeyE,1791213491884.1,41688,e
P04,S01,35,down,Space,1791213492012.1,41689, 
P04,S01,35,up,KeyE,1791213492028.9,41688,e
P04,S01,35,up,Space,1791213492094.8,41689, 
P04,S01,35,down,KeyP,1791213492293.3,41690,p
P04,S01,35,down,KeyE,1791213492411.1,41691,e
P04,S01,35,up,KeyP,1791213492427.8,41690,p
P04,S01,35,up,KeyE,1791213492530.4,41691,e
P04,S01,35,down,KeyR,1791213492600.0,41692,r
P04,S01,35,up,KeyR,1791213492724.3,41692,r
P04,S01,35,down,KeyF,1791213493248.7,41693,f
P04,S01,35,up,KeyF,1791213493357.0,41693,f
P04,S01,35,down,KeyE,1791213493410.8,41694,e
P04,S01,35,down,KeyC,1791213493566.4,41695,c
P04,S01,35,up,KeyE,1791213493572.2,41694,e
P04,S01,35,up,KeyC,1791213493664.2,41695,c
P04,S01,35,down,KeyT,1791213493779.2,41696,t
P04,S01,35,up,KeyT,1791213493886.5,41696,t
P04,S01,35,down,Space,1791213494100.6,41697, 
P04,S01,35,up,Space,1791213494198.8,41697, 
P04,S01,35,down,KeyB,1791213494414.8,41698,b
P04,S01,35,up,KeyB,1791213494534.4,41698,b
P04,S01,35,down,KeyR,1791213494908.3,41699,r
P04,S01,35,up,KeyR,1791213495011.9,41699,r
P04,S01,35,down,KeyE,1791213495059.1,41700,e
P04,S01,35,up,KeyE,1791213495210.7,41700,e
P04,S01,35,down,KeyA,1791213495314.0,41701,a
P04,S01,35,up,KeyA,1791213495464.5,41701,a
P04,S01,35,down,KeyK,1791213496142.2,41702,k
P04,S01,35,up,KeyK,1791213496249.4,41702,k
P04,S01,35,down,KeyF,1791213496589.6,41703,f
P04,S01,35,up,KeyF,1791213496697.1,41703,f
P04,S01,35,down,KeyA,1791213496720.2,41704,a
P04,S01,35,up,KeyA,1791213496870.1,41704,a
P04,S01,35,down,KeyS,1791213496949.3,41705,s
P04,S01,35,down,KeyT,1791213497099.3,41706,t
P04,S01,35,up,KeyS,1791213497108.7,41705,s
P04,S01,35,up,KeyT,1791213497202.7,41706,t
P04,S01,35,down,Space,1791213497846.6,41707, 
P04,S01,35,up,Space,1791213497954.1,41707, 
P04,S01,35,down,KeyI,1791213499542.5,41708,i
P04,S01,35,up,KeyI,1791213499645.1,41708,i
P04,S01,35,down,Space,1791213499872.0,41709, 
P04,S01,35,up,Space,1791213499958.8,41709, 
P04,S01,35,down,Backspace,1791213500280.4,41710,Backspace
P04,S01,35,up,Backspace,1791213500424.1,41710,Backspace
P04,S01,35,down,KeyS,1791213500486.6,41711,s
P04,S01,35,up,KeyS,1791213500632.8,41711,s
P04,S01,35,down,Space,1791213500716.8,41712, 
P04,S01,35,up,Space,1791213500820.2,41712, 
P04,S01,35,down,KeyA,1791213501133.1,41713,a
P04,S01,35,down,Space,1791213501283.3,41714, 
P04,S01,35,up,KeyA,1791213501289.6,41713,a
P04,S01,35,up,Space,1791213501397.1,41714, 
P04,S01,35,down,KeyB,1791213501633.8,41715,b
P04,S01,35,up,KeyB,1791213501747.0,41715,b
P04,S01,35,down,KeyR,1791213501915.3,41716,r
P04,S01,35,up,KeyR,1791213502023.3,41716,r
P04,S01,35,down,KeyE,1791213502045.1,41717,e
P04,S01,35,up,KeyE,1791213502196.2,41717,e
P04,S01,35,down,KeyA,1791213502256.2,41718,a
P04,S01,35,up,KeyA,1791213502434.2,41718,a
P04,S01,35,down,KeyK,1791213502920.3,41719,k
P04,S01,35,up,KeyK,1791213503033.7,41719,k
P04,S01,35,down,KeyF,1791213503637.5,41720,f
P04,S01,35,up,KeyF,1791213503741.0,41720,f
P04,S01,35,down,KeyA,1791213503762.6,41721,a
P04,S01,35,up,KeyA,1791213503892.8,41721,a
P04,S01,35,down,KeyS,1791213503981.4,41722,s
P04,S01,35,down,KeyT,1791213504062.0,41723,t
P04,S01,35,up,KeyS,1791213504121.9,41722,s
P04,S01,35,up,KeyT,1791213504154.3,41723,t
P04,S01,35,down,Space,1791213504282.8,41724, 
P04,S01,35,up,Space,1791213504384.0,41724, 
P04,S01,35,down,KeyC,1791213504461.1,41725,c
P04,S01,35,up,KeyC,1791213504595.3,41725,c
P04,S01,35,down,KeyO,1791213504622.5,41726,o
P04,S01,35,up,KeyO,1791213504731.0,41726,o
P04,S01,35,down,KeyO,1791213504764.5,41727,o
P04,S01,35,up,KeyO,1791213504874.0,41727,o
P04,S01,35,down,KeyK,1791213504940.1,41728,k
P04,S01,35,up,KeyK,1791213505048.1,41728,k
P04,S01,35,down,KeyE,1791213505052.0,41729,e
P04,S01,35,up,KeyE,1791213505236.9,41729,e
P04,S01,35,down,KeyD,1791213505270.7,41730,d
P04,S01,35,up,KeyD,1791213505427.8,41730,d
P04,S01,35,down,Space,1791213505451.8,41731, 
P04,S01,35,up,Space,1791213505539.2,41731, 
P04,S01,35,down,KeyN,1791213506459.8,41732,n
P04,S01,35,up,KeyN,1791213506536.6,41732,n
P04,S01,35,down,Backspace,1791213506831.6,41733,Backspace
P04,S01,35,up,Backspace,1791213506976.2,41733,Backspace
P04,S01,35,down,KeyB,1791213507036.6,41734,b
P04,S01,35,up,KeyB,1791213507198.4,41734,b
P04,S01,35,down,KeyY,1791213507279.9,41735,y
P04,S01,35,up,KeyY,1791213507430.5,41735,y
P04,S01,35,down,Space,1791213507583.8,41736, 
P04,S01,35,up,Space,1791213507675.2,41736, 
P04,S01,35,down,KeyS,1791213507988.0,41737,s
P04,S01,35,up,KeyS,1791213508129.1,41737,s
P04,S01,35,down,KeyO,1791213508137.7,41738,o
P04,S01,35,up,KeyO,1791213508239.9,41738,o
P04,S01,35,down,KeyM,1791213508337.8,41739,m
P04,S01,35,up,KeyM,1791213508451.2,41739,m
P04,S01,35,down,KeyE,1791213508520.5,41740,e
P04,S01,35,up,KeyE,1791213508676.9,41740,e
P04,S01,35,down,KeyO,1791213508937.3,41741,o
P04,S01,35,up,KeyO,1791213509051.1,41741,o
P04,S01,35,down,KeyN,1791213509191.2,41742,n
P04,S01,35,up,KeyN,1791213509299.1,41742,n
P04,S01,35,down,KeyE,1791213509400.8,41743,e
P04,S01,35,down,Space,1791213509545.9,41744, 
P04,S01,35,up,KeyE,1791213509563.1,41743,e
P04,S01,35,up,Space,1791213509638.3,41744, 
P04,S01,35,down,KeyF,1791213509967.0,41745,f
P04,S01,35,up,KeyF,1791213510113.2,41745,f
P04,S01,35,down,KeyO,1791213510127.8,41746,o
P04,S01,35,up,KeyO,1791213510221.7,41746,o
P04,S01,35,down,KeyR,1791213510248.8,41747,r
P04,S01,35,down,Space,1791213510393.7,41748, 
P04,S01,35,up,KeyR,1791213510411.6,41747,r
P04,S01,35,up,Space,1791213510496.6,41748, 
P04,S01,35,down,KeyM,1791213510595.9,41749,m
P04,S01,35,up,KeyM,1791213510677.1,41749,m
P04,S01,35,down,KeyE,1791213510702.1,41750,e
P04,S01,35,up,KeyE,1791213510864.0,41750,e
P04,S01,35,down,Enter,1791213510885.5,41751,Enter
P04,S01,35,up,Enter,1791213511030.7,41751,Enter
P04,S01,36,down,KeyX,1791213523107.2,41752,x
P04,S01,36,up,KeyX,1791213523205.4,41752,x
P04,S01,36,down,KeyA,1791213523237.6,41753,a
P04,S01,36,up,KeyA,1791213523389.8,41753,a
P04,S01,36,down,KeyC,1791213523412.1,41754,c
P04,S01,36,up,KeyC,1791213523514.9,41754,c
P04,S01,36,down,KeyT,1791213523782.0,41755,t
P04,S01,36,up,KeyT,1791213523848.0,41755,t
P04,S01,36,down,KeyL,1791213524782.0,41756,l
P04,S01,36,up,KeyL,1791213524879.4,41756,l
P04,S01,36,down,KeyY,1791213525128.8,41757,y
P04,S01,36,up,KeyY,1791213525208.6,41757,y
P04,S01,36,down,Space,1791213525829.9,41758, 
P04,S01,36,up,Space,1791213525943.3,41758, 
P04,S01,36,down,KeyI,1791213532123.1,41759,i
P04,S01,36,up,KeyI,1791213532219.8,41759,i
P04,S01,36,down,Space,1791213532900.8,41760, 
P04,S01,36,up,Space,1791213532998.1,41760, 
P04,S01,36,down,KeyD,1791213533349.2,41761,d
P04,S01,36,down,KeyO,1791213533424.5,41762,o
P04,S01,36,up,KeyD,1791213533451.7,41761,d
P04,S01,36,up,KeyO,1791213533560.1,41762,o
P04,S01,36,down,KeyN,1791213533811.2,41763,n
P04,S01,36,up,KeyN,1791213533913.4,41763,n
P04,S01,36,down,KeyT,1791213533992.7,41764,t
P04,S01,36,up,KeyT,1791213534149.6,41764,t
P04,S01,36,down,Space,1791213534171.9,41765, 
P04,S01,36,up,Space,1791213534268.7,41765, 
P04,S01,36,down,KeyL,1791213534402.7,41766,l
P04,S01,36,up,KeyL,1791213534495.9,41766,l
P04,S01,36,down,KeyI,1791213534585.8,41767,i
P04,S01,36,up,KeyI,1791213534683.3,41767,i
P04,S01,36,down,KeyK,1791213534753.3,41768,k
P04,S01,36,up,KeyK,1791213534856.3,41768,k
P04,S01,36,down,KeyE,1791213534876.4,41769,e
P04,S01,36,down,Space,1791213535004.4,41770, 
P04,S01,36,up,KeyE,1791213535011.5,41769,e
P04,S01,36,up,Space,1791213535107.4,41770, 
P04,S01,36,down,KeyC,1791213535209.3,41771,c
P04,S01,36,up,KeyC,1791213535381.6,41771,c
P04,S01,36,down,KeyO,1791213535396.8,41772,o
P04,S01,36,up,KeyO,1791213535505.0,41772,o
P04,S01,36,down,KeyO,1791213535549.5,41773,o
P04,S01,36,up,KeyO,1791213535657.2,41773,o
P04,S01,36,down,KeyK,1791213535777.2,41774,k
P04,S01,36,up,KeyK,1791213535864.4,41774,k
P04,S01,36,down,KeyI,1791213535898.6,41775,i
P04,S01,36,up,KeyI,1791213536007.2,41775,i
P04,S01,36,down,KeyN,1791213536133.8,41776,n
P04,S01,36,up,KeyN,1791213536241.8,41776,n
P04,S01,36,down,KeyG,1791213536645.3,41777,g
P04,S01,36,up,KeyG,1791213536795.9,41777,g
P04,S01,36,down,Space,1791213536825.7,41778, 
P04,S01,36,up,Space,1791213536923.7,41778, 
P04,S01,36,down,KeyL,1791213537400.4,41779,l
P04,S01,36,up,KeyL,1791213537491.3,41779,l
P04,S01,36,down,KeyI,1791213537560.8,41780,i
P04,S01,36,up,KeyI,1791213537656.8,41780,i
P04,S01,36,down,KeyK,1791213537727.2,41781,k
P04,S01,36,down,KeyE,1791213537807.5,41782,e
P04,S01,36,up,KeyK,1791213537825.6,41781,k
P04,S01,36,up,KeyE,1791213537943.0,41782,e
P04,S01,36,down,Space,1791213537947.6,41783, 
P04,S01,36,up,Space,1791213538056.4,41783, 
P04,S01,36,down,KeyA,1791213538091.9,41784,a
P04,S01,36,down,Space,1791213538161.3,41785, 
P04,S01,36,up,KeyA,1791213538248.3,41784,a
P04,S01,36,up,Space,1791213538255.2,41785, 
P04,S01,36,down,Backspace,1791213539457.6,41786,Backspace
P04,S01,36,up,Backspace,1791213539624.9,41786,Backspace
P04,S01,36,down,KeyT,1791213540118.6,41787,t
P04,S01,36,up,KeyT,1791213540230.9,41787,t
P04,S01,36,down,Space,1791213540284.9,41788, 
P04,S01,36,up,Space,1791213540382.4,41788, 
P04,S01,36,down,KeyA,1791213540433.6,41789,a
P04,S01,36,down,KeyL,1791213540568.2,41790,l
P04,S01,36,up,KeyA,1791213540610.9,41789,a
P04,S01,36,up,KeyL,1791213540660.2,41790,l
P04,S01,36,down,KeyL,1791213540713.2,41791,l
P04,S01,36,up,KeyL,1791213540800.4,41791,l
P04,S01,36,down,KeyL,1791213540865.3,41792,l
P04,S01,36,up,KeyL,1791213540929.8,41792,l
P04,S01,36,down,Backspace,1791213541406.8,41793,Backspace
P04,S01,36,up,Backspace,1791213541510.2,41793,Backspace
P04,S01,36,down,Space,1791213541662.8,41794, 
P04,S01,36,up,Space,1791213541770.5,41794, 
P04,S01,36,down,KeyA,1791213541832.6,41795,a
P04,S01,36,up,KeyA,1791213541944.9,41795,a
P04,S01,36,down,KeyN,1791213541974.1,41796,n
P04,S01,36,up,KeyN,1791213542077.2,41796,n
P04,S01,36,down,KeyD,1791213542317.9,41797,d
P04,S01,36,down,Space,1791213542478.8,41798, 
P04,S01,36,up,KeyD,1791213542482.3,41797,d
P04,S01,36,up,Space,1791213542581.6,41798, 
P04,S01,36,down,KeyI,1791213543160.5,41799,i
P04,S01,36,up,KeyI,1791213543275.3,41799,i
P04,S01,36,down,Space,1791213543458.2,41800, 
P04,S01,36,up,Space,1791213543559.6,41800, 
P04,S01,36,down,KeyR,1791213544242.5,41801,r
P04,S01,36,up,KeyR,1791213544361.9,41801,r
P04,S01,36,down,KeyE,1791213544426.8,41802,e
P04,S01,36,up,KeyE,1791213544567.5,41802,e
P04,S01,36,down,KeyA,1791213544708.8,41803,a
P04,S01,36,up,KeyA,1791213544897.1,41803,a
P04,S01,36,down,KeyL,1791213544997.0,41804,l
P04,S01,36,up,KeyL,1791213545094.1,41804,l
P04,S01,36,down,KeyL,1791213545140.0,41805,l
P04,S01,36,up,KeyL,1791213545237.5,41805,l
P04,S01,36,down,KeyI,1791213545374.9,41806,i
P04,S01,36,up,KeyI,1791213545438.1,41806,i
P04,S01,36,down,Backspace,1791213545661.0,41807,Backspace
P04,S01,36,up,Backspace,1791213545817.8,41807,Backspace
P04,S01,36,down,KeyZ,1791213545868.0,41808,z
P04,S01,36,up,KeyZ,1791213546030.9,41808,z
P04,S01,36,down,Space,1791213546096.5,41809, 
P04,S01,36,up,Space,1791213546214.8,41809, 
P04,S01,36,down,Backspace,1791213546443.2,41810,Backspace
P04,S01,36,up,Backspace,1791213546573.2,41810,Backspace
P04,S01,36,down,Backspace,1791213546639.0,41811,Backspace
P04,S01,36,up,Backspace,1791213546725.8,41811,Backspace
P04,S01,36,down,KeyY,1791213546792.4,41812,y
P04,S01,36,down,Space,1791213546931.7,41813, 
P04,S01,36,up,KeyY,1791213546934.0,41812,y
P04,S01,36,up,Space,1791213547038.8,41813, 
P04,S01,36,down,KeyT,1791213547795.7,41814,t
P04,S01,36,up,KeyT,1791213547909.1,41814,t
P04,S01,36,down,KeyU,1791213548592.1,41815,u
P04,S01,36,up,KeyU,1791213548688.2,41815,u
P04,S01,36,down,Backspace,1791213549270.2,41816,Backspace
P04,S01,36,up,Backspace,1791213549384.1,41816,Backspace
P04,S01,36,down,KeyI,1791213549575.4,41817,i
P04,S01,36,up,KeyI,1791213549683.6,41817,i
P04,S01,36,down,KeyR,1791213549897.4,41818,r
P04,S01,36,up,KeyR,1791213550022.2,41818,r
P04,S01,36,down,KeyI,1791213550037.1,41819,i
P04,S01,36,up,KeyI,1791213550151.2,41819,i
P04,S01,36,down,KeyE,1791213550208.4,41820,e
P04,S01,36,up,KeyE,1791213550365.8,41820,e
P04,S01,36,down,KeyS,1791213550407.1,41821,s
P04,S01,36,up,KeyS,1791213550591.3,41821,s
P04,S01,36,down,Backspace,1791213551360.8,41822,Backspace
P04,S01,36,up,Backspace,1791213551484.4,41822,Backspace
P04,S01,36,down,Backspace,1791213551698.4,41823,Backspace
P04,S01,36,up,Backspace,1791213551871.8,41823,Backspace
P04,S01,36,down,Backspace,1791213551931.6,41824,Backspace
P04,S01,36,up,Backspace,1791213552072.4,41824,Backspace
P04,S01,36,down,Backspace,1791213552320.3,41825,Backspace
P04,S01,36,up,Backspace,1791213552480.8,41825,Backspace
P04,S01,36,down,Backspace,1791213552536.5,41826,Backspace
P04,S01,36,up,Backspace,1791213552633.9,41826,Backspace
P04,S01,36,down,Backspace,1791213552863.2,41827,Backspace
P04,S01,36,up,Backspace,1791213553047.6,41827,Backspace
P04,S01,36,down,KeyH,1791213554304.7,41828,h
P04,S01,36,up,KeyH,1791213554429.9,41828,h
P04,S01,36,down,KeyA,1791213554460.7,41829,a
P04,S01,36,down,KeyT,1791213554594.5,41830,t
P04,S01,36,up,KeyA,1791213554638.6,41829,a
P04,S01,36,up,KeyT,1791213554686.8,41830,t
P04,S01,36,down,KeyE,1791213554734.4,41831,e
P04,S01,36,down,Space,1791213554846.1,41832, 
P04,S01,36,up,KeyE,1791213554879.0,41831,e
P04,S01,36,up,Space,1791213554954.1,41832, 
P04,S01,36,down,KeyT,1791213555888.6,41833,t
P04,S01,36,up,KeyT,1791213556029.1,41833,t
P04,S01,36,down,KeyH,1791213556038.3,41834,h
P04,S01,36,up,KeyH,1791213556172.5,41834,h
P04,S01,36,down,KeyA,1791213556573.1,41835,a
P04,S01,36,up,KeyA,1791213556676.8,41835,a
P04,S01,36,down,KeyT,1791213556846.4,41836,t
P04,S01,36,up,KeyT,1791213556939.5,41836,t
P04,S01,36,down,Space,1791213557048.9,41837, 
P04,S01,36,up,Space,1791213557141.4,41837, 
P04,S01,36,down,KeyM,1791213557271.4,41838,m
P04,S01,36,up,KeyM,1791213557379.1,41838,m
P04,S01,36,down,KeyO,1791213557473.1,41839,o
P04,S01,36,up,KeyO,1791213557554.0,41839,o
P04,S01,36,down,KeyM,1791213557656.2,41840,m
P04,S01,36,up,KeyM,1791213557774.3,41840,m
P04,S01,36,down,KeyE,1791213557793.4,41841,e
P04,S01,36,up,KeyE,1791213557943.9,41841,e
P04,S01,36,down,KeyN,1791213558003.7,41842,n
P04,S01,36,up,KeyN,1791213558111.4,41842,n
P04,S01,36,down,KeyT,1791213558231.1,41843,t
P04,S01,36,up,KeyT,1791213558377.1,41843,t
P04,S01,36,down,Space,1791213558403.4,41844, 
P04,S01,36,up,Space,1791213558507.1,41844, 
P04,S01,36,down,KeyW,1791213558800.4,41845,w
P04,S01,36,down,KeyH,1791213558891.2,41846,h
P04,S01,36,up,KeyW,1791213558935.4,41845,w
P04,S01,36,up,KeyH,1791213559015.8,41846,h
P04,S01,36,down,KeyE,1791213559049.2,41847,e
P04,S01,36,down,KeyN,1791213559183.3,41848,n
P04,S01,36,up,KeyE,1791213559194.9,41847,e
P04,S01,36,up,KeyN,1791213559287.8,41848,n
P04,S01,36,down,Space,1791213559359.1,41849, 
P04,S01,36,up,Space,1791213559444.7,41849, 
P04,S01,36,down,KeyI,1791213559538.5,41850,i
P04,S01,36,up,KeyI,1791213559636.8,41850,i
P04,S01,36,down,Space,1791213559730.4,41851, 
P04,S01,36,up,Space,1791213559828.2,41851, 
P04,S01,36,down,KeyN,1791213559937.2,41852,n
P04,S01,36,up,KeyN,1791213560018.0,41852,n
P04,S01,36,down,KeyE,1791213560107.8,41853,e
P04,S01,36,up,KeyE,1791213560227.0,41853,e
P04,S01,36,down,KeyE,1791213560279.2,41854,e
P04,S01,36,up,KeyE,1791213560404.6,41854,e
P04,S01,36,down,KeyD,1791213560531.2,41855,d
P04,S01,36,up,KeyD,1791213560682.9,41855,d
P04,S01,36,down,Space,1791213560718.1,41856, 
P04,S01,36,up,Space,1791213560815.7,41856, 
P04,S01,36,down,KeyT,1791213560857.7,41857,t
P04,S01,36,up,KeyT,1791213561003.7,41857,t
P04,S01,36,down,KeyO,1791213561018.7,41858,o
P04,S01,36,up,KeyO,1791213561122.0,41858,o
P04,S01,36,down,Space,1791213561222.0,41859, 
P04,S01,36,up,Space,1791213561331.9,41859, 
P04,S01,36,down,KeyI,1791213561427.8,41860,i
P04,S01,36,up,KeyI,1791213561524.6,41860,i
P04,S01,36,down,KeyM,1791213561615.5,41861,m
P04,S01,36,up,KeyM,1791213561737.2,41861,m
P04,S01,36,down,KeyA,1791213561829.2,41862,a
P04,S01,36,up,KeyA,1791213562013.4,41862,a
P04,S01,36,down,KeyH,1791213562068.6,41863,h
P04,S01,36,up,KeyH,1791213562139.6,41863,h
P04,S01,36,down,Backspace,1791213562481.6,41864,Backspace
P04,S01,36,up,Backspace,1791213562578.4,41864,Backspace
P04,S01,36,down,KeyG,1791213562815.8,41865,g
P04,S01,36,up,KeyG,1791213562933.7,41865,g
P04,S01,36,down,KeyE,1791213562973.1,41866,e
P04,S01,36,down,Space,1791213563101.7,41867, 
P04,S01,36,up,KeyE,1791213563108.7,41866,e
P04,S01,36,up,Space,1791213563198.9,41867, 
P04,S01,36,down,KeyE,1791213564098.1,41868,e
P04,S01,36,up,KeyE,1791213564173.8,41868,e
P04,S01,36,down,KeyH,1791213564348.4,41869,h
P04,S01,36,up,KeyH,1791213564462.7,41869,h
P04,S01,36,down,KeyA,1791213564480.1,41870,a
P04,S01,36,down,KeyT,1791213564610.6,41871,t
P04,S01,36,up,KeyA,1791213564637.4,41870,a
P04,S01,36,up,KeyT,1791213564692.0,41871,t
P04,S01,36,down,Space,1791213564806.5,41872, 
P04,S01,36,up,Space,1791213564904.1,41872, 
P04,S01,36,down,KeyI,1791213565053.3,41873,i
P04,S01,36,up,KeyI,1791213565166.0,41873,i
P04,S01,36,down,Space,1791213565277.6,41874, 
P04,S01,36,up,Space,1791213565389.6,41874, 
P04,S01,36,down,KeyS,1791213565419.5,41875,s
P04,S01,36,up,KeyS,1791213565588.6,41875,s
P04,S01,36,down,KeyO,1791213565612.4,41876,o
P04,S01,36,up,KeyO,1791213565720.6,41876,o
P04,S01,36,down,KeyU,1791213565805.8,41877,u
P04,S01,36,up,KeyU,1791213565909.0,41877,u
P04,S01,36,down,KeyL,1791213566029.9,41878,l
P04,S01,36,up,KeyL,1791213566145.2,41878,l
P04,S01,36,down,KeyD,1791213566488.0,41879,d
P04,S01,36,up,KeyD,1791213566638.7,41879,d
P04,S01,36,down,Space,1791213566648.6,41880, 
P04,S01,36,up,Space,1791213566746.9,41880, 
P04,S01,36,down,KeyI,1791213566929.3,41881,i
P04,S01,36,up,KeyI,1791213567026.3,41881,i
P04,S01,36,down,KeyT,1791213567515.4,41882,t
P04,S01,36,up,KeyT,1791213567631.1,41882,t
P04,S01,36,down,Space,1791213568305.7,41883, 
P04,S01,36,up,Space,1791213568399.1,41883, 
P04,S01,36,down,KeyO,1791213569463.8,41884,o
P04,S01,36,up,KeyO,1791213569564.7,41884,o
P04,S01,36,down,KeyR,1791213569832.9,41885,r
P04,S01,36,down,Space,1791213569973.3,41886, 
P04,S01,36,up,KeyR,1791213570012.6,41885,r
P04,S01,36,up,Space,1791213570070.5,41886, 
P04,S01,36,down,KeyC,1791213570215.7,41887,c
P04,S01,36,down,KeyO,1791213570301.3,41888,o
P04,S01,36,up,KeyC,1791213570356.2,41887,c
P04,S01,36,up,KeyO,1791213570411.0,41888,o
P04,S01,36,down,KeyO,1791213570461.4,41889,o
P04,S01,36,up,KeyO,1791213570562.3,41889,o
P04,S01,36,down,KeyK,1791213570749.7,41890,k
P04,S01,36,up,KeyK,1791213570824.9,41890,k
P04,S01,36,down,Enter,1791213571026.4,41891,Enter
P04,S01,36,up,Enter,1791213571150.1,41891,Enter
P04,S01,37,down,KeyO,1791213586148.6,41892,O
P04,S01,37,up,KeyO,1791213586245.5,41892,O
P04,S01,37,down,KeyU,1791213586390.5,41893,U
P04,S01,37,up,KeyU,1791213586467.8,41893,U
P04,S01,37,down,Space,1791213587209.5,41894, 
P04,S01,37,up,Space,1791213587306.8,41894, 
P04,S01,37,down,KeyA,1791213592931.6,41895,A
P04,S01,37,up,KeyA,1791213593044.1,41895,A
P04,S01,37,down,KeyR,1791213593093.6,41896,R
P04,S01,37,up,KeyR,1791213593174.7,41896,R
P04,S01,37,down,KeyE,1791213593228.7,41897,E
P04,S01,37,up,KeyE,1791213593352.8,41897,E
P04,S01,37,down,Space,1791213593370.2,41898, 
P04,S01,37,up,Space,1791213593462.4,41898, 
P04,S01,37,down,KeyS,1791213593472.2,41899,S
P04,S01,37,up,KeyS,1791213593617.9,41899,S
P04,S01,37,down,KeyT,1791213593695.8,41900,T
P04,S01,37,up,KeyT,1791213593778.0,41900,T
P04,S01,37,down,KeyU,1791213593928.1,41901,U
P04,S01,37,up,KeyU,1791213594036.7,41901,U
P04,S01,37,down,KeyP,1791213594525.0,41902,P
P04,S01,37,up,KeyP,1791213594622.6,41902,P
P04,S01,37,down,KeyI,1791213594758.5,41903,I
P04,S01,37,up,KeyI,1791213594855.4,41903,I
P04,S01,37,down,KeyD,1791213595024.0,41904,D
P04,S01,37,down,Enter,1791213595163.6,41905,Enter
P04,S01,37,up,KeyD,1791213595178.7,41904,D
P04,S01,37,up,Enter,1791213595262.4,41905,Enter
P04,S01,38,down,CapsLock,1791213595981.0,41906,CapsLock
P04,S01,38,up,CapsLock,1791213596092.8,41906,CapsLock
P04,S01,38,down,KeyS,1791213613722.3,41907,s
P04,S01,38,up,KeyS,1791213613867.6,41907,s
P04,S01,38,down,KeyO,1791213613931.9,41908,o
P04,S01,38,up,KeyO,1791213614034.2,41908,o
P04,S01,38,down,KeyR,1791213614139.2,41909,r
P04,S01,38,up,KeyR,1791213614258.3,41909,r
P04,S01,38,down,KeyR,1791213614303.3,41910,r
P04,S01,38,up,KeyR,1791213614432.8,41910,r
P04,S01,38,down,KeyZ,1791213614645.1,41911,z
P04,S01,38,up,KeyZ,1791213614795.5,41911,z
P04,S01,38,down,Backspace,1791213615298.5,41912,Backspace
P04,S01,38,up,Backspace,1791213615400.7,41912,Backspace
P04,S01,38,down,KeyY,1791213615616.3,41913,y
P04,S01,38,up,KeyY,1791213615747.3,41913,y
P04,S01,38,down,Space,1791213615791.9,41914, 
P04,S01,38,up,Space,1791213615873.1,41914, 
P04,S01,38,down,KeyJ,1791213616307.0,41915,j
P04,S01,38,up,KeyJ,1791213616403.7,41915,j
P04,S01,38,down,KeyU,1791213616466.2,41916,u
P04,S01,38,up,KeyU,1791213616559.1,41916,u
P04,S01,38,down,KeyS,1791213616691.1,41917,s
P04,S01,38,up,KeyS,1791213616772.6,41917,s
P04,S01,38,down,KeyT,1791213616796.5,41918,t
P04,S01,38,up,KeyT,1791213616868.2,41918,t
P04,S01,38,down,Space,1791213617000.8,41919, 
P04,S01,38,up,Space,1791213617098.6,41919, 
P04,S01,38,down,KeyW,1791213617353.9,41920,w
P04,S01,38,up,KeyW,1791213617500.1,41920,w
P04,S01,38,down,KeyE,1791213617565.8,41921,e
P04,S01,38,up,KeyE,1791213617696.3,41921,e
P04,S01,38,down,Space,1791213617700.3,41922, 
P04,S01,38,up,Space,1791213617798.2,41922, 
P04,S01,38,down,KeyS,1791213618928.7,41923,s
P04,S01,38,up,KeyS,1791213619053.1,41923,s
P04,S01,38,down,KeyT,1791213619185.6,41924,t
P04,S01,38,up,KeyT,1791213619321.9,41924,t
P04,S01,38,down,KeyI,1791213619341.3,41925,i
P04,S01,38,up,KeyI,1791213619427.7,41925,i
P04,S01,38,down,KeyL,1791213619520.2,41926,l
P04,S01,38,up,KeyL,1791213619612.4,41926,l
P04,S01,38,down,KeyL,1791213619657.4,41927,l
P04,S01,38,up,KeyL,1791213619750.6,41927,l
P04,S01,38,down,Space,1791213619861.0,41928, 
P04,S01,38,up,Space,1791213619951.4,41928, 
P04,S01,38,down,KeyN,1791213620187.8,41929,n
P04,S01,38,up,KeyN,1791213620274.3,41929,n
P04,S01,38,down,KeyE,1791213620349.1,41930,e
P04,S01,38,up,KeyE,1791213620462.5,41930,e
P04,S01,38,down,KeyE,1791213620511.6,41931,e
P04,S01,38,up,KeyE,1791213620636.7,41931,e
P04,S01,38,down,KeyD,1791213620736.1,41932,d
P04,S01,38,up,KeyD,1791213620891.6,41932,d
P04,S01,38,down,Space,1791213620933.4,41933, 
P04,S01,38,up,Space,1791213621026.0,41933, 
P04,S01,38,down,KeyT,1791213621066.2,41934,t
P04,S01,38,up,KeyT,1791213621201.2,41934,t
P04,S01,38,down,KeyO,1791213621229.2,41935,o
P04,S01,38,up,KeyO,1791213621342.1,41935,o
P04,S01,38,down,Space,1791213621454.4,41936, 
P04,S01,38,up,Space,1791213621534.1,41936, 
P04,S01,38,down,KeyT,1791213621590.7,41937,t
P04,S01,38,up,KeyT,1791213621736.3,41937,t
P04,S01,38,down,KeyA,1791213621868.0,41938,a
P04,S01,38,down,KeyL,1791213622029.3,41939,l
P04,S01,38,up,KeyA,1791213622042.2,41938,a
P04,S01,38,up,KeyL,1791213622115.6,41939,l
P04,S01,38,down,KeyK,1791213622175.9,41940,k
P04,S01,38,up,KeyK,1791213622252.7,41940,k
P04,S01,38,down,Space,1791213622351.2,41941, 
P04,S01,38,up,Space,1791213622442.2,41941, 
P04,S01,38,down,KeyA,1791213622494.4,41942,a
P04,S01,38,up,KeyA,1791213622630.1,41942,a
P04,S01,38,down,KeyN,1791213622634.3,41943,n
P04,S01,38,up,KeyN,1791213622742.3,41943,n
P04,S01,38,down,KeyD,1791213622877.0,41944,d
P04,S01,38,down,Space,1791213623049.0,41945, 
P04,S01,38,up,KeyD,1791213623054.0,41944,d
P04,S01,38,up,Space,1791213623148.5,41945, 
P04,S01,38,down,KeyI,1791213623522.6,41946,i
P04,S01,38,up,KeyI,1791213623629.6,41946,i
P04,S01,38,down,Space,1791213623732.4,41947, 
P04,S01,38,up,Space,1791213623829.4,41947, 
P04,S01,38,down,KeyF,1791213624205.7,41948,f
P04,S01,38,up,KeyF,1791213624281.2,41948,f
P04,S01,38,down,KeyE,1791213624329.8,41949,e
P04,S01,38,up,KeyE,1791213624448.4,41949,e
P04,S01,38,down,Semicolon,1791213624541.6,41950,;
P04,S01,38,up,Semicolon,1791213624666.1,41950,;
P04,S01,38,down,Backspace,1791213624969.9,41951,Backspace
P04,S01,38,up,Backspace,1791213625116.0,41951,Backspace
P04,S01,38,down,KeyE,1791213625175.1,41952,e
P04,S01,38,up,KeyE,1791213625304.0,41952,e
P04,S01,38,down,KeyL,1791213625373.8,41953,l
P04,S01,38,up,KeyL,1791213625460.5,41953,l
P04,S01,38,down,Space,1791213625595.0,41954, 
P04,S01,38,up,Space,1791213625676.7,41954, 
P04,S01,38,down,KeyA,1791213626101.2,41955,a
P04,S01,38,down,KeyL,1791213626224.6,41956,l
P04,S01,38,up,KeyA,1791213626233.8,41955,a
P04,S01,38,up,KeyL,1791213626316.9,41956,l
P04,S01,38,down,KeyR,1791213626520.3,41957,r
P04,S01,38,up,KeyR,1791213626600.9,41957,r
P04,S01,38,down,KeyE,1791213626661.5,41958,e
P04,S01,38,up,KeyE,1791213626823.8,41958,e
P04,S01,38,down,KeyA,1791213626899.3,41959,a
P04,S01,38,down,KeyD,1791213627059.2,41960,d
P04,S01,38,up,KeyA,1791213627060.3,41959,a
P04,S01,38,up,KeyD,1791213627150.5,41960,d
P04,S01,38,down,KeyY,1791213627319.3,41961,y
P04,S01,38,up,KeyY,1791213627422.2,41961,y
P04,S01,38,down,Space,1791213628177.5,41962, 
P04,S01,38,up,Space,1791213628312.4,41962, 
P04,S01,38,down,KeyE,1791213628481.6,41963,e
P04,S01,38,up,KeyE,1791213628628.1,41963,e
P04,S01,38,down,KeyX,1791213628905.0,41964,x
P04,S01,38,up,KeyX,1791213628994.4,41964,x
P04,S01,38,down,KeyA,1791213630324.6,41965,a
P04,S01,38,up,KeyA,1791213630499.6,41965,a
P04,S01,38,down,KeyU,1791213630613.7,41966,u
P04,S01,38,up,KeyU,1791213630716.5,41966,u
P04,S01,38,down,KeyS,1791213631077.3,41967,s
P04,S01,38,up,KeyS,1791213631232.7,41967,s
P04,S01,38,down,KeyT,1791213631323.6,41968,t
P04,S01,38,up,KeyT,1791213631426.6,41968,t
P04,S01,38,down,KeyE,1791213631436.2,41969,e
P04,S01,38,up,KeyE,1791213631566.9,41969,e
P04,S01,38,down,KeyD,1791213631636.3,41970,d
P04,S01,38,up,KeyD,1791213631776.6,41970,d
P04,S01,38,down,Enter,1791213631942.8,41971,Enter
P04,S01,38,up,Enter,1791213632071.5,41971,Enter
P04,S01,39,down,KeyB,1791213644520.2,41972,b
P04,S01,39,up,KeyB,1791213644601.3,41972,b
P04,S01,39,down,KeyE,1791213644611.9,41973,e
P04,S01,39,up,KeyE,1791213644769.2,41973,e
P04,S01,39,down,KeyA,1791213644888.4,41974,a
P04,S01,39,up,KeyA,1791213645008.2,41974,a
P04,S01,39,down,KeyC,1791213645022.0,41975,c
P04,S01,39,up,KeyC,1791213645109.7,41975,c
P04,S01,39,down,KeyH,1791213645609.7,41976,h
P04,S01,39,up,KeyH,1791213645685.5,41976,h
P04,S01,39,down,Space,1791213645770.3,41977, 
P04,S01,39,up,Space,1791213645878.6,41977, 
P04,S01,39,down,KeyF,1791213646645.0,41978,f
P04,S01,39,down,KeyO,1791213646764.6,41979,o
P04,S01,39,up,KeyF,1791213646785.7,41978,f
P04,S01,39,up,KeyO,1791213646855.6,41979,o
P04,S01,39,down,KeyR,1791213646878.2,41980,r
P04,S01,39,up,KeyR,1791213647008.2,41980,r
P04,S01,39,down,Space,1791213647048.1,41981, 
P04,S01,39,up,Space,1791213647145.2,41981, 
P04,S01,39,down,KeyS,1791213647649.1,41982,s
P04,S01,39,up,KeyS,1791213647736.0,41982,s
P04,S01,39,down,KeyI,1791213647988.3,41983,i
P04,S01,39,up,KeyI,1791213648053.1,41983,i
P04,S01,39,down,KeyR,1791213648453.6,41984,r
P04,S01,39,up,KeyR,1791213648546.1,41984,r
P04,S01,39,down,KeyE,1791213648625.3,41985,e
P04,S01,39,up,KeyE,1791213648728.4,41985,e
P04,S01,39,down,Backspace,1791213649382.7,41986,Backspace
P04,S01,39,up,Backspace,1791213649464.6,41986,Backspace
P04,S01,39,down,Backspace,1791213649531.0,41987,Backspace
P04,S01,39,up,Backspace,1791213649632.8,41987,Backspace
P04,S01,39,down,Backspace,1791213649695.7,41988,Backspace
P04,S01,39,up,Backspace,1791213649792.4,41988,Backspace
P04,S01,39,down,KeyU,1791213650185.2,41989,u
P04,S01,39,up,KeyU,1791213650265.9,41989,u
P04,S01,39,down,KeyR,1791213650362.9,41990,r
P04,S01,39,up,KeyR,1791213650466.2,41990,r
P04,S01,39,down,KeyE,1791213650549.3,41991,e
P04,S01,39,up,KeyE,1791213650653.3,41991,e
P04,S01,39,down,Space,1791213650743.3,41992, 
P04,S01,39,up,Space,1791213650841.5,41992, 
P04,S01,39,down,KeyO,1791213651016.6,41993,o
P04,S01,39,up,KeyO,1791213651125.2,41993,o
P04,S01,39,down,KeyR,1791213651191.4,41994,r
P04,S01,39,up,KeyR,1791213651309.7,41994,r
P04,S01,39,down,Space,1791213651581.6,41995, 
P04,S01,39,up,Space,1791213651690.6,41995, 
P04,S01,39,down,KeyY,1791213652300.3,41996,y
P04,S01,39,up,KeyY,1791213652377.1,41996,y
P04,S01,39,down,KeyO,1791213652580.8,41997,o
P04,S01,39,up,KeyO,1791213652667.4,41997,o
P04,S01,39,down,KeyU,1791213653224.8,41998,u
P04,S01,39,up,KeyU,1791213653310.0,41998,u
P04,S01,39,down,Space,1791213653426.2,41999, 
P04,S01,39,up,Space,1791213653507.0,41999, 
P04,S01,39,down,KeyK,1791213653638.0,42000,k
P04,S01,39,up,KeyK,1791213653730.2,42000,k
P04,S01,39,down,KeyN,1791213653817.2,42001,n
P04,S01,39,up,KeyN,1791213653905.0,42001,n
P04,S01,39,down,KeyO,1791213654009.4,42002,o
P04,S01,39,up,KeyO,1791213654102.8,42002,o
P04,S01,39,down,KeyW,1791213654177.6,42003,w
P04,S01,39,down,Space,1791213654327.3,42004, 
P04,S01,39,up,KeyW,1791213654328.7,42003,w
P04,S01,39,up,Space,1791213654429.7,42004, 
P04,S01,39,down,KeyI,1791213654582.0,42005,i
P04,S01,39,up,KeyI,1791213654674.6,42005,i
P04,S01,39,down,Space,1791213654824.7,42006, 
P04,S01,39,up,Space,1791213654911.5,42006, 
P04,S01,39,down,KeyW,1791213655468.7,42007,w
P04,S01,39,down,KeyO,1791213655587.2,42008,o
P04,S01,39,up,KeyW,1791213655614.9,42007,w
P04,S01,39,up,KeyO,1791213655684.3,42008,o
P04,S01,39,down,KeyU,1791213655769.2,42009,u
P04,S01,39,up,KeyU,1791213655857.0,42009,u
P04,S01,39,down,KeyL,1791213655956.4,42010,l
P04,S01,39,up,KeyL,1791213656053.9,42010,l
P04,S01,39,down,KeyD,1791213656416.2,42011,d
P04,S01,39,up,KeyD,1791213656566.4,42011,d
P04,S01,39,down,Space,1791213656571.3,42012, 
P04,S01,39,up,Space,1791213656666.0,42012, 
P04,S01,39,down,KeyP,1791213657334.1,42013,p
P04,S01,39,up,KeyP,1791213657432.3,42013,p
P04,S01,39,down,KeyR,1791213657485.3,42014,r
P04,S01,39,up,KeyR,1791213657609.6,42014,r
P04,S01,39,down,KeyE,1791213657691.7,42015,e
P04,S01,39,up,KeyE,1791213657794.6,42015,e
P04,S01,39,down,KeyF,1791213657842.2,42016,f
P04,S01,39,up,KeyF,1791213657940.9,42016,f
P04,S01,39,down,KeyE,1791213657955.3,42017,e
P04,S01,39,up,KeyE,1791213658082.0,42017,e
P04,S01,39,down,KeyR,1791213658155.4,42018,r
P04,S01,39,up,KeyR,1791213658257.7,42018,r
P04,S01,39,down,Space,1791213658336.7,42019, 
P04,S01,39,up,Space,1791213658423.8,42019, 
P04,S01,39,down,ShiftLeft,1791213658798.5,42020,Shift
P04,S01,39,down,KeyK,1791213659028.7,42021,K
P04,S01,39,up,KeyK,1791213659121.2,42021,K
P04,S01,39,up,ShiftLeft,1791213659163.9,42020,Shift
P04,S01,39,down,KeyE,1791213659312.5,42022,e
P04,S01,39,up,KeyE,1791213659399.2,42022,e
P04,S01,39,down,KeyM,1791213659835.1,42023,m
P04,S01,39,up,KeyM,1791213659989.6,42023,m
P04,S01,39,down,KeyE,1791213660044.5,42024,e
P04,S01,39,up,KeyE,1791213660179.6,42024,e
P04,S01,39,down,KeyR,1791213660287.6,42025,r
P04,S01,39,up,KeyR,1791213660405.8,42025,r
P04,S01,39,down,Enter,1791213662385.4,42026,Enter
P04,S01,39,up,Enter,1791213662494.1,42026,Enter
P04,S01,40,down,KeyY,1791213672823.0,42027,y
P04,S01,40,up,KeyY,1791213672887.7,42027,y
P04,S01,40,down,KeyE,1791213672999.7,42028,e
P04,S01,40,up,KeyE,1791213673151.8,42028,e
P04,S01,40,down,KeyS,1791213673161.8,42029,s
P04,S01,40,up,KeyS,1791213673297.9,42029,s
P04,S01,40,down,Space,1791213673375.2,42030, 
P04,S01,40,up,Space,1791213673483.0,42030, 
